run_id,regime,seed,arm,evidence_strength,condition_id,family,q_nominal,drift_v,order,baseline_steps,attractor_belief,stable_window,local_probe_count,local_probes_passed,D_pre,D_immediate_first,D_immediate_last,D_final,D_post,delta_D,C_pre,C_post,C_post_defined_steps,normal_accepted,normal_rejected,acceptance_rate,rejection_rate,external_delivery_count,bypass_delivery_count,external_update_accepted_count,external_rejected_count,actual_revision_count,qualifying_revision_count,genuine_revision_count,apparent_correction_count,relapse_observed,relapse_rate_if_eligible,relapse_start_step,relapse_confirmation_step,time_to_relapse,time_to_relapse_from_last_injection,persistent_escape,persistent_escape_rate,normal_post_steps,steps_after_last_injection,classification,reference_corruption,reference_avoidance,post_inputs,corrective_offered,contradictory_offered,q_actual,q_old_halfspace,exact_old_count,input_mean,last_input,sequence_sha256,multiset_sha256,D_min,recapture_latency,recapture_slope_net,recapture_slope_active,corrective_before_failure,contradictory_before_failure,corrective_accepted_before_failure,contradictory_accepted_before_failure,C_at_relapse,early_C_mean,early_C_defined_steps,early_C_alarm,alarm_is_prospective,high_C_at_relapse
stationary_qNone_vNone_orderNone_seed7,stationary,7,post_input_dynamics,1.0,stationary_qNone_vNone_orderNone,stationary,,,,11,0.0,10,3,True,1.0,0.0,0.0,0.0,0.0,-1.0,1.0,1.0,20,120,120,0.5,0.5,1,1,1,0,1,1,1,0,False,0,,,,,True,1,120,120,A_genuine_revision_candidate,not_available,not_available,240,120,120,0.5,0.5,120,0.5,1.0,6f9b8713dc59b047b277ae15fdb8efe1ccecb765cd45876754e94d9c49692b1c,906c69f0056fa7acf2cf39f3a6cfd7893667ab2803df3b8265b986865a27ea81,0.0,,,,,,,,,1.0,10,False,True,
stationary_qNone_vNone_orderNone_seed17,stationary,17,post_input_dynamics,1.0,stationary_qNone_vNone_orderNone,stationary,,,,11,0.0,10,3,True,1.0,0.0,0.0,0.0,0.0,-1.0,1.0,1.0,20,120,120,0.5,0.5,1,1,1,0,1,1,1,0,False,0,,,,,True,1,120,120,A_genuine_revision_candidate,not_available,not_available,240,120,120,0.5,0.5,120,0.5,1.0,6f9b8713dc59b047b277ae15fdb8efe1ccecb765cd45876754e94d9c49692b1c,906c69f0056fa7acf2cf39f3a6cfd7893667ab2803df3b8265b986865a27ea81,0.0,,,,,,,,,1.0,10,False,True,
stationary_qNone_vNone_orderNone_seed29,stationary,29,post_input_dynamics,1.0,stationary_qNone_vNone_orderNone,stationary,,,,11,0.0,10,3,True,1.0,0.0,0.0,0.0,0.0,-1.0,1.0,1.0,20,120,120,0.5,0.5,1,1,1,0,1,1,1,0,False,0,,,,,True,1,120,120,A_genuine_revision_candidate,not_available,not_available,240,120,120,0.5,0.5,120,0.5,1.0,6f9b8713dc59b047b277ae15fdb8efe1ccecb765cd45876754e94d9c49692b1c,906c69f0056fa7acf2cf39f3a6cfd7893667ab2803df3b8265b986865a27ea81,0.0,,,,,,,,,1.0,10,False,True,
stationary_qNone_vNone_orderNone_seed41,stationary,41,post_input_dynamics,1.0,stationary_qNone_vNone_orderNone,stationary,,,,11,0.0,10,3,True,1.0,0.0,0.0,0.0,0.0,-1.0,1.0,1.0,20,120,120,0.5,0.5,1,1,1,0,1,1,1,0,False,0,,,,,True,1,120,120,A_genuine_revision_candidate,not_available,not_available,240,120,120,0.5,0.5,120,0.5,1.0,6f9b8713dc59b047b277ae15fdb8efe1ccecb765cd45876754e94d9c49692b1c,906c69f0056fa7acf2cf39f3a6cfd7893667ab2803df3b8265b986865a27ea81,0.0,,,,,,,,,1.0,10,False,True,
stationary_qNone_vNone_orderNone_seed53,stationary,53,post_input_dynamics,1.0,stationary_qNone_vNone_orderNone,stationary,,,,11,0.0,10,3,True,1.0,0.0,0.0,0.0,0.0,-1.0,1.0,1.0,20,120,120,0.5,0.5,1,1,1,0,1,1,1,0,False,0,,,,,True,1,120,120,A_genuine_revision_candidate,not_available,not_available,240,120,120,0.5,0.5,120,0.5,1.0,6f9b8713dc59b047b277ae15fdb8efe1ccecb765cd45876754e94d9c49692b1c,906c69f0056fa7acf2cf39f3a6cfd7893667ab2803df3b8265b986865a27ea81,0.0,,,,,,,,,1.0,10,False,True,
descending_bridge_qNone_vNone_orderNone_seed7,descending_bridge,7,post_input_dynamics,1.0,descending_bridge_qNone_vNone_orderNone,descending_bridge,,,,120,0.0,80,120,True,1.0,0.0,0.0,1.0,1.0,0.0,0.975,0.99875,20,123,117,0.5125,0.4875,1,1,1,0,1,1,0,0,True,1,39,43,39,39,False,0,120,120,E_relapse,not_available,not_available,240,3,237,0.9875,0.7375,120,0.25625,0.0,9e1ee9bfe6d306f81aa770957548311fd0ac39d710e0e7f4aab3e5f64f2b0a58,aa1f91ebcf2d315439e975362eb59fd1aef0062fef3e427e5aa54b0554f9873a,0.0,39,0.02435897435897436,0.024999999999999998,1,77,1,38,0.9750000000000001,0.9775,10,True,True,True
descending_bridge_qNone_vNone_orderNone_seed17,descending_bridge,17,post_input_dynamics,1.0,descending_bridge_qNone_vNone_orderNone,descending_bridge,,,,120,0.0,80,120,True,1.0,0.0,0.0,1.0,1.0,0.0,0.975,0.99875,20,123,117,0.5125,0.4875,1,1,1,0,1,1,0,0,True,1,39,43,39,39,False,0,120,120,E_relapse,not_available,not_available,240,3,237,0.9875,0.7375,120,0.25625,0.0,9e1ee9bfe6d306f81aa770957548311fd0ac39d710e0e7f4aab3e5f64f2b0a58,aa1f91ebcf2d315439e975362eb59fd1aef0062fef3e427e5aa54b0554f9873a,0.0,39,0.02435897435897436,0.024999999999999998,1,77,1,38,0.9750000000000001,0.9775,10,True,True,True
descending_bridge_qNone_vNone_orderNone_seed29,descending_bridge,29,post_input_dynamics,1.0,descending_bridge_qNone_vNone_orderNone,descending_bridge,,,,120,0.0,80,120,True,1.0,0.0,0.0,1.0,1.0,0.0,0.975,0.99875,20,123,117,0.5125,0.4875,1,1,1,0,1,1,0,0,True,1,39,43,39,39,False,0,120,120,E_relapse,not_available,not_available,240,3,237,0.9875,0.7375,120,0.25625,0.0,9e1ee9bfe6d306f81aa770957548311fd0ac39d710e0e7f4aab3e5f64f2b0a58,aa1f91ebcf2d315439e975362eb59fd1aef0062fef3e427e5aa54b0554f9873a,0.0,39,0.02435897435897436,0.024999999999999998,1,77,1,38,0.9750000000000001,0.9775,10,True,True,True
descending_bridge_qNone_vNone_orderNone_seed41,descending_bridge,41,post_input_dynamics,1.0,descending_bridge_qNone_vNone_orderNone,descending_bridge,,,,120,0.0,80,120,True,1.0,0.0,0.0,1.0,1.0,0.0,0.975,0.99875,20,123,117,0.5125,0.4875,1,1,1,0,1,1,0,0,True,1,39,43,39,39,False,0,120,120,E_relapse,not_available,not_available,240,3,237,0.9875,0.7375,120,0.25625,0.0,9e1ee9bfe6d306f81aa770957548311fd0ac39d710e0e7f4aab3e5f64f2b0a58,aa1f91ebcf2d315439e975362eb59fd1aef0062fef3e427e5aa54b0554f9873a,0.0,39,0.02435897435897436,0.024999999999999998,1,77,1,38,0.9750000000000001,0.9775,10,True,True,True
descending_bridge_qNone_vNone_orderNone_seed53,descending_bridge,53,post_input_dynamics,1.0,descending_bridge_qNone_vNone_orderNone,descending_bridge,,,,120,0.0,80,120,True,1.0,0.0,0.0,1.0,1.0,0.0,0.975,0.99875,20,123,117,0.5125,0.4875,1,1,1,0,1,1,0,0,True,1,39,43,39,39,False,0,120,120,E_relapse,not_available,not_available,240,3,237,0.9875,0.7375,120,0.25625,0.0,9e1ee9bfe6d306f81aa770957548311fd0ac39d710e0e7f4aab3e5f64f2b0a58,aa1f91ebcf2d315439e975362eb59fd1aef0062fef3e427e5aa54b0554f9873a,0.0,39,0.02435897435897436,0.024999999999999998,1,77,1,38,0.9750000000000001,0.9775,10,True,True,True
no_input_qNone_vNone_orderNone_seed7,stationary,7,post_input_dynamics,1.0,no_input_qNone_vNone_orderNone,no_input,,,,11,0.0,10,3,True,1.0,0.0,0.0,0.0,0.0,-1.0,1.0,,0,0,0,,,1,1,1,0,1,1,1,0,False,0,,,,,True,1,120,120,A_genuine_revision_candidate,not_available,not_available,0,0,0,,,0,,,4f53cda18c2baa0c0354bb5f9a3ecbe5ed12ab4d8e11ba873c2f11161202b945,4f53cda18c2baa0c0354bb5f9a3ecbe5ed12ab4d8e11ba873c2f11161202b945,0.0,,,,,,,,,,0,,True,
no_input_qNone_vNone_orderNone_seed17,stationary,17,post_input_dynamics,1.0,no_input_qNone_vNone_orderNone,no_input,,,,11,0.0,10,3,True,1.0,0.0,0.0,0.0,0.0,-1.0,1.0,,0,0,0,,,1,1,1,0,1,1,1,0,False,0,,,,,True,1,120,120,A_genuine_revision_candidate,not_available,not_available,0,0,0,,,0,,,4f53cda18c2baa0c0354bb5f9a3ecbe5ed12ab4d8e11ba873c2f11161202b945,4f53cda18c2baa0c0354bb5f9a3ecbe5ed12ab4d8e11ba873c2f11161202b945,0.0,,,,,,,,,,0,,True,
no_input_qNone_vNone_orderNone_seed29,stationary,29,post_input_dynamics,1.0,no_input_qNone_vNone_orderNone,no_input,,,,11,0.0,10,3,True,1.0,0.0,0.0,0.0,0.0,-1.0,1.0,,0,0,0,,,1,1,1,0,1,1,1,0,False,0,,,,,True,1,120,120,A_genuine_revision_candidate,not_available,not_available,0,0,0,,,0,,,4f53cda18c2baa0c0354bb5f9a3ecbe5ed12ab4d8e11ba873c2f11161202b945,4f53cda18c2baa0c0354bb5f9a3ecbe5ed12ab4d8e11ba873c2f11161202b945,0.0,,,,,,,,,,0,,True,
no_input_qNone_vNone_orderNone_seed41,stationary,41,post_input_dynamics,1.0,no_input_qNone_vNone_orderNone,no_input,,,,11,0.0,10,3,True,1.0,0.0,0.0,0.0,0.0,-1.0,1.0,,0,0,0,,,1,1,1,0,1,1,1,0,False,0,,,,,True,1,120,120,A_genuine_revision_candidate,not_available,not_available,0,0,0,,,0,,,4f53cda18c2baa0c0354bb5f9a3ecbe5ed12ab4d8e11ba873c2f11161202b945,4f53cda18c2baa0c0354bb5f9a3ecbe5ed12ab4d8e11ba873c2f11161202b945,0.0,,,,,,,,,,0,,True,
no_input_qNone_vNone_orderNone_seed53,stationary,53,post_input_dynamics,1.0,no_input_qNone_vNone_orderNone,no_input,,,,11,0.0,10,3,True,1.0,0.0,0.0,0.0,0.0,-1.0,1.0,,0,0,0,,,1,1,1,0,1,1,1,0,False,0,,,,,True,1,120,120,A_genuine_revision_candidate,not_available,not_available,0,0,0,,,0,,,4f53cda18c2baa0c0354bb5f9a3ecbe5ed12ab4d8e11ba873c2f11161202b945,4f53cda18c2baa0c0354bb5f9a3ecbe5ed12ab4d8e11ba873c2f11161202b945,0.0,,,,,,,,,,0,,True,
noisy_corrective_qNone_vNone_orderNone_seed7,stationary,7,post_input_dynamics,1.0,noisy_corrective_qNone_vNone_orderNone,noisy_corrective,,,,11,0.0,10,3,True,1.0,0.0,0.0,0.024344963688919807,0.014609969125453665,-0.9853900308745464,1.0,0.9772449986133461,20,103,17,0.8583333333333333,0.14166666666666666,1,1,1,0,1,1,1,0,False,0,,,,,True,1,120,120,A_genuine_revision_candidate,not_available,not_available,120,59,61,0.5083333333333333,0.0,0,0.980512120790301,0.9756550363110802,f103b5b1267b3b3074d3809eb2b0dfdcfd15dcb38d6b3ccad1608da4df816506,eb2c334d6b0611a664c493077e7860ac3535fc20db8c39b2e4d7771bbf043c2f,0.0,,,,,,,,,0.9880419100913096,8,True,True,
noisy_corrective_qNone_vNone_orderNone_seed17,stationary,17,post_input_dynamics,1.0,noisy_corrective_qNone_vNone_orderNone,noisy_corrective,,,,11,0.0,10,3,True,1.0,0.0,0.0,0.0,0.02256868261111798,-0.977431317388882,1.0,0.9731773047806925,17,99,21,0.825,0.175,1,1,1,0,1,1,1,0,False,0,,,,,True,1,120,120,A_genuine_revision_candidate,not_available,not_available,120,52,68,0.5666666666666667,0.0,0,0.9789182599120816,1.0,0b1d167b0b14f44507002bff44b00bb10fe3c14c00e19607be3a39efdccf5a4a,b377d564b88256bbdfae9785dc742f6064b32973ebcef41e6bcb429c5f5a2cf3,0.0,,,,,,,,,0.9772523339297161,7,True,True,
noisy_corrective_qNone_vNone_orderNone_seed29,stationary,29,post_input_dynamics,1.0,noisy_corrective_qNone_vNone_orderNone,noisy_corrective,,,,11,0.0,10,3,True,1.0,0.0,0.0,0.058201043802298735,0.007079446094803393,-0.9929205539051966,1.0,0.9893685066065604,14,94,26,0.7833333333333333,0.21666666666666667,1,1,1,0,1,1,1,0,False,0,,,,,True,1,120,120,A_genuine_revision_candidate,not_available,not_available,120,50,70,0.5833333333333334,0.0,0,0.9747179103091566,0.9417989561977013,3d743a1d8011ac5456f173fde0800eebc7aa748ce91f2e7ddefd8dd54f817a0d,25b87c51cf8ab581dacf8184d30cf1f6dd3315e7017a6af417436901987aa4c4,0.0,,,,,,,,,0.9794007339962642,9,True,True,
noisy_corrective_qNone_vNone_orderNone_seed41,stationary,41,post_input_dynamics,1.0,noisy_corrective_qNone_vNone_orderNone,noisy_corrective,,,,11,0.0,10,3,True,1.0,0.0,0.0,0.07993052650268129,0.030726308904769562,-0.9692736910952304,1.0,0.981565105770922,16,98,22,0.8166666666666667,0.18333333333333332,1,1,1,0,1,1,1,0,False,0,,,,,True,1,120,120,A_genuine_revision_candidate,not_available,not_available,120,65,55,0.4583333333333333,0.0,0,0.9822433080217366,0.9200694734973187,e87481d3968424e21939a0015c88cd6acbd5e72035f66a5a08172036eace2c4c,5050d78076fd4ba98a5dfc0f25b66e383f3c1693042df3a61de528bea6734138,0.0,,,,,,,,,0.9896360024116103,9,True,True,
noisy_corrective_qNone_vNone_orderNone_seed53,stationary,53,post_input_dynamics,1.0,noisy_corrective_qNone_vNone_orderNone,noisy_corrective,,,,11,0.0,10,3,True,1.0,0.0,0.0,0.0,0.020178197335887015,-0.979821802664113,1.0,0.9864622144553351,16,92,28,0.7666666666666667,0.23333333333333334,1,1,1,0,1,1,1,0,False,0,,,,,True,1,120,120,A_genuine_revision_candidate,not_available,not_available,120,66,54,0.45,0.0,0,0.9826668102652489,1.0,0e0533c97a7d8f4e4e3d46afd5c95d0a1775df01f1474678e3db650fd01cfcf0,e9dc48557ef4fe273a1d218f060e21d4818f4e14f9d57d2955076d787cf62200,0.0,,,,,,,,,0.9845446077329548,6,True,True,
abrupt_return_q0_vNone_orderNone_seed7,stationary,7,post_input_dynamics,1.0,abrupt_return_q0_vNone_orderNone,abrupt_return,0,,,11,0.0,10,3,True,1.0,0.0,0.0,0.0,0.0,-1.0,1.0,1.0,20,120,0,1.0,0.0,1,1,1,0,1,1,1,0,False,0,,,,,True,1,120,120,A_genuine_revision_candidate,not_available,not_available,120,120,0,0.0,0.0,0,1.0,1.0,9681d438cff3933cccb4de8dea65105b60c1bc168497d913beaa792c3280eff4,9681d438cff3933cccb4de8dea65105b60c1bc168497d913beaa792c3280eff4,0.0,,,,,,,,,1.0,10,False,True,
abrupt_return_q0_vNone_orderNone_seed17,stationary,17,post_input_dynamics,1.0,abrupt_return_q0_vNone_orderNone,abrupt_return,0,,,11,0.0,10,3,True,1.0,0.0,0.0,0.0,0.0,-1.0,1.0,1.0,20,120,0,1.0,0.0,1,1,1,0,1,1,1,0,False,0,,,,,True,1,120,120,A_genuine_revision_candidate,not_available,not_available,120,120,0,0.0,0.0,0,1.0,1.0,9681d438cff3933cccb4de8dea65105b60c1bc168497d913beaa792c3280eff4,9681d438cff3933cccb4de8dea65105b60c1bc168497d913beaa792c3280eff4,0.0,,,,,,,,,1.0,10,False,True,
abrupt_return_q0_vNone_orderNone_seed29,stationary,29,post_input_dynamics,1.0,abrupt_return_q0_vNone_orderNone,abrupt_return,0,,,11,0.0,10,3,True,1.0,0.0,0.0,0.0,0.0,-1.0,1.0,1.0,20,120,0,1.0,0.0,1,1,1,0,1,1,1,0,False,0,,,,,True,1,120,120,A_genuine_revision_candidate,not_available,not_available,120,120,0,0.0,0.0,0,1.0,1.0,9681d438cff3933cccb4de8dea65105b60c1bc168497d913beaa792c3280eff4,9681d438cff3933cccb4de8dea65105b60c1bc168497d913beaa792c3280eff4,0.0,,,,,,,,,1.0,10,False,True,
abrupt_return_q0_vNone_orderNone_seed41,stationary,41,post_input_dynamics,1.0,abrupt_return_q0_vNone_orderNone,abrupt_return,0,,,11,0.0,10,3,True,1.0,0.0,0.0,0.0,0.0,-1.0,1.0,1.0,20,120,0,1.0,0.0,1,1,1,0,1,1,1,0,False,0,,,,,True,1,120,120,A_genuine_revision_candidate,not_available,not_available,120,120,0,0.0,0.0,0,1.0,1.0,9681d438cff3933cccb4de8dea65105b60c1bc168497d913beaa792c3280eff4,9681d438cff3933cccb4de8dea65105b60c1bc168497d913beaa792c3280eff4,0.0,,,,,,,,,1.0,10,False,True,
abrupt_return_q0_vNone_orderNone_seed53,stationary,53,post_input_dynamics,1.0,abrupt_return_q0_vNone_orderNone,abrupt_return,0,,,11,0.0,10,3,True,1.0,0.0,0.0,0.0,0.0,-1.0,1.0,1.0,20,120,0,1.0,0.0,1,1,1,0,1,1,1,0,False,0,,,,,True,1,120,120,A_genuine_revision_candidate,not_available,not_available,120,120,0,0.0,0.0,0,1.0,1.0,9681d438cff3933cccb4de8dea65105b60c1bc168497d913beaa792c3280eff4,9681d438cff3933cccb4de8dea65105b60c1bc168497d913beaa792c3280eff4,0.0,,,,,,,,,1.0,10,False,True,
abrupt_return_q0.1_vNone_orderNone_seed7,stationary,7,post_input_dynamics,1.0,abrupt_return_q0.1_vNone_orderNone,abrupt_return,0.1,,,11,0.0,10,3,True,1.0,0.0,0.0,0.0,0.0,-1.0,1.0,1.0,20,108,12,0.9,0.1,1,1,1,0,1,1,1,0,False,0,,,,,True,1,120,120,A_genuine_revision_candidate,not_available,not_available,120,108,12,0.1,0.1,12,0.9,1.0,f7cfd6a614300fae5b38187a23d7d8da934faebafdd90046566b775dfaa2cb6a,f7cfd6a614300fae5b38187a23d7d8da934faebafdd90046566b775dfaa2cb6a,0.0,,,,,,,,,,0,,True,
abrupt_return_q0.1_vNone_orderNone_seed17,stationary,17,post_input_dynamics,1.0,abrupt_return_q0.1_vNone_orderNone,abrupt_return,0.1,,,11,0.0,10,3,True,1.0,0.0,0.0,0.0,0.0,-1.0,1.0,1.0,20,108,12,0.9,0.1,1,1,1,0,1,1,1,0,False,0,,,,,True,1,120,120,A_genuine_revision_candidate,not_available,not_available,120,108,12,0.1,0.1,12,0.9,1.0,f7cfd6a614300fae5b38187a23d7d8da934faebafdd90046566b775dfaa2cb6a,f7cfd6a614300fae5b38187a23d7d8da934faebafdd90046566b775dfaa2cb6a,0.0,,,,,,,,,,0,,True,
abrupt_return_q0.1_vNone_orderNone_seed29,stationary,29,post_input_dynamics,1.0,abrupt_return_q0.1_vNone_orderNone,abrupt_return,0.1,,,11,0.0,10,3,True,1.0,0.0,0.0,0.0,0.0,-1.0,1.0,1.0,20,108,12,0.9,0.1,1,1,1,0,1,1,1,0,False,0,,,,,True,1,120,120,A_genuine_revision_candidate,not_available,not_available,120,108,12,0.1,0.1,12,0.9,1.0,f7cfd6a614300fae5b38187a23d7d8da934faebafdd90046566b775dfaa2cb6a,f7cfd6a614300fae5b38187a23d7d8da934faebafdd90046566b775dfaa2cb6a,0.0,,,,,,,,,,0,,True,
abrupt_return_q0.1_vNone_orderNone_seed41,stationary,41,post_input_dynamics,1.0,abrupt_return_q0.1_vNone_orderNone,abrupt_return,0.1,,,11,0.0,10,3,True,1.0,0.0,0.0,0.0,0.0,-1.0,1.0,1.0,20,108,12,0.9,0.1,1,1,1,0,1,1,1,0,False,0,,,,,True,1,120,120,A_genuine_revision_candidate,not_available,not_available,120,108,12,0.1,0.1,12,0.9,1.0,f7cfd6a614300fae5b38187a23d7d8da934faebafdd90046566b775dfaa2cb6a,f7cfd6a614300fae5b38187a23d7d8da934faebafdd90046566b775dfaa2cb6a,0.0,,,,,,,,,,0,,True,
abrupt_return_q0.1_vNone_orderNone_seed53,stationary,53,post_input_dynamics,1.0,abrupt_return_q0.1_vNone_orderNone,abrupt_return,0.1,,,11,0.0,10,3,True,1.0,0.0,0.0,0.0,0.0,-1.0,1.0,1.0,20,108,12,0.9,0.1,1,1,1,0,1,1,1,0,False,0,,,,,True,1,120,120,A_genuine_revision_candidate,not_available,not_available,120,108,12,0.1,0.1,12,0.9,1.0,f7cfd6a614300fae5b38187a23d7d8da934faebafdd90046566b775dfaa2cb6a,f7cfd6a614300fae5b38187a23d7d8da934faebafdd90046566b775dfaa2cb6a,0.0,,,,,,,,,,0,,True,
abrupt_return_q0.25_vNone_orderNone_seed7,stationary,7,post_input_dynamics,1.0,abrupt_return_q0.25_vNone_orderNone,abrupt_return,0.25,,,11,0.0,10,3,True,1.0,0.0,0.0,0.0,0.0,-1.0,1.0,1.0,20,90,30,0.75,0.25,1,1,1,0,1,1,1,0,False,0,,,,,True,1,120,120,A_genuine_revision_candidate,not_available,not_available,120,90,30,0.25,0.25,30,0.75,1.0,f0e1e2bf9a7a97b5b448744ec19a4c365d43a1c4e13e6d8f5dc00fcc2e015415,f0e1e2bf9a7a97b5b448744ec19a4c365d43a1c4e13e6d8f5dc00fcc2e015415,0.0,,,,,,,,,,0,,True,
abrupt_return_q0.25_vNone_orderNone_seed17,stationary,17,post_input_dynamics,1.0,abrupt_return_q0.25_vNone_orderNone,abrupt_return,0.25,,,11,0.0,10,3,True,1.0,0.0,0.0,0.0,0.0,-1.0,1.0,1.0,20,90,30,0.75,0.25,1,1,1,0,1,1,1,0,False,0,,,,,True,1,120,120,A_genuine_revision_candidate,not_available,not_available,120,90,30,0.25,0.25,30,0.75,1.0,f0e1e2bf9a7a97b5b448744ec19a4c365d43a1c4e13e6d8f5dc00fcc2e015415,f0e1e2bf9a7a97b5b448744ec19a4c365d43a1c4e13e6d8f5dc00fcc2e015415,0.0,,,,,,,,,,0,,True,
abrupt_return_q0.25_vNone_orderNone_seed29,stationary,29,post_input_dynamics,1.0,abrupt_return_q0.25_vNone_orderNone,abrupt_return,0.25,,,11,0.0,10,3,True,1.0,0.0,0.0,0.0,0.0,-1.0,1.0,1.0,20,90,30,0.75,0.25,1,1,1,0,1,1,1,0,False,0,,,,,True,1,120,120,A_genuine_revision_candidate,not_available,not_available,120,90,30,0.25,0.25,30,0.75,1.0,f0e1e2bf9a7a97b5b448744ec19a4c365d43a1c4e13e6d8f5dc00fcc2e015415,f0e1e2bf9a7a97b5b448744ec19a4c365d43a1c4e13e6d8f5dc00fcc2e015415,0.0,,,,,,,,,,0,,True,
abrupt_return_q0.25_vNone_orderNone_seed41,stationary,41,post_input_dynamics,1.0,abrupt_return_q0.25_vNone_orderNone,abrupt_return,0.25,,,11,0.0,10,3,True,1.0,0.0,0.0,0.0,0.0,-1.0,1.0,1.0,20,90,30,0.75,0.25,1,1,1,0,1,1,1,0,False,0,,,,,True,1,120,120,A_genuine_revision_candidate,not_available,not_available,120,90,30,0.25,0.25,30,0.75,1.0,f0e1e2bf9a7a97b5b448744ec19a4c365d43a1c4e13e6d8f5dc00fcc2e015415,f0e1e2bf9a7a97b5b448744ec19a4c365d43a1c4e13e6d8f5dc00fcc2e015415,0.0,,,,,,,,,,0,,True,
abrupt_return_q0.25_vNone_orderNone_seed53,stationary,53,post_input_dynamics,1.0,abrupt_return_q0.25_vNone_orderNone,abrupt_return,0.25,,,11,0.0,10,3,True,1.0,0.0,0.0,0.0,0.0,-1.0,1.0,1.0,20,90,30,0.75,0.25,1,1,1,0,1,1,1,0,False,0,,,,,True,1,120,120,A_genuine_revision_candidate,not_available,not_available,120,90,30,0.25,0.25,30,0.75,1.0,f0e1e2bf9a7a97b5b448744ec19a4c365d43a1c4e13e6d8f5dc00fcc2e015415,f0e1e2bf9a7a97b5b448744ec19a4c365d43a1c4e13e6d8f5dc00fcc2e015415,0.0,,,,,,,,,,0,,True,
abrupt_return_q0.5_vNone_orderNone_seed7,stationary,7,post_input_dynamics,1.0,abrupt_return_q0.5_vNone_orderNone,abrupt_return,0.5,,,11,0.0,10,3,True,1.0,0.0,0.0,0.0,0.0,-1.0,1.0,1.0,20,60,60,0.5,0.5,1,1,1,0,1,1,1,0,False,0,,,,,True,1,120,120,A_genuine_revision_candidate,not_available,not_available,120,60,60,0.5,0.5,60,0.5,1.0,c6aeecd051fb3c14d4c506ab88594cfb471517b9183087edf5f51588e9a84cae,c6aeecd051fb3c14d4c506ab88594cfb471517b9183087edf5f51588e9a84cae,0.0,,,,,,,,,,0,,True,
abrupt_return_q0.5_vNone_orderNone_seed17,stationary,17,post_input_dynamics,1.0,abrupt_return_q0.5_vNone_orderNone,abrupt_return,0.5,,,11,0.0,10,3,True,1.0,0.0,0.0,0.0,0.0,-1.0,1.0,1.0,20,60,60,0.5,0.5,1,1,1,0,1,1,1,0,False,0,,,,,True,1,120,120,A_genuine_revision_candidate,not_available,not_available,120,60,60,0.5,0.5,60,0.5,1.0,c6aeecd051fb3c14d4c506ab88594cfb471517b9183087edf5f51588e9a84cae,c6aeecd051fb3c14d4c506ab88594cfb471517b9183087edf5f51588e9a84cae,0.0,,,,,,,,,,0,,True,
abrupt_return_q0.5_vNone_orderNone_seed29,stationary,29,post_input_dynamics,1.0,abrupt_return_q0.5_vNone_orderNone,abrupt_return,0.5,,,11,0.0,10,3,True,1.0,0.0,0.0,0.0,0.0,-1.0,1.0,1.0,20,60,60,0.5,0.5,1,1,1,0,1,1,1,0,False,0,,,,,True,1,120,120,A_genuine_revision_candidate,not_available,not_available,120,60,60,0.5,0.5,60,0.5,1.0,c6aeecd051fb3c14d4c506ab88594cfb471517b9183087edf5f51588e9a84cae,c6aeecd051fb3c14d4c506ab88594cfb471517b9183087edf5f51588e9a84cae,0.0,,,,,,,,,,0,,True,
abrupt_return_q0.5_vNone_orderNone_seed41,stationary,41,post_input_dynamics,1.0,abrupt_return_q0.5_vNone_orderNone,abrupt_return,0.5,,,11,0.0,10,3,True,1.0,0.0,0.0,0.0,0.0,-1.0,1.0,1.0,20,60,60,0.5,0.5,1,1,1,0,1,1,1,0,False,0,,,,,True,1,120,120,A_genuine_revision_candidate,not_available,not_available,120,60,60,0.5,0.5,60,0.5,1.0,c6aeecd051fb3c14d4c506ab88594cfb471517b9183087edf5f51588e9a84cae,c6aeecd051fb3c14d4c506ab88594cfb471517b9183087edf5f51588e9a84cae,0.0,,,,,,,,,,0,,True,
abrupt_return_q0.5_vNone_orderNone_seed53,stationary,53,post_input_dynamics,1.0,abrupt_return_q0.5_vNone_orderNone,abrupt_return,0.5,,,11,0.0,10,3,True,1.0,0.0,0.0,0.0,0.0,-1.0,1.0,1.0,20,60,60,0.5,0.5,1,1,1,0,1,1,1,0,False,0,,,,,True,1,120,120,A_genuine_revision_candidate,not_available,not_available,120,60,60,0.5,0.5,60,0.5,1.0,c6aeecd051fb3c14d4c506ab88594cfb471517b9183087edf5f51588e9a84cae,c6aeecd051fb3c14d4c506ab88594cfb471517b9183087edf5f51588e9a84cae,0.0,,,,,,,,,,0,,True,
abrupt_return_q0.75_vNone_orderNone_seed7,stationary,7,post_input_dynamics,1.0,abrupt_return_q0.75_vNone_orderNone,abrupt_return,0.75,,,11,0.0,10,3,True,1.0,0.0,0.0,0.0,0.0,-1.0,1.0,1.0,20,30,90,0.25,0.75,1,1,1,0,1,1,1,0,False,0,,,,,True,1,120,120,A_genuine_revision_candidate,not_available,not_available,120,30,90,0.75,0.75,90,0.25,1.0,4c471d340efe60b6efbc5aa1eb15b0a16f41bb451994de5fff79b4e03785b801,4c471d340efe60b6efbc5aa1eb15b0a16f41bb451994de5fff79b4e03785b801,0.0,,,,,,,,,,0,,True,
abrupt_return_q0.75_vNone_orderNone_seed17,stationary,17,post_input_dynamics,1.0,abrupt_return_q0.75_vNone_orderNone,abrupt_return,0.75,,,11,0.0,10,3,True,1.0,0.0,0.0,0.0,0.0,-1.0,1.0,1.0,20,30,90,0.25,0.75,1,1,1,0,1,1,1,0,False,0,,,,,True,1,120,120,A_genuine_revision_candidate,not_available,not_available,120,30,90,0.75,0.75,90,0.25,1.0,4c471d340efe60b6efbc5aa1eb15b0a16f41bb451994de5fff79b4e03785b801,4c471d340efe60b6efbc5aa1eb15b0a16f41bb451994de5fff79b4e03785b801,0.0,,,,,,,,,,0,,True,
abrupt_return_q0.75_vNone_orderNone_seed29,stationary,29,post_input_dynamics,1.0,abrupt_return_q0.75_vNone_orderNone,abrupt_return,0.75,,,11,0.0,10,3,True,1.0,0.0,0.0,0.0,0.0,-1.0,1.0,1.0,20,30,90,0.25,0.75,1,1,1,0,1,1,1,0,False,0,,,,,True,1,120,120,A_genuine_revision_candidate,not_available,not_available,120,30,90,0.75,0.75,90,0.25,1.0,4c471d340efe60b6efbc5aa1eb15b0a16f41bb451994de5fff79b4e03785b801,4c471d340efe60b6efbc5aa1eb15b0a16f41bb451994de5fff79b4e03785b801,0.0,,,,,,,,,,0,,True,
abrupt_return_q0.75_vNone_orderNone_seed41,stationary,41,post_input_dynamics,1.0,abrupt_return_q0.75_vNone_orderNone,abrupt_return,0.75,,,11,0.0,10,3,True,1.0,0.0,0.0,0.0,0.0,-1.0,1.0,1.0,20,30,90,0.25,0.75,1,1,1,0,1,1,1,0,False,0,,,,,True,1,120,120,A_genuine_revision_candidate,not_available,not_available,120,30,90,0.75,0.75,90,0.25,1.0,4c471d340efe60b6efbc5aa1eb15b0a16f41bb451994de5fff79b4e03785b801,4c471d340efe60b6efbc5aa1eb15b0a16f41bb451994de5fff79b4e03785b801,0.0,,,,,,,,,,0,,True,
abrupt_return_q0.75_vNone_orderNone_seed53,stationary,53,post_input_dynamics,1.0,abrupt_return_q0.75_vNone_orderNone,abrupt_return,0.75,,,11,0.0,10,3,True,1.0,0.0,0.0,0.0,0.0,-1.0,1.0,1.0,20,30,90,0.25,0.75,1,1,1,0,1,1,1,0,False,0,,,,,True,1,120,120,A_genuine_revision_candidate,not_available,not_available,120,30,90,0.75,0.75,90,0.25,1.0,4c471d340efe60b6efbc5aa1eb15b0a16f41bb451994de5fff79b4e03785b801,4c471d340efe60b6efbc5aa1eb15b0a16f41bb451994de5fff79b4e03785b801,0.0,,,,,,,,,,0,,True,
abrupt_return_q0.9_vNone_orderNone_seed7,stationary,7,post_input_dynamics,1.0,abrupt_return_q0.9_vNone_orderNone,abrupt_return,0.9,,,11,0.0,10,3,True,1.0,0.0,0.0,0.0,0.0,-1.0,1.0,1.0,12,12,108,0.1,0.9,1,1,1,0,1,1,1,0,False,0,,,,,True,1,120,120,A_genuine_revision_candidate,not_available,not_available,120,12,108,0.9,0.9,108,0.1,1.0,69b65bc9a2904fbd27990096d8a4ddd1c6acbc15ce731bc0dcb64c0697b4e594,69b65bc9a2904fbd27990096d8a4ddd1c6acbc15ce731bc0dcb64c0697b4e594,0.0,,,,,,,,,,0,,True,
abrupt_return_q0.9_vNone_orderNone_seed17,stationary,17,post_input_dynamics,1.0,abrupt_return_q0.9_vNone_orderNone,abrupt_return,0.9,,,11,0.0,10,3,True,1.0,0.0,0.0,0.0,0.0,-1.0,1.0,1.0,12,12,108,0.1,0.9,1,1,1,0,1,1,1,0,False,0,,,,,True,1,120,120,A_genuine_revision_candidate,not_available,not_available,120,12,108,0.9,0.9,108,0.1,1.0,69b65bc9a2904fbd27990096d8a4ddd1c6acbc15ce731bc0dcb64c0697b4e594,69b65bc9a2904fbd27990096d8a4ddd1c6acbc15ce731bc0dcb64c0697b4e594,0.0,,,,,,,,,,0,,True,
abrupt_return_q0.9_vNone_orderNone_seed29,stationary,29,post_input_dynamics,1.0,abrupt_return_q0.9_vNone_orderNone,abrupt_return,0.9,,,11,0.0,10,3,True,1.0,0.0,0.0,0.0,0.0,-1.0,1.0,1.0,12,12,108,0.1,0.9,1,1,1,0,1,1,1,0,False,0,,,,,True,1,120,120,A_genuine_revision_candidate,not_available,not_available,120,12,108,0.9,0.9,108,0.1,1.0,69b65bc9a2904fbd27990096d8a4ddd1c6acbc15ce731bc0dcb64c0697b4e594,69b65bc9a2904fbd27990096d8a4ddd1c6acbc15ce731bc0dcb64c0697b4e594,0.0,,,,,,,,,,0,,True,
abrupt_return_q0.9_vNone_orderNone_seed41,stationary,41,post_input_dynamics,1.0,abrupt_return_q0.9_vNone_orderNone,abrupt_return,0.9,,,11,0.0,10,3,True,1.0,0.0,0.0,0.0,0.0,-1.0,1.0,1.0,12,12,108,0.1,0.9,1,1,1,0,1,1,1,0,False,0,,,,,True,1,120,120,A_genuine_revision_candidate,not_available,not_available,120,12,108,0.9,0.9,108,0.1,1.0,69b65bc9a2904fbd27990096d8a4ddd1c6acbc15ce731bc0dcb64c0697b4e594,69b65bc9a2904fbd27990096d8a4ddd1c6acbc15ce731bc0dcb64c0697b4e594,0.0,,,,,,,,,,0,,True,
abrupt_return_q0.9_vNone_orderNone_seed53,stationary,53,post_input_dynamics,1.0,abrupt_return_q0.9_vNone_orderNone,abrupt_return,0.9,,,11,0.0,10,3,True,1.0,0.0,0.0,0.0,0.0,-1.0,1.0,1.0,12,12,108,0.1,0.9,1,1,1,0,1,1,1,0,False,0,,,,,True,1,120,120,A_genuine_revision_candidate,not_available,not_available,120,12,108,0.9,0.9,108,0.1,1.0,69b65bc9a2904fbd27990096d8a4ddd1c6acbc15ce731bc0dcb64c0697b4e594,69b65bc9a2904fbd27990096d8a4ddd1c6acbc15ce731bc0dcb64c0697b4e594,0.0,,,,,,,,,,0,,True,
abrupt_return_q1.0_vNone_orderNone_seed7,stationary,7,post_input_dynamics,1.0,abrupt_return_q1.0_vNone_orderNone,abrupt_return,1.0,,,11,0.0,10,3,True,1.0,0.0,0.0,0.0,0.0,-1.0,1.0,,0,0,120,0.0,1.0,1,1,1,0,1,1,1,0,False,0,,,,,True,1,120,120,A_genuine_revision_candidate,not_available,not_available,120,0,120,1.0,1.0,120,0.0,0.0,0f11a5a7df991d1addcfc7927eff30d2a5e80cda589afd9a69040156940f1048,0f11a5a7df991d1addcfc7927eff30d2a5e80cda589afd9a69040156940f1048,0.0,,,,,,,,,,0,,True,
abrupt_return_q1.0_vNone_orderNone_seed17,stationary,17,post_input_dynamics,1.0,abrupt_return_q1.0_vNone_orderNone,abrupt_return,1.0,,,11,0.0,10,3,True,1.0,0.0,0.0,0.0,0.0,-1.0,1.0,,0,0,120,0.0,1.0,1,1,1,0,1,1,1,0,False,0,,,,,True,1,120,120,A_genuine_revision_candidate,not_available,not_available,120,0,120,1.0,1.0,120,0.0,0.0,0f11a5a7df991d1addcfc7927eff30d2a5e80cda589afd9a69040156940f1048,0f11a5a7df991d1addcfc7927eff30d2a5e80cda589afd9a69040156940f1048,0.0,,,,,,,,,,0,,True,
abrupt_return_q1.0_vNone_orderNone_seed29,stationary,29,post_input_dynamics,1.0,abrupt_return_q1.0_vNone_orderNone,abrupt_return,1.0,,,11,0.0,10,3,True,1.0,0.0,0.0,0.0,0.0,-1.0,1.0,,0,0,120,0.0,1.0,1,1,1,0,1,1,1,0,False,0,,,,,True,1,120,120,A_genuine_revision_candidate,not_available,not_available,120,0,120,1.0,1.0,120,0.0,0.0,0f11a5a7df991d1addcfc7927eff30d2a5e80cda589afd9a69040156940f1048,0f11a5a7df991d1addcfc7927eff30d2a5e80cda589afd9a69040156940f1048,0.0,,,,,,,,,,0,,True,
abrupt_return_q1.0_vNone_orderNone_seed41,stationary,41,post_input_dynamics,1.0,abrupt_return_q1.0_vNone_orderNone,abrupt_return,1.0,,,11,0.0,10,3,True,1.0,0.0,0.0,0.0,0.0,-1.0,1.0,,0,0,120,0.0,1.0,1,1,1,0,1,1,1,0,False,0,,,,,True,1,120,120,A_genuine_revision_candidate,not_available,not_available,120,0,120,1.0,1.0,120,0.0,0.0,0f11a5a7df991d1addcfc7927eff30d2a5e80cda589afd9a69040156940f1048,0f11a5a7df991d1addcfc7927eff30d2a5e80cda589afd9a69040156940f1048,0.0,,,,,,,,,,0,,True,
abrupt_return_q1.0_vNone_orderNone_seed53,stationary,53,post_input_dynamics,1.0,abrupt_return_q1.0_vNone_orderNone,abrupt_return,1.0,,,11,0.0,10,3,True,1.0,0.0,0.0,0.0,0.0,-1.0,1.0,,0,0,120,0.0,1.0,1,1,1,0,1,1,1,0,False,0,,,,,True,1,120,120,A_genuine_revision_candidate,not_available,not_available,120,0,120,1.0,1.0,120,0.0,0.0,0f11a5a7df991d1addcfc7927eff30d2a5e80cda589afd9a69040156940f1048,0f11a5a7df991d1addcfc7927eff30d2a5e80cda589afd9a69040156940f1048,0.0,,,,,,,,,,0,,True,
gradual_drift_q0_v0.01_orderNone_seed7,stationary,7,post_input_dynamics,1.0,gradual_drift_q0_v0.01_orderNone,gradual_drift,0,0.01,,11,0.0,10,3,True,1.0,0.0,0.0,0.0,0.0,-1.0,1.0,1.0,20,120,0,1.0,0.0,1,1,1,0,1,1,1,0,False,0,,,,,True,1,120,120,A_genuine_revision_candidate,not_available,not_available,120,120,0,0.0,0.0,0,1.0,1.0,9681d438cff3933cccb4de8dea65105b60c1bc168497d913beaa792c3280eff4,9681d438cff3933cccb4de8dea65105b60c1bc168497d913beaa792c3280eff4,0.0,,,,,,,,,1.0,10,False,True,
gradual_drift_q0_v0.01_orderNone_seed17,stationary,17,post_input_dynamics,1.0,gradual_drift_q0_v0.01_orderNone,gradual_drift,0,0.01,,11,0.0,10,3,True,1.0,0.0,0.0,0.0,0.0,-1.0,1.0,1.0,20,120,0,1.0,0.0,1,1,1,0,1,1,1,0,False,0,,,,,True,1,120,120,A_genuine_revision_candidate,not_available,not_available,120,120,0,0.0,0.0,0,1.0,1.0,9681d438cff3933cccb4de8dea65105b60c1bc168497d913beaa792c3280eff4,9681d438cff3933cccb4de8dea65105b60c1bc168497d913beaa792c3280eff4,0.0,,,,,,,,,1.0,10,False,True,
gradual_drift_q0_v0.01_orderNone_seed29,stationary,29,post_input_dynamics,1.0,gradual_drift_q0_v0.01_orderNone,gradual_drift,0,0.01,,11,0.0,10,3,True,1.0,0.0,0.0,0.0,0.0,-1.0,1.0,1.0,20,120,0,1.0,0.0,1,1,1,0,1,1,1,0,False,0,,,,,True,1,120,120,A_genuine_revision_candidate,not_available,not_available,120,120,0,0.0,0.0,0,1.0,1.0,9681d438cff3933cccb4de8dea65105b60c1bc168497d913beaa792c3280eff4,9681d438cff3933cccb4de8dea65105b60c1bc168497d913beaa792c3280eff4,0.0,,,,,,,,,1.0,10,False,True,
gradual_drift_q0_v0.01_orderNone_seed41,stationary,41,post_input_dynamics,1.0,gradual_drift_q0_v0.01_orderNone,gradual_drift,0,0.01,,11,0.0,10,3,True,1.0,0.0,0.0,0.0,0.0,-1.0,1.0,1.0,20,120,0,1.0,0.0,1,1,1,0,1,1,1,0,False,0,,,,,True,1,120,120,A_genuine_revision_candidate,not_available,not_available,120,120,0,0.0,0.0,0,1.0,1.0,9681d438cff3933cccb4de8dea65105b60c1bc168497d913beaa792c3280eff4,9681d438cff3933cccb4de8dea65105b60c1bc168497d913beaa792c3280eff4,0.0,,,,,,,,,1.0,10,False,True,
gradual_drift_q0_v0.01_orderNone_seed53,stationary,53,post_input_dynamics,1.0,gradual_drift_q0_v0.01_orderNone,gradual_drift,0,0.01,,11,0.0,10,3,True,1.0,0.0,0.0,0.0,0.0,-1.0,1.0,1.0,20,120,0,1.0,0.0,1,1,1,0,1,1,1,0,False,0,,,,,True,1,120,120,A_genuine_revision_candidate,not_available,not_available,120,120,0,0.0,0.0,0,1.0,1.0,9681d438cff3933cccb4de8dea65105b60c1bc168497d913beaa792c3280eff4,9681d438cff3933cccb4de8dea65105b60c1bc168497d913beaa792c3280eff4,0.0,,,,,,,,,1.0,10,False,True,
gradual_drift_q0.1_v0.01_orderNone_seed7,stationary,7,post_input_dynamics,1.0,gradual_drift_q0.1_v0.01_orderNone,gradual_drift,0.1,0.01,,11,0.0,10,3,True,1.0,0.0,0.0,0.0,0.0,-1.0,1.0,1.0,18,108,12,0.9,0.1,1,1,1,0,1,1,1,0,False,0,,,,,True,1,120,120,A_genuine_revision_candidate,not_available,not_available,120,108,12,0.1,0.058333333333333334,3,0.9375,0.0,0fa2624845b9b31aafb2e48ae5c00b71566c51115bc5790e39af403e11e1ed37,a481f89ad18e8f1527cf0ce5550fff1d3e243957f4d356472401f7c80037c9b9,0.0,,,,,,,,,1.0,9,False,True,
gradual_drift_q0.1_v0.01_orderNone_seed17,stationary,17,post_input_dynamics,1.0,gradual_drift_q0.1_v0.01_orderNone,gradual_drift,0.1,0.01,,11,0.0,10,3,True,1.0,0.0,0.0,0.0,0.0,-1.0,1.0,1.0,18,108,12,0.9,0.1,1,1,1,0,1,1,1,0,False,0,,,,,True,1,120,120,A_genuine_revision_candidate,not_available,not_available,120,108,12,0.1,0.058333333333333334,3,0.9375,0.0,0fa2624845b9b31aafb2e48ae5c00b71566c51115bc5790e39af403e11e1ed37,a481f89ad18e8f1527cf0ce5550fff1d3e243957f4d356472401f7c80037c9b9,0.0,,,,,,,,,1.0,9,False,True,
gradual_drift_q0.1_v0.01_orderNone_seed29,stationary,29,post_input_dynamics,1.0,gradual_drift_q0.1_v0.01_orderNone,gradual_drift,0.1,0.01,,11,0.0,10,3,True,1.0,0.0,0.0,0.0,0.0,-1.0,1.0,1.0,18,108,12,0.9,0.1,1,1,1,0,1,1,1,0,False,0,,,,,True,1,120,120,A_genuine_revision_candidate,not_available,not_available,120,108,12,0.1,0.058333333333333334,3,0.9375,0.0,0fa2624845b9b31aafb2e48ae5c00b71566c51115bc5790e39af403e11e1ed37,a481f89ad18e8f1527cf0ce5550fff1d3e243957f4d356472401f7c80037c9b9,0.0,,,,,,,,,1.0,9,False,True,
gradual_drift_q0.1_v0.01_orderNone_seed41,stationary,41,post_input_dynamics,1.0,gradual_drift_q0.1_v0.01_orderNone,gradual_drift,0.1,0.01,,11,0.0,10,3,True,1.0,0.0,0.0,0.0,0.0,-1.0,1.0,1.0,18,108,12,0.9,0.1,1,1,1,0,1,1,1,0,False,0,,,,,True,1,120,120,A_genuine_revision_candidate,not_available,not_available,120,108,12,0.1,0.058333333333333334,3,0.9375,0.0,0fa2624845b9b31aafb2e48ae5c00b71566c51115bc5790e39af403e11e1ed37,a481f89ad18e8f1527cf0ce5550fff1d3e243957f4d356472401f7c80037c9b9,0.0,,,,,,,,,1.0,9,False,True,
gradual_drift_q0.1_v0.01_orderNone_seed53,stationary,53,post_input_dynamics,1.0,gradual_drift_q0.1_v0.01_orderNone,gradual_drift,0.1,0.01,,11,0.0,10,3,True,1.0,0.0,0.0,0.0,0.0,-1.0,1.0,1.0,18,108,12,0.9,0.1,1,1,1,0,1,1,1,0,False,0,,,,,True,1,120,120,A_genuine_revision_candidate,not_available,not_available,120,108,12,0.1,0.058333333333333334,3,0.9375,0.0,0fa2624845b9b31aafb2e48ae5c00b71566c51115bc5790e39af403e11e1ed37,a481f89ad18e8f1527cf0ce5550fff1d3e243957f4d356472401f7c80037c9b9,0.0,,,,,,,,,1.0,9,False,True,
gradual_drift_q0.25_v0.01_orderNone_seed7,stationary,7,post_input_dynamics,1.0,gradual_drift_q0.25_v0.01_orderNone,gradual_drift,0.25,0.01,,11,0.0,10,3,True,1.0,0.0,0.0,0.0,0.0,-1.0,1.0,1.0,15,91,29,0.7583333333333333,0.24166666666666667,1,1,1,0,1,1,1,0,False,0,,,,,True,1,120,120,A_genuine_revision_candidate,not_available,not_available,120,90,30,0.25,0.15,6,0.85,0.0,8ed5e6d556e874fd855b5cd41574571d4fc91e7cadcfa7aad272f71b983edcd6,dc16e501f11c71ad7636acd006e0937731981328b983ead511858ae2742d326d,0.0,,,,,,,,,0.991111111111111,9,False,True,
gradual_drift_q0.25_v0.01_orderNone_seed17,stationary,17,post_input_dynamics,1.0,gradual_drift_q0.25_v0.01_orderNone,gradual_drift,0.25,0.01,,11,0.0,10,3,True,1.0,0.0,0.0,0.0,0.0,-1.0,1.0,1.0,15,91,29,0.7583333333333333,0.24166666666666667,1,1,1,0,1,1,1,0,False,0,,,,,True,1,120,120,A_genuine_revision_candidate,not_available,not_available,120,90,30,0.25,0.15,6,0.85,0.0,8ed5e6d556e874fd855b5cd41574571d4fc91e7cadcfa7aad272f71b983edcd6,dc16e501f11c71ad7636acd006e0937731981328b983ead511858ae2742d326d,0.0,,,,,,,,,0.991111111111111,9,False,True,
gradual_drift_q0.25_v0.01_orderNone_seed29,stationary,29,post_input_dynamics,1.0,gradual_drift_q0.25_v0.01_orderNone,gradual_drift,0.25,0.01,,11,0.0,10,3,True,1.0,0.0,0.0,0.0,0.0,-1.0,1.0,1.0,15,91,29,0.7583333333333333,0.24166666666666667,1,1,1,0,1,1,1,0,False,0,,,,,True,1,120,120,A_genuine_revision_candidate,not_available,not_available,120,90,30,0.25,0.15,6,0.85,0.0,8ed5e6d556e874fd855b5cd41574571d4fc91e7cadcfa7aad272f71b983edcd6,dc16e501f11c71ad7636acd006e0937731981328b983ead511858ae2742d326d,0.0,,,,,,,,,0.991111111111111,9,False,True,
gradual_drift_q0.25_v0.01_orderNone_seed41,stationary,41,post_input_dynamics,1.0,gradual_drift_q0.25_v0.01_orderNone,gradual_drift,0.25,0.01,,11,0.0,10,3,True,1.0,0.0,0.0,0.0,0.0,-1.0,1.0,1.0,15,91,29,0.7583333333333333,0.24166666666666667,1,1,1,0,1,1,1,0,False,0,,,,,True,1,120,120,A_genuine_revision_candidate,not_available,not_available,120,90,30,0.25,0.15,6,0.85,0.0,8ed5e6d556e874fd855b5cd41574571d4fc91e7cadcfa7aad272f71b983edcd6,dc16e501f11c71ad7636acd006e0937731981328b983ead511858ae2742d326d,0.0,,,,,,,,,0.991111111111111,9,False,True,
gradual_drift_q0.25_v0.01_orderNone_seed53,stationary,53,post_input_dynamics,1.0,gradual_drift_q0.25_v0.01_orderNone,gradual_drift,0.25,0.01,,11,0.0,10,3,True,1.0,0.0,0.0,0.0,0.0,-1.0,1.0,1.0,15,91,29,0.7583333333333333,0.24166666666666667,1,1,1,0,1,1,1,0,False,0,,,,,True,1,120,120,A_genuine_revision_candidate,not_available,not_available,120,90,30,0.25,0.15,6,0.85,0.0,8ed5e6d556e874fd855b5cd41574571d4fc91e7cadcfa7aad272f71b983edcd6,dc16e501f11c71ad7636acd006e0937731981328b983ead511858ae2742d326d,0.0,,,,,,,,,0.991111111111111,9,False,True,
gradual_drift_q0.5_v0.01_orderNone_seed7,stationary,7,post_input_dynamics,1.0,gradual_drift_q0.5_v0.01_orderNone,gradual_drift,0.5,0.01,,11,0.0,10,3,True,1.0,0.0,0.0,0.0,0.0,-1.0,1.0,1.0,10,62,58,0.5166666666666667,0.48333333333333334,1,1,1,0,1,1,1,0,False,0,,,,,True,1,120,120,A_genuine_revision_candidate,not_available,not_available,120,60,60,0.5,0.2916666666666667,11,0.7041666666666667,0.0,d9711750efbc03f18cf670497ca98102885809dcb5c56282172a939d63a1b661,cc7f87e57344cc04d5127278cdc66f64117c67be5b1d63af31168f038982e613,0.0,,,,,,,,,0.9828571428571429,7,True,True,
gradual_drift_q0.5_v0.01_orderNone_seed17,stationary,17,post_input_dynamics,1.0,gradual_drift_q0.5_v0.01_orderNone,gradual_drift,0.5,0.01,,11,0.0,10,3,True,1.0,0.0,0.0,0.0,0.0,-1.0,1.0,1.0,10,62,58,0.5166666666666667,0.48333333333333334,1,1,1,0,1,1,1,0,False,0,,,,,True,1,120,120,A_genuine_revision_candidate,not_available,not_available,120,60,60,0.5,0.2916666666666667,11,0.7041666666666667,0.0,d9711750efbc03f18cf670497ca98102885809dcb5c56282172a939d63a1b661,cc7f87e57344cc04d5127278cdc66f64117c67be5b1d63af31168f038982e613,0.0,,,,,,,,,0.9828571428571429,7,True,True,
gradual_drift_q0.5_v0.01_orderNone_seed29,stationary,29,post_input_dynamics,1.0,gradual_drift_q0.5_v0.01_orderNone,gradual_drift,0.5,0.01,,11,0.0,10,3,True,1.0,0.0,0.0,0.0,0.0,-1.0,1.0,1.0,10,62,58,0.5166666666666667,0.48333333333333334,1,1,1,0,1,1,1,0,False,0,,,,,True,1,120,120,A_genuine_revision_candidate,not_available,not_available,120,60,60,0.5,0.2916666666666667,11,0.7041666666666667,0.0,d9711750efbc03f18cf670497ca98102885809dcb5c56282172a939d63a1b661,cc7f87e57344cc04d5127278cdc66f64117c67be5b1d63af31168f038982e613,0.0,,,,,,,,,0.9828571428571429,7,True,True,
gradual_drift_q0.5_v0.01_orderNone_seed41,stationary,41,post_input_dynamics,1.0,gradual_drift_q0.5_v0.01_orderNone,gradual_drift,0.5,0.01,,11,0.0,10,3,True,1.0,0.0,0.0,0.0,0.0,-1.0,1.0,1.0,10,62,58,0.5166666666666667,0.48333333333333334,1,1,1,0,1,1,1,0,False,0,,,,,True,1,120,120,A_genuine_revision_candidate,not_available,not_available,120,60,60,0.5,0.2916666666666667,11,0.7041666666666667,0.0,d9711750efbc03f18cf670497ca98102885809dcb5c56282172a939d63a1b661,cc7f87e57344cc04d5127278cdc66f64117c67be5b1d63af31168f038982e613,0.0,,,,,,,,,0.9828571428571429,7,True,True,
gradual_drift_q0.5_v0.01_orderNone_seed53,stationary,53,post_input_dynamics,1.0,gradual_drift_q0.5_v0.01_orderNone,gradual_drift,0.5,0.01,,11,0.0,10,3,True,1.0,0.0,0.0,0.0,0.0,-1.0,1.0,1.0,10,62,58,0.5166666666666667,0.48333333333333334,1,1,1,0,1,1,1,0,False,0,,,,,True,1,120,120,A_genuine_revision_candidate,not_available,not_available,120,60,60,0.5,0.2916666666666667,11,0.7041666666666667,0.0,d9711750efbc03f18cf670497ca98102885809dcb5c56282172a939d63a1b661,cc7f87e57344cc04d5127278cdc66f64117c67be5b1d63af31168f038982e613,0.0,,,,,,,,,0.9828571428571429,7,True,True,
gradual_drift_q0.75_v0.01_orderNone_seed7,stationary,7,post_input_dynamics,1.0,gradual_drift_q0.75_v0.01_orderNone,gradual_drift,0.75,0.01,,11,0.0,10,3,True,1.0,0.0,0.0,0.0,0.0,-1.0,1.0,1.0,5,33,87,0.275,0.725,1,1,1,0,1,1,1,0,False,0,,,,,True,1,120,120,A_genuine_revision_candidate,not_available,not_available,120,30,90,0.75,0.44166666666666665,16,0.55625,0.0,deeca9e44e4205aef9edba5e50b7f1ca2d08bffa2125b6699365db75a88443d0,70bcc5efbc22b9146ee470510bc0cc1b14e86a83f4f9f7ed5e43b8e399fc0cc1,0.0,,,,,,,,,0.9866666666666667,6,True,True,
gradual_drift_q0.75_v0.01_orderNone_seed17,stationary,17,post_input_dynamics,1.0,gradual_drift_q0.75_v0.01_orderNone,gradual_drift,0.75,0.01,,11,0.0,10,3,True,1.0,0.0,0.0,0.0,0.0,-1.0,1.0,1.0,5,33,87,0.275,0.725,1,1,1,0,1,1,1,0,False,0,,,,,True,1,120,120,A_genuine_revision_candidate,not_available,not_available,120,30,90,0.75,0.44166666666666665,16,0.55625,0.0,deeca9e44e4205aef9edba5e50b7f1ca2d08bffa2125b6699365db75a88443d0,70bcc5efbc22b9146ee470510bc0cc1b14e86a83f4f9f7ed5e43b8e399fc0cc1,0.0,,,,,,,,,0.9866666666666667,6,True,True,
gradual_drift_q0.75_v0.01_orderNone_seed29,stationary,29,post_input_dynamics,1.0,gradual_drift_q0.75_v0.01_orderNone,gradual_drift,0.75,0.01,,11,0.0,10,3,True,1.0,0.0,0.0,0.0,0.0,-1.0,1.0,1.0,5,33,87,0.275,0.725,1,1,1,0,1,1,1,0,False,0,,,,,True,1,120,120,A_genuine_revision_candidate,not_available,not_available,120,30,90,0.75,0.44166666666666665,16,0.55625,0.0,deeca9e44e4205aef9edba5e50b7f1ca2d08bffa2125b6699365db75a88443d0,70bcc5efbc22b9146ee470510bc0cc1b14e86a83f4f9f7ed5e43b8e399fc0cc1,0.0,,,,,,,,,0.9866666666666667,6,True,True,
gradual_drift_q0.75_v0.01_orderNone_seed41,stationary,41,post_input_dynamics,1.0,gradual_drift_q0.75_v0.01_orderNone,gradual_drift,0.75,0.01,,11,0.0,10,3,True,1.0,0.0,0.0,0.0,0.0,-1.0,1.0,1.0,5,33,87,0.275,0.725,1,1,1,0,1,1,1,0,False,0,,,,,True,1,120,120,A_genuine_revision_candidate,not_available,not_available,120,30,90,0.75,0.44166666666666665,16,0.55625,0.0,deeca9e44e4205aef9edba5e50b7f1ca2d08bffa2125b6699365db75a88443d0,70bcc5efbc22b9146ee470510bc0cc1b14e86a83f4f9f7ed5e43b8e399fc0cc1,0.0,,,,,,,,,0.9866666666666667,6,True,True,
gradual_drift_q0.75_v0.01_orderNone_seed53,stationary,53,post_input_dynamics,1.0,gradual_drift_q0.75_v0.01_orderNone,gradual_drift,0.75,0.01,,11,0.0,10,3,True,1.0,0.0,0.0,0.0,0.0,-1.0,1.0,1.0,5,33,87,0.275,0.725,1,1,1,0,1,1,1,0,False,0,,,,,True,1,120,120,A_genuine_revision_candidate,not_available,not_available,120,30,90,0.75,0.44166666666666665,16,0.55625,0.0,deeca9e44e4205aef9edba5e50b7f1ca2d08bffa2125b6699365db75a88443d0,70bcc5efbc22b9146ee470510bc0cc1b14e86a83f4f9f7ed5e43b8e399fc0cc1,0.0,,,,,,,,,0.9866666666666667,6,True,True,
gradual_drift_q0.9_v0.01_orderNone_seed7,stationary,7,post_input_dynamics,1.0,gradual_drift_q0.9_v0.01_orderNone,gradual_drift,0.9,0.01,,11,0.0,10,3,True,1.0,0.0,0.0,1.0,1.0,0.0,1.0,1.0,18,109,11,0.9083333333333333,0.09166666666666666,1,1,1,0,1,1,0,0,True,1,95,99,95,95,False,0,120,120,E_relapse,not_available,not_available,120,12,108,0.9,0.525,19,0.4675,0.0,06a71efa54fae44d1d81b7dd2a242fdd7e4ac46bf28eff06b9aae6051b9f88c5,f6253fd0b55609d3be5745a990456ea806ba2a68764115fed9dc33c5b90480bc,0.0,95,0.01,0.011176470588235295,10,85,1,85,0.99,0.99,10,False,True,True
gradual_drift_q0.9_v0.01_orderNone_seed17,stationary,17,post_input_dynamics,1.0,gradual_drift_q0.9_v0.01_orderNone,gradual_drift,0.9,0.01,,11,0.0,10,3,True,1.0,0.0,0.0,1.0,1.0,0.0,1.0,1.0,18,109,11,0.9083333333333333,0.09166666666666666,1,1,1,0,1,1,0,0,True,1,95,99,95,95,False,0,120,120,E_relapse,not_available,not_available,120,12,108,0.9,0.525,19,0.4675,0.0,06a71efa54fae44d1d81b7dd2a242fdd7e4ac46bf28eff06b9aae6051b9f88c5,f6253fd0b55609d3be5745a990456ea806ba2a68764115fed9dc33c5b90480bc,0.0,95,0.01,0.011176470588235295,10,85,1,85,0.99,0.99,10,False,True,True
gradual_drift_q0.9_v0.01_orderNone_seed29,stationary,29,post_input_dynamics,1.0,gradual_drift_q0.9_v0.01_orderNone,gradual_drift,0.9,0.01,,11,0.0,10,3,True,1.0,0.0,0.0,1.0,1.0,0.0,1.0,1.0,18,109,11,0.9083333333333333,0.09166666666666666,1,1,1,0,1,1,0,0,True,1,95,99,95,95,False,0,120,120,E_relapse,not_available,not_available,120,12,108,0.9,0.525,19,0.4675,0.0,06a71efa54fae44d1d81b7dd2a242fdd7e4ac46bf28eff06b9aae6051b9f88c5,f6253fd0b55609d3be5745a990456ea806ba2a68764115fed9dc33c5b90480bc,0.0,95,0.01,0.011176470588235295,10,85,1,85,0.99,0.99,10,False,True,True
gradual_drift_q0.9_v0.01_orderNone_seed41,stationary,41,post_input_dynamics,1.0,gradual_drift_q0.9_v0.01_orderNone,gradual_drift,0.9,0.01,,11,0.0,10,3,True,1.0,0.0,0.0,1.0,1.0,0.0,1.0,1.0,18,109,11,0.9083333333333333,0.09166666666666666,1,1,1,0,1,1,0,0,True,1,95,99,95,95,False,0,120,120,E_relapse,not_available,not_available,120,12,108,0.9,0.525,19,0.4675,0.0,06a71efa54fae44d1d81b7dd2a242fdd7e4ac46bf28eff06b9aae6051b9f88c5,f6253fd0b55609d3be5745a990456ea806ba2a68764115fed9dc33c5b90480bc,0.0,95,0.01,0.011176470588235295,10,85,1,85,0.99,0.99,10,False,True,True
gradual_drift_q0.9_v0.01_orderNone_seed53,stationary,53,post_input_dynamics,1.0,gradual_drift_q0.9_v0.01_orderNone,gradual_drift,0.9,0.01,,11,0.0,10,3,True,1.0,0.0,0.0,1.0,1.0,0.0,1.0,1.0,18,109,11,0.9083333333333333,0.09166666666666666,1,1,1,0,1,1,0,0,True,1,95,99,95,95,False,0,120,120,E_relapse,not_available,not_available,120,12,108,0.9,0.525,19,0.4675,0.0,06a71efa54fae44d1d81b7dd2a242fdd7e4ac46bf28eff06b9aae6051b9f88c5,f6253fd0b55609d3be5745a990456ea806ba2a68764115fed9dc33c5b90480bc,0.0,95,0.01,0.011176470588235295,10,85,1,85,0.99,0.99,10,False,True,True
gradual_drift_q1.0_v0.01_orderNone_seed7,stationary,7,post_input_dynamics,1.0,gradual_drift_q1.0_v0.01_orderNone,gradual_drift,1.0,0.01,,11,0.0,10,3,True,1.0,0.0,0.0,1.0,1.0,0.0,1.0,1.0,20,120,0,1.0,0.0,1,1,1,0,1,1,0,0,True,1,95,99,95,95,False,0,120,120,E_relapse,not_available,not_available,120,0,120,1.0,0.5833333333333334,21,0.4125,0.0,3fdad1c4094e7ff6c687e65de665c1509a136122d330895d31cb173ec0cfe19e,203a417049e7dec2897ba940dd8afcbca819ca039267c06c4becb2c0229e371b,0.0,95,0.01,0.01,0,95,0,95,0.99,0.99,10,False,True,True
gradual_drift_q1.0_v0.01_orderNone_seed17,stationary,17,post_input_dynamics,1.0,gradual_drift_q1.0_v0.01_orderNone,gradual_drift,1.0,0.01,,11,0.0,10,3,True,1.0,0.0,0.0,1.0,1.0,0.0,1.0,1.0,20,120,0,1.0,0.0,1,1,1,0,1,1,0,0,True,1,95,99,95,95,False,0,120,120,E_relapse,not_available,not_available,120,0,120,1.0,0.5833333333333334,21,0.4125,0.0,3fdad1c4094e7ff6c687e65de665c1509a136122d330895d31cb173ec0cfe19e,203a417049e7dec2897ba940dd8afcbca819ca039267c06c4becb2c0229e371b,0.0,95,0.01,0.01,0,95,0,95,0.99,0.99,10,False,True,True
gradual_drift_q1.0_v0.01_orderNone_seed29,stationary,29,post_input_dynamics,1.0,gradual_drift_q1.0_v0.01_orderNone,gradual_drift,1.0,0.01,,11,0.0,10,3,True,1.0,0.0,0.0,1.0,1.0,0.0,1.0,1.0,20,120,0,1.0,0.0,1,1,1,0,1,1,0,0,True,1,95,99,95,95,False,0,120,120,E_relapse,not_available,not_available,120,0,120,1.0,0.5833333333333334,21,0.4125,0.0,3fdad1c4094e7ff6c687e65de665c1509a136122d330895d31cb173ec0cfe19e,203a417049e7dec2897ba940dd8afcbca819ca039267c06c4becb2c0229e371b,0.0,95,0.01,0.01,0,95,0,95,0.99,0.99,10,False,True,True
gradual_drift_q1.0_v0.01_orderNone_seed41,stationary,41,post_input_dynamics,1.0,gradual_drift_q1.0_v0.01_orderNone,gradual_drift,1.0,0.01,,11,0.0,10,3,True,1.0,0.0,0.0,1.0,1.0,0.0,1.0,1.0,20,120,0,1.0,0.0,1,1,1,0,1,1,0,0,True,1,95,99,95,95,False,0,120,120,E_relapse,not_available,not_available,120,0,120,1.0,0.5833333333333334,21,0.4125,0.0,3fdad1c4094e7ff6c687e65de665c1509a136122d330895d31cb173ec0cfe19e,203a417049e7dec2897ba940dd8afcbca819ca039267c06c4becb2c0229e371b,0.0,95,0.01,0.01,0,95,0,95,0.99,0.99,10,False,True,True
gradual_drift_q1.0_v0.01_orderNone_seed53,stationary,53,post_input_dynamics,1.0,gradual_drift_q1.0_v0.01_orderNone,gradual_drift,1.0,0.01,,11,0.0,10,3,True,1.0,0.0,0.0,1.0,1.0,0.0,1.0,1.0,20,120,0,1.0,0.0,1,1,1,0,1,1,0,0,True,1,95,99,95,95,False,0,120,120,E_relapse,not_available,not_available,120,0,120,1.0,0.5833333333333334,21,0.4125,0.0,3fdad1c4094e7ff6c687e65de665c1509a136122d330895d31cb173ec0cfe19e,203a417049e7dec2897ba940dd8afcbca819ca039267c06c4becb2c0229e371b,0.0,95,0.01,0.01,0,95,0,95,0.99,0.99,10,False,True,True
gradual_drift_q0_v0.025_orderNone_seed7,stationary,7,post_input_dynamics,1.0,gradual_drift_q0_v0.025_orderNone,gradual_drift,0,0.025,,11,0.0,10,3,True,1.0,0.0,0.0,0.0,0.0,-1.0,1.0,1.0,20,120,0,1.0,0.0,1,1,1,0,1,1,1,0,False,0,,,,,True,1,120,120,A_genuine_revision_candidate,not_available,not_available,120,120,0,0.0,0.0,0,1.0,1.0,9681d438cff3933cccb4de8dea65105b60c1bc168497d913beaa792c3280eff4,9681d438cff3933cccb4de8dea65105b60c1bc168497d913beaa792c3280eff4,0.0,,,,,,,,,1.0,10,False,True,
gradual_drift_q0_v0.025_orderNone_seed17,stationary,17,post_input_dynamics,1.0,gradual_drift_q0_v0.025_orderNone,gradual_drift,0,0.025,,11,0.0,10,3,True,1.0,0.0,0.0,0.0,0.0,-1.0,1.0,1.0,20,120,0,1.0,0.0,1,1,1,0,1,1,1,0,False,0,,,,,True,1,120,120,A_genuine_revision_candidate,not_available,not_available,120,120,0,0.0,0.0,0,1.0,1.0,9681d438cff3933cccb4de8dea65105b60c1bc168497d913beaa792c3280eff4,9681d438cff3933cccb4de8dea65105b60c1bc168497d913beaa792c3280eff4,0.0,,,,,,,,,1.0,10,False,True,
gradual_drift_q0_v0.025_orderNone_seed29,stationary,29,post_input_dynamics,1.0,gradual_drift_q0_v0.025_orderNone,gradual_drift,0,0.025,,11,0.0,10,3,True,1.0,0.0,0.0,0.0,0.0,-1.0,1.0,1.0,20,120,0,1.0,0.0,1,1,1,0,1,1,1,0,False,0,,,,,True,1,120,120,A_genuine_revision_candidate,not_available,not_available,120,120,0,0.0,0.0,0,1.0,1.0,9681d438cff3933cccb4de8dea65105b60c1bc168497d913beaa792c3280eff4,9681d438cff3933cccb4de8dea65105b60c1bc168497d913beaa792c3280eff4,0.0,,,,,,,,,1.0,10,False,True,
gradual_drift_q0_v0.025_orderNone_seed41,stationary,41,post_input_dynamics,1.0,gradual_drift_q0_v0.025_orderNone,gradual_drift,0,0.025,,11,0.0,10,3,True,1.0,0.0,0.0,0.0,0.0,-1.0,1.0,1.0,20,120,0,1.0,0.0,1,1,1,0,1,1,1,0,False,0,,,,,True,1,120,120,A_genuine_revision_candidate,not_available,not_available,120,120,0,0.0,0.0,0,1.0,1.0,9681d438cff3933cccb4de8dea65105b60c1bc168497d913beaa792c3280eff4,9681d438cff3933cccb4de8dea65105b60c1bc168497d913beaa792c3280eff4,0.0,,,,,,,,,1.0,10,False,True,
gradual_drift_q0_v0.025_orderNone_seed53,stationary,53,post_input_dynamics,1.0,gradual_drift_q0_v0.025_orderNone,gradual_drift,0,0.025,,11,0.0,10,3,True,1.0,0.0,0.0,0.0,0.0,-1.0,1.0,1.0,20,120,0,1.0,0.0,1,1,1,0,1,1,1,0,False,0,,,,,True,1,120,120,A_genuine_revision_candidate,not_available,not_available,120,120,0,0.0,0.0,0,1.0,1.0,9681d438cff3933cccb4de8dea65105b60c1bc168497d913beaa792c3280eff4,9681d438cff3933cccb4de8dea65105b60c1bc168497d913beaa792c3280eff4,0.0,,,,,,,,,1.0,10,False,True,
gradual_drift_q0.1_v0.025_orderNone_seed7,stationary,7,post_input_dynamics,1.0,gradual_drift_q0.1_v0.025_orderNone,gradual_drift,0.1,0.025,,11,0.0,10,3,True,1.0,0.0,0.0,0.0,0.0,-1.0,1.0,1.0,18,108,12,0.9,0.1,1,1,1,0,1,1,1,0,False,0,,,,,True,1,120,120,A_genuine_revision_candidate,not_available,not_available,120,108,12,0.1,0.08333333333333333,9,0.9125,0.0,20e266bb28b10096ec477659c22ded3911059914d6520d7f148dce18124ba1ed,687ecb87472b9c3e319795d7376c9357e01409881e55631c6623d39323afe0f6,0.0,,,,,,,,,1.0,9,False,True,
gradual_drift_q0.1_v0.025_orderNone_seed17,stationary,17,post_input_dynamics,1.0,gradual_drift_q0.1_v0.025_orderNone,gradual_drift,0.1,0.025,,11,0.0,10,3,True,1.0,0.0,0.0,0.0,0.0,-1.0,1.0,1.0,18,108,12,0.9,0.1,1,1,1,0,1,1,1,0,False,0,,,,,True,1,120,120,A_genuine_revision_candidate,not_available,not_available,120,108,12,0.1,0.08333333333333333,9,0.9125,0.0,20e266bb28b10096ec477659c22ded3911059914d6520d7f148dce18124ba1ed,687ecb87472b9c3e319795d7376c9357e01409881e55631c6623d39323afe0f6,0.0,,,,,,,,,1.0,9,False,True,
gradual_drift_q0.1_v0.025_orderNone_seed29,stationary,29,post_input_dynamics,1.0,gradual_drift_q0.1_v0.025_orderNone,gradual_drift,0.1,0.025,,11,0.0,10,3,True,1.0,0.0,0.0,0.0,0.0,-1.0,1.0,1.0,18,108,12,0.9,0.1,1,1,1,0,1,1,1,0,False,0,,,,,True,1,120,120,A_genuine_revision_candidate,not_available,not_available,120,108,12,0.1,0.08333333333333333,9,0.9125,0.0,20e266bb28b10096ec477659c22ded3911059914d6520d7f148dce18124ba1ed,687ecb87472b9c3e319795d7376c9357e01409881e55631c6623d39323afe0f6,0.0,,,,,,,,,1.0,9,False,True,
gradual_drift_q0.1_v0.025_orderNone_seed41,stationary,41,post_input_dynamics,1.0,gradual_drift_q0.1_v0.025_orderNone,gradual_drift,0.1,0.025,,11,0.0,10,3,True,1.0,0.0,0.0,0.0,0.0,-1.0,1.0,1.0,18,108,12,0.9,0.1,1,1,1,0,1,1,1,0,False,0,,,,,True,1,120,120,A_genuine_revision_candidate,not_available,not_available,120,108,12,0.1,0.08333333333333333,9,0.9125,0.0,20e266bb28b10096ec477659c22ded3911059914d6520d7f148dce18124ba1ed,687ecb87472b9c3e319795d7376c9357e01409881e55631c6623d39323afe0f6,0.0,,,,,,,,,1.0,9,False,True,
gradual_drift_q0.1_v0.025_orderNone_seed53,stationary,53,post_input_dynamics,1.0,gradual_drift_q0.1_v0.025_orderNone,gradual_drift,0.1,0.025,,11,0.0,10,3,True,1.0,0.0,0.0,0.0,0.0,-1.0,1.0,1.0,18,108,12,0.9,0.1,1,1,1,0,1,1,1,0,False,0,,,,,True,1,120,120,A_genuine_revision_candidate,not_available,not_available,120,108,12,0.1,0.08333333333333333,9,0.9125,0.0,20e266bb28b10096ec477659c22ded3911059914d6520d7f148dce18124ba1ed,687ecb87472b9c3e319795d7376c9357e01409881e55631c6623d39323afe0f6,0.0,,,,,,,,,1.0,9,False,True,
gradual_drift_q0.25_v0.025_orderNone_seed7,stationary,7,post_input_dynamics,1.0,gradual_drift_q0.25_v0.025_orderNone,gradual_drift,0.25,0.025,,11,0.0,10,3,True,1.0,0.0,0.0,0.0,0.0,-1.0,1.0,1.0,15,90,30,0.75,0.25,1,1,1,0,1,1,1,0,False,0,,,,,True,1,120,120,A_genuine_revision_candidate,not_available,not_available,120,90,30,0.25,0.20833333333333334,21,0.7875,0.0,a6aa55128da1fd3bf317e3dacd3bf9d64712ef7d12199523e39398d1fcf71283,3d3c597b74a58f672a983024fb1a127223634da36c1c91e50cc189869fbe4613,0.0,,,,,,,,,1.0,8,False,True,
gradual_drift_q0.25_v0.025_orderNone_seed17,stationary,17,post_input_dynamics,1.0,gradual_drift_q0.25_v0.025_orderNone,gradual_drift,0.25,0.025,,11,0.0,10,3,True,1.0,0.0,0.0,0.0,0.0,-1.0,1.0,1.0,15,90,30,0.75,0.25,1,1,1,0,1,1,1,0,False,0,,,,,True,1,120,120,A_genuine_revision_candidate,not_available,not_available,120,90,30,0.25,0.20833333333333334,21,0.7875,0.0,a6aa55128da1fd3bf317e3dacd3bf9d64712ef7d12199523e39398d1fcf71283,3d3c597b74a58f672a983024fb1a127223634da36c1c91e50cc189869fbe4613,0.0,,,,,,,,,1.0,8,False,True,
gradual_drift_q0.25_v0.025_orderNone_seed29,stationary,29,post_input_dynamics,1.0,gradual_drift_q0.25_v0.025_orderNone,gradual_drift,0.25,0.025,,11,0.0,10,3,True,1.0,0.0,0.0,0.0,0.0,-1.0,1.0,1.0,15,90,30,0.75,0.25,1,1,1,0,1,1,1,0,False,0,,,,,True,1,120,120,A_genuine_revision_candidate,not_available,not_available,120,90,30,0.25,0.20833333333333334,21,0.7875,0.0,a6aa55128da1fd3bf317e3dacd3bf9d64712ef7d12199523e39398d1fcf71283,3d3c597b74a58f672a983024fb1a127223634da36c1c91e50cc189869fbe4613,0.0,,,,,,,,,1.0,8,False,True,
gradual_drift_q0.25_v0.025_orderNone_seed41,stationary,41,post_input_dynamics,1.0,gradual_drift_q0.25_v0.025_orderNone,gradual_drift,0.25,0.025,,11,0.0,10,3,True,1.0,0.0,0.0,0.0,0.0,-1.0,1.0,1.0,15,90,30,0.75,0.25,1,1,1,0,1,1,1,0,False,0,,,,,True,1,120,120,A_genuine_revision_candidate,not_available,not_available,120,90,30,0.25,0.20833333333333334,21,0.7875,0.0,a6aa55128da1fd3bf317e3dacd3bf9d64712ef7d12199523e39398d1fcf71283,3d3c597b74a58f672a983024fb1a127223634da36c1c91e50cc189869fbe4613,0.0,,,,,,,,,1.0,8,False,True,
gradual_drift_q0.25_v0.025_orderNone_seed53,stationary,53,post_input_dynamics,1.0,gradual_drift_q0.25_v0.025_orderNone,gradual_drift,0.25,0.025,,11,0.0,10,3,True,1.0,0.0,0.0,0.0,0.0,-1.0,1.0,1.0,15,90,30,0.75,0.25,1,1,1,0,1,1,1,0,False,0,,,,,True,1,120,120,A_genuine_revision_candidate,not_available,not_available,120,90,30,0.25,0.20833333333333334,21,0.7875,0.0,a6aa55128da1fd3bf317e3dacd3bf9d64712ef7d12199523e39398d1fcf71283,3d3c597b74a58f672a983024fb1a127223634da36c1c91e50cc189869fbe4613,0.0,,,,,,,,,1.0,8,False,True,
gradual_drift_q0.5_v0.025_orderNone_seed7,stationary,7,post_input_dynamics,1.0,gradual_drift_q0.5_v0.025_orderNone,gradual_drift,0.5,0.025,,11,0.0,10,3,True,1.0,0.0,0.0,0.0,0.0,-1.0,1.0,1.0,10,60,60,0.5,0.5,1,1,1,0,1,1,1,0,False,0,,,,,True,1,120,120,A_genuine_revision_candidate,not_available,not_available,120,60,60,0.5,0.4166666666666667,41,0.5791666666666667,0.0,c96e070707ae7f423be44ea2d9e29733fb4ac76463ee37ee38e0fcc635563b4e,ac7899d3d6be103c6b8fe6ba2022fcc2a8d6f3fd055ab9927d285102a4b96752,0.0,,,,,,,,,1.0,5,False,True,
gradual_drift_q0.5_v0.025_orderNone_seed17,stationary,17,post_input_dynamics,1.0,gradual_drift_q0.5_v0.025_orderNone,gradual_drift,0.5,0.025,,11,0.0,10,3,True,1.0,0.0,0.0,0.0,0.0,-1.0,1.0,1.0,10,60,60,0.5,0.5,1,1,1,0,1,1,1,0,False,0,,,,,True,1,120,120,A_genuine_revision_candidate,not_available,not_available,120,60,60,0.5,0.4166666666666667,41,0.5791666666666667,0.0,c96e070707ae7f423be44ea2d9e29733fb4ac76463ee37ee38e0fcc635563b4e,ac7899d3d6be103c6b8fe6ba2022fcc2a8d6f3fd055ab9927d285102a4b96752,0.0,,,,,,,,,1.0,5,False,True,
gradual_drift_q0.5_v0.025_orderNone_seed29,stationary,29,post_input_dynamics,1.0,gradual_drift_q0.5_v0.025_orderNone,gradual_drift,0.5,0.025,,11,0.0,10,3,True,1.0,0.0,0.0,0.0,0.0,-1.0,1.0,1.0,10,60,60,0.5,0.5,1,1,1,0,1,1,1,0,False,0,,,,,True,1,120,120,A_genuine_revision_candidate,not_available,not_available,120,60,60,0.5,0.4166666666666667,41,0.5791666666666667,0.0,c96e070707ae7f423be44ea2d9e29733fb4ac76463ee37ee38e0fcc635563b4e,ac7899d3d6be103c6b8fe6ba2022fcc2a8d6f3fd055ab9927d285102a4b96752,0.0,,,,,,,,,1.0,5,False,True,
gradual_drift_q0.5_v0.025_orderNone_seed41,stationary,41,post_input_dynamics,1.0,gradual_drift_q0.5_v0.025_orderNone,gradual_drift,0.5,0.025,,11,0.0,10,3,True,1.0,0.0,0.0,0.0,0.0,-1.0,1.0,1.0,10,60,60,0.5,0.5,1,1,1,0,1,1,1,0,False,0,,,,,True,1,120,120,A_genuine_revision_candidate,not_available,not_available,120,60,60,0.5,0.4166666666666667,41,0.5791666666666667,0.0,c96e070707ae7f423be44ea2d9e29733fb4ac76463ee37ee38e0fcc635563b4e,ac7899d3d6be103c6b8fe6ba2022fcc2a8d6f3fd055ab9927d285102a4b96752,0.0,,,,,,,,,1.0,5,False,True,
gradual_drift_q0.5_v0.025_orderNone_seed53,stationary,53,post_input_dynamics,1.0,gradual_drift_q0.5_v0.025_orderNone,gradual_drift,0.5,0.025,,11,0.0,10,3,True,1.0,0.0,0.0,0.0,0.0,-1.0,1.0,1.0,10,60,60,0.5,0.5,1,1,1,0,1,1,1,0,False,0,,,,,True,1,120,120,A_genuine_revision_candidate,not_available,not_available,120,60,60,0.5,0.4166666666666667,41,0.5791666666666667,0.0,c96e070707ae7f423be44ea2d9e29733fb4ac76463ee37ee38e0fcc635563b4e,ac7899d3d6be103c6b8fe6ba2022fcc2a8d6f3fd055ab9927d285102a4b96752,0.0,,,,,,,,,1.0,5,False,True,
gradual_drift_q0.75_v0.025_orderNone_seed7,stationary,7,post_input_dynamics,1.0,gradual_drift_q0.75_v0.025_orderNone,gradual_drift,0.75,0.025,,11,0.0,10,3,True,1.0,0.0,0.0,0.0,0.0,-1.0,1.0,1.0,5,30,90,0.25,0.75,1,1,1,0,1,1,1,0,False,0,,,,,True,1,120,120,A_genuine_revision_candidate,not_available,not_available,120,30,90,0.75,0.625,61,0.36875,0.0,a489387e5c9f2a5b86c4f75166775a33b592420680104c150dd63289bf0252a8,c6dea5bb806d9a8caa0c8ccf4f19166122ac62bd877f82a751bb3a409b9b9416,0.0,,,,,,,,,1.0,3,False,True,
gradual_drift_q0.75_v0.025_orderNone_seed17,stationary,17,post_input_dynamics,1.0,gradual_drift_q0.75_v0.025_orderNone,gradual_drift,0.75,0.025,,11,0.0,10,3,True,1.0,0.0,0.0,0.0,0.0,-1.0,1.0,1.0,5,30,90,0.25,0.75,1,1,1,0,1,1,1,0,False,0,,,,,True,1,120,120,A_genuine_revision_candidate,not_available,not_available,120,30,90,0.75,0.625,61,0.36875,0.0,a489387e5c9f2a5b86c4f75166775a33b592420680104c150dd63289bf0252a8,c6dea5bb806d9a8caa0c8ccf4f19166122ac62bd877f82a751bb3a409b9b9416,0.0,,,,,,,,,1.0,3,False,True,
gradual_drift_q0.75_v0.025_orderNone_seed29,stationary,29,post_input_dynamics,1.0,gradual_drift_q0.75_v0.025_orderNone,gradual_drift,0.75,0.025,,11,0.0,10,3,True,1.0,0.0,0.0,0.0,0.0,-1.0,1.0,1.0,5,30,90,0.25,0.75,1,1,1,0,1,1,1,0,False,0,,,,,True,1,120,120,A_genuine_revision_candidate,not_available,not_available,120,30,90,0.75,0.625,61,0.36875,0.0,a489387e5c9f2a5b86c4f75166775a33b592420680104c150dd63289bf0252a8,c6dea5bb806d9a8caa0c8ccf4f19166122ac62bd877f82a751bb3a409b9b9416,0.0,,,,,,,,,1.0,3,False,True,
gradual_drift_q0.75_v0.025_orderNone_seed41,stationary,41,post_input_dynamics,1.0,gradual_drift_q0.75_v0.025_orderNone,gradual_drift,0.75,0.025,,11,0.0,10,3,True,1.0,0.0,0.0,0.0,0.0,-1.0,1.0,1.0,5,30,90,0.25,0.75,1,1,1,0,1,1,1,0,False,0,,,,,True,1,120,120,A_genuine_revision_candidate,not_available,not_available,120,30,90,0.75,0.625,61,0.36875,0.0,a489387e5c9f2a5b86c4f75166775a33b592420680104c150dd63289bf0252a8,c6dea5bb806d9a8caa0c8ccf4f19166122ac62bd877f82a751bb3a409b9b9416,0.0,,,,,,,,,1.0,3,False,True,
gradual_drift_q0.75_v0.025_orderNone_seed53,stationary,53,post_input_dynamics,1.0,gradual_drift_q0.75_v0.025_orderNone,gradual_drift,0.75,0.025,,11,0.0,10,3,True,1.0,0.0,0.0,0.0,0.0,-1.0,1.0,1.0,5,30,90,0.25,0.75,1,1,1,0,1,1,1,0,False,0,,,,,True,1,120,120,A_genuine_revision_candidate,not_available,not_available,120,30,90,0.75,0.625,61,0.36875,0.0,a489387e5c9f2a5b86c4f75166775a33b592420680104c150dd63289bf0252a8,c6dea5bb806d9a8caa0c8ccf4f19166122ac62bd877f82a751bb3a409b9b9416,0.0,,,,,,,,,1.0,3,False,True,
gradual_drift_q0.9_v0.025_orderNone_seed7,stationary,7,post_input_dynamics,1.0,gradual_drift_q0.9_v0.025_orderNone,gradual_drift,0.9,0.025,,11,0.0,10,3,True,1.0,0.0,0.0,0.0,0.0,-1.0,1.0,1.0,2,12,108,0.1,0.9,1,1,1,0,1,1,1,0,False,0,,,,,True,1,120,120,A_genuine_revision_candidate,not_available,not_available,120,12,108,0.9,0.75,73,0.2425,0.0,0484c1979f8b6e95083b38c3357fc8ded39f66d4fb41dc11b3f80741cc1c2278,9f8380685a16c73a9c20ceee8fcf02a3b69ddf19c07257b679c6c3f9000b0113,0.0,,,,,,,,,1.0,1,False,True,
gradual_drift_q0.9_v0.025_orderNone_seed17,stationary,17,post_input_dynamics,1.0,gradual_drift_q0.9_v0.025_orderNone,gradual_drift,0.9,0.025,,11,0.0,10,3,True,1.0,0.0,0.0,0.0,0.0,-1.0,1.0,1.0,2,12,108,0.1,0.9,1,1,1,0,1,1,1,0,False,0,,,,,True,1,120,120,A_genuine_revision_candidate,not_available,not_available,120,12,108,0.9,0.75,73,0.2425,0.0,0484c1979f8b6e95083b38c3357fc8ded39f66d4fb41dc11b3f80741cc1c2278,9f8380685a16c73a9c20ceee8fcf02a3b69ddf19c07257b679c6c3f9000b0113,0.0,,,,,,,,,1.0,1,False,True,
gradual_drift_q0.9_v0.025_orderNone_seed29,stationary,29,post_input_dynamics,1.0,gradual_drift_q0.9_v0.025_orderNone,gradual_drift,0.9,0.025,,11,0.0,10,3,True,1.0,0.0,0.0,0.0,0.0,-1.0,1.0,1.0,2,12,108,0.1,0.9,1,1,1,0,1,1,1,0,False,0,,,,,True,1,120,120,A_genuine_revision_candidate,not_available,not_available,120,12,108,0.9,0.75,73,0.2425,0.0,0484c1979f8b6e95083b38c3357fc8ded39f66d4fb41dc11b3f80741cc1c2278,9f8380685a16c73a9c20ceee8fcf02a3b69ddf19c07257b679c6c3f9000b0113,0.0,,,,,,,,,1.0,1,False,True,
gradual_drift_q0.9_v0.025_orderNone_seed41,stationary,41,post_input_dynamics,1.0,gradual_drift_q0.9_v0.025_orderNone,gradual_drift,0.9,0.025,,11,0.0,10,3,True,1.0,0.0,0.0,0.0,0.0,-1.0,1.0,1.0,2,12,108,0.1,0.9,1,1,1,0,1,1,1,0,False,0,,,,,True,1,120,120,A_genuine_revision_candidate,not_available,not_available,120,12,108,0.9,0.75,73,0.2425,0.0,0484c1979f8b6e95083b38c3357fc8ded39f66d4fb41dc11b3f80741cc1c2278,9f8380685a16c73a9c20ceee8fcf02a3b69ddf19c07257b679c6c3f9000b0113,0.0,,,,,,,,,1.0,1,False,True,
gradual_drift_q0.9_v0.025_orderNone_seed53,stationary,53,post_input_dynamics,1.0,gradual_drift_q0.9_v0.025_orderNone,gradual_drift,0.9,0.025,,11,0.0,10,3,True,1.0,0.0,0.0,0.0,0.0,-1.0,1.0,1.0,2,12,108,0.1,0.9,1,1,1,0,1,1,1,0,False,0,,,,,True,1,120,120,A_genuine_revision_candidate,not_available,not_available,120,12,108,0.9,0.75,73,0.2425,0.0,0484c1979f8b6e95083b38c3357fc8ded39f66d4fb41dc11b3f80741cc1c2278,9f8380685a16c73a9c20ceee8fcf02a3b69ddf19c07257b679c6c3f9000b0113,0.0,,,,,,,,,1.0,1,False,True,
gradual_drift_q1.0_v0.025_orderNone_seed7,stationary,7,post_input_dynamics,1.0,gradual_drift_q1.0_v0.025_orderNone,gradual_drift,1.0,0.025,,11,0.0,10,3,True,1.0,0.0,0.0,1.0,1.0,0.0,1.0,1.0,20,120,0,1.0,0.0,1,1,1,0,1,1,0,0,True,1,38,42,38,38,False,0,120,120,E_relapse,not_available,not_available,120,0,120,1.0,0.8333333333333334,81,0.1625,0.0,b8cd55b4a01a2b5feab05f79a7b416c5240e628ef72c8c3ce7c3bc4931f500b8,a86560a0e67b61e43dfb20c7007178cfd83d65ab7067568b9a9851b193b43d20,0.0,38,0.025,0.025,0,38,0,38,0.975,0.975,10,True,True,True
gradual_drift_q1.0_v0.025_orderNone_seed17,stationary,17,post_input_dynamics,1.0,gradual_drift_q1.0_v0.025_orderNone,gradual_drift,1.0,0.025,,11,0.0,10,3,True,1.0,0.0,0.0,1.0,1.0,0.0,1.0,1.0,20,120,0,1.0,0.0,1,1,1,0,1,1,0,0,True,1,38,42,38,38,False,0,120,120,E_relapse,not_available,not_available,120,0,120,1.0,0.8333333333333334,81,0.1625,0.0,b8cd55b4a01a2b5feab05f79a7b416c5240e628ef72c8c3ce7c3bc4931f500b8,a86560a0e67b61e43dfb20c7007178cfd83d65ab7067568b9a9851b193b43d20,0.0,38,0.025,0.025,0,38,0,38,0.975,0.975,10,True,True,True
gradual_drift_q1.0_v0.025_orderNone_seed29,stationary,29,post_input_dynamics,1.0,gradual_drift_q1.0_v0.025_orderNone,gradual_drift,1.0,0.025,,11,0.0,10,3,True,1.0,0.0,0.0,1.0,1.0,0.0,1.0,1.0,20,120,0,1.0,0.0,1,1,1,0,1,1,0,0,True,1,38,42,38,38,False,0,120,120,E_relapse,not_available,not_available,120,0,120,1.0,0.8333333333333334,81,0.1625,0.0,b8cd55b4a01a2b5feab05f79a7b416c5240e628ef72c8c3ce7c3bc4931f500b8,a86560a0e67b61e43dfb20c7007178cfd83d65ab7067568b9a9851b193b43d20,0.0,38,0.025,0.025,0,38,0,38,0.975,0.975,10,True,True,True
gradual_drift_q1.0_v0.025_orderNone_seed41,stationary,41,post_input_dynamics,1.0,gradual_drift_q1.0_v0.025_orderNone,gradual_drift,1.0,0.025,,11,0.0,10,3,True,1.0,0.0,0.0,1.0,1.0,0.0,1.0,1.0,20,120,0,1.0,0.0,1,1,1,0,1,1,0,0,True,1,38,42,38,38,False,0,120,120,E_relapse,not_available,not_available,120,0,120,1.0,0.8333333333333334,81,0.1625,0.0,b8cd55b4a01a2b5feab05f79a7b416c5240e628ef72c8c3ce7c3bc4931f500b8,a86560a0e67b61e43dfb20c7007178cfd83d65ab7067568b9a9851b193b43d20,0.0,38,0.025,0.025,0,38,0,38,0.975,0.975,10,True,True,True
gradual_drift_q1.0_v0.025_orderNone_seed53,stationary,53,post_input_dynamics,1.0,gradual_drift_q1.0_v0.025_orderNone,gradual_drift,1.0,0.025,,11,0.0,10,3,True,1.0,0.0,0.0,1.0,1.0,0.0,1.0,1.0,20,120,0,1.0,0.0,1,1,1,0,1,1,0,0,True,1,38,42,38,38,False,0,120,120,E_relapse,not_available,not_available,120,0,120,1.0,0.8333333333333334,81,0.1625,0.0,b8cd55b4a01a2b5feab05f79a7b416c5240e628ef72c8c3ce7c3bc4931f500b8,a86560a0e67b61e43dfb20c7007178cfd83d65ab7067568b9a9851b193b43d20,0.0,38,0.025,0.025,0,38,0,38,0.975,0.975,10,True,True,True
gradual_drift_q0_v0.04_orderNone_seed7,stationary,7,post_input_dynamics,1.0,gradual_drift_q0_v0.04_orderNone,gradual_drift,0,0.04,,11,0.0,10,3,True,1.0,0.0,0.0,0.0,0.0,-1.0,1.0,1.0,20,120,0,1.0,0.0,1,1,1,0,1,1,1,0,False,0,,,,,True,1,120,120,A_genuine_revision_candidate,not_available,not_available,120,120,0,0.0,0.0,0,1.0,1.0,9681d438cff3933cccb4de8dea65105b60c1bc168497d913beaa792c3280eff4,9681d438cff3933cccb4de8dea65105b60c1bc168497d913beaa792c3280eff4,0.0,,,,,,,,,1.0,10,False,True,
gradual_drift_q0_v0.04_orderNone_seed17,stationary,17,post_input_dynamics,1.0,gradual_drift_q0_v0.04_orderNone,gradual_drift,0,0.04,,11,0.0,10,3,True,1.0,0.0,0.0,0.0,0.0,-1.0,1.0,1.0,20,120,0,1.0,0.0,1,1,1,0,1,1,1,0,False,0,,,,,True,1,120,120,A_genuine_revision_candidate,not_available,not_available,120,120,0,0.0,0.0,0,1.0,1.0,9681d438cff3933cccb4de8dea65105b60c1bc168497d913beaa792c3280eff4,9681d438cff3933cccb4de8dea65105b60c1bc168497d913beaa792c3280eff4,0.0,,,,,,,,,1.0,10,False,True,
gradual_drift_q0_v0.04_orderNone_seed29,stationary,29,post_input_dynamics,1.0,gradual_drift_q0_v0.04_orderNone,gradual_drift,0,0.04,,11,0.0,10,3,True,1.0,0.0,0.0,0.0,0.0,-1.0,1.0,1.0,20,120,0,1.0,0.0,1,1,1,0,1,1,1,0,False,0,,,,,True,1,120,120,A_genuine_revision_candidate,not_available,not_available,120,120,0,0.0,0.0,0,1.0,1.0,9681d438cff3933cccb4de8dea65105b60c1bc168497d913beaa792c3280eff4,9681d438cff3933cccb4de8dea65105b60c1bc168497d913beaa792c3280eff4,0.0,,,,,,,,,1.0,10,False,True,
gradual_drift_q0_v0.04_orderNone_seed41,stationary,41,post_input_dynamics,1.0,gradual_drift_q0_v0.04_orderNone,gradual_drift,0,0.04,,11,0.0,10,3,True,1.0,0.0,0.0,0.0,0.0,-1.0,1.0,1.0,20,120,0,1.0,0.0,1,1,1,0,1,1,1,0,False,0,,,,,True,1,120,120,A_genuine_revision_candidate,not_available,not_available,120,120,0,0.0,0.0,0,1.0,1.0,9681d438cff3933cccb4de8dea65105b60c1bc168497d913beaa792c3280eff4,9681d438cff3933cccb4de8dea65105b60c1bc168497d913beaa792c3280eff4,0.0,,,,,,,,,1.0,10,False,True,
gradual_drift_q0_v0.04_orderNone_seed53,stationary,53,post_input_dynamics,1.0,gradual_drift_q0_v0.04_orderNone,gradual_drift,0,0.04,,11,0.0,10,3,True,1.0,0.0,0.0,0.0,0.0,-1.0,1.0,1.0,20,120,0,1.0,0.0,1,1,1,0,1,1,1,0,False,0,,,,,True,1,120,120,A_genuine_revision_candidate,not_available,not_available,120,120,0,0.0,0.0,0,1.0,1.0,9681d438cff3933cccb4de8dea65105b60c1bc168497d913beaa792c3280eff4,9681d438cff3933cccb4de8dea65105b60c1bc168497d913beaa792c3280eff4,0.0,,,,,,,,,1.0,10,False,True,
gradual_drift_q0.1_v0.04_orderNone_seed7,stationary,7,post_input_dynamics,1.0,gradual_drift_q0.1_v0.04_orderNone,gradual_drift,0.1,0.04,,11,0.0,10,3,True,1.0,0.0,0.0,0.0,0.0,-1.0,1.0,1.0,18,108,12,0.9,0.1,1,1,1,0,1,1,1,0,False,0,,,,,True,1,120,120,A_genuine_revision_candidate,not_available,not_available,120,108,12,0.1,0.09166666666666666,10,0.9066666666666666,0.0,231eb002356e63ea178f6fc18742500450681829e4e3904622c9003a507169d3,416d69782607713f848b8d9a0ea207df556fffef737424f78b75f1c82542a0d3,0.0,,,,,,,,,1.0,9,False,True,
gradual_drift_q0.1_v0.04_orderNone_seed17,stationary,17,post_input_dynamics,1.0,gradual_drift_q0.1_v0.04_orderNone,gradual_drift,0.1,0.04,,11,0.0,10,3,True,1.0,0.0,0.0,0.0,0.0,-1.0,1.0,1.0,18,108,12,0.9,0.1,1,1,1,0,1,1,1,0,False,0,,,,,True,1,120,120,A_genuine_revision_candidate,not_available,not_available,120,108,12,0.1,0.09166666666666666,10,0.9066666666666666,0.0,231eb002356e63ea178f6fc18742500450681829e4e3904622c9003a507169d3,416d69782607713f848b8d9a0ea207df556fffef737424f78b75f1c82542a0d3,0.0,,,,,,,,,1.0,9,False,True,
gradual_drift_q0.1_v0.04_orderNone_seed29,stationary,29,post_input_dynamics,1.0,gradual_drift_q0.1_v0.04_orderNone,gradual_drift,0.1,0.04,,11,0.0,10,3,True,1.0,0.0,0.0,0.0,0.0,-1.0,1.0,1.0,18,108,12,0.9,0.1,1,1,1,0,1,1,1,0,False,0,,,,,True,1,120,120,A_genuine_revision_candidate,not_available,not_available,120,108,12,0.1,0.09166666666666666,10,0.9066666666666666,0.0,231eb002356e63ea178f6fc18742500450681829e4e3904622c9003a507169d3,416d69782607713f848b8d9a0ea207df556fffef737424f78b75f1c82542a0d3,0.0,,,,,,,,,1.0,9,False,True,
gradual_drift_q0.1_v0.04_orderNone_seed41,stationary,41,post_input_dynamics,1.0,gradual_drift_q0.1_v0.04_orderNone,gradual_drift,0.1,0.04,,11,0.0,10,3,True,1.0,0.0,0.0,0.0,0.0,-1.0,1.0,1.0,18,108,12,0.9,0.1,1,1,1,0,1,1,1,0,False,0,,,,,True,1,120,120,A_genuine_revision_candidate,not_available,not_available,120,108,12,0.1,0.09166666666666666,10,0.9066666666666666,0.0,231eb002356e63ea178f6fc18742500450681829e4e3904622c9003a507169d3,416d69782607713f848b8d9a0ea207df556fffef737424f78b75f1c82542a0d3,0.0,,,,,,,,,1.0,9,False,True,
gradual_drift_q0.1_v0.04_orderNone_seed53,stationary,53,post_input_dynamics,1.0,gradual_drift_q0.1_v0.04_orderNone,gradual_drift,0.1,0.04,,11,0.0,10,3,True,1.0,0.0,0.0,0.0,0.0,-1.0,1.0,1.0,18,108,12,0.9,0.1,1,1,1,0,1,1,1,0,False,0,,,,,True,1,120,120,A_genuine_revision_candidate,not_available,not_available,120,108,12,0.1,0.09166666666666666,10,0.9066666666666666,0.0,231eb002356e63ea178f6fc18742500450681829e4e3904622c9003a507169d3,416d69782607713f848b8d9a0ea207df556fffef737424f78b75f1c82542a0d3,0.0,,,,,,,,,1.0,9,False,True,
gradual_drift_q0.25_v0.04_orderNone_seed7,stationary,7,post_input_dynamics,1.0,gradual_drift_q0.25_v0.04_orderNone,gradual_drift,0.25,0.04,,11,0.0,10,3,True,1.0,0.0,0.0,0.0,0.0,-1.0,1.0,1.0,15,90,30,0.75,0.25,1,1,1,0,1,1,1,0,False,0,,,,,True,1,120,120,A_genuine_revision_candidate,not_available,not_available,120,90,30,0.25,0.225,24,0.772,0.0,1e4c4d53ea2472146e624094e4b117ee55667af3d547adf57a9bf7c30a1304af,09eb8b1d96781ce534fc8465824a24ed925d72a4163c6f8d2b7ed61b9e08c337,0.0,,,,,,,,,1.0,8,False,True,
gradual_drift_q0.25_v0.04_orderNone_seed17,stationary,17,post_input_dynamics,1.0,gradual_drift_q0.25_v0.04_orderNone,gradual_drift,0.25,0.04,,11,0.0,10,3,True,1.0,0.0,0.0,0.0,0.0,-1.0,1.0,1.0,15,90,30,0.75,0.25,1,1,1,0,1,1,1,0,False,0,,,,,True,1,120,120,A_genuine_revision_candidate,not_available,not_available,120,90,30,0.25,0.225,24,0.772,0.0,1e4c4d53ea2472146e624094e4b117ee55667af3d547adf57a9bf7c30a1304af,09eb8b1d96781ce534fc8465824a24ed925d72a4163c6f8d2b7ed61b9e08c337,0.0,,,,,,,,,1.0,8,False,True,
gradual_drift_q0.25_v0.04_orderNone_seed29,stationary,29,post_input_dynamics,1.0,gradual_drift_q0.25_v0.04_orderNone,gradual_drift,0.25,0.04,,11,0.0,10,3,True,1.0,0.0,0.0,0.0,0.0,-1.0,1.0,1.0,15,90,30,0.75,0.25,1,1,1,0,1,1,1,0,False,0,,,,,True,1,120,120,A_genuine_revision_candidate,not_available,not_available,120,90,30,0.25,0.225,24,0.772,0.0,1e4c4d53ea2472146e624094e4b117ee55667af3d547adf57a9bf7c30a1304af,09eb8b1d96781ce534fc8465824a24ed925d72a4163c6f8d2b7ed61b9e08c337,0.0,,,,,,,,,1.0,8,False,True,
gradual_drift_q0.25_v0.04_orderNone_seed41,stationary,41,post_input_dynamics,1.0,gradual_drift_q0.25_v0.04_orderNone,gradual_drift,0.25,0.04,,11,0.0,10,3,True,1.0,0.0,0.0,0.0,0.0,-1.0,1.0,1.0,15,90,30,0.75,0.25,1,1,1,0,1,1,1,0,False,0,,,,,True,1,120,120,A_genuine_revision_candidate,not_available,not_available,120,90,30,0.25,0.225,24,0.772,0.0,1e4c4d53ea2472146e624094e4b117ee55667af3d547adf57a9bf7c30a1304af,09eb8b1d96781ce534fc8465824a24ed925d72a4163c6f8d2b7ed61b9e08c337,0.0,,,,,,,,,1.0,8,False,True,
gradual_drift_q0.25_v0.04_orderNone_seed53,stationary,53,post_input_dynamics,1.0,gradual_drift_q0.25_v0.04_orderNone,gradual_drift,0.25,0.04,,11,0.0,10,3,True,1.0,0.0,0.0,0.0,0.0,-1.0,1.0,1.0,15,90,30,0.75,0.25,1,1,1,0,1,1,1,0,False,0,,,,,True,1,120,120,A_genuine_revision_candidate,not_available,not_available,120,90,30,0.25,0.225,24,0.772,0.0,1e4c4d53ea2472146e624094e4b117ee55667af3d547adf57a9bf7c30a1304af,09eb8b1d96781ce534fc8465824a24ed925d72a4163c6f8d2b7ed61b9e08c337,0.0,,,,,,,,,1.0,8,False,True,
gradual_drift_q0.5_v0.04_orderNone_seed7,stationary,7,post_input_dynamics,1.0,gradual_drift_q0.5_v0.04_orderNone,gradual_drift,0.5,0.04,,11,0.0,10,3,True,1.0,0.0,0.0,0.0,0.0,-1.0,1.0,1.0,10,60,60,0.5,0.5,1,1,1,0,1,1,1,0,False,0,,,,,True,1,120,120,A_genuine_revision_candidate,not_available,not_available,120,60,60,0.5,0.45,48,0.548,0.0,7844ad6e22567c1af8a73a209d9ecbfdaad115fa15fdd048b218db8e5c15a14b,920ee930ab7114bb887b8a7d5c78314731ac4e21c5cf093085844bfbeaa98a1b,0.0,,,,,,,,,1.0,5,False,True,
gradual_drift_q0.5_v0.04_orderNone_seed17,stationary,17,post_input_dynamics,1.0,gradual_drift_q0.5_v0.04_orderNone,gradual_drift,0.5,0.04,,11,0.0,10,3,True,1.0,0.0,0.0,0.0,0.0,-1.0,1.0,1.0,10,60,60,0.5,0.5,1,1,1,0,1,1,1,0,False,0,,,,,True,1,120,120,A_genuine_revision_candidate,not_available,not_available,120,60,60,0.5,0.45,48,0.548,0.0,7844ad6e22567c1af8a73a209d9ecbfdaad115fa15fdd048b218db8e5c15a14b,920ee930ab7114bb887b8a7d5c78314731ac4e21c5cf093085844bfbeaa98a1b,0.0,,,,,,,,,1.0,5,False,True,
gradual_drift_q0.5_v0.04_orderNone_seed29,stationary,29,post_input_dynamics,1.0,gradual_drift_q0.5_v0.04_orderNone,gradual_drift,0.5,0.04,,11,0.0,10,3,True,1.0,0.0,0.0,0.0,0.0,-1.0,1.0,1.0,10,60,60,0.5,0.5,1,1,1,0,1,1,1,0,False,0,,,,,True,1,120,120,A_genuine_revision_candidate,not_available,not_available,120,60,60,0.5,0.45,48,0.548,0.0,7844ad6e22567c1af8a73a209d9ecbfdaad115fa15fdd048b218db8e5c15a14b,920ee930ab7114bb887b8a7d5c78314731ac4e21c5cf093085844bfbeaa98a1b,0.0,,,,,,,,,1.0,5,False,True,
gradual_drift_q0.5_v0.04_orderNone_seed41,stationary,41,post_input_dynamics,1.0,gradual_drift_q0.5_v0.04_orderNone,gradual_drift,0.5,0.04,,11,0.0,10,3,True,1.0,0.0,0.0,0.0,0.0,-1.0,1.0,1.0,10,60,60,0.5,0.5,1,1,1,0,1,1,1,0,False,0,,,,,True,1,120,120,A_genuine_revision_candidate,not_available,not_available,120,60,60,0.5,0.45,48,0.548,0.0,7844ad6e22567c1af8a73a209d9ecbfdaad115fa15fdd048b218db8e5c15a14b,920ee930ab7114bb887b8a7d5c78314731ac4e21c5cf093085844bfbeaa98a1b,0.0,,,,,,,,,1.0,5,False,True,
gradual_drift_q0.5_v0.04_orderNone_seed53,stationary,53,post_input_dynamics,1.0,gradual_drift_q0.5_v0.04_orderNone,gradual_drift,0.5,0.04,,11,0.0,10,3,True,1.0,0.0,0.0,0.0,0.0,-1.0,1.0,1.0,10,60,60,0.5,0.5,1,1,1,0,1,1,1,0,False,0,,,,,True,1,120,120,A_genuine_revision_candidate,not_available,not_available,120,60,60,0.5,0.45,48,0.548,0.0,7844ad6e22567c1af8a73a209d9ecbfdaad115fa15fdd048b218db8e5c15a14b,920ee930ab7114bb887b8a7d5c78314731ac4e21c5cf093085844bfbeaa98a1b,0.0,,,,,,,,,1.0,5,False,True,
gradual_drift_q0.75_v0.04_orderNone_seed7,stationary,7,post_input_dynamics,1.0,gradual_drift_q0.75_v0.04_orderNone,gradual_drift,0.75,0.04,,11,0.0,10,3,True,1.0,0.0,0.0,0.0,0.0,-1.0,1.0,1.0,5,30,90,0.25,0.75,1,1,1,0,1,1,1,0,False,0,,,,,True,1,120,120,A_genuine_revision_candidate,not_available,not_available,120,30,90,0.75,0.675,72,0.322,0.0,6896177f606f3786e831478d4db815926b1348d5c1ee772a007339727615caf9,43e0fe7af53bc582dcdae3648e687daf4b6a8cda2281ca89f0ceb18ff6d2f7ff,0.0,,,,,,,,,1.0,3,False,True,
gradual_drift_q0.75_v0.04_orderNone_seed17,stationary,17,post_input_dynamics,1.0,gradual_drift_q0.75_v0.04_orderNone,gradual_drift,0.75,0.04,,11,0.0,10,3,True,1.0,0.0,0.0,0.0,0.0,-1.0,1.0,1.0,5,30,90,0.25,0.75,1,1,1,0,1,1,1,0,False,0,,,,,True,1,120,120,A_genuine_revision_candidate,not_available,not_available,120,30,90,0.75,0.675,72,0.322,0.0,6896177f606f3786e831478d4db815926b1348d5c1ee772a007339727615caf9,43e0fe7af53bc582dcdae3648e687daf4b6a8cda2281ca89f0ceb18ff6d2f7ff,0.0,,,,,,,,,1.0,3,False,True,
gradual_drift_q0.75_v0.04_orderNone_seed29,stationary,29,post_input_dynamics,1.0,gradual_drift_q0.75_v0.04_orderNone,gradual_drift,0.75,0.04,,11,0.0,10,3,True,1.0,0.0,0.0,0.0,0.0,-1.0,1.0,1.0,5,30,90,0.25,0.75,1,1,1,0,1,1,1,0,False,0,,,,,True,1,120,120,A_genuine_revision_candidate,not_available,not_available,120,30,90,0.75,0.675,72,0.322,0.0,6896177f606f3786e831478d4db815926b1348d5c1ee772a007339727615caf9,43e0fe7af53bc582dcdae3648e687daf4b6a8cda2281ca89f0ceb18ff6d2f7ff,0.0,,,,,,,,,1.0,3,False,True,
gradual_drift_q0.75_v0.04_orderNone_seed41,stationary,41,post_input_dynamics,1.0,gradual_drift_q0.75_v0.04_orderNone,gradual_drift,0.75,0.04,,11,0.0,10,3,True,1.0,0.0,0.0,0.0,0.0,-1.0,1.0,1.0,5,30,90,0.25,0.75,1,1,1,0,1,1,1,0,False,0,,,,,True,1,120,120,A_genuine_revision_candidate,not_available,not_available,120,30,90,0.75,0.675,72,0.322,0.0,6896177f606f3786e831478d4db815926b1348d5c1ee772a007339727615caf9,43e0fe7af53bc582dcdae3648e687daf4b6a8cda2281ca89f0ceb18ff6d2f7ff,0.0,,,,,,,,,1.0,3,False,True,
gradual_drift_q0.75_v0.04_orderNone_seed53,stationary,53,post_input_dynamics,1.0,gradual_drift_q0.75_v0.04_orderNone,gradual_drift,0.75,0.04,,11,0.0,10,3,True,1.0,0.0,0.0,0.0,0.0,-1.0,1.0,1.0,5,30,90,0.25,0.75,1,1,1,0,1,1,1,0,False,0,,,,,True,1,120,120,A_genuine_revision_candidate,not_available,not_available,120,30,90,0.75,0.675,72,0.322,0.0,6896177f606f3786e831478d4db815926b1348d5c1ee772a007339727615caf9,43e0fe7af53bc582dcdae3648e687daf4b6a8cda2281ca89f0ceb18ff6d2f7ff,0.0,,,,,,,,,1.0,3,False,True,
gradual_drift_q0.9_v0.04_orderNone_seed7,stationary,7,post_input_dynamics,1.0,gradual_drift_q0.9_v0.04_orderNone,gradual_drift,0.9,0.04,,11,0.0,10,3,True,1.0,0.0,0.0,0.0,0.0,-1.0,1.0,1.0,2,12,108,0.1,0.9,1,1,1,0,1,1,1,0,False,0,,,,,True,1,120,120,A_genuine_revision_candidate,not_available,not_available,120,12,108,0.9,0.8166666666666667,87,0.186,0.0,5ee5a2a056d35bcaabb2f527c4bd70bfb425810e5fb9fa1633da24e18c1bb8de,4fd3f9f2c023215cdc0d536596bf9a22ec05d1166e0684702453eb117bc4a827,0.0,,,,,,,,,1.0,1,False,True,
gradual_drift_q0.9_v0.04_orderNone_seed17,stationary,17,post_input_dynamics,1.0,gradual_drift_q0.9_v0.04_orderNone,gradual_drift,0.9,0.04,,11,0.0,10,3,True,1.0,0.0,0.0,0.0,0.0,-1.0,1.0,1.0,2,12,108,0.1,0.9,1,1,1,0,1,1,1,0,False,0,,,,,True,1,120,120,A_genuine_revision_candidate,not_available,not_available,120,12,108,0.9,0.8166666666666667,87,0.186,0.0,5ee5a2a056d35bcaabb2f527c4bd70bfb425810e5fb9fa1633da24e18c1bb8de,4fd3f9f2c023215cdc0d536596bf9a22ec05d1166e0684702453eb117bc4a827,0.0,,,,,,,,,1.0,1,False,True,
gradual_drift_q0.9_v0.04_orderNone_seed29,stationary,29,post_input_dynamics,1.0,gradual_drift_q0.9_v0.04_orderNone,gradual_drift,0.9,0.04,,11,0.0,10,3,True,1.0,0.0,0.0,0.0,0.0,-1.0,1.0,1.0,2,12,108,0.1,0.9,1,1,1,0,1,1,1,0,False,0,,,,,True,1,120,120,A_genuine_revision_candidate,not_available,not_available,120,12,108,0.9,0.8166666666666667,87,0.186,0.0,5ee5a2a056d35bcaabb2f527c4bd70bfb425810e5fb9fa1633da24e18c1bb8de,4fd3f9f2c023215cdc0d536596bf9a22ec05d1166e0684702453eb117bc4a827,0.0,,,,,,,,,1.0,1,False,True,
gradual_drift_q0.9_v0.04_orderNone_seed41,stationary,41,post_input_dynamics,1.0,gradual_drift_q0.9_v0.04_orderNone,gradual_drift,0.9,0.04,,11,0.0,10,3,True,1.0,0.0,0.0,0.0,0.0,-1.0,1.0,1.0,2,12,108,0.1,0.9,1,1,1,0,1,1,1,0,False,0,,,,,True,1,120,120,A_genuine_revision_candidate,not_available,not_available,120,12,108,0.9,0.8166666666666667,87,0.186,0.0,5ee5a2a056d35bcaabb2f527c4bd70bfb425810e5fb9fa1633da24e18c1bb8de,4fd3f9f2c023215cdc0d536596bf9a22ec05d1166e0684702453eb117bc4a827,0.0,,,,,,,,,1.0,1,False,True,
gradual_drift_q0.9_v0.04_orderNone_seed53,stationary,53,post_input_dynamics,1.0,gradual_drift_q0.9_v0.04_orderNone,gradual_drift,0.9,0.04,,11,0.0,10,3,True,1.0,0.0,0.0,0.0,0.0,-1.0,1.0,1.0,2,12,108,0.1,0.9,1,1,1,0,1,1,1,0,False,0,,,,,True,1,120,120,A_genuine_revision_candidate,not_available,not_available,120,12,108,0.9,0.8166666666666667,87,0.186,0.0,5ee5a2a056d35bcaabb2f527c4bd70bfb425810e5fb9fa1633da24e18c1bb8de,4fd3f9f2c023215cdc0d536596bf9a22ec05d1166e0684702453eb117bc4a827,0.0,,,,,,,,,1.0,1,False,True,
gradual_drift_q1.0_v0.04_orderNone_seed7,stationary,7,post_input_dynamics,1.0,gradual_drift_q1.0_v0.04_orderNone,gradual_drift,1.0,0.04,,11,0.0,10,3,True,1.0,0.0,0.0,1.0,1.0,0.0,1.0,1.0,20,120,0,1.0,0.0,1,1,1,0,1,1,0,0,True,1,24,28,24,24,False,0,120,120,E_relapse,not_available,not_available,120,0,120,1.0,0.9,96,0.1,0.0,c71a38bf440d30983419dbf68fa6c529b7ab8fa425ed109ed6649db70a36b044,c76cb0dc536f3c048335fdb9c33532439d9b4962a16c4b2b258961b40892814c,0.0,24,0.04,0.04,0,24,0,24,0.9600000000000001,0.96,10,True,True,True
gradual_drift_q1.0_v0.04_orderNone_seed17,stationary,17,post_input_dynamics,1.0,gradual_drift_q1.0_v0.04_orderNone,gradual_drift,1.0,0.04,,11,0.0,10,3,True,1.0,0.0,0.0,1.0,1.0,0.0,1.0,1.0,20,120,0,1.0,0.0,1,1,1,0,1,1,0,0,True,1,24,28,24,24,False,0,120,120,E_relapse,not_available,not_available,120,0,120,1.0,0.9,96,0.1,0.0,c71a38bf440d30983419dbf68fa6c529b7ab8fa425ed109ed6649db70a36b044,c76cb0dc536f3c048335fdb9c33532439d9b4962a16c4b2b258961b40892814c,0.0,24,0.04,0.04,0,24,0,24,0.9600000000000001,0.96,10,True,True,True
gradual_drift_q1.0_v0.04_orderNone_seed29,stationary,29,post_input_dynamics,1.0,gradual_drift_q1.0_v0.04_orderNone,gradual_drift,1.0,0.04,,11,0.0,10,3,True,1.0,0.0,0.0,1.0,1.0,0.0,1.0,1.0,20,120,0,1.0,0.0,1,1,1,0,1,1,0,0,True,1,24,28,24,24,False,0,120,120,E_relapse,not_available,not_available,120,0,120,1.0,0.9,96,0.1,0.0,c71a38bf440d30983419dbf68fa6c529b7ab8fa425ed109ed6649db70a36b044,c76cb0dc536f3c048335fdb9c33532439d9b4962a16c4b2b258961b40892814c,0.0,24,0.04,0.04,0,24,0,24,0.9600000000000001,0.96,10,True,True,True
gradual_drift_q1.0_v0.04_orderNone_seed41,stationary,41,post_input_dynamics,1.0,gradual_drift_q1.0_v0.04_orderNone,gradual_drift,1.0,0.04,,11,0.0,10,3,True,1.0,0.0,0.0,1.0,1.0,0.0,1.0,1.0,20,120,0,1.0,0.0,1,1,1,0,1,1,0,0,True,1,24,28,24,24,False,0,120,120,E_relapse,not_available,not_available,120,0,120,1.0,0.9,96,0.1,0.0,c71a38bf440d30983419dbf68fa6c529b7ab8fa425ed109ed6649db70a36b044,c76cb0dc536f3c048335fdb9c33532439d9b4962a16c4b2b258961b40892814c,0.0,24,0.04,0.04,0,24,0,24,0.9600000000000001,0.96,10,True,True,True
gradual_drift_q1.0_v0.04_orderNone_seed53,stationary,53,post_input_dynamics,1.0,gradual_drift_q1.0_v0.04_orderNone,gradual_drift,1.0,0.04,,11,0.0,10,3,True,1.0,0.0,0.0,1.0,1.0,0.0,1.0,1.0,20,120,0,1.0,0.0,1,1,1,0,1,1,0,0,True,1,24,28,24,24,False,0,120,120,E_relapse,not_available,not_available,120,0,120,1.0,0.9,96,0.1,0.0,c71a38bf440d30983419dbf68fa6c529b7ab8fa425ed109ed6649db70a36b044,c76cb0dc536f3c048335fdb9c33532439d9b4962a16c4b2b258961b40892814c,0.0,24,0.04,0.04,0,24,0,24,0.9600000000000001,0.96,10,True,True,True
gradual_drift_q0_v0.049_orderNone_seed7,stationary,7,post_input_dynamics,1.0,gradual_drift_q0_v0.049_orderNone,gradual_drift,0,0.049,,11,0.0,10,3,True,1.0,0.0,0.0,0.0,0.0,-1.0,1.0,1.0,20,120,0,1.0,0.0,1,1,1,0,1,1,1,0,False,0,,,,,True,1,120,120,A_genuine_revision_candidate,not_available,not_available,120,120,0,0.0,0.0,0,1.0,1.0,9681d438cff3933cccb4de8dea65105b60c1bc168497d913beaa792c3280eff4,9681d438cff3933cccb4de8dea65105b60c1bc168497d913beaa792c3280eff4,0.0,,,,,,,,,1.0,10,False,True,
gradual_drift_q0_v0.049_orderNone_seed17,stationary,17,post_input_dynamics,1.0,gradual_drift_q0_v0.049_orderNone,gradual_drift,0,0.049,,11,0.0,10,3,True,1.0,0.0,0.0,0.0,0.0,-1.0,1.0,1.0,20,120,0,1.0,0.0,1,1,1,0,1,1,1,0,False,0,,,,,True,1,120,120,A_genuine_revision_candidate,not_available,not_available,120,120,0,0.0,0.0,0,1.0,1.0,9681d438cff3933cccb4de8dea65105b60c1bc168497d913beaa792c3280eff4,9681d438cff3933cccb4de8dea65105b60c1bc168497d913beaa792c3280eff4,0.0,,,,,,,,,1.0,10,False,True,
gradual_drift_q0_v0.049_orderNone_seed29,stationary,29,post_input_dynamics,1.0,gradual_drift_q0_v0.049_orderNone,gradual_drift,0,0.049,,11,0.0,10,3,True,1.0,0.0,0.0,0.0,0.0,-1.0,1.0,1.0,20,120,0,1.0,0.0,1,1,1,0,1,1,1,0,False,0,,,,,True,1,120,120,A_genuine_revision_candidate,not_available,not_available,120,120,0,0.0,0.0,0,1.0,1.0,9681d438cff3933cccb4de8dea65105b60c1bc168497d913beaa792c3280eff4,9681d438cff3933cccb4de8dea65105b60c1bc168497d913beaa792c3280eff4,0.0,,,,,,,,,1.0,10,False,True,
gradual_drift_q0_v0.049_orderNone_seed41,stationary,41,post_input_dynamics,1.0,gradual_drift_q0_v0.049_orderNone,gradual_drift,0,0.049,,11,0.0,10,3,True,1.0,0.0,0.0,0.0,0.0,-1.0,1.0,1.0,20,120,0,1.0,0.0,1,1,1,0,1,1,1,0,False,0,,,,,True,1,120,120,A_genuine_revision_candidate,not_available,not_available,120,120,0,0.0,0.0,0,1.0,1.0,9681d438cff3933cccb4de8dea65105b60c1bc168497d913beaa792c3280eff4,9681d438cff3933cccb4de8dea65105b60c1bc168497d913beaa792c3280eff4,0.0,,,,,,,,,1.0,10,False,True,
gradual_drift_q0_v0.049_orderNone_seed53,stationary,53,post_input_dynamics,1.0,gradual_drift_q0_v0.049_orderNone,gradual_drift,0,0.049,,11,0.0,10,3,True,1.0,0.0,0.0,0.0,0.0,-1.0,1.0,1.0,20,120,0,1.0,0.0,1,1,1,0,1,1,1,0,False,0,,,,,True,1,120,120,A_genuine_revision_candidate,not_available,not_available,120,120,0,0.0,0.0,0,1.0,1.0,9681d438cff3933cccb4de8dea65105b60c1bc168497d913beaa792c3280eff4,9681d438cff3933cccb4de8dea65105b60c1bc168497d913beaa792c3280eff4,0.0,,,,,,,,,1.0,10,False,True,
gradual_drift_q0.1_v0.049_orderNone_seed7,stationary,7,post_input_dynamics,1.0,gradual_drift_q0.1_v0.049_orderNone,gradual_drift,0.1,0.049,,11,0.0,10,3,True,1.0,0.0,0.0,0.0,0.0,-1.0,1.0,1.0,18,108,12,0.9,0.1,1,1,1,0,1,1,1,0,False,0,,,,,True,1,120,120,A_genuine_revision_candidate,not_available,not_available,120,108,12,0.1,0.09166666666666666,10,0.9044166666666666,0.0,ae701b4310b7e147eba0b2ce1b03ac7860342b08e85ef1c6ea07d3fe76b4233a,e12ae64be5ab8b72444c1ed50b3bd2f79e987c09aafe7620744414dffb12ac38,0.0,,,,,,,,,1.0,9,False,True,
gradual_drift_q0.1_v0.049_orderNone_seed17,stationary,17,post_input_dynamics,1.0,gradual_drift_q0.1_v0.049_orderNone,gradual_drift,0.1,0.049,,11,0.0,10,3,True,1.0,0.0,0.0,0.0,0.0,-1.0,1.0,1.0,18,108,12,0.9,0.1,1,1,1,0,1,1,1,0,False,0,,,,,True,1,120,120,A_genuine_revision_candidate,not_available,not_available,120,108,12,0.1,0.09166666666666666,10,0.9044166666666666,0.0,ae701b4310b7e147eba0b2ce1b03ac7860342b08e85ef1c6ea07d3fe76b4233a,e12ae64be5ab8b72444c1ed50b3bd2f79e987c09aafe7620744414dffb12ac38,0.0,,,,,,,,,1.0,9,False,True,
gradual_drift_q0.1_v0.049_orderNone_seed29,stationary,29,post_input_dynamics,1.0,gradual_drift_q0.1_v0.049_orderNone,gradual_drift,0.1,0.049,,11,0.0,10,3,True,1.0,0.0,0.0,0.0,0.0,-1.0,1.0,1.0,18,108,12,0.9,0.1,1,1,1,0,1,1,1,0,False,0,,,,,True,1,120,120,A_genuine_revision_candidate,not_available,not_available,120,108,12,0.1,0.09166666666666666,10,0.9044166666666666,0.0,ae701b4310b7e147eba0b2ce1b03ac7860342b08e85ef1c6ea07d3fe76b4233a,e12ae64be5ab8b72444c1ed50b3bd2f79e987c09aafe7620744414dffb12ac38,0.0,,,,,,,,,1.0,9,False,True,
gradual_drift_q0.1_v0.049_orderNone_seed41,stationary,41,post_input_dynamics,1.0,gradual_drift_q0.1_v0.049_orderNone,gradual_drift,0.1,0.049,,11,0.0,10,3,True,1.0,0.0,0.0,0.0,0.0,-1.0,1.0,1.0,18,108,12,0.9,0.1,1,1,1,0,1,1,1,0,False,0,,,,,True,1,120,120,A_genuine_revision_candidate,not_available,not_available,120,108,12,0.1,0.09166666666666666,10,0.9044166666666666,0.0,ae701b4310b7e147eba0b2ce1b03ac7860342b08e85ef1c6ea07d3fe76b4233a,e12ae64be5ab8b72444c1ed50b3bd2f79e987c09aafe7620744414dffb12ac38,0.0,,,,,,,,,1.0,9,False,True,
gradual_drift_q0.1_v0.049_orderNone_seed53,stationary,53,post_input_dynamics,1.0,gradual_drift_q0.1_v0.049_orderNone,gradual_drift,0.1,0.049,,11,0.0,10,3,True,1.0,0.0,0.0,0.0,0.0,-1.0,1.0,1.0,18,108,12,0.9,0.1,1,1,1,0,1,1,1,0,False,0,,,,,True,1,120,120,A_genuine_revision_candidate,not_available,not_available,120,108,12,0.1,0.09166666666666666,10,0.9044166666666666,0.0,ae701b4310b7e147eba0b2ce1b03ac7860342b08e85ef1c6ea07d3fe76b4233a,e12ae64be5ab8b72444c1ed50b3bd2f79e987c09aafe7620744414dffb12ac38,0.0,,,,,,,,,1.0,9,False,True,
gradual_drift_q0.25_v0.049_orderNone_seed7,stationary,7,post_input_dynamics,1.0,gradual_drift_q0.25_v0.049_orderNone,gradual_drift,0.25,0.049,,11,0.0,10,3,True,1.0,0.0,0.0,0.0,0.0,-1.0,1.0,1.0,15,90,30,0.75,0.25,1,1,1,0,1,1,1,0,False,0,,,,,True,1,120,120,A_genuine_revision_candidate,not_available,not_available,120,90,30,0.25,0.23333333333333334,25,0.7671666666666667,0.0,92d789e4142764f1e3eb46e68569ddd11c3eecbd6d6ee34e7fba16388517fa0e,8d4c310edfb56967018c8822b43e8587079ae6547358805c476dfd5343d4ba6d,0.0,,,,,,,,,1.0,8,False,True,
gradual_drift_q0.25_v0.049_orderNone_seed17,stationary,17,post_input_dynamics,1.0,gradual_drift_q0.25_v0.049_orderNone,gradual_drift,0.25,0.049,,11,0.0,10,3,True,1.0,0.0,0.0,0.0,0.0,-1.0,1.0,1.0,15,90,30,0.75,0.25,1,1,1,0,1,1,1,0,False,0,,,,,True,1,120,120,A_genuine_revision_candidate,not_available,not_available,120,90,30,0.25,0.23333333333333334,25,0.7671666666666667,0.0,92d789e4142764f1e3eb46e68569ddd11c3eecbd6d6ee34e7fba16388517fa0e,8d4c310edfb56967018c8822b43e8587079ae6547358805c476dfd5343d4ba6d,0.0,,,,,,,,,1.0,8,False,True,
gradual_drift_q0.25_v0.049_orderNone_seed29,stationary,29,post_input_dynamics,1.0,gradual_drift_q0.25_v0.049_orderNone,gradual_drift,0.25,0.049,,11,0.0,10,3,True,1.0,0.0,0.0,0.0,0.0,-1.0,1.0,1.0,15,90,30,0.75,0.25,1,1,1,0,1,1,1,0,False,0,,,,,True,1,120,120,A_genuine_revision_candidate,not_available,not_available,120,90,30,0.25,0.23333333333333334,25,0.7671666666666667,0.0,92d789e4142764f1e3eb46e68569ddd11c3eecbd6d6ee34e7fba16388517fa0e,8d4c310edfb56967018c8822b43e8587079ae6547358805c476dfd5343d4ba6d,0.0,,,,,,,,,1.0,8,False,True,
gradual_drift_q0.25_v0.049_orderNone_seed41,stationary,41,post_input_dynamics,1.0,gradual_drift_q0.25_v0.049_orderNone,gradual_drift,0.25,0.049,,11,0.0,10,3,True,1.0,0.0,0.0,0.0,0.0,-1.0,1.0,1.0,15,90,30,0.75,0.25,1,1,1,0,1,1,1,0,False,0,,,,,True,1,120,120,A_genuine_revision_candidate,not_available,not_available,120,90,30,0.25,0.23333333333333334,25,0.7671666666666667,0.0,92d789e4142764f1e3eb46e68569ddd11c3eecbd6d6ee34e7fba16388517fa0e,8d4c310edfb56967018c8822b43e8587079ae6547358805c476dfd5343d4ba6d,0.0,,,,,,,,,1.0,8,False,True,
gradual_drift_q0.25_v0.049_orderNone_seed53,stationary,53,post_input_dynamics,1.0,gradual_drift_q0.25_v0.049_orderNone,gradual_drift,0.25,0.049,,11,0.0,10,3,True,1.0,0.0,0.0,0.0,0.0,-1.0,1.0,1.0,15,90,30,0.75,0.25,1,1,1,0,1,1,1,0,False,0,,,,,True,1,120,120,A_genuine_revision_candidate,not_available,not_available,120,90,30,0.25,0.23333333333333334,25,0.7671666666666667,0.0,92d789e4142764f1e3eb46e68569ddd11c3eecbd6d6ee34e7fba16388517fa0e,8d4c310edfb56967018c8822b43e8587079ae6547358805c476dfd5343d4ba6d,0.0,,,,,,,,,1.0,8,False,True,
gradual_drift_q0.5_v0.049_orderNone_seed7,stationary,7,post_input_dynamics,1.0,gradual_drift_q0.5_v0.049_orderNone,gradual_drift,0.5,0.049,,11,0.0,10,3,True,1.0,0.0,0.0,0.0,0.0,-1.0,1.0,1.0,10,60,60,0.5,0.5,1,1,1,0,1,1,1,0,False,0,,,,,True,1,120,120,A_genuine_revision_candidate,not_available,not_available,120,60,60,0.5,0.4583333333333333,50,0.5384166666666667,0.0,1c9b67c6b7634031ff46583910b73d5925e2a118cf82500ef8282277841e4125,d81ba96cf39daed7f54f5a1055a9b69911c9f9fa798a4b9ba16328f33a8d4ce2,0.0,,,,,,,,,1.0,5,False,True,
gradual_drift_q0.5_v0.049_orderNone_seed17,stationary,17,post_input_dynamics,1.0,gradual_drift_q0.5_v0.049_orderNone,gradual_drift,0.5,0.049,,11,0.0,10,3,True,1.0,0.0,0.0,0.0,0.0,-1.0,1.0,1.0,10,60,60,0.5,0.5,1,1,1,0,1,1,1,0,False,0,,,,,True,1,120,120,A_genuine_revision_candidate,not_available,not_available,120,60,60,0.5,0.4583333333333333,50,0.5384166666666667,0.0,1c9b67c6b7634031ff46583910b73d5925e2a118cf82500ef8282277841e4125,d81ba96cf39daed7f54f5a1055a9b69911c9f9fa798a4b9ba16328f33a8d4ce2,0.0,,,,,,,,,1.0,5,False,True,
gradual_drift_q0.5_v0.049_orderNone_seed29,stationary,29,post_input_dynamics,1.0,gradual_drift_q0.5_v0.049_orderNone,gradual_drift,0.5,0.049,,11,0.0,10,3,True,1.0,0.0,0.0,0.0,0.0,-1.0,1.0,1.0,10,60,60,0.5,0.5,1,1,1,0,1,1,1,0,False,0,,,,,True,1,120,120,A_genuine_revision_candidate,not_available,not_available,120,60,60,0.5,0.4583333333333333,50,0.5384166666666667,0.0,1c9b67c6b7634031ff46583910b73d5925e2a118cf82500ef8282277841e4125,d81ba96cf39daed7f54f5a1055a9b69911c9f9fa798a4b9ba16328f33a8d4ce2,0.0,,,,,,,,,1.0,5,False,True,
gradual_drift_q0.5_v0.049_orderNone_seed41,stationary,41,post_input_dynamics,1.0,gradual_drift_q0.5_v0.049_orderNone,gradual_drift,0.5,0.049,,11,0.0,10,3,True,1.0,0.0,0.0,0.0,0.0,-1.0,1.0,1.0,10,60,60,0.5,0.5,1,1,1,0,1,1,1,0,False,0,,,,,True,1,120,120,A_genuine_revision_candidate,not_available,not_available,120,60,60,0.5,0.4583333333333333,50,0.5384166666666667,0.0,1c9b67c6b7634031ff46583910b73d5925e2a118cf82500ef8282277841e4125,d81ba96cf39daed7f54f5a1055a9b69911c9f9fa798a4b9ba16328f33a8d4ce2,0.0,,,,,,,,,1.0,5,False,True,
gradual_drift_q0.5_v0.049_orderNone_seed53,stationary,53,post_input_dynamics,1.0,gradual_drift_q0.5_v0.049_orderNone,gradual_drift,0.5,0.049,,11,0.0,10,3,True,1.0,0.0,0.0,0.0,0.0,-1.0,1.0,1.0,10,60,60,0.5,0.5,1,1,1,0,1,1,1,0,False,0,,,,,True,1,120,120,A_genuine_revision_candidate,not_available,not_available,120,60,60,0.5,0.4583333333333333,50,0.5384166666666667,0.0,1c9b67c6b7634031ff46583910b73d5925e2a118cf82500ef8282277841e4125,d81ba96cf39daed7f54f5a1055a9b69911c9f9fa798a4b9ba16328f33a8d4ce2,0.0,,,,,,,,,1.0,5,False,True,
gradual_drift_q0.75_v0.049_orderNone_seed7,stationary,7,post_input_dynamics,1.0,gradual_drift_q0.75_v0.049_orderNone,gradual_drift,0.75,0.049,,11,0.0,10,3,True,1.0,0.0,0.0,0.0,0.0,-1.0,1.0,1.0,5,30,90,0.25,0.75,1,1,1,0,1,1,1,0,False,0,,,,,True,1,120,120,A_genuine_revision_candidate,not_available,not_available,120,30,90,0.75,0.6916666666666667,75,0.307625,0.0,53b19fab69e37dfd3b42ad088cd48928ba971073972e76f5fc888c3276906a97,57bf9415c6acb1c3bc6429b573ec1fdefa82a200bc211929688a8d88a9e1efb1,0.0,,,,,,,,,1.0,3,False,True,
gradual_drift_q0.75_v0.049_orderNone_seed17,stationary,17,post_input_dynamics,1.0,gradual_drift_q0.75_v0.049_orderNone,gradual_drift,0.75,0.049,,11,0.0,10,3,True,1.0,0.0,0.0,0.0,0.0,-1.0,1.0,1.0,5,30,90,0.25,0.75,1,1,1,0,1,1,1,0,False,0,,,,,True,1,120,120,A_genuine_revision_candidate,not_available,not_available,120,30,90,0.75,0.6916666666666667,75,0.307625,0.0,53b19fab69e37dfd3b42ad088cd48928ba971073972e76f5fc888c3276906a97,57bf9415c6acb1c3bc6429b573ec1fdefa82a200bc211929688a8d88a9e1efb1,0.0,,,,,,,,,1.0,3,False,True,
gradual_drift_q0.75_v0.049_orderNone_seed29,stationary,29,post_input_dynamics,1.0,gradual_drift_q0.75_v0.049_orderNone,gradual_drift,0.75,0.049,,11,0.0,10,3,True,1.0,0.0,0.0,0.0,0.0,-1.0,1.0,1.0,5,30,90,0.25,0.75,1,1,1,0,1,1,1,0,False,0,,,,,True,1,120,120,A_genuine_revision_candidate,not_available,not_available,120,30,90,0.75,0.6916666666666667,75,0.307625,0.0,53b19fab69e37dfd3b42ad088cd48928ba971073972e76f5fc888c3276906a97,57bf9415c6acb1c3bc6429b573ec1fdefa82a200bc211929688a8d88a9e1efb1,0.0,,,,,,,,,1.0,3,False,True,
gradual_drift_q0.75_v0.049_orderNone_seed41,stationary,41,post_input_dynamics,1.0,gradual_drift_q0.75_v0.049_orderNone,gradual_drift,0.75,0.049,,11,0.0,10,3,True,1.0,0.0,0.0,0.0,0.0,-1.0,1.0,1.0,5,30,90,0.25,0.75,1,1,1,0,1,1,1,0,False,0,,,,,True,1,120,120,A_genuine_revision_candidate,not_available,not_available,120,30,90,0.75,0.6916666666666667,75,0.307625,0.0,53b19fab69e37dfd3b42ad088cd48928ba971073972e76f5fc888c3276906a97,57bf9415c6acb1c3bc6429b573ec1fdefa82a200bc211929688a8d88a9e1efb1,0.0,,,,,,,,,1.0,3,False,True,
gradual_drift_q0.75_v0.049_orderNone_seed53,stationary,53,post_input_dynamics,1.0,gradual_drift_q0.75_v0.049_orderNone,gradual_drift,0.75,0.049,,11,0.0,10,3,True,1.0,0.0,0.0,0.0,0.0,-1.0,1.0,1.0,5,30,90,0.25,0.75,1,1,1,0,1,1,1,0,False,0,,,,,True,1,120,120,A_genuine_revision_candidate,not_available,not_available,120,30,90,0.75,0.6916666666666667,75,0.307625,0.0,53b19fab69e37dfd3b42ad088cd48928ba971073972e76f5fc888c3276906a97,57bf9415c6acb1c3bc6429b573ec1fdefa82a200bc211929688a8d88a9e1efb1,0.0,,,,,,,,,1.0,3,False,True,
gradual_drift_q0.9_v0.049_orderNone_seed7,stationary,7,post_input_dynamics,1.0,gradual_drift_q0.9_v0.049_orderNone,gradual_drift,0.9,0.049,,11,0.0,10,3,True,1.0,0.0,0.0,0.0,0.0,-1.0,1.0,1.0,2,12,108,0.1,0.9,1,1,1,0,1,1,1,0,False,0,,,,,True,1,120,120,A_genuine_revision_candidate,not_available,not_available,120,12,108,0.9,0.825,90,0.16915,0.0,3ed29eb3b1b239e4241e340ce92a44ebf99b8d9417e6c47f51a744df54bb4a61,d7e7ff3e732a468ca59b45368ce45257183935d38c1a601ce9af6ce3782b2361,0.0,,,,,,,,,1.0,1,False,True,
gradual_drift_q0.9_v0.049_orderNone_seed17,stationary,17,post_input_dynamics,1.0,gradual_drift_q0.9_v0.049_orderNone,gradual_drift,0.9,0.049,,11,0.0,10,3,True,1.0,0.0,0.0,0.0,0.0,-1.0,1.0,1.0,2,12,108,0.1,0.9,1,1,1,0,1,1,1,0,False,0,,,,,True,1,120,120,A_genuine_revision_candidate,not_available,not_available,120,12,108,0.9,0.825,90,0.16915,0.0,3ed29eb3b1b239e4241e340ce92a44ebf99b8d9417e6c47f51a744df54bb4a61,d7e7ff3e732a468ca59b45368ce45257183935d38c1a601ce9af6ce3782b2361,0.0,,,,,,,,,1.0,1,False,True,
gradual_drift_q0.9_v0.049_orderNone_seed29,stationary,29,post_input_dynamics,1.0,gradual_drift_q0.9_v0.049_orderNone,gradual_drift,0.9,0.049,,11,0.0,10,3,True,1.0,0.0,0.0,0.0,0.0,-1.0,1.0,1.0,2,12,108,0.1,0.9,1,1,1,0,1,1,1,0,False,0,,,,,True,1,120,120,A_genuine_revision_candidate,not_available,not_available,120,12,108,0.9,0.825,90,0.16915,0.0,3ed29eb3b1b239e4241e340ce92a44ebf99b8d9417e6c47f51a744df54bb4a61,d7e7ff3e732a468ca59b45368ce45257183935d38c1a601ce9af6ce3782b2361,0.0,,,,,,,,,1.0,1,False,True,
gradual_drift_q0.9_v0.049_orderNone_seed41,stationary,41,post_input_dynamics,1.0,gradual_drift_q0.9_v0.049_orderNone,gradual_drift,0.9,0.049,,11,0.0,10,3,True,1.0,0.0,0.0,0.0,0.0,-1.0,1.0,1.0,2,12,108,0.1,0.9,1,1,1,0,1,1,1,0,False,0,,,,,True,1,120,120,A_genuine_revision_candidate,not_available,not_available,120,12,108,0.9,0.825,90,0.16915,0.0,3ed29eb3b1b239e4241e340ce92a44ebf99b8d9417e6c47f51a744df54bb4a61,d7e7ff3e732a468ca59b45368ce45257183935d38c1a601ce9af6ce3782b2361,0.0,,,,,,,,,1.0,1,False,True,
gradual_drift_q0.9_v0.049_orderNone_seed53,stationary,53,post_input_dynamics,1.0,gradual_drift_q0.9_v0.049_orderNone,gradual_drift,0.9,0.049,,11,0.0,10,3,True,1.0,0.0,0.0,0.0,0.0,-1.0,1.0,1.0,2,12,108,0.1,0.9,1,1,1,0,1,1,1,0,False,0,,,,,True,1,120,120,A_genuine_revision_candidate,not_available,not_available,120,12,108,0.9,0.825,90,0.16915,0.0,3ed29eb3b1b239e4241e340ce92a44ebf99b8d9417e6c47f51a744df54bb4a61,d7e7ff3e732a468ca59b45368ce45257183935d38c1a601ce9af6ce3782b2361,0.0,,,,,,,,,1.0,1,False,True,
gradual_drift_q1.0_v0.049_orderNone_seed7,stationary,7,post_input_dynamics,1.0,gradual_drift_q1.0_v0.049_orderNone,gradual_drift,1.0,0.049,,11,0.0,10,3,True,1.0,0.0,0.0,1.0,1.0,0.0,1.0,1.0,20,120,0,1.0,0.0,1,1,1,0,1,1,0,0,True,1,20,24,20,20,False,0,120,120,E_relapse,not_available,not_available,120,0,120,1.0,0.9166666666666666,100,0.08091666666666666,0.0,577a08b9146c2110fc77d2b51101f226736d6a7076041ecc520249d34639d3bb,fd64a3b24e7c08cd20a9b28438fbb186b327d024b8c8742566a0cfa770e51fa5,0.0,20,0.049,0.049,0,20,0,20,0.9510000000000001,0.951,10,True,True,True
gradual_drift_q1.0_v0.049_orderNone_seed17,stationary,17,post_input_dynamics,1.0,gradual_drift_q1.0_v0.049_orderNone,gradual_drift,1.0,0.049,,11,0.0,10,3,True,1.0,0.0,0.0,1.0,1.0,0.0,1.0,1.0,20,120,0,1.0,0.0,1,1,1,0,1,1,0,0,True,1,20,24,20,20,False,0,120,120,E_relapse,not_available,not_available,120,0,120,1.0,0.9166666666666666,100,0.08091666666666666,0.0,577a08b9146c2110fc77d2b51101f226736d6a7076041ecc520249d34639d3bb,fd64a3b24e7c08cd20a9b28438fbb186b327d024b8c8742566a0cfa770e51fa5,0.0,20,0.049,0.049,0,20,0,20,0.9510000000000001,0.951,10,True,True,True
gradual_drift_q1.0_v0.049_orderNone_seed29,stationary,29,post_input_dynamics,1.0,gradual_drift_q1.0_v0.049_orderNone,gradual_drift,1.0,0.049,,11,0.0,10,3,True,1.0,0.0,0.0,1.0,1.0,0.0,1.0,1.0,20,120,0,1.0,0.0,1,1,1,0,1,1,0,0,True,1,20,24,20,20,False,0,120,120,E_relapse,not_available,not_available,120,0,120,1.0,0.9166666666666666,100,0.08091666666666666,0.0,577a08b9146c2110fc77d2b51101f226736d6a7076041ecc520249d34639d3bb,fd64a3b24e7c08cd20a9b28438fbb186b327d024b8c8742566a0cfa770e51fa5,0.0,20,0.049,0.049,0,20,0,20,0.9510000000000001,0.951,10,True,True,True
gradual_drift_q1.0_v0.049_orderNone_seed41,stationary,41,post_input_dynamics,1.0,gradual_drift_q1.0_v0.049_orderNone,gradual_drift,1.0,0.049,,11,0.0,10,3,True,1.0,0.0,0.0,1.0,1.0,0.0,1.0,1.0,20,120,0,1.0,0.0,1,1,1,0,1,1,0,0,True,1,20,24,20,20,False,0,120,120,E_relapse,not_available,not_available,120,0,120,1.0,0.9166666666666666,100,0.08091666666666666,0.0,577a08b9146c2110fc77d2b51101f226736d6a7076041ecc520249d34639d3bb,fd64a3b24e7c08cd20a9b28438fbb186b327d024b8c8742566a0cfa770e51fa5,0.0,20,0.049,0.049,0,20,0,20,0.9510000000000001,0.951,10,True,True,True
gradual_drift_q1.0_v0.049_orderNone_seed53,stationary,53,post_input_dynamics,1.0,gradual_drift_q1.0_v0.049_orderNone,gradual_drift,1.0,0.049,,11,0.0,10,3,True,1.0,0.0,0.0,1.0,1.0,0.0,1.0,1.0,20,120,0,1.0,0.0,1,1,1,0,1,1,0,0,True,1,20,24,20,20,False,0,120,120,E_relapse,not_available,not_available,120,0,120,1.0,0.9166666666666666,100,0.08091666666666666,0.0,577a08b9146c2110fc77d2b51101f226736d6a7076041ecc520249d34639d3bb,fd64a3b24e7c08cd20a9b28438fbb186b327d024b8c8742566a0cfa770e51fa5,0.0,20,0.049,0.049,0,20,0,20,0.9510000000000001,0.951,10,True,True,True
gradual_drift_q0_v0.051_orderNone_seed7,stationary,7,post_input_dynamics,1.0,gradual_drift_q0_v0.051_orderNone,gradual_drift,0,0.051,,11,0.0,10,3,True,1.0,0.0,0.0,0.0,0.0,-1.0,1.0,1.0,20,120,0,1.0,0.0,1,1,1,0,1,1,1,0,False,0,,,,,True,1,120,120,A_genuine_revision_candidate,not_available,not_available,120,120,0,0.0,0.0,0,1.0,1.0,9681d438cff3933cccb4de8dea65105b60c1bc168497d913beaa792c3280eff4,9681d438cff3933cccb4de8dea65105b60c1bc168497d913beaa792c3280eff4,0.0,,,,,,,,,1.0,10,False,True,
gradual_drift_q0_v0.051_orderNone_seed17,stationary,17,post_input_dynamics,1.0,gradual_drift_q0_v0.051_orderNone,gradual_drift,0,0.051,,11,0.0,10,3,True,1.0,0.0,0.0,0.0,0.0,-1.0,1.0,1.0,20,120,0,1.0,0.0,1,1,1,0,1,1,1,0,False,0,,,,,True,1,120,120,A_genuine_revision_candidate,not_available,not_available,120,120,0,0.0,0.0,0,1.0,1.0,9681d438cff3933cccb4de8dea65105b60c1bc168497d913beaa792c3280eff4,9681d438cff3933cccb4de8dea65105b60c1bc168497d913beaa792c3280eff4,0.0,,,,,,,,,1.0,10,False,True,
gradual_drift_q0_v0.051_orderNone_seed29,stationary,29,post_input_dynamics,1.0,gradual_drift_q0_v0.051_orderNone,gradual_drift,0,0.051,,11,0.0,10,3,True,1.0,0.0,0.0,0.0,0.0,-1.0,1.0,1.0,20,120,0,1.0,0.0,1,1,1,0,1,1,1,0,False,0,,,,,True,1,120,120,A_genuine_revision_candidate,not_available,not_available,120,120,0,0.0,0.0,0,1.0,1.0,9681d438cff3933cccb4de8dea65105b60c1bc168497d913beaa792c3280eff4,9681d438cff3933cccb4de8dea65105b60c1bc168497d913beaa792c3280eff4,0.0,,,,,,,,,1.0,10,False,True,
gradual_drift_q0_v0.051_orderNone_seed41,stationary,41,post_input_dynamics,1.0,gradual_drift_q0_v0.051_orderNone,gradual_drift,0,0.051,,11,0.0,10,3,True,1.0,0.0,0.0,0.0,0.0,-1.0,1.0,1.0,20,120,0,1.0,0.0,1,1,1,0,1,1,1,0,False,0,,,,,True,1,120,120,A_genuine_revision_candidate,not_available,not_available,120,120,0,0.0,0.0,0,1.0,1.0,9681d438cff3933cccb4de8dea65105b60c1bc168497d913beaa792c3280eff4,9681d438cff3933cccb4de8dea65105b60c1bc168497d913beaa792c3280eff4,0.0,,,,,,,,,1.0,10,False,True,
gradual_drift_q0_v0.051_orderNone_seed53,stationary,53,post_input_dynamics,1.0,gradual_drift_q0_v0.051_orderNone,gradual_drift,0,0.051,,11,0.0,10,3,True,1.0,0.0,0.0,0.0,0.0,-1.0,1.0,1.0,20,120,0,1.0,0.0,1,1,1,0,1,1,1,0,False,0,,,,,True,1,120,120,A_genuine_revision_candidate,not_available,not_available,120,120,0,0.0,0.0,0,1.0,1.0,9681d438cff3933cccb4de8dea65105b60c1bc168497d913beaa792c3280eff4,9681d438cff3933cccb4de8dea65105b60c1bc168497d913beaa792c3280eff4,0.0,,,,,,,,,1.0,10,False,True,
gradual_drift_q0.1_v0.051_orderNone_seed7,stationary,7,post_input_dynamics,1.0,gradual_drift_q0.1_v0.051_orderNone,gradual_drift,0.1,0.051,,11,0.0,10,3,True,1.0,0.0,0.0,0.0,0.0,-1.0,1.0,1.0,18,108,12,0.9,0.1,1,1,1,0,1,1,1,0,False,0,,,,,True,1,120,120,A_genuine_revision_candidate,not_available,not_available,120,108,12,0.1,0.1,11,0.9040833333333332,0.0,073b89deb9576f0c5d38368e242c29f3a58e9386a75522a5024a7c42f9f48baa,fbaad14c169a5760455debaa7870a37156bb8fa84cda1daaf9161773b718578f,0.0,,,,,,,,,1.0,9,False,True,
gradual_drift_q0.1_v0.051_orderNone_seed17,stationary,17,post_input_dynamics,1.0,gradual_drift_q0.1_v0.051_orderNone,gradual_drift,0.1,0.051,,11,0.0,10,3,True,1.0,0.0,0.0,0.0,0.0,-1.0,1.0,1.0,18,108,12,0.9,0.1,1,1,1,0,1,1,1,0,False,0,,,,,True,1,120,120,A_genuine_revision_candidate,not_available,not_available,120,108,12,0.1,0.1,11,0.9040833333333332,0.0,073b89deb9576f0c5d38368e242c29f3a58e9386a75522a5024a7c42f9f48baa,fbaad14c169a5760455debaa7870a37156bb8fa84cda1daaf9161773b718578f,0.0,,,,,,,,,1.0,9,False,True,
gradual_drift_q0.1_v0.051_orderNone_seed29,stationary,29,post_input_dynamics,1.0,gradual_drift_q0.1_v0.051_orderNone,gradual_drift,0.1,0.051,,11,0.0,10,3,True,1.0,0.0,0.0,0.0,0.0,-1.0,1.0,1.0,18,108,12,0.9,0.1,1,1,1,0,1,1,1,0,False,0,,,,,True,1,120,120,A_genuine_revision_candidate,not_available,not_available,120,108,12,0.1,0.1,11,0.9040833333333332,0.0,073b89deb9576f0c5d38368e242c29f3a58e9386a75522a5024a7c42f9f48baa,fbaad14c169a5760455debaa7870a37156bb8fa84cda1daaf9161773b718578f,0.0,,,,,,,,,1.0,9,False,True,
gradual_drift_q0.1_v0.051_orderNone_seed41,stationary,41,post_input_dynamics,1.0,gradual_drift_q0.1_v0.051_orderNone,gradual_drift,0.1,0.051,,11,0.0,10,3,True,1.0,0.0,0.0,0.0,0.0,-1.0,1.0,1.0,18,108,12,0.9,0.1,1,1,1,0,1,1,1,0,False,0,,,,,True,1,120,120,A_genuine_revision_candidate,not_available,not_available,120,108,12,0.1,0.1,11,0.9040833333333332,0.0,073b89deb9576f0c5d38368e242c29f3a58e9386a75522a5024a7c42f9f48baa,fbaad14c169a5760455debaa7870a37156bb8fa84cda1daaf9161773b718578f,0.0,,,,,,,,,1.0,9,False,True,
gradual_drift_q0.1_v0.051_orderNone_seed53,stationary,53,post_input_dynamics,1.0,gradual_drift_q0.1_v0.051_orderNone,gradual_drift,0.1,0.051,,11,0.0,10,3,True,1.0,0.0,0.0,0.0,0.0,-1.0,1.0,1.0,18,108,12,0.9,0.1,1,1,1,0,1,1,1,0,False,0,,,,,True,1,120,120,A_genuine_revision_candidate,not_available,not_available,120,108,12,0.1,0.1,11,0.9040833333333332,0.0,073b89deb9576f0c5d38368e242c29f3a58e9386a75522a5024a7c42f9f48baa,fbaad14c169a5760455debaa7870a37156bb8fa84cda1daaf9161773b718578f,0.0,,,,,,,,,1.0,9,False,True,
gradual_drift_q0.25_v0.051_orderNone_seed7,stationary,7,post_input_dynamics,1.0,gradual_drift_q0.25_v0.051_orderNone,gradual_drift,0.25,0.051,,11,0.0,10,3,True,1.0,0.0,0.0,0.0,0.0,-1.0,1.0,1.0,15,90,30,0.75,0.25,1,1,1,0,1,1,1,0,False,0,,,,,True,1,120,120,A_genuine_revision_candidate,not_available,not_available,120,90,30,0.25,0.23333333333333334,26,0.7663333333333333,0.0,0edac653ee220aaaf4b08df3fb7081ba1aa13e1152bf3c8f759b136c6f436c37,19f8a4e02b8b0ed72e8f5b627e26bf259484e04a45bd296cc498def1f95203e8,0.0,,,,,,,,,1.0,8,False,True,
gradual_drift_q0.25_v0.051_orderNone_seed17,stationary,17,post_input_dynamics,1.0,gradual_drift_q0.25_v0.051_orderNone,gradual_drift,0.25,0.051,,11,0.0,10,3,True,1.0,0.0,0.0,0.0,0.0,-1.0,1.0,1.0,15,90,30,0.75,0.25,1,1,1,0,1,1,1,0,False,0,,,,,True,1,120,120,A_genuine_revision_candidate,not_available,not_available,120,90,30,0.25,0.23333333333333334,26,0.7663333333333333,0.0,0edac653ee220aaaf4b08df3fb7081ba1aa13e1152bf3c8f759b136c6f436c37,19f8a4e02b8b0ed72e8f5b627e26bf259484e04a45bd296cc498def1f95203e8,0.0,,,,,,,,,1.0,8,False,True,
gradual_drift_q0.25_v0.051_orderNone_seed29,stationary,29,post_input_dynamics,1.0,gradual_drift_q0.25_v0.051_orderNone,gradual_drift,0.25,0.051,,11,0.0,10,3,True,1.0,0.0,0.0,0.0,0.0,-1.0,1.0,1.0,15,90,30,0.75,0.25,1,1,1,0,1,1,1,0,False,0,,,,,True,1,120,120,A_genuine_revision_candidate,not_available,not_available,120,90,30,0.25,0.23333333333333334,26,0.7663333333333333,0.0,0edac653ee220aaaf4b08df3fb7081ba1aa13e1152bf3c8f759b136c6f436c37,19f8a4e02b8b0ed72e8f5b627e26bf259484e04a45bd296cc498def1f95203e8,0.0,,,,,,,,,1.0,8,False,True,
gradual_drift_q0.25_v0.051_orderNone_seed41,stationary,41,post_input_dynamics,1.0,gradual_drift_q0.25_v0.051_orderNone,gradual_drift,0.25,0.051,,11,0.0,10,3,True,1.0,0.0,0.0,0.0,0.0,-1.0,1.0,1.0,15,90,30,0.75,0.25,1,1,1,0,1,1,1,0,False,0,,,,,True,1,120,120,A_genuine_revision_candidate,not_available,not_available,120,90,30,0.25,0.23333333333333334,26,0.7663333333333333,0.0,0edac653ee220aaaf4b08df3fb7081ba1aa13e1152bf3c8f759b136c6f436c37,19f8a4e02b8b0ed72e8f5b627e26bf259484e04a45bd296cc498def1f95203e8,0.0,,,,,,,,,1.0,8,False,True,
gradual_drift_q0.25_v0.051_orderNone_seed53,stationary,53,post_input_dynamics,1.0,gradual_drift_q0.25_v0.051_orderNone,gradual_drift,0.25,0.051,,11,0.0,10,3,True,1.0,0.0,0.0,0.0,0.0,-1.0,1.0,1.0,15,90,30,0.75,0.25,1,1,1,0,1,1,1,0,False,0,,,,,True,1,120,120,A_genuine_revision_candidate,not_available,not_available,120,90,30,0.25,0.23333333333333334,26,0.7663333333333333,0.0,0edac653ee220aaaf4b08df3fb7081ba1aa13e1152bf3c8f759b136c6f436c37,19f8a4e02b8b0ed72e8f5b627e26bf259484e04a45bd296cc498def1f95203e8,0.0,,,,,,,,,1.0,8,False,True,
gradual_drift_q0.5_v0.051_orderNone_seed7,stationary,7,post_input_dynamics,1.0,gradual_drift_q0.5_v0.051_orderNone,gradual_drift,0.5,0.051,,11,0.0,10,3,True,1.0,0.0,0.0,0.0,0.0,-1.0,1.0,1.0,10,60,60,0.5,0.5,1,1,1,0,1,1,1,0,False,0,,,,,True,1,120,120,A_genuine_revision_candidate,not_available,not_available,120,60,60,0.5,0.4666666666666667,51,0.53675,0.0,1007b4841d1fae36906d4efaf9bf8a4b7949d44411176976c7126978c1f252ad,f9bdc650d50f22d70bda63e48be096ea35c31dbe32d7c518dcff477ad3136771,0.0,,,,,,,,,1.0,5,False,True,
gradual_drift_q0.5_v0.051_orderNone_seed17,stationary,17,post_input_dynamics,1.0,gradual_drift_q0.5_v0.051_orderNone,gradual_drift,0.5,0.051,,11,0.0,10,3,True,1.0,0.0,0.0,0.0,0.0,-1.0,1.0,1.0,10,60,60,0.5,0.5,1,1,1,0,1,1,1,0,False,0,,,,,True,1,120,120,A_genuine_revision_candidate,not_available,not_available,120,60,60,0.5,0.4666666666666667,51,0.53675,0.0,1007b4841d1fae36906d4efaf9bf8a4b7949d44411176976c7126978c1f252ad,f9bdc650d50f22d70bda63e48be096ea35c31dbe32d7c518dcff477ad3136771,0.0,,,,,,,,,1.0,5,False,True,
gradual_drift_q0.5_v0.051_orderNone_seed29,stationary,29,post_input_dynamics,1.0,gradual_drift_q0.5_v0.051_orderNone,gradual_drift,0.5,0.051,,11,0.0,10,3,True,1.0,0.0,0.0,0.0,0.0,-1.0,1.0,1.0,10,60,60,0.5,0.5,1,1,1,0,1,1,1,0,False,0,,,,,True,1,120,120,A_genuine_revision_candidate,not_available,not_available,120,60,60,0.5,0.4666666666666667,51,0.53675,0.0,1007b4841d1fae36906d4efaf9bf8a4b7949d44411176976c7126978c1f252ad,f9bdc650d50f22d70bda63e48be096ea35c31dbe32d7c518dcff477ad3136771,0.0,,,,,,,,,1.0,5,False,True,
gradual_drift_q0.5_v0.051_orderNone_seed41,stationary,41,post_input_dynamics,1.0,gradual_drift_q0.5_v0.051_orderNone,gradual_drift,0.5,0.051,,11,0.0,10,3,True,1.0,0.0,0.0,0.0,0.0,-1.0,1.0,1.0,10,60,60,0.5,0.5,1,1,1,0,1,1,1,0,False,0,,,,,True,1,120,120,A_genuine_revision_candidate,not_available,not_available,120,60,60,0.5,0.4666666666666667,51,0.53675,0.0,1007b4841d1fae36906d4efaf9bf8a4b7949d44411176976c7126978c1f252ad,f9bdc650d50f22d70bda63e48be096ea35c31dbe32d7c518dcff477ad3136771,0.0,,,,,,,,,1.0,5,False,True,
gradual_drift_q0.5_v0.051_orderNone_seed53,stationary,53,post_input_dynamics,1.0,gradual_drift_q0.5_v0.051_orderNone,gradual_drift,0.5,0.051,,11,0.0,10,3,True,1.0,0.0,0.0,0.0,0.0,-1.0,1.0,1.0,10,60,60,0.5,0.5,1,1,1,0,1,1,1,0,False,0,,,,,True,1,120,120,A_genuine_revision_candidate,not_available,not_available,120,60,60,0.5,0.4666666666666667,51,0.53675,0.0,1007b4841d1fae36906d4efaf9bf8a4b7949d44411176976c7126978c1f252ad,f9bdc650d50f22d70bda63e48be096ea35c31dbe32d7c518dcff477ad3136771,0.0,,,,,,,,,1.0,5,False,True,
gradual_drift_q0.75_v0.051_orderNone_seed7,stationary,7,post_input_dynamics,1.0,gradual_drift_q0.75_v0.051_orderNone,gradual_drift,0.75,0.051,,11,0.0,10,3,True,1.0,0.0,0.0,0.0,0.0,-1.0,1.0,1.0,5,30,90,0.25,0.75,1,1,1,0,1,1,1,0,False,0,,,,,True,1,120,120,A_genuine_revision_candidate,not_available,not_available,120,30,90,0.75,0.7,76,0.3050416666666667,0.0,d883c6cfec15dd2676e870f0edb0b83a83a757b3a2a6e2f7131dc52793272800,b303dcaafb1a21bdb40c086e9a76869ab4b00e9f843713815e7163ce0bbf32cd,0.0,,,,,,,,,1.0,3,False,True,
gradual_drift_q0.75_v0.051_orderNone_seed17,stationary,17,post_input_dynamics,1.0,gradual_drift_q0.75_v0.051_orderNone,gradual_drift,0.75,0.051,,11,0.0,10,3,True,1.0,0.0,0.0,0.0,0.0,-1.0,1.0,1.0,5,30,90,0.25,0.75,1,1,1,0,1,1,1,0,False,0,,,,,True,1,120,120,A_genuine_revision_candidate,not_available,not_available,120,30,90,0.75,0.7,76,0.3050416666666667,0.0,d883c6cfec15dd2676e870f0edb0b83a83a757b3a2a6e2f7131dc52793272800,b303dcaafb1a21bdb40c086e9a76869ab4b00e9f843713815e7163ce0bbf32cd,0.0,,,,,,,,,1.0,3,False,True,
gradual_drift_q0.75_v0.051_orderNone_seed29,stationary,29,post_input_dynamics,1.0,gradual_drift_q0.75_v0.051_orderNone,gradual_drift,0.75,0.051,,11,0.0,10,3,True,1.0,0.0,0.0,0.0,0.0,-1.0,1.0,1.0,5,30,90,0.25,0.75,1,1,1,0,1,1,1,0,False,0,,,,,True,1,120,120,A_genuine_revision_candidate,not_available,not_available,120,30,90,0.75,0.7,76,0.3050416666666667,0.0,d883c6cfec15dd2676e870f0edb0b83a83a757b3a2a6e2f7131dc52793272800,b303dcaafb1a21bdb40c086e9a76869ab4b00e9f843713815e7163ce0bbf32cd,0.0,,,,,,,,,1.0,3,False,True,
gradual_drift_q0.75_v0.051_orderNone_seed41,stationary,41,post_input_dynamics,1.0,gradual_drift_q0.75_v0.051_orderNone,gradual_drift,0.75,0.051,,11,0.0,10,3,True,1.0,0.0,0.0,0.0,0.0,-1.0,1.0,1.0,5,30,90,0.25,0.75,1,1,1,0,1,1,1,0,False,0,,,,,True,1,120,120,A_genuine_revision_candidate,not_available,not_available,120,30,90,0.75,0.7,76,0.3050416666666667,0.0,d883c6cfec15dd2676e870f0edb0b83a83a757b3a2a6e2f7131dc52793272800,b303dcaafb1a21bdb40c086e9a76869ab4b00e9f843713815e7163ce0bbf32cd,0.0,,,,,,,,,1.0,3,False,True,
gradual_drift_q0.75_v0.051_orderNone_seed53,stationary,53,post_input_dynamics,1.0,gradual_drift_q0.75_v0.051_orderNone,gradual_drift,0.75,0.051,,11,0.0,10,3,True,1.0,0.0,0.0,0.0,0.0,-1.0,1.0,1.0,5,30,90,0.25,0.75,1,1,1,0,1,1,1,0,False,0,,,,,True,1,120,120,A_genuine_revision_candidate,not_available,not_available,120,30,90,0.75,0.7,76,0.3050416666666667,0.0,d883c6cfec15dd2676e870f0edb0b83a83a757b3a2a6e2f7131dc52793272800,b303dcaafb1a21bdb40c086e9a76869ab4b00e9f843713815e7163ce0bbf32cd,0.0,,,,,,,,,1.0,3,False,True,
gradual_drift_q0.9_v0.051_orderNone_seed7,stationary,7,post_input_dynamics,1.0,gradual_drift_q0.9_v0.051_orderNone,gradual_drift,0.9,0.051,,11,0.0,10,3,True,1.0,0.0,0.0,0.0,0.0,-1.0,1.0,1.0,2,12,108,0.1,0.9,1,1,1,0,1,1,1,0,False,0,,,,,True,1,120,120,A_genuine_revision_candidate,not_available,not_available,120,12,108,0.9,0.8333333333333334,91,0.16601666666666667,0.0,ab668fe5a62d84f1715bbcb876735dbfa1ec914e8881161e5365c59c5724ebe2,9619b945f2e2102337dc91000d32fbd0e24eedaa785e3af448706ae1c2fcaa0b,0.0,,,,,,,,,1.0,1,False,True,
gradual_drift_q0.9_v0.051_orderNone_seed17,stationary,17,post_input_dynamics,1.0,gradual_drift_q0.9_v0.051_orderNone,gradual_drift,0.9,0.051,,11,0.0,10,3,True,1.0,0.0,0.0,0.0,0.0,-1.0,1.0,1.0,2,12,108,0.1,0.9,1,1,1,0,1,1,1,0,False,0,,,,,True,1,120,120,A_genuine_revision_candidate,not_available,not_available,120,12,108,0.9,0.8333333333333334,91,0.16601666666666667,0.0,ab668fe5a62d84f1715bbcb876735dbfa1ec914e8881161e5365c59c5724ebe2,9619b945f2e2102337dc91000d32fbd0e24eedaa785e3af448706ae1c2fcaa0b,0.0,,,,,,,,,1.0,1,False,True,
gradual_drift_q0.9_v0.051_orderNone_seed29,stationary,29,post_input_dynamics,1.0,gradual_drift_q0.9_v0.051_orderNone,gradual_drift,0.9,0.051,,11,0.0,10,3,True,1.0,0.0,0.0,0.0,0.0,-1.0,1.0,1.0,2,12,108,0.1,0.9,1,1,1,0,1,1,1,0,False,0,,,,,True,1,120,120,A_genuine_revision_candidate,not_available,not_available,120,12,108,0.9,0.8333333333333334,91,0.16601666666666667,0.0,ab668fe5a62d84f1715bbcb876735dbfa1ec914e8881161e5365c59c5724ebe2,9619b945f2e2102337dc91000d32fbd0e24eedaa785e3af448706ae1c2fcaa0b,0.0,,,,,,,,,1.0,1,False,True,
gradual_drift_q0.9_v0.051_orderNone_seed41,stationary,41,post_input_dynamics,1.0,gradual_drift_q0.9_v0.051_orderNone,gradual_drift,0.9,0.051,,11,0.0,10,3,True,1.0,0.0,0.0,0.0,0.0,-1.0,1.0,1.0,2,12,108,0.1,0.9,1,1,1,0,1,1,1,0,False,0,,,,,True,1,120,120,A_genuine_revision_candidate,not_available,not_available,120,12,108,0.9,0.8333333333333334,91,0.16601666666666667,0.0,ab668fe5a62d84f1715bbcb876735dbfa1ec914e8881161e5365c59c5724ebe2,9619b945f2e2102337dc91000d32fbd0e24eedaa785e3af448706ae1c2fcaa0b,0.0,,,,,,,,,1.0,1,False,True,
gradual_drift_q0.9_v0.051_orderNone_seed53,stationary,53,post_input_dynamics,1.0,gradual_drift_q0.9_v0.051_orderNone,gradual_drift,0.9,0.051,,11,0.0,10,3,True,1.0,0.0,0.0,0.0,0.0,-1.0,1.0,1.0,2,12,108,0.1,0.9,1,1,1,0,1,1,1,0,False,0,,,,,True,1,120,120,A_genuine_revision_candidate,not_available,not_available,120,12,108,0.9,0.8333333333333334,91,0.16601666666666667,0.0,ab668fe5a62d84f1715bbcb876735dbfa1ec914e8881161e5365c59c5724ebe2,9619b945f2e2102337dc91000d32fbd0e24eedaa785e3af448706ae1c2fcaa0b,0.0,,,,,,,,,1.0,1,False,True,
gradual_drift_q1.0_v0.051_orderNone_seed7,stationary,7,post_input_dynamics,1.0,gradual_drift_q1.0_v0.051_orderNone,gradual_drift,1.0,0.051,,11,0.0,10,3,True,1.0,0.0,0.0,0.0,0.0,-1.0,1.0,,0,0,120,0.0,1.0,1,1,1,0,1,1,1,0,False,0,,,,,True,1,120,120,A_genuine_revision_candidate,not_available,not_available,120,0,120,1.0,0.925,101,0.07758333333333334,0.0,cdd6d1ef95e8c9e761f4884f2ae7c7d4a206cb8d5929f77e281868265ecc2fd5,255d1aa6f09de40cd0c329dfe53a02930cd712fb4b137196a922b8fd388444cd,0.0,,,,,,,,,,0,,True,
gradual_drift_q1.0_v0.051_orderNone_seed17,stationary,17,post_input_dynamics,1.0,gradual_drift_q1.0_v0.051_orderNone,gradual_drift,1.0,0.051,,11,0.0,10,3,True,1.0,0.0,0.0,0.0,0.0,-1.0,1.0,,0,0,120,0.0,1.0,1,1,1,0,1,1,1,0,False,0,,,,,True,1,120,120,A_genuine_revision_candidate,not_available,not_available,120,0,120,1.0,0.925,101,0.07758333333333334,0.0,cdd6d1ef95e8c9e761f4884f2ae7c7d4a206cb8d5929f77e281868265ecc2fd5,255d1aa6f09de40cd0c329dfe53a02930cd712fb4b137196a922b8fd388444cd,0.0,,,,,,,,,,0,,True,
gradual_drift_q1.0_v0.051_orderNone_seed29,stationary,29,post_input_dynamics,1.0,gradual_drift_q1.0_v0.051_orderNone,gradual_drift,1.0,0.051,,11,0.0,10,3,True,1.0,0.0,0.0,0.0,0.0,-1.0,1.0,,0,0,120,0.0,1.0,1,1,1,0,1,1,1,0,False,0,,,,,True,1,120,120,A_genuine_revision_candidate,not_available,not_available,120,0,120,1.0,0.925,101,0.07758333333333334,0.0,cdd6d1ef95e8c9e761f4884f2ae7c7d4a206cb8d5929f77e281868265ecc2fd5,255d1aa6f09de40cd0c329dfe53a02930cd712fb4b137196a922b8fd388444cd,0.0,,,,,,,,,,0,,True,
gradual_drift_q1.0_v0.051_orderNone_seed41,stationary,41,post_input_dynamics,1.0,gradual_drift_q1.0_v0.051_orderNone,gradual_drift,1.0,0.051,,11,0.0,10,3,True,1.0,0.0,0.0,0.0,0.0,-1.0,1.0,,0,0,120,0.0,1.0,1,1,1,0,1,1,1,0,False,0,,,,,True,1,120,120,A_genuine_revision_candidate,not_available,not_available,120,0,120,1.0,0.925,101,0.07758333333333334,0.0,cdd6d1ef95e8c9e761f4884f2ae7c7d4a206cb8d5929f77e281868265ecc2fd5,255d1aa6f09de40cd0c329dfe53a02930cd712fb4b137196a922b8fd388444cd,0.0,,,,,,,,,,0,,True,
gradual_drift_q1.0_v0.051_orderNone_seed53,stationary,53,post_input_dynamics,1.0,gradual_drift_q1.0_v0.051_orderNone,gradual_drift,1.0,0.051,,11,0.0,10,3,True,1.0,0.0,0.0,0.0,0.0,-1.0,1.0,,0,0,120,0.0,1.0,1,1,1,0,1,1,1,0,False,0,,,,,True,1,120,120,A_genuine_revision_candidate,not_available,not_available,120,0,120,1.0,0.925,101,0.07758333333333334,0.0,cdd6d1ef95e8c9e761f4884f2ae7c7d4a206cb8d5929f77e281868265ecc2fd5,255d1aa6f09de40cd0c329dfe53a02930cd712fb4b137196a922b8fd388444cd,0.0,,,,,,,,,,0,,True,
gradual_drift_q0_v1.0_orderNone_seed7,stationary,7,post_input_dynamics,1.0,gradual_drift_q0_v1.0_orderNone,gradual_drift,0,1.0,,11,0.0,10,3,True,1.0,0.0,0.0,0.0,0.0,-1.0,1.0,1.0,20,120,0,1.0,0.0,1,1,1,0,1,1,1,0,False,0,,,,,True,1,120,120,A_genuine_revision_candidate,not_available,not_available,120,120,0,0.0,0.0,0,1.0,1.0,9681d438cff3933cccb4de8dea65105b60c1bc168497d913beaa792c3280eff4,9681d438cff3933cccb4de8dea65105b60c1bc168497d913beaa792c3280eff4,0.0,,,,,,,,,1.0,10,False,True,
gradual_drift_q0_v1.0_orderNone_seed17,stationary,17,post_input_dynamics,1.0,gradual_drift_q0_v1.0_orderNone,gradual_drift,0,1.0,,11,0.0,10,3,True,1.0,0.0,0.0,0.0,0.0,-1.0,1.0,1.0,20,120,0,1.0,0.0,1,1,1,0,1,1,1,0,False,0,,,,,True,1,120,120,A_genuine_revision_candidate,not_available,not_available,120,120,0,0.0,0.0,0,1.0,1.0,9681d438cff3933cccb4de8dea65105b60c1bc168497d913beaa792c3280eff4,9681d438cff3933cccb4de8dea65105b60c1bc168497d913beaa792c3280eff4,0.0,,,,,,,,,1.0,10,False,True,
gradual_drift_q0_v1.0_orderNone_seed29,stationary,29,post_input_dynamics,1.0,gradual_drift_q0_v1.0_orderNone,gradual_drift,0,1.0,,11,0.0,10,3,True,1.0,0.0,0.0,0.0,0.0,-1.0,1.0,1.0,20,120,0,1.0,0.0,1,1,1,0,1,1,1,0,False,0,,,,,True,1,120,120,A_genuine_revision_candidate,not_available,not_available,120,120,0,0.0,0.0,0,1.0,1.0,9681d438cff3933cccb4de8dea65105b60c1bc168497d913beaa792c3280eff4,9681d438cff3933cccb4de8dea65105b60c1bc168497d913beaa792c3280eff4,0.0,,,,,,,,,1.0,10,False,True,
gradual_drift_q0_v1.0_orderNone_seed41,stationary,41,post_input_dynamics,1.0,gradual_drift_q0_v1.0_orderNone,gradual_drift,0,1.0,,11,0.0,10,3,True,1.0,0.0,0.0,0.0,0.0,-1.0,1.0,1.0,20,120,0,1.0,0.0,1,1,1,0,1,1,1,0,False,0,,,,,True,1,120,120,A_genuine_revision_candidate,not_available,not_available,120,120,0,0.0,0.0,0,1.0,1.0,9681d438cff3933cccb4de8dea65105b60c1bc168497d913beaa792c3280eff4,9681d438cff3933cccb4de8dea65105b60c1bc168497d913beaa792c3280eff4,0.0,,,,,,,,,1.0,10,False,True,
gradual_drift_q0_v1.0_orderNone_seed53,stationary,53,post_input_dynamics,1.0,gradual_drift_q0_v1.0_orderNone,gradual_drift,0,1.0,,11,0.0,10,3,True,1.0,0.0,0.0,0.0,0.0,-1.0,1.0,1.0,20,120,0,1.0,0.0,1,1,1,0,1,1,1,0,False,0,,,,,True,1,120,120,A_genuine_revision_candidate,not_available,not_available,120,120,0,0.0,0.0,0,1.0,1.0,9681d438cff3933cccb4de8dea65105b60c1bc168497d913beaa792c3280eff4,9681d438cff3933cccb4de8dea65105b60c1bc168497d913beaa792c3280eff4,0.0,,,,,,,,,1.0,10,False,True,
gradual_drift_q0.1_v1.0_orderNone_seed7,stationary,7,post_input_dynamics,1.0,gradual_drift_q0.1_v1.0_orderNone,gradual_drift,0.1,1.0,,11,0.0,10,3,True,1.0,0.0,0.0,0.0,0.0,-1.0,1.0,1.0,18,108,12,0.9,0.1,1,1,1,0,1,1,1,0,False,0,,,,,True,1,120,120,A_genuine_revision_candidate,not_available,not_available,120,108,12,0.1,0.1,12,0.9,0.0,9342ec5b8cc82b20813fa3e1eefaba75e1d6e860c1b2595156caa84f82b331a7,f7cfd6a614300fae5b38187a23d7d8da934faebafdd90046566b775dfaa2cb6a,0.0,,,,,,,,,1.0,9,False,True,
gradual_drift_q0.1_v1.0_orderNone_seed17,stationary,17,post_input_dynamics,1.0,gradual_drift_q0.1_v1.0_orderNone,gradual_drift,0.1,1.0,,11,0.0,10,3,True,1.0,0.0,0.0,0.0,0.0,-1.0,1.0,1.0,18,108,12,0.9,0.1,1,1,1,0,1,1,1,0,False,0,,,,,True,1,120,120,A_genuine_revision_candidate,not_available,not_available,120,108,12,0.1,0.1,12,0.9,0.0,9342ec5b8cc82b20813fa3e1eefaba75e1d6e860c1b2595156caa84f82b331a7,f7cfd6a614300fae5b38187a23d7d8da934faebafdd90046566b775dfaa2cb6a,0.0,,,,,,,,,1.0,9,False,True,
gradual_drift_q0.1_v1.0_orderNone_seed29,stationary,29,post_input_dynamics,1.0,gradual_drift_q0.1_v1.0_orderNone,gradual_drift,0.1,1.0,,11,0.0,10,3,True,1.0,0.0,0.0,0.0,0.0,-1.0,1.0,1.0,18,108,12,0.9,0.1,1,1,1,0,1,1,1,0,False,0,,,,,True,1,120,120,A_genuine_revision_candidate,not_available,not_available,120,108,12,0.1,0.1,12,0.9,0.0,9342ec5b8cc82b20813fa3e1eefaba75e1d6e860c1b2595156caa84f82b331a7,f7cfd6a614300fae5b38187a23d7d8da934faebafdd90046566b775dfaa2cb6a,0.0,,,,,,,,,1.0,9,False,True,
gradual_drift_q0.1_v1.0_orderNone_seed41,stationary,41,post_input_dynamics,1.0,gradual_drift_q0.1_v1.0_orderNone,gradual_drift,0.1,1.0,,11,0.0,10,3,True,1.0,0.0,0.0,0.0,0.0,-1.0,1.0,1.0,18,108,12,0.9,0.1,1,1,1,0,1,1,1,0,False,0,,,,,True,1,120,120,A_genuine_revision_candidate,not_available,not_available,120,108,12,0.1,0.1,12,0.9,0.0,9342ec5b8cc82b20813fa3e1eefaba75e1d6e860c1b2595156caa84f82b331a7,f7cfd6a614300fae5b38187a23d7d8da934faebafdd90046566b775dfaa2cb6a,0.0,,,,,,,,,1.0,9,False,True,
gradual_drift_q0.1_v1.0_orderNone_seed53,stationary,53,post_input_dynamics,1.0,gradual_drift_q0.1_v1.0_orderNone,gradual_drift,0.1,1.0,,11,0.0,10,3,True,1.0,0.0,0.0,0.0,0.0,-1.0,1.0,1.0,18,108,12,0.9,0.1,1,1,1,0,1,1,1,0,False,0,,,,,True,1,120,120,A_genuine_revision_candidate,not_available,not_available,120,108,12,0.1,0.1,12,0.9,0.0,9342ec5b8cc82b20813fa3e1eefaba75e1d6e860c1b2595156caa84f82b331a7,f7cfd6a614300fae5b38187a23d7d8da934faebafdd90046566b775dfaa2cb6a,0.0,,,,,,,,,1.0,9,False,True,
gradual_drift_q0.25_v1.0_orderNone_seed7,stationary,7,post_input_dynamics,1.0,gradual_drift_q0.25_v1.0_orderNone,gradual_drift,0.25,1.0,,11,0.0,10,3,True,1.0,0.0,0.0,0.0,0.0,-1.0,1.0,1.0,15,90,30,0.75,0.25,1,1,1,0,1,1,1,0,False,0,,,,,True,1,120,120,A_genuine_revision_candidate,not_available,not_available,120,90,30,0.25,0.25,30,0.75,0.0,6c74487024efaebf5a06299dd17a5b711bdd4f768df66c7b9b48f458c5fff00c,f0e1e2bf9a7a97b5b448744ec19a4c365d43a1c4e13e6d8f5dc00fcc2e015415,0.0,,,,,,,,,1.0,8,False,True,
gradual_drift_q0.25_v1.0_orderNone_seed17,stationary,17,post_input_dynamics,1.0,gradual_drift_q0.25_v1.0_orderNone,gradual_drift,0.25,1.0,,11,0.0,10,3,True,1.0,0.0,0.0,0.0,0.0,-1.0,1.0,1.0,15,90,30,0.75,0.25,1,1,1,0,1,1,1,0,False,0,,,,,True,1,120,120,A_genuine_revision_candidate,not_available,not_available,120,90,30,0.25,0.25,30,0.75,0.0,6c74487024efaebf5a06299dd17a5b711bdd4f768df66c7b9b48f458c5fff00c,f0e1e2bf9a7a97b5b448744ec19a4c365d43a1c4e13e6d8f5dc00fcc2e015415,0.0,,,,,,,,,1.0,8,False,True,
gradual_drift_q0.25_v1.0_orderNone_seed29,stationary,29,post_input_dynamics,1.0,gradual_drift_q0.25_v1.0_orderNone,gradual_drift,0.25,1.0,,11,0.0,10,3,True,1.0,0.0,0.0,0.0,0.0,-1.0,1.0,1.0,15,90,30,0.75,0.25,1,1,1,0,1,1,1,0,False,0,,,,,True,1,120,120,A_genuine_revision_candidate,not_available,not_available,120,90,30,0.25,0.25,30,0.75,0.0,6c74487024efaebf5a06299dd17a5b711bdd4f768df66c7b9b48f458c5fff00c,f0e1e2bf9a7a97b5b448744ec19a4c365d43a1c4e13e6d8f5dc00fcc2e015415,0.0,,,,,,,,,1.0,8,False,True,
gradual_drift_q0.25_v1.0_orderNone_seed41,stationary,41,post_input_dynamics,1.0,gradual_drift_q0.25_v1.0_orderNone,gradual_drift,0.25,1.0,,11,0.0,10,3,True,1.0,0.0,0.0,0.0,0.0,-1.0,1.0,1.0,15,90,30,0.75,0.25,1,1,1,0,1,1,1,0,False,0,,,,,True,1,120,120,A_genuine_revision_candidate,not_available,not_available,120,90,30,0.25,0.25,30,0.75,0.0,6c74487024efaebf5a06299dd17a5b711bdd4f768df66c7b9b48f458c5fff00c,f0e1e2bf9a7a97b5b448744ec19a4c365d43a1c4e13e6d8f5dc00fcc2e015415,0.0,,,,,,,,,1.0,8,False,True,
gradual_drift_q0.25_v1.0_orderNone_seed53,stationary,53,post_input_dynamics,1.0,gradual_drift_q0.25_v1.0_orderNone,gradual_drift,0.25,1.0,,11,0.0,10,3,True,1.0,0.0,0.0,0.0,0.0,-1.0,1.0,1.0,15,90,30,0.75,0.25,1,1,1,0,1,1,1,0,False,0,,,,,True,1,120,120,A_genuine_revision_candidate,not_available,not_available,120,90,30,0.25,0.25,30,0.75,0.0,6c74487024efaebf5a06299dd17a5b711bdd4f768df66c7b9b48f458c5fff00c,f0e1e2bf9a7a97b5b448744ec19a4c365d43a1c4e13e6d8f5dc00fcc2e015415,0.0,,,,,,,,,1.0,8,False,True,
gradual_drift_q0.5_v1.0_orderNone_seed7,stationary,7,post_input_dynamics,1.0,gradual_drift_q0.5_v1.0_orderNone,gradual_drift,0.5,1.0,,11,0.0,10,3,True,1.0,0.0,0.0,0.0,0.0,-1.0,1.0,1.0,10,60,60,0.5,0.5,1,1,1,0,1,1,1,0,False,0,,,,,True,1,120,120,A_genuine_revision_candidate,not_available,not_available,120,60,60,0.5,0.5,60,0.5,0.0,97be11612b141dba83c1ed1209d5f06dc71557d52bf96c7a4a8c79b28fedf87e,c6aeecd051fb3c14d4c506ab88594cfb471517b9183087edf5f51588e9a84cae,0.0,,,,,,,,,1.0,5,False,True,
gradual_drift_q0.5_v1.0_orderNone_seed17,stationary,17,post_input_dynamics,1.0,gradual_drift_q0.5_v1.0_orderNone,gradual_drift,0.5,1.0,,11,0.0,10,3,True,1.0,0.0,0.0,0.0,0.0,-1.0,1.0,1.0,10,60,60,0.5,0.5,1,1,1,0,1,1,1,0,False,0,,,,,True,1,120,120,A_genuine_revision_candidate,not_available,not_available,120,60,60,0.5,0.5,60,0.5,0.0,97be11612b141dba83c1ed1209d5f06dc71557d52bf96c7a4a8c79b28fedf87e,c6aeecd051fb3c14d4c506ab88594cfb471517b9183087edf5f51588e9a84cae,0.0,,,,,,,,,1.0,5,False,True,
gradual_drift_q0.5_v1.0_orderNone_seed29,stationary,29,post_input_dynamics,1.0,gradual_drift_q0.5_v1.0_orderNone,gradual_drift,0.5,1.0,,11,0.0,10,3,True,1.0,0.0,0.0,0.0,0.0,-1.0,1.0,1.0,10,60,60,0.5,0.5,1,1,1,0,1,1,1,0,False,0,,,,,True,1,120,120,A_genuine_revision_candidate,not_available,not_available,120,60,60,0.5,0.5,60,0.5,0.0,97be11612b141dba83c1ed1209d5f06dc71557d52bf96c7a4a8c79b28fedf87e,c6aeecd051fb3c14d4c506ab88594cfb471517b9183087edf5f51588e9a84cae,0.0,,,,,,,,,1.0,5,False,True,
gradual_drift_q0.5_v1.0_orderNone_seed41,stationary,41,post_input_dynamics,1.0,gradual_drift_q0.5_v1.0_orderNone,gradual_drift,0.5,1.0,,11,0.0,10,3,True,1.0,0.0,0.0,0.0,0.0,-1.0,1.0,1.0,10,60,60,0.5,0.5,1,1,1,0,1,1,1,0,False,0,,,,,True,1,120,120,A_genuine_revision_candidate,not_available,not_available,120,60,60,0.5,0.5,60,0.5,0.0,97be11612b141dba83c1ed1209d5f06dc71557d52bf96c7a4a8c79b28fedf87e,c6aeecd051fb3c14d4c506ab88594cfb471517b9183087edf5f51588e9a84cae,0.0,,,,,,,,,1.0,5,False,True,
gradual_drift_q0.5_v1.0_orderNone_seed53,stationary,53,post_input_dynamics,1.0,gradual_drift_q0.5_v1.0_orderNone,gradual_drift,0.5,1.0,,11,0.0,10,3,True,1.0,0.0,0.0,0.0,0.0,-1.0,1.0,1.0,10,60,60,0.5,0.5,1,1,1,0,1,1,1,0,False,0,,,,,True,1,120,120,A_genuine_revision_candidate,not_available,not_available,120,60,60,0.5,0.5,60,0.5,0.0,97be11612b141dba83c1ed1209d5f06dc71557d52bf96c7a4a8c79b28fedf87e,c6aeecd051fb3c14d4c506ab88594cfb471517b9183087edf5f51588e9a84cae,0.0,,,,,,,,,1.0,5,False,True,
gradual_drift_q0.75_v1.0_orderNone_seed7,stationary,7,post_input_dynamics,1.0,gradual_drift_q0.75_v1.0_orderNone,gradual_drift,0.75,1.0,,11,0.0,10,3,True,1.0,0.0,0.0,0.0,0.0,-1.0,1.0,1.0,5,30,90,0.25,0.75,1,1,1,0,1,1,1,0,False,0,,,,,True,1,120,120,A_genuine_revision_candidate,not_available,not_available,120,30,90,0.75,0.75,90,0.25,0.0,a94d46b3c217c7267271b1b5bf8f25b8bd9b461d195b8a48ee1e98492c709603,4c471d340efe60b6efbc5aa1eb15b0a16f41bb451994de5fff79b4e03785b801,0.0,,,,,,,,,1.0,3,False,True,
gradual_drift_q0.75_v1.0_orderNone_seed17,stationary,17,post_input_dynamics,1.0,gradual_drift_q0.75_v1.0_orderNone,gradual_drift,0.75,1.0,,11,0.0,10,3,True,1.0,0.0,0.0,0.0,0.0,-1.0,1.0,1.0,5,30,90,0.25,0.75,1,1,1,0,1,1,1,0,False,0,,,,,True,1,120,120,A_genuine_revision_candidate,not_available,not_available,120,30,90,0.75,0.75,90,0.25,0.0,a94d46b3c217c7267271b1b5bf8f25b8bd9b461d195b8a48ee1e98492c709603,4c471d340efe60b6efbc5aa1eb15b0a16f41bb451994de5fff79b4e03785b801,0.0,,,,,,,,,1.0,3,False,True,
gradual_drift_q0.75_v1.0_orderNone_seed29,stationary,29,post_input_dynamics,1.0,gradual_drift_q0.75_v1.0_orderNone,gradual_drift,0.75,1.0,,11,0.0,10,3,True,1.0,0.0,0.0,0.0,0.0,-1.0,1.0,1.0,5,30,90,0.25,0.75,1,1,1,0,1,1,1,0,False,0,,,,,True,1,120,120,A_genuine_revision_candidate,not_available,not_available,120,30,90,0.75,0.75,90,0.25,0.0,a94d46b3c217c7267271b1b5bf8f25b8bd9b461d195b8a48ee1e98492c709603,4c471d340efe60b6efbc5aa1eb15b0a16f41bb451994de5fff79b4e03785b801,0.0,,,,,,,,,1.0,3,False,True,
gradual_drift_q0.75_v1.0_orderNone_seed41,stationary,41,post_input_dynamics,1.0,gradual_drift_q0.75_v1.0_orderNone,gradual_drift,0.75,1.0,,11,0.0,10,3,True,1.0,0.0,0.0,0.0,0.0,-1.0,1.0,1.0,5,30,90,0.25,0.75,1,1,1,0,1,1,1,0,False,0,,,,,True,1,120,120,A_genuine_revision_candidate,not_available,not_available,120,30,90,0.75,0.75,90,0.25,0.0,a94d46b3c217c7267271b1b5bf8f25b8bd9b461d195b8a48ee1e98492c709603,4c471d340efe60b6efbc5aa1eb15b0a16f41bb451994de5fff79b4e03785b801,0.0,,,,,,,,,1.0,3,False,True,
gradual_drift_q0.75_v1.0_orderNone_seed53,stationary,53,post_input_dynamics,1.0,gradual_drift_q0.75_v1.0_orderNone,gradual_drift,0.75,1.0,,11,0.0,10,3,True,1.0,0.0,0.0,0.0,0.0,-1.0,1.0,1.0,5,30,90,0.25,0.75,1,1,1,0,1,1,1,0,False,0,,,,,True,1,120,120,A_genuine_revision_candidate,not_available,not_available,120,30,90,0.75,0.75,90,0.25,0.0,a94d46b3c217c7267271b1b5bf8f25b8bd9b461d195b8a48ee1e98492c709603,4c471d340efe60b6efbc5aa1eb15b0a16f41bb451994de5fff79b4e03785b801,0.0,,,,,,,,,1.0,3,False,True,
gradual_drift_q0.9_v1.0_orderNone_seed7,stationary,7,post_input_dynamics,1.0,gradual_drift_q0.9_v1.0_orderNone,gradual_drift,0.9,1.0,,11,0.0,10,3,True,1.0,0.0,0.0,0.0,0.0,-1.0,1.0,1.0,2,12,108,0.1,0.9,1,1,1,0,1,1,1,0,False,0,,,,,True,1,120,120,A_genuine_revision_candidate,not_available,not_available,120,12,108,0.9,0.9,108,0.1,0.0,ac118af25600e1cc8f618c9d36c676bbab05734e01845626dc63c96c5fe415b7,69b65bc9a2904fbd27990096d8a4ddd1c6acbc15ce731bc0dcb64c0697b4e594,0.0,,,,,,,,,1.0,1,False,True,
gradual_drift_q0.9_v1.0_orderNone_seed17,stationary,17,post_input_dynamics,1.0,gradual_drift_q0.9_v1.0_orderNone,gradual_drift,0.9,1.0,,11,0.0,10,3,True,1.0,0.0,0.0,0.0,0.0,-1.0,1.0,1.0,2,12,108,0.1,0.9,1,1,1,0,1,1,1,0,False,0,,,,,True,1,120,120,A_genuine_revision_candidate,not_available,not_available,120,12,108,0.9,0.9,108,0.1,0.0,ac118af25600e1cc8f618c9d36c676bbab05734e01845626dc63c96c5fe415b7,69b65bc9a2904fbd27990096d8a4ddd1c6acbc15ce731bc0dcb64c0697b4e594,0.0,,,,,,,,,1.0,1,False,True,
gradual_drift_q0.9_v1.0_orderNone_seed29,stationary,29,post_input_dynamics,1.0,gradual_drift_q0.9_v1.0_orderNone,gradual_drift,0.9,1.0,,11,0.0,10,3,True,1.0,0.0,0.0,0.0,0.0,-1.0,1.0,1.0,2,12,108,0.1,0.9,1,1,1,0,1,1,1,0,False,0,,,,,True,1,120,120,A_genuine_revision_candidate,not_available,not_available,120,12,108,0.9,0.9,108,0.1,0.0,ac118af25600e1cc8f618c9d36c676bbab05734e01845626dc63c96c5fe415b7,69b65bc9a2904fbd27990096d8a4ddd1c6acbc15ce731bc0dcb64c0697b4e594,0.0,,,,,,,,,1.0,1,False,True,
gradual_drift_q0.9_v1.0_orderNone_seed41,stationary,41,post_input_dynamics,1.0,gradual_drift_q0.9_v1.0_orderNone,gradual_drift,0.9,1.0,,11,0.0,10,3,True,1.0,0.0,0.0,0.0,0.0,-1.0,1.0,1.0,2,12,108,0.1,0.9,1,1,1,0,1,1,1,0,False,0,,,,,True,1,120,120,A_genuine_revision_candidate,not_available,not_available,120,12,108,0.9,0.9,108,0.1,0.0,ac118af25600e1cc8f618c9d36c676bbab05734e01845626dc63c96c5fe415b7,69b65bc9a2904fbd27990096d8a4ddd1c6acbc15ce731bc0dcb64c0697b4e594,0.0,,,,,,,,,1.0,1,False,True,
gradual_drift_q0.9_v1.0_orderNone_seed53,stationary,53,post_input_dynamics,1.0,gradual_drift_q0.9_v1.0_orderNone,gradual_drift,0.9,1.0,,11,0.0,10,3,True,1.0,0.0,0.0,0.0,0.0,-1.0,1.0,1.0,2,12,108,0.1,0.9,1,1,1,0,1,1,1,0,False,0,,,,,True,1,120,120,A_genuine_revision_candidate,not_available,not_available,120,12,108,0.9,0.9,108,0.1,0.0,ac118af25600e1cc8f618c9d36c676bbab05734e01845626dc63c96c5fe415b7,69b65bc9a2904fbd27990096d8a4ddd1c6acbc15ce731bc0dcb64c0697b4e594,0.0,,,,,,,,,1.0,1,False,True,
gradual_drift_q1.0_v1.0_orderNone_seed7,stationary,7,post_input_dynamics,1.0,gradual_drift_q1.0_v1.0_orderNone,gradual_drift,1.0,1.0,,11,0.0,10,3,True,1.0,0.0,0.0,0.0,0.0,-1.0,1.0,,0,0,120,0.0,1.0,1,1,1,0,1,1,1,0,False,0,,,,,True,1,120,120,A_genuine_revision_candidate,not_available,not_available,120,0,120,1.0,1.0,120,0.0,0.0,0f11a5a7df991d1addcfc7927eff30d2a5e80cda589afd9a69040156940f1048,0f11a5a7df991d1addcfc7927eff30d2a5e80cda589afd9a69040156940f1048,0.0,,,,,,,,,,0,,True,
gradual_drift_q1.0_v1.0_orderNone_seed17,stationary,17,post_input_dynamics,1.0,gradual_drift_q1.0_v1.0_orderNone,gradual_drift,1.0,1.0,,11,0.0,10,3,True,1.0,0.0,0.0,0.0,0.0,-1.0,1.0,,0,0,120,0.0,1.0,1,1,1,0,1,1,1,0,False,0,,,,,True,1,120,120,A_genuine_revision_candidate,not_available,not_available,120,0,120,1.0,1.0,120,0.0,0.0,0f11a5a7df991d1addcfc7927eff30d2a5e80cda589afd9a69040156940f1048,0f11a5a7df991d1addcfc7927eff30d2a5e80cda589afd9a69040156940f1048,0.0,,,,,,,,,,0,,True,
gradual_drift_q1.0_v1.0_orderNone_seed29,stationary,29,post_input_dynamics,1.0,gradual_drift_q1.0_v1.0_orderNone,gradual_drift,1.0,1.0,,11,0.0,10,3,True,1.0,0.0,0.0,0.0,0.0,-1.0,1.0,,0,0,120,0.0,1.0,1,1,1,0,1,1,1,0,False,0,,,,,True,1,120,120,A_genuine_revision_candidate,not_available,not_available,120,0,120,1.0,1.0,120,0.0,0.0,0f11a5a7df991d1addcfc7927eff30d2a5e80cda589afd9a69040156940f1048,0f11a5a7df991d1addcfc7927eff30d2a5e80cda589afd9a69040156940f1048,0.0,,,,,,,,,,0,,True,
gradual_drift_q1.0_v1.0_orderNone_seed41,stationary,41,post_input_dynamics,1.0,gradual_drift_q1.0_v1.0_orderNone,gradual_drift,1.0,1.0,,11,0.0,10,3,True,1.0,0.0,0.0,0.0,0.0,-1.0,1.0,,0,0,120,0.0,1.0,1,1,1,0,1,1,1,0,False,0,,,,,True,1,120,120,A_genuine_revision_candidate,not_available,not_available,120,0,120,1.0,1.0,120,0.0,0.0,0f11a5a7df991d1addcfc7927eff30d2a5e80cda589afd9a69040156940f1048,0f11a5a7df991d1addcfc7927eff30d2a5e80cda589afd9a69040156940f1048,0.0,,,,,,,,,,0,,True,
gradual_drift_q1.0_v1.0_orderNone_seed53,stationary,53,post_input_dynamics,1.0,gradual_drift_q1.0_v1.0_orderNone,gradual_drift,1.0,1.0,,11,0.0,10,3,True,1.0,0.0,0.0,0.0,0.0,-1.0,1.0,,0,0,120,0.0,1.0,1,1,1,0,1,1,1,0,False,0,,,,,True,1,120,120,A_genuine_revision_candidate,not_available,not_available,120,0,120,1.0,1.0,120,0.0,0.0,0f11a5a7df991d1addcfc7927eff30d2a5e80cda589afd9a69040156940f1048,0f11a5a7df991d1addcfc7927eff30d2a5e80cda589afd9a69040156940f1048,0.0,,,,,,,,,,0,,True,
alternating_q0_vNone_orderNone_seed7,stationary,7,post_input_dynamics,1.0,alternating_q0_vNone_orderNone,alternating,0,,,11,0.0,10,3,True,1.0,0.0,0.0,0.0,0.0,-1.0,1.0,1.0,20,120,0,1.0,0.0,1,1,1,0,1,1,1,0,False,0,,,,,True,1,120,120,A_genuine_revision_candidate,not_available,not_available,120,120,0,0.0,0.0,0,1.0,1.0,9681d438cff3933cccb4de8dea65105b60c1bc168497d913beaa792c3280eff4,9681d438cff3933cccb4de8dea65105b60c1bc168497d913beaa792c3280eff4,0.0,,,,,,,,,1.0,10,False,True,
alternating_q0_vNone_orderNone_seed17,stationary,17,post_input_dynamics,1.0,alternating_q0_vNone_orderNone,alternating,0,,,11,0.0,10,3,True,1.0,0.0,0.0,0.0,0.0,-1.0,1.0,1.0,20,120,0,1.0,0.0,1,1,1,0,1,1,1,0,False,0,,,,,True,1,120,120,A_genuine_revision_candidate,not_available,not_available,120,120,0,0.0,0.0,0,1.0,1.0,9681d438cff3933cccb4de8dea65105b60c1bc168497d913beaa792c3280eff4,9681d438cff3933cccb4de8dea65105b60c1bc168497d913beaa792c3280eff4,0.0,,,,,,,,,1.0,10,False,True,
alternating_q0_vNone_orderNone_seed29,stationary,29,post_input_dynamics,1.0,alternating_q0_vNone_orderNone,alternating,0,,,11,0.0,10,3,True,1.0,0.0,0.0,0.0,0.0,-1.0,1.0,1.0,20,120,0,1.0,0.0,1,1,1,0,1,1,1,0,False,0,,,,,True,1,120,120,A_genuine_revision_candidate,not_available,not_available,120,120,0,0.0,0.0,0,1.0,1.0,9681d438cff3933cccb4de8dea65105b60c1bc168497d913beaa792c3280eff4,9681d438cff3933cccb4de8dea65105b60c1bc168497d913beaa792c3280eff4,0.0,,,,,,,,,1.0,10,False,True,
alternating_q0_vNone_orderNone_seed41,stationary,41,post_input_dynamics,1.0,alternating_q0_vNone_orderNone,alternating,0,,,11,0.0,10,3,True,1.0,0.0,0.0,0.0,0.0,-1.0,1.0,1.0,20,120,0,1.0,0.0,1,1,1,0,1,1,1,0,False,0,,,,,True,1,120,120,A_genuine_revision_candidate,not_available,not_available,120,120,0,0.0,0.0,0,1.0,1.0,9681d438cff3933cccb4de8dea65105b60c1bc168497d913beaa792c3280eff4,9681d438cff3933cccb4de8dea65105b60c1bc168497d913beaa792c3280eff4,0.0,,,,,,,,,1.0,10,False,True,
alternating_q0_vNone_orderNone_seed53,stationary,53,post_input_dynamics,1.0,alternating_q0_vNone_orderNone,alternating,0,,,11,0.0,10,3,True,1.0,0.0,0.0,0.0,0.0,-1.0,1.0,1.0,20,120,0,1.0,0.0,1,1,1,0,1,1,1,0,False,0,,,,,True,1,120,120,A_genuine_revision_candidate,not_available,not_available,120,120,0,0.0,0.0,0,1.0,1.0,9681d438cff3933cccb4de8dea65105b60c1bc168497d913beaa792c3280eff4,9681d438cff3933cccb4de8dea65105b60c1bc168497d913beaa792c3280eff4,0.0,,,,,,,,,1.0,10,False,True,
alternating_q0.1_vNone_orderNone_seed7,stationary,7,post_input_dynamics,1.0,alternating_q0.1_vNone_orderNone,alternating,0.1,,,11,0.0,10,3,True,1.0,0.0,0.0,0.0,0.0,-1.0,1.0,1.0,18,108,12,0.9,0.1,1,1,1,0,1,1,1,0,False,0,,,,,True,1,120,120,A_genuine_revision_candidate,not_available,not_available,120,108,12,0.1,0.1,12,0.9,0.0,9342ec5b8cc82b20813fa3e1eefaba75e1d6e860c1b2595156caa84f82b331a7,f7cfd6a614300fae5b38187a23d7d8da934faebafdd90046566b775dfaa2cb6a,0.0,,,,,,,,,1.0,9,False,True,
alternating_q0.1_vNone_orderNone_seed17,stationary,17,post_input_dynamics,1.0,alternating_q0.1_vNone_orderNone,alternating,0.1,,,11,0.0,10,3,True,1.0,0.0,0.0,0.0,0.0,-1.0,1.0,1.0,18,108,12,0.9,0.1,1,1,1,0,1,1,1,0,False,0,,,,,True,1,120,120,A_genuine_revision_candidate,not_available,not_available,120,108,12,0.1,0.1,12,0.9,0.0,9342ec5b8cc82b20813fa3e1eefaba75e1d6e860c1b2595156caa84f82b331a7,f7cfd6a614300fae5b38187a23d7d8da934faebafdd90046566b775dfaa2cb6a,0.0,,,,,,,,,1.0,9,False,True,
alternating_q0.1_vNone_orderNone_seed29,stationary,29,post_input_dynamics,1.0,alternating_q0.1_vNone_orderNone,alternating,0.1,,,11,0.0,10,3,True,1.0,0.0,0.0,0.0,0.0,-1.0,1.0,1.0,18,108,12,0.9,0.1,1,1,1,0,1,1,1,0,False,0,,,,,True,1,120,120,A_genuine_revision_candidate,not_available,not_available,120,108,12,0.1,0.1,12,0.9,0.0,9342ec5b8cc82b20813fa3e1eefaba75e1d6e860c1b2595156caa84f82b331a7,f7cfd6a614300fae5b38187a23d7d8da934faebafdd90046566b775dfaa2cb6a,0.0,,,,,,,,,1.0,9,False,True,
alternating_q0.1_vNone_orderNone_seed41,stationary,41,post_input_dynamics,1.0,alternating_q0.1_vNone_orderNone,alternating,0.1,,,11,0.0,10,3,True,1.0,0.0,0.0,0.0,0.0,-1.0,1.0,1.0,18,108,12,0.9,0.1,1,1,1,0,1,1,1,0,False,0,,,,,True,1,120,120,A_genuine_revision_candidate,not_available,not_available,120,108,12,0.1,0.1,12,0.9,0.0,9342ec5b8cc82b20813fa3e1eefaba75e1d6e860c1b2595156caa84f82b331a7,f7cfd6a614300fae5b38187a23d7d8da934faebafdd90046566b775dfaa2cb6a,0.0,,,,,,,,,1.0,9,False,True,
alternating_q0.1_vNone_orderNone_seed53,stationary,53,post_input_dynamics,1.0,alternating_q0.1_vNone_orderNone,alternating,0.1,,,11,0.0,10,3,True,1.0,0.0,0.0,0.0,0.0,-1.0,1.0,1.0,18,108,12,0.9,0.1,1,1,1,0,1,1,1,0,False,0,,,,,True,1,120,120,A_genuine_revision_candidate,not_available,not_available,120,108,12,0.1,0.1,12,0.9,0.0,9342ec5b8cc82b20813fa3e1eefaba75e1d6e860c1b2595156caa84f82b331a7,f7cfd6a614300fae5b38187a23d7d8da934faebafdd90046566b775dfaa2cb6a,0.0,,,,,,,,,1.0,9,False,True,
alternating_q0.25_vNone_orderNone_seed7,stationary,7,post_input_dynamics,1.0,alternating_q0.25_vNone_orderNone,alternating,0.25,,,11,0.0,10,3,True,1.0,0.0,0.0,0.0,0.0,-1.0,1.0,1.0,15,90,30,0.75,0.25,1,1,1,0,1,1,1,0,False,0,,,,,True,1,120,120,A_genuine_revision_candidate,not_available,not_available,120,90,30,0.25,0.25,30,0.75,0.0,6c74487024efaebf5a06299dd17a5b711bdd4f768df66c7b9b48f458c5fff00c,f0e1e2bf9a7a97b5b448744ec19a4c365d43a1c4e13e6d8f5dc00fcc2e015415,0.0,,,,,,,,,1.0,8,False,True,
alternating_q0.25_vNone_orderNone_seed17,stationary,17,post_input_dynamics,1.0,alternating_q0.25_vNone_orderNone,alternating,0.25,,,11,0.0,10,3,True,1.0,0.0,0.0,0.0,0.0,-1.0,1.0,1.0,15,90,30,0.75,0.25,1,1,1,0,1,1,1,0,False,0,,,,,True,1,120,120,A_genuine_revision_candidate,not_available,not_available,120,90,30,0.25,0.25,30,0.75,0.0,6c74487024efaebf5a06299dd17a5b711bdd4f768df66c7b9b48f458c5fff00c,f0e1e2bf9a7a97b5b448744ec19a4c365d43a1c4e13e6d8f5dc00fcc2e015415,0.0,,,,,,,,,1.0,8,False,True,
alternating_q0.25_vNone_orderNone_seed29,stationary,29,post_input_dynamics,1.0,alternating_q0.25_vNone_orderNone,alternating,0.25,,,11,0.0,10,3,True,1.0,0.0,0.0,0.0,0.0,-1.0,1.0,1.0,15,90,30,0.75,0.25,1,1,1,0,1,1,1,0,False,0,,,,,True,1,120,120,A_genuine_revision_candidate,not_available,not_available,120,90,30,0.25,0.25,30,0.75,0.0,6c74487024efaebf5a06299dd17a5b711bdd4f768df66c7b9b48f458c5fff00c,f0e1e2bf9a7a97b5b448744ec19a4c365d43a1c4e13e6d8f5dc00fcc2e015415,0.0,,,,,,,,,1.0,8,False,True,
alternating_q0.25_vNone_orderNone_seed41,stationary,41,post_input_dynamics,1.0,alternating_q0.25_vNone_orderNone,alternating,0.25,,,11,0.0,10,3,True,1.0,0.0,0.0,0.0,0.0,-1.0,1.0,1.0,15,90,30,0.75,0.25,1,1,1,0,1,1,1,0,False,0,,,,,True,1,120,120,A_genuine_revision_candidate,not_available,not_available,120,90,30,0.25,0.25,30,0.75,0.0,6c74487024efaebf5a06299dd17a5b711bdd4f768df66c7b9b48f458c5fff00c,f0e1e2bf9a7a97b5b448744ec19a4c365d43a1c4e13e6d8f5dc00fcc2e015415,0.0,,,,,,,,,1.0,8,False,True,
alternating_q0.25_vNone_orderNone_seed53,stationary,53,post_input_dynamics,1.0,alternating_q0.25_vNone_orderNone,alternating,0.25,,,11,0.0,10,3,True,1.0,0.0,0.0,0.0,0.0,-1.0,1.0,1.0,15,90,30,0.75,0.25,1,1,1,0,1,1,1,0,False,0,,,,,True,1,120,120,A_genuine_revision_candidate,not_available,not_available,120,90,30,0.25,0.25,30,0.75,0.0,6c74487024efaebf5a06299dd17a5b711bdd4f768df66c7b9b48f458c5fff00c,f0e1e2bf9a7a97b5b448744ec19a4c365d43a1c4e13e6d8f5dc00fcc2e015415,0.0,,,,,,,,,1.0,8,False,True,
alternating_q0.5_vNone_orderNone_seed7,stationary,7,post_input_dynamics,1.0,alternating_q0.5_vNone_orderNone,alternating,0.5,,,11,0.0,10,3,True,1.0,0.0,0.0,0.0,0.0,-1.0,1.0,1.0,10,60,60,0.5,0.5,1,1,1,0,1,1,1,0,False,0,,,,,True,1,120,120,A_genuine_revision_candidate,not_available,not_available,120,60,60,0.5,0.5,60,0.5,0.0,97be11612b141dba83c1ed1209d5f06dc71557d52bf96c7a4a8c79b28fedf87e,c6aeecd051fb3c14d4c506ab88594cfb471517b9183087edf5f51588e9a84cae,0.0,,,,,,,,,1.0,5,False,True,
alternating_q0.5_vNone_orderNone_seed17,stationary,17,post_input_dynamics,1.0,alternating_q0.5_vNone_orderNone,alternating,0.5,,,11,0.0,10,3,True,1.0,0.0,0.0,0.0,0.0,-1.0,1.0,1.0,10,60,60,0.5,0.5,1,1,1,0,1,1,1,0,False,0,,,,,True,1,120,120,A_genuine_revision_candidate,not_available,not_available,120,60,60,0.5,0.5,60,0.5,0.0,97be11612b141dba83c1ed1209d5f06dc71557d52bf96c7a4a8c79b28fedf87e,c6aeecd051fb3c14d4c506ab88594cfb471517b9183087edf5f51588e9a84cae,0.0,,,,,,,,,1.0,5,False,True,
alternating_q0.5_vNone_orderNone_seed29,stationary,29,post_input_dynamics,1.0,alternating_q0.5_vNone_orderNone,alternating,0.5,,,11,0.0,10,3,True,1.0,0.0,0.0,0.0,0.0,-1.0,1.0,1.0,10,60,60,0.5,0.5,1,1,1,0,1,1,1,0,False,0,,,,,True,1,120,120,A_genuine_revision_candidate,not_available,not_available,120,60,60,0.5,0.5,60,0.5,0.0,97be11612b141dba83c1ed1209d5f06dc71557d52bf96c7a4a8c79b28fedf87e,c6aeecd051fb3c14d4c506ab88594cfb471517b9183087edf5f51588e9a84cae,0.0,,,,,,,,,1.0,5,False,True,
alternating_q0.5_vNone_orderNone_seed41,stationary,41,post_input_dynamics,1.0,alternating_q0.5_vNone_orderNone,alternating,0.5,,,11,0.0,10,3,True,1.0,0.0,0.0,0.0,0.0,-1.0,1.0,1.0,10,60,60,0.5,0.5,1,1,1,0,1,1,1,0,False,0,,,,,True,1,120,120,A_genuine_revision_candidate,not_available,not_available,120,60,60,0.5,0.5,60,0.5,0.0,97be11612b141dba83c1ed1209d5f06dc71557d52bf96c7a4a8c79b28fedf87e,c6aeecd051fb3c14d4c506ab88594cfb471517b9183087edf5f51588e9a84cae,0.0,,,,,,,,,1.0,5,False,True,
alternating_q0.5_vNone_orderNone_seed53,stationary,53,post_input_dynamics,1.0,alternating_q0.5_vNone_orderNone,alternating,0.5,,,11,0.0,10,3,True,1.0,0.0,0.0,0.0,0.0,-1.0,1.0,1.0,10,60,60,0.5,0.5,1,1,1,0,1,1,1,0,False,0,,,,,True,1,120,120,A_genuine_revision_candidate,not_available,not_available,120,60,60,0.5,0.5,60,0.5,0.0,97be11612b141dba83c1ed1209d5f06dc71557d52bf96c7a4a8c79b28fedf87e,c6aeecd051fb3c14d4c506ab88594cfb471517b9183087edf5f51588e9a84cae,0.0,,,,,,,,,1.0,5,False,True,
alternating_q0.75_vNone_orderNone_seed7,stationary,7,post_input_dynamics,1.0,alternating_q0.75_vNone_orderNone,alternating,0.75,,,11,0.0,10,3,True,1.0,0.0,0.0,0.0,0.0,-1.0,1.0,1.0,5,30,90,0.25,0.75,1,1,1,0,1,1,1,0,False,0,,,,,True,1,120,120,A_genuine_revision_candidate,not_available,not_available,120,30,90,0.75,0.75,90,0.25,0.0,a94d46b3c217c7267271b1b5bf8f25b8bd9b461d195b8a48ee1e98492c709603,4c471d340efe60b6efbc5aa1eb15b0a16f41bb451994de5fff79b4e03785b801,0.0,,,,,,,,,1.0,3,False,True,
alternating_q0.75_vNone_orderNone_seed17,stationary,17,post_input_dynamics,1.0,alternating_q0.75_vNone_orderNone,alternating,0.75,,,11,0.0,10,3,True,1.0,0.0,0.0,0.0,0.0,-1.0,1.0,1.0,5,30,90,0.25,0.75,1,1,1,0,1,1,1,0,False,0,,,,,True,1,120,120,A_genuine_revision_candidate,not_available,not_available,120,30,90,0.75,0.75,90,0.25,0.0,a94d46b3c217c7267271b1b5bf8f25b8bd9b461d195b8a48ee1e98492c709603,4c471d340efe60b6efbc5aa1eb15b0a16f41bb451994de5fff79b4e03785b801,0.0,,,,,,,,,1.0,3,False,True,
alternating_q0.75_vNone_orderNone_seed29,stationary,29,post_input_dynamics,1.0,alternating_q0.75_vNone_orderNone,alternating,0.75,,,11,0.0,10,3,True,1.0,0.0,0.0,0.0,0.0,-1.0,1.0,1.0,5,30,90,0.25,0.75,1,1,1,0,1,1,1,0,False,0,,,,,True,1,120,120,A_genuine_revision_candidate,not_available,not_available,120,30,90,0.75,0.75,90,0.25,0.0,a94d46b3c217c7267271b1b5bf8f25b8bd9b461d195b8a48ee1e98492c709603,4c471d340efe60b6efbc5aa1eb15b0a16f41bb451994de5fff79b4e03785b801,0.0,,,,,,,,,1.0,3,False,True,
alternating_q0.75_vNone_orderNone_seed41,stationary,41,post_input_dynamics,1.0,alternating_q0.75_vNone_orderNone,alternating,0.75,,,11,0.0,10,3,True,1.0,0.0,0.0,0.0,0.0,-1.0,1.0,1.0,5,30,90,0.25,0.75,1,1,1,0,1,1,1,0,False,0,,,,,True,1,120,120,A_genuine_revision_candidate,not_available,not_available,120,30,90,0.75,0.75,90,0.25,0.0,a94d46b3c217c7267271b1b5bf8f25b8bd9b461d195b8a48ee1e98492c709603,4c471d340efe60b6efbc5aa1eb15b0a16f41bb451994de5fff79b4e03785b801,0.0,,,,,,,,,1.0,3,False,True,
alternating_q0.75_vNone_orderNone_seed53,stationary,53,post_input_dynamics,1.0,alternating_q0.75_vNone_orderNone,alternating,0.75,,,11,0.0,10,3,True,1.0,0.0,0.0,0.0,0.0,-1.0,1.0,1.0,5,30,90,0.25,0.75,1,1,1,0,1,1,1,0,False,0,,,,,True,1,120,120,A_genuine_revision_candidate,not_available,not_available,120,30,90,0.75,0.75,90,0.25,0.0,a94d46b3c217c7267271b1b5bf8f25b8bd9b461d195b8a48ee1e98492c709603,4c471d340efe60b6efbc5aa1eb15b0a16f41bb451994de5fff79b4e03785b801,0.0,,,,,,,,,1.0,3,False,True,
alternating_q0.9_vNone_orderNone_seed7,stationary,7,post_input_dynamics,1.0,alternating_q0.9_vNone_orderNone,alternating,0.9,,,11,0.0,10,3,True,1.0,0.0,0.0,0.0,0.0,-1.0,1.0,1.0,2,12,108,0.1,0.9,1,1,1,0,1,1,1,0,False,0,,,,,True,1,120,120,A_genuine_revision_candidate,not_available,not_available,120,12,108,0.9,0.9,108,0.1,0.0,ac118af25600e1cc8f618c9d36c676bbab05734e01845626dc63c96c5fe415b7,69b65bc9a2904fbd27990096d8a4ddd1c6acbc15ce731bc0dcb64c0697b4e594,0.0,,,,,,,,,1.0,1,False,True,
alternating_q0.9_vNone_orderNone_seed17,stationary,17,post_input_dynamics,1.0,alternating_q0.9_vNone_orderNone,alternating,0.9,,,11,0.0,10,3,True,1.0,0.0,0.0,0.0,0.0,-1.0,1.0,1.0,2,12,108,0.1,0.9,1,1,1,0,1,1,1,0,False,0,,,,,True,1,120,120,A_genuine_revision_candidate,not_available,not_available,120,12,108,0.9,0.9,108,0.1,0.0,ac118af25600e1cc8f618c9d36c676bbab05734e01845626dc63c96c5fe415b7,69b65bc9a2904fbd27990096d8a4ddd1c6acbc15ce731bc0dcb64c0697b4e594,0.0,,,,,,,,,1.0,1,False,True,
alternating_q0.9_vNone_orderNone_seed29,stationary,29,post_input_dynamics,1.0,alternating_q0.9_vNone_orderNone,alternating,0.9,,,11,0.0,10,3,True,1.0,0.0,0.0,0.0,0.0,-1.0,1.0,1.0,2,12,108,0.1,0.9,1,1,1,0,1,1,1,0,False,0,,,,,True,1,120,120,A_genuine_revision_candidate,not_available,not_available,120,12,108,0.9,0.9,108,0.1,0.0,ac118af25600e1cc8f618c9d36c676bbab05734e01845626dc63c96c5fe415b7,69b65bc9a2904fbd27990096d8a4ddd1c6acbc15ce731bc0dcb64c0697b4e594,0.0,,,,,,,,,1.0,1,False,True,
alternating_q0.9_vNone_orderNone_seed41,stationary,41,post_input_dynamics,1.0,alternating_q0.9_vNone_orderNone,alternating,0.9,,,11,0.0,10,3,True,1.0,0.0,0.0,0.0,0.0,-1.0,1.0,1.0,2,12,108,0.1,0.9,1,1,1,0,1,1,1,0,False,0,,,,,True,1,120,120,A_genuine_revision_candidate,not_available,not_available,120,12,108,0.9,0.9,108,0.1,0.0,ac118af25600e1cc8f618c9d36c676bbab05734e01845626dc63c96c5fe415b7,69b65bc9a2904fbd27990096d8a4ddd1c6acbc15ce731bc0dcb64c0697b4e594,0.0,,,,,,,,,1.0,1,False,True,
alternating_q0.9_vNone_orderNone_seed53,stationary,53,post_input_dynamics,1.0,alternating_q0.9_vNone_orderNone,alternating,0.9,,,11,0.0,10,3,True,1.0,0.0,0.0,0.0,0.0,-1.0,1.0,1.0,2,12,108,0.1,0.9,1,1,1,0,1,1,1,0,False,0,,,,,True,1,120,120,A_genuine_revision_candidate,not_available,not_available,120,12,108,0.9,0.9,108,0.1,0.0,ac118af25600e1cc8f618c9d36c676bbab05734e01845626dc63c96c5fe415b7,69b65bc9a2904fbd27990096d8a4ddd1c6acbc15ce731bc0dcb64c0697b4e594,0.0,,,,,,,,,1.0,1,False,True,
alternating_q1.0_vNone_orderNone_seed7,stationary,7,post_input_dynamics,1.0,alternating_q1.0_vNone_orderNone,alternating,1.0,,,11,0.0,10,3,True,1.0,0.0,0.0,0.0,0.0,-1.0,1.0,,0,0,120,0.0,1.0,1,1,1,0,1,1,1,0,False,0,,,,,True,1,120,120,A_genuine_revision_candidate,not_available,not_available,120,0,120,1.0,1.0,120,0.0,0.0,0f11a5a7df991d1addcfc7927eff30d2a5e80cda589afd9a69040156940f1048,0f11a5a7df991d1addcfc7927eff30d2a5e80cda589afd9a69040156940f1048,0.0,,,,,,,,,,0,,True,
alternating_q1.0_vNone_orderNone_seed17,stationary,17,post_input_dynamics,1.0,alternating_q1.0_vNone_orderNone,alternating,1.0,,,11,0.0,10,3,True,1.0,0.0,0.0,0.0,0.0,-1.0,1.0,,0,0,120,0.0,1.0,1,1,1,0,1,1,1,0,False,0,,,,,True,1,120,120,A_genuine_revision_candidate,not_available,not_available,120,0,120,1.0,1.0,120,0.0,0.0,0f11a5a7df991d1addcfc7927eff30d2a5e80cda589afd9a69040156940f1048,0f11a5a7df991d1addcfc7927eff30d2a5e80cda589afd9a69040156940f1048,0.0,,,,,,,,,,0,,True,
alternating_q1.0_vNone_orderNone_seed29,stationary,29,post_input_dynamics,1.0,alternating_q1.0_vNone_orderNone,alternating,1.0,,,11,0.0,10,3,True,1.0,0.0,0.0,0.0,0.0,-1.0,1.0,,0,0,120,0.0,1.0,1,1,1,0,1,1,1,0,False,0,,,,,True,1,120,120,A_genuine_revision_candidate,not_available,not_available,120,0,120,1.0,1.0,120,0.0,0.0,0f11a5a7df991d1addcfc7927eff30d2a5e80cda589afd9a69040156940f1048,0f11a5a7df991d1addcfc7927eff30d2a5e80cda589afd9a69040156940f1048,0.0,,,,,,,,,,0,,True,
alternating_q1.0_vNone_orderNone_seed41,stationary,41,post_input_dynamics,1.0,alternating_q1.0_vNone_orderNone,alternating,1.0,,,11,0.0,10,3,True,1.0,0.0,0.0,0.0,0.0,-1.0,1.0,,0,0,120,0.0,1.0,1,1,1,0,1,1,1,0,False,0,,,,,True,1,120,120,A_genuine_revision_candidate,not_available,not_available,120,0,120,1.0,1.0,120,0.0,0.0,0f11a5a7df991d1addcfc7927eff30d2a5e80cda589afd9a69040156940f1048,0f11a5a7df991d1addcfc7927eff30d2a5e80cda589afd9a69040156940f1048,0.0,,,,,,,,,,0,,True,
alternating_q1.0_vNone_orderNone_seed53,stationary,53,post_input_dynamics,1.0,alternating_q1.0_vNone_orderNone,alternating,1.0,,,11,0.0,10,3,True,1.0,0.0,0.0,0.0,0.0,-1.0,1.0,,0,0,120,0.0,1.0,1,1,1,0,1,1,1,0,False,0,,,,,True,1,120,120,A_genuine_revision_candidate,not_available,not_available,120,0,120,1.0,1.0,120,0.0,0.0,0f11a5a7df991d1addcfc7927eff30d2a5e80cda589afd9a69040156940f1048,0f11a5a7df991d1addcfc7927eff30d2a5e80cda589afd9a69040156940f1048,0.0,,,,,,,,,,0,,True,
sparse_corrective_q0.75_vNone_orderNone_seed7,stationary,7,post_input_dynamics,1.0,sparse_corrective_q0.75_vNone_orderNone,sparse_corrective,0.75,,,11,0.0,10,3,True,1.0,0.0,0.0,0.0,0.0,-1.0,1.0,1.0,5,30,90,0.25,0.75,1,1,1,0,1,1,1,0,False,0,,,,,True,1,120,120,A_genuine_revision_candidate,not_available,not_available,120,30,90,0.75,0.75,90,0.25,1.0,b41e46f66102fbf4e703806cd736958ecf04cb242cd940c8c0b0a5a38a89fd34,4c471d340efe60b6efbc5aa1eb15b0a16f41bb451994de5fff79b4e03785b801,0.0,,,,,,,,,1.0,2,False,True,
sparse_corrective_q0.75_vNone_orderNone_seed17,stationary,17,post_input_dynamics,1.0,sparse_corrective_q0.75_vNone_orderNone,sparse_corrective,0.75,,,11,0.0,10,3,True,1.0,0.0,0.0,0.0,0.0,-1.0,1.0,1.0,5,30,90,0.25,0.75,1,1,1,0,1,1,1,0,False,0,,,,,True,1,120,120,A_genuine_revision_candidate,not_available,not_available,120,30,90,0.75,0.75,90,0.25,1.0,b41e46f66102fbf4e703806cd736958ecf04cb242cd940c8c0b0a5a38a89fd34,4c471d340efe60b6efbc5aa1eb15b0a16f41bb451994de5fff79b4e03785b801,0.0,,,,,,,,,1.0,2,False,True,
sparse_corrective_q0.75_vNone_orderNone_seed29,stationary,29,post_input_dynamics,1.0,sparse_corrective_q0.75_vNone_orderNone,sparse_corrective,0.75,,,11,0.0,10,3,True,1.0,0.0,0.0,0.0,0.0,-1.0,1.0,1.0,5,30,90,0.25,0.75,1,1,1,0,1,1,1,0,False,0,,,,,True,1,120,120,A_genuine_revision_candidate,not_available,not_available,120,30,90,0.75,0.75,90,0.25,1.0,b41e46f66102fbf4e703806cd736958ecf04cb242cd940c8c0b0a5a38a89fd34,4c471d340efe60b6efbc5aa1eb15b0a16f41bb451994de5fff79b4e03785b801,0.0,,,,,,,,,1.0,2,False,True,
sparse_corrective_q0.75_vNone_orderNone_seed41,stationary,41,post_input_dynamics,1.0,sparse_corrective_q0.75_vNone_orderNone,sparse_corrective,0.75,,,11,0.0,10,3,True,1.0,0.0,0.0,0.0,0.0,-1.0,1.0,1.0,5,30,90,0.25,0.75,1,1,1,0,1,1,1,0,False,0,,,,,True,1,120,120,A_genuine_revision_candidate,not_available,not_available,120,30,90,0.75,0.75,90,0.25,1.0,b41e46f66102fbf4e703806cd736958ecf04cb242cd940c8c0b0a5a38a89fd34,4c471d340efe60b6efbc5aa1eb15b0a16f41bb451994de5fff79b4e03785b801,0.0,,,,,,,,,1.0,2,False,True,
sparse_corrective_q0.75_vNone_orderNone_seed53,stationary,53,post_input_dynamics,1.0,sparse_corrective_q0.75_vNone_orderNone,sparse_corrective,0.75,,,11,0.0,10,3,True,1.0,0.0,0.0,0.0,0.0,-1.0,1.0,1.0,5,30,90,0.25,0.75,1,1,1,0,1,1,1,0,False,0,,,,,True,1,120,120,A_genuine_revision_candidate,not_available,not_available,120,30,90,0.75,0.75,90,0.25,1.0,b41e46f66102fbf4e703806cd736958ecf04cb242cd940c8c0b0a5a38a89fd34,4c471d340efe60b6efbc5aa1eb15b0a16f41bb451994de5fff79b4e03785b801,0.0,,,,,,,,,1.0,2,False,True,
sparse_corrective_q0.9_vNone_orderNone_seed7,stationary,7,post_input_dynamics,1.0,sparse_corrective_q0.9_vNone_orderNone,sparse_corrective,0.9,,,11,0.0,10,3,True,1.0,0.0,0.0,0.0,0.0,-1.0,1.0,1.0,2,12,108,0.1,0.9,1,1,1,0,1,1,1,0,False,0,,,,,True,1,120,120,A_genuine_revision_candidate,not_available,not_available,120,12,108,0.9,0.9,108,0.1,1.0,09a078e3c0d55fb50ba498306fdd2b0b0927810480a42dcf2cf772d8bb40d451,69b65bc9a2904fbd27990096d8a4ddd1c6acbc15ce731bc0dcb64c0697b4e594,0.0,,,,,,,,,1.0,1,False,True,
sparse_corrective_q0.9_vNone_orderNone_seed17,stationary,17,post_input_dynamics,1.0,sparse_corrective_q0.9_vNone_orderNone,sparse_corrective,0.9,,,11,0.0,10,3,True,1.0,0.0,0.0,0.0,0.0,-1.0,1.0,1.0,2,12,108,0.1,0.9,1,1,1,0,1,1,1,0,False,0,,,,,True,1,120,120,A_genuine_revision_candidate,not_available,not_available,120,12,108,0.9,0.9,108,0.1,1.0,09a078e3c0d55fb50ba498306fdd2b0b0927810480a42dcf2cf772d8bb40d451,69b65bc9a2904fbd27990096d8a4ddd1c6acbc15ce731bc0dcb64c0697b4e594,0.0,,,,,,,,,1.0,1,False,True,
sparse_corrective_q0.9_vNone_orderNone_seed29,stationary,29,post_input_dynamics,1.0,sparse_corrective_q0.9_vNone_orderNone,sparse_corrective,0.9,,,11,0.0,10,3,True,1.0,0.0,0.0,0.0,0.0,-1.0,1.0,1.0,2,12,108,0.1,0.9,1,1,1,0,1,1,1,0,False,0,,,,,True,1,120,120,A_genuine_revision_candidate,not_available,not_available,120,12,108,0.9,0.9,108,0.1,1.0,09a078e3c0d55fb50ba498306fdd2b0b0927810480a42dcf2cf772d8bb40d451,69b65bc9a2904fbd27990096d8a4ddd1c6acbc15ce731bc0dcb64c0697b4e594,0.0,,,,,,,,,1.0,1,False,True,
sparse_corrective_q0.9_vNone_orderNone_seed41,stationary,41,post_input_dynamics,1.0,sparse_corrective_q0.9_vNone_orderNone,sparse_corrective,0.9,,,11,0.0,10,3,True,1.0,0.0,0.0,0.0,0.0,-1.0,1.0,1.0,2,12,108,0.1,0.9,1,1,1,0,1,1,1,0,False,0,,,,,True,1,120,120,A_genuine_revision_candidate,not_available,not_available,120,12,108,0.9,0.9,108,0.1,1.0,09a078e3c0d55fb50ba498306fdd2b0b0927810480a42dcf2cf772d8bb40d451,69b65bc9a2904fbd27990096d8a4ddd1c6acbc15ce731bc0dcb64c0697b4e594,0.0,,,,,,,,,1.0,1,False,True,
sparse_corrective_q0.9_vNone_orderNone_seed53,stationary,53,post_input_dynamics,1.0,sparse_corrective_q0.9_vNone_orderNone,sparse_corrective,0.9,,,11,0.0,10,3,True,1.0,0.0,0.0,0.0,0.0,-1.0,1.0,1.0,2,12,108,0.1,0.9,1,1,1,0,1,1,1,0,False,0,,,,,True,1,120,120,A_genuine_revision_candidate,not_available,not_available,120,12,108,0.9,0.9,108,0.1,1.0,09a078e3c0d55fb50ba498306fdd2b0b0927810480a42dcf2cf772d8bb40d451,69b65bc9a2904fbd27990096d8a4ddd1c6acbc15ce731bc0dcb64c0697b4e594,0.0,,,,,,,,,1.0,1,False,True,
sparse_corrective_q1.0_vNone_orderNone_seed7,stationary,7,post_input_dynamics,1.0,sparse_corrective_q1.0_vNone_orderNone,sparse_corrective,1.0,,,11,0.0,10,3,True,1.0,0.0,0.0,0.0,0.0,-1.0,1.0,,0,0,120,0.0,1.0,1,1,1,0,1,1,1,0,False,0,,,,,True,1,120,120,A_genuine_revision_candidate,not_available,not_available,120,0,120,1.0,1.0,120,0.0,0.0,0f11a5a7df991d1addcfc7927eff30d2a5e80cda589afd9a69040156940f1048,0f11a5a7df991d1addcfc7927eff30d2a5e80cda589afd9a69040156940f1048,0.0,,,,,,,,,,0,,True,
sparse_corrective_q1.0_vNone_orderNone_seed17,stationary,17,post_input_dynamics,1.0,sparse_corrective_q1.0_vNone_orderNone,sparse_corrective,1.0,,,11,0.0,10,3,True,1.0,0.0,0.0,0.0,0.0,-1.0,1.0,,0,0,120,0.0,1.0,1,1,1,0,1,1,1,0,False,0,,,,,True,1,120,120,A_genuine_revision_candidate,not_available,not_available,120,0,120,1.0,1.0,120,0.0,0.0,0f11a5a7df991d1addcfc7927eff30d2a5e80cda589afd9a69040156940f1048,0f11a5a7df991d1addcfc7927eff30d2a5e80cda589afd9a69040156940f1048,0.0,,,,,,,,,,0,,True,
sparse_corrective_q1.0_vNone_orderNone_seed29,stationary,29,post_input_dynamics,1.0,sparse_corrective_q1.0_vNone_orderNone,sparse_corrective,1.0,,,11,0.0,10,3,True,1.0,0.0,0.0,0.0,0.0,-1.0,1.0,,0,0,120,0.0,1.0,1,1,1,0,1,1,1,0,False,0,,,,,True,1,120,120,A_genuine_revision_candidate,not_available,not_available,120,0,120,1.0,1.0,120,0.0,0.0,0f11a5a7df991d1addcfc7927eff30d2a5e80cda589afd9a69040156940f1048,0f11a5a7df991d1addcfc7927eff30d2a5e80cda589afd9a69040156940f1048,0.0,,,,,,,,,,0,,True,
sparse_corrective_q1.0_vNone_orderNone_seed41,stationary,41,post_input_dynamics,1.0,sparse_corrective_q1.0_vNone_orderNone,sparse_corrective,1.0,,,11,0.0,10,3,True,1.0,0.0,0.0,0.0,0.0,-1.0,1.0,,0,0,120,0.0,1.0,1,1,1,0,1,1,1,0,False,0,,,,,True,1,120,120,A_genuine_revision_candidate,not_available,not_available,120,0,120,1.0,1.0,120,0.0,0.0,0f11a5a7df991d1addcfc7927eff30d2a5e80cda589afd9a69040156940f1048,0f11a5a7df991d1addcfc7927eff30d2a5e80cda589afd9a69040156940f1048,0.0,,,,,,,,,,0,,True,
sparse_corrective_q1.0_vNone_orderNone_seed53,stationary,53,post_input_dynamics,1.0,sparse_corrective_q1.0_vNone_orderNone,sparse_corrective,1.0,,,11,0.0,10,3,True,1.0,0.0,0.0,0.0,0.0,-1.0,1.0,,0,0,120,0.0,1.0,1,1,1,0,1,1,1,0,False,0,,,,,True,1,120,120,A_genuine_revision_candidate,not_available,not_available,120,0,120,1.0,1.0,120,0.0,0.0,0f11a5a7df991d1addcfc7927eff30d2a5e80cda589afd9a69040156940f1048,0f11a5a7df991d1addcfc7927eff30d2a5e80cda589afd9a69040156940f1048,0.0,,,,,,,,,,0,,True,
endpoint_order_q0.5_vNone_orderR_first_seed7,stationary,7,post_input_dynamics,1.0,endpoint_order_q0.5_vNone_orderR_first,endpoint_order,0.5,,R_first,11,0.0,10,3,True,1.0,0.0,0.0,0.0,0.0,-1.0,1.0,,0,60,60,0.5,0.5,1,1,1,0,1,1,1,0,False,0,,,,,True,1,120,120,A_genuine_revision_candidate,not_available,not_available,120,60,60,0.5,0.5,60,0.5,0.0,a2d2f8a009892cd9c0367ebf0166688914802006cf3c3c89682dc629ff091b1e,c6aeecd051fb3c14d4c506ab88594cfb471517b9183087edf5f51588e9a84cae,0.0,,,,,,,,,1.0,10,False,True,
endpoint_order_q0.5_vNone_orderR_first_seed17,stationary,17,post_input_dynamics,1.0,endpoint_order_q0.5_vNone_orderR_first,endpoint_order,0.5,,R_first,11,0.0,10,3,True,1.0,0.0,0.0,0.0,0.0,-1.0,1.0,,0,60,60,0.5,0.5,1,1,1,0,1,1,1,0,False,0,,,,,True,1,120,120,A_genuine_revision_candidate,not_available,not_available,120,60,60,0.5,0.5,60,0.5,0.0,a2d2f8a009892cd9c0367ebf0166688914802006cf3c3c89682dc629ff091b1e,c6aeecd051fb3c14d4c506ab88594cfb471517b9183087edf5f51588e9a84cae,0.0,,,,,,,,,1.0,10,False,True,
endpoint_order_q0.5_vNone_orderR_first_seed29,stationary,29,post_input_dynamics,1.0,endpoint_order_q0.5_vNone_orderR_first,endpoint_order,0.5,,R_first,11,0.0,10,3,True,1.0,0.0,0.0,0.0,0.0,-1.0,1.0,,0,60,60,0.5,0.5,1,1,1,0,1,1,1,0,False,0,,,,,True,1,120,120,A_genuine_revision_candidate,not_available,not_available,120,60,60,0.5,0.5,60,0.5,0.0,a2d2f8a009892cd9c0367ebf0166688914802006cf3c3c89682dc629ff091b1e,c6aeecd051fb3c14d4c506ab88594cfb471517b9183087edf5f51588e9a84cae,0.0,,,,,,,,,1.0,10,False,True,
endpoint_order_q0.5_vNone_orderR_first_seed41,stationary,41,post_input_dynamics,1.0,endpoint_order_q0.5_vNone_orderR_first,endpoint_order,0.5,,R_first,11,0.0,10,3,True,1.0,0.0,0.0,0.0,0.0,-1.0,1.0,,0,60,60,0.5,0.5,1,1,1,0,1,1,1,0,False,0,,,,,True,1,120,120,A_genuine_revision_candidate,not_available,not_available,120,60,60,0.5,0.5,60,0.5,0.0,a2d2f8a009892cd9c0367ebf0166688914802006cf3c3c89682dc629ff091b1e,c6aeecd051fb3c14d4c506ab88594cfb471517b9183087edf5f51588e9a84cae,0.0,,,,,,,,,1.0,10,False,True,
endpoint_order_q0.5_vNone_orderR_first_seed53,stationary,53,post_input_dynamics,1.0,endpoint_order_q0.5_vNone_orderR_first,endpoint_order,0.5,,R_first,11,0.0,10,3,True,1.0,0.0,0.0,0.0,0.0,-1.0,1.0,,0,60,60,0.5,0.5,1,1,1,0,1,1,1,0,False,0,,,,,True,1,120,120,A_genuine_revision_candidate,not_available,not_available,120,60,60,0.5,0.5,60,0.5,0.0,a2d2f8a009892cd9c0367ebf0166688914802006cf3c3c89682dc629ff091b1e,c6aeecd051fb3c14d4c506ab88594cfb471517b9183087edf5f51588e9a84cae,0.0,,,,,,,,,1.0,10,False,True,
bridge_order_q1.0_v0.025_orderascending_seed7,stationary,7,post_input_dynamics,1.0,bridge_order_q1.0_v0.025_orderascending,bridge_order,1.0,0.025,ascending,11,0.0,10,3,True,1.0,0.0,0.0,0.025000000000000022,0.0012500000000000011,-0.99875,1.0,0.975,1,1,119,0.008333333333333333,0.9916666666666667,1,1,1,0,1,1,1,0,False,0,,,,,True,1,120,120,A_genuine_revision_candidate,not_available,not_available,120,0,120,1.0,0.8333333333333334,81,0.1625,0.975,a86560a0e67b61e43dfb20c7007178cfd83d65ab7067568b9a9851b193b43d20,a86560a0e67b61e43dfb20c7007178cfd83d65ab7067568b9a9851b193b43d20,0.0,,,,,,,,,,0,,True,
bridge_order_q1.0_v0.025_orderascending_seed17,stationary,17,post_input_dynamics,1.0,bridge_order_q1.0_v0.025_orderascending,bridge_order,1.0,0.025,ascending,11,0.0,10,3,True,1.0,0.0,0.0,0.025000000000000022,0.0012500000000000011,-0.99875,1.0,0.975,1,1,119,0.008333333333333333,0.9916666666666667,1,1,1,0,1,1,1,0,False,0,,,,,True,1,120,120,A_genuine_revision_candidate,not_available,not_available,120,0,120,1.0,0.8333333333333334,81,0.1625,0.975,a86560a0e67b61e43dfb20c7007178cfd83d65ab7067568b9a9851b193b43d20,a86560a0e67b61e43dfb20c7007178cfd83d65ab7067568b9a9851b193b43d20,0.0,,,,,,,,,,0,,True,
bridge_order_q1.0_v0.025_orderascending_seed29,stationary,29,post_input_dynamics,1.0,bridge_order_q1.0_v0.025_orderascending,bridge_order,1.0,0.025,ascending,11,0.0,10,3,True,1.0,0.0,0.0,0.025000000000000022,0.0012500000000000011,-0.99875,1.0,0.975,1,1,119,0.008333333333333333,0.9916666666666667,1,1,1,0,1,1,1,0,False,0,,,,,True,1,120,120,A_genuine_revision_candidate,not_available,not_available,120,0,120,1.0,0.8333333333333334,81,0.1625,0.975,a86560a0e67b61e43dfb20c7007178cfd83d65ab7067568b9a9851b193b43d20,a86560a0e67b61e43dfb20c7007178cfd83d65ab7067568b9a9851b193b43d20,0.0,,,,,,,,,,0,,True,
bridge_order_q1.0_v0.025_orderascending_seed41,stationary,41,post_input_dynamics,1.0,bridge_order_q1.0_v0.025_orderascending,bridge_order,1.0,0.025,ascending,11,0.0,10,3,True,1.0,0.0,0.0,0.025000000000000022,0.0012500000000000011,-0.99875,1.0,0.975,1,1,119,0.008333333333333333,0.9916666666666667,1,1,1,0,1,1,1,0,False,0,,,,,True,1,120,120,A_genuine_revision_candidate,not_available,not_available,120,0,120,1.0,0.8333333333333334,81,0.1625,0.975,a86560a0e67b61e43dfb20c7007178cfd83d65ab7067568b9a9851b193b43d20,a86560a0e67b61e43dfb20c7007178cfd83d65ab7067568b9a9851b193b43d20,0.0,,,,,,,,,,0,,True,
bridge_order_q1.0_v0.025_orderascending_seed53,stationary,53,post_input_dynamics,1.0,bridge_order_q1.0_v0.025_orderascending,bridge_order,1.0,0.025,ascending,11,0.0,10,3,True,1.0,0.0,0.0,0.025000000000000022,0.0012500000000000011,-0.99875,1.0,0.975,1,1,119,0.008333333333333333,0.9916666666666667,1,1,1,0,1,1,1,0,False,0,,,,,True,1,120,120,A_genuine_revision_candidate,not_available,not_available,120,0,120,1.0,0.8333333333333334,81,0.1625,0.975,a86560a0e67b61e43dfb20c7007178cfd83d65ab7067568b9a9851b193b43d20,a86560a0e67b61e43dfb20c7007178cfd83d65ab7067568b9a9851b193b43d20,0.0,,,,,,,,,,0,,True,
bridge_order_q1.0_v0.025_ordershuffled_seed7,stationary,7,post_input_dynamics,1.0,bridge_order_q1.0_v0.025_ordershuffled,bridge_order,1.0,0.025,shuffled,11,0.0,10,3,True,1.0,0.0,0.0,0.025000000000000022,0.025000000000000022,-0.975,1.0,,0,1,119,0.008333333333333333,0.9916666666666667,1,1,1,0,1,1,1,0,False,0,,,,,True,1,120,120,A_genuine_revision_candidate,not_available,not_available,120,0,120,1.0,0.8333333333333334,81,0.1625,0.0,8a456d1fc5cb01caf9420ae2064a64a0734fad909566d32318af1a6b60dedca6,a86560a0e67b61e43dfb20c7007178cfd83d65ab7067568b9a9851b193b43d20,0.0,,,,,,,,,,0,,True,
bridge_order_q1.0_v0.025_ordershuffled_seed17,stationary,17,post_input_dynamics,1.0,bridge_order_q1.0_v0.025_ordershuffled,bridge_order,1.0,0.025,shuffled,11,0.0,10,3,True,1.0,0.0,0.0,0.09999999999999998,0.09999999999999998,-0.9,1.0,,0,4,116,0.03333333333333333,0.9666666666666667,1,1,1,0,1,1,1,0,False,0,,,,,True,1,120,120,A_genuine_revision_candidate,not_available,not_available,120,0,120,1.0,0.8333333333333334,81,0.1625,0.0,27e93883941c67ffc25073ea1ba360f3af3e021550fa91a6295cfb928249dd67,a86560a0e67b61e43dfb20c7007178cfd83d65ab7067568b9a9851b193b43d20,0.0,,,,,,,,,,0,,True,
bridge_order_q1.0_v0.025_ordershuffled_seed29,stationary,29,post_input_dynamics,1.0,bridge_order_q1.0_v0.025_ordershuffled,bridge_order,1.0,0.025,shuffled,11,0.0,10,3,True,1.0,0.0,0.0,0.025000000000000022,0.025000000000000022,-0.975,1.0,,0,1,119,0.008333333333333333,0.9916666666666667,1,1,1,0,1,1,1,0,False,0,,,,,True,1,120,120,A_genuine_revision_candidate,not_available,not_available,120,0,120,1.0,0.8333333333333334,81,0.1625,0.125,89f6b27fe9dbae4224cb791dbe4e1f0174c7de528e711db995f5065fe17c4d41,a86560a0e67b61e43dfb20c7007178cfd83d65ab7067568b9a9851b193b43d20,0.0,,,,,,,,,,0,,True,
bridge_order_q1.0_v0.025_ordershuffled_seed41,stationary,41,post_input_dynamics,1.0,bridge_order_q1.0_v0.025_ordershuffled,bridge_order,1.0,0.025,shuffled,11,0.0,10,3,True,1.0,0.0,0.0,0.025000000000000022,0.010000000000000009,-0.99,1.0,0.975,1,1,119,0.008333333333333333,0.9916666666666667,1,1,1,0,1,1,1,0,False,0,,,,,True,1,120,120,A_genuine_revision_candidate,not_available,not_available,120,0,120,1.0,0.8333333333333334,81,0.1625,0.0,3d0b9cfa1e45d741366da04a85b396e135c12e9b943484f798080718981a6796,a86560a0e67b61e43dfb20c7007178cfd83d65ab7067568b9a9851b193b43d20,0.0,,,,,,,,,,0,,True,
bridge_order_q1.0_v0.025_ordershuffled_seed53,stationary,53,post_input_dynamics,1.0,bridge_order_q1.0_v0.025_ordershuffled,bridge_order,1.0,0.025,shuffled,11,0.0,10,3,True,1.0,0.0,0.0,0.09999999999999998,0.09999999999999998,-0.9,1.0,,0,4,116,0.03333333333333333,0.9666666666666667,1,1,1,0,1,1,1,0,False,0,,,,,True,1,120,120,A_genuine_revision_candidate,not_available,not_available,120,0,120,1.0,0.8333333333333334,81,0.1625,0.0,8ad232cb98b16d1c3183db0d1de4450b6129aa0f1ca8413513bbe41f6f6befd8,a86560a0e67b61e43dfb20c7007178cfd83d65ab7067568b9a9851b193b43d20,0.0,,,,,,,,,0.975,1,True,True,
