fixture,seed,policy,tol,step,input_index,value,is_reference,belief_before,accepted,agreement_before_update,belief_after
frozen,-1,gated,0.0,1,0,0.0,False,0.0,True,1.0,0.0
frozen,-1,gated,0.0,1,1,1.0,True,0.0,False,0.0,0.0
frozen,-1,gated,0.0,2,0,0.0,False,0.0,True,1.0,0.0
frozen,-1,gated,0.0,2,1,1.0,True,0.0,False,0.0,0.0
frozen,-1,gated,0.0,3,0,0.0,False,0.0,True,1.0,0.0
frozen,-1,gated,0.0,3,1,1.0,True,0.0,False,0.0,0.0
frozen,-1,gated,0.0,4,0,0.0,False,0.0,True,1.0,0.0
frozen,-1,gated,0.0,4,1,1.0,True,0.0,False,0.0,0.0
frozen,-1,gated,0.0,5,0,0.0,False,0.0,True,1.0,0.0
frozen,-1,gated,0.0,5,1,1.0,True,0.0,False,0.0,0.0
frozen,-1,gated,0.0,6,0,0.0,False,0.0,True,1.0,0.0
frozen,-1,gated,0.0,6,1,1.0,True,0.0,False,0.0,0.0
frozen,-1,gated,0.0,7,0,0.0,False,0.0,True,1.0,0.0
frozen,-1,gated,0.0,7,1,1.0,True,0.0,False,0.0,0.0
frozen,-1,gated,0.0,8,0,0.0,False,0.0,True,1.0,0.0
frozen,-1,gated,0.0,8,1,1.0,True,0.0,False,0.0,0.0
frozen,-1,gated,0.0,9,0,0.0,False,0.0,True,1.0,0.0
frozen,-1,gated,0.0,9,1,1.0,True,0.0,False,0.0,0.0
frozen,-1,gated,0.0,10,0,0.0,False,0.0,True,1.0,0.0
frozen,-1,gated,0.0,10,1,1.0,True,0.0,False,0.0,0.0
frozen,-1,gated,0.0,11,0,0.0,False,0.0,True,1.0,0.0
frozen,-1,gated,0.0,11,1,1.0,True,0.0,False,0.0,0.0
frozen,-1,gated,0.0,12,0,0.0,False,0.0,True,1.0,0.0
frozen,-1,gated,0.0,12,1,1.0,True,0.0,False,0.0,0.0
frozen,-1,gated,0.0,13,0,0.0,False,0.0,True,1.0,0.0
frozen,-1,gated,0.0,13,1,1.0,True,0.0,False,0.0,0.0
frozen,-1,gated,0.0,14,0,0.0,False,0.0,True,1.0,0.0
frozen,-1,gated,0.0,14,1,1.0,True,0.0,False,0.0,0.0
frozen,-1,gated,0.0,15,0,0.0,False,0.0,True,1.0,0.0
frozen,-1,gated,0.0,15,1,1.0,True,0.0,False,0.0,0.0
frozen,-1,gated,0.0,16,0,0.0,False,0.0,True,1.0,0.0
frozen,-1,gated,0.0,16,1,1.0,True,0.0,False,0.0,0.0
frozen,-1,gated,0.0,17,0,0.0,False,0.0,True,1.0,0.0
frozen,-1,gated,0.0,17,1,1.0,True,0.0,False,0.0,0.0
frozen,-1,gated,0.0,18,0,0.0,False,0.0,True,1.0,0.0
frozen,-1,gated,0.0,18,1,1.0,True,0.0,False,0.0,0.0
frozen,-1,gated,0.0,19,0,0.0,False,0.0,True,1.0,0.0
frozen,-1,gated,0.0,19,1,1.0,True,0.0,False,0.0,0.0
frozen,-1,gated,0.0,20,0,0.0,False,0.0,True,1.0,0.0
frozen,-1,gated,0.0,20,1,1.0,True,0.0,False,0.0,0.0
frozen,-1,gated,0.0,21,0,0.0,False,0.0,True,1.0,0.0
frozen,-1,gated,0.0,21,1,1.0,True,0.0,False,0.0,0.0
frozen,-1,gated,0.0,22,0,0.0,False,0.0,True,1.0,0.0
frozen,-1,gated,0.0,22,1,1.0,True,0.0,False,0.0,0.0
frozen,-1,gated,0.0,23,0,0.0,False,0.0,True,1.0,0.0
frozen,-1,gated,0.0,23,1,1.0,True,0.0,False,0.0,0.0
frozen,-1,gated,0.0,24,0,0.0,False,0.0,True,1.0,0.0
frozen,-1,gated,0.0,24,1,1.0,True,0.0,False,0.0,0.0
frozen,-1,gated,0.0,25,0,0.0,False,0.0,True,1.0,0.0
frozen,-1,gated,0.0,25,1,1.0,True,0.0,False,0.0,0.0
frozen,-1,gated,0.0,26,0,0.0,False,0.0,True,1.0,0.0
frozen,-1,gated,0.0,26,1,1.0,True,0.0,False,0.0,0.0
frozen,-1,gated,0.0,27,0,0.0,False,0.0,True,1.0,0.0
frozen,-1,gated,0.0,27,1,1.0,True,0.0,False,0.0,0.0
frozen,-1,gated,0.0,28,0,0.0,False,0.0,True,1.0,0.0
frozen,-1,gated,0.0,28,1,1.0,True,0.0,False,0.0,0.0
frozen,-1,gated,0.0,29,0,0.0,False,0.0,True,1.0,0.0
frozen,-1,gated,0.0,29,1,1.0,True,0.0,False,0.0,0.0
frozen,-1,gated,0.0,30,0,0.0,False,0.0,True,1.0,0.0
frozen,-1,gated,0.0,30,1,1.0,True,0.0,False,0.0,0.0
frozen,-1,gated,0.0,31,0,0.0,False,0.0,True,1.0,0.0
frozen,-1,gated,0.0,31,1,1.0,True,0.0,False,0.0,0.0
frozen,-1,gated,0.0,32,0,0.0,False,0.0,True,1.0,0.0
frozen,-1,gated,0.0,32,1,1.0,True,0.0,False,0.0,0.0
frozen,-1,gated,0.0,33,0,0.0,False,0.0,True,1.0,0.0
frozen,-1,gated,0.0,33,1,1.0,True,0.0,False,0.0,0.0
frozen,-1,gated,0.0,34,0,0.0,False,0.0,True,1.0,0.0
frozen,-1,gated,0.0,34,1,1.0,True,0.0,False,0.0,0.0
frozen,-1,gated,0.0,35,0,0.0,False,0.0,True,1.0,0.0
frozen,-1,gated,0.0,35,1,1.0,True,0.0,False,0.0,0.0
frozen,-1,gated,0.0,36,0,0.0,False,0.0,True,1.0,0.0
frozen,-1,gated,0.0,36,1,1.0,True,0.0,False,0.0,0.0
frozen,-1,gated,0.0,37,0,0.0,False,0.0,True,1.0,0.0
frozen,-1,gated,0.0,37,1,1.0,True,0.0,False,0.0,0.0
frozen,-1,gated,0.0,38,0,0.0,False,0.0,True,1.0,0.0
frozen,-1,gated,0.0,38,1,1.0,True,0.0,False,0.0,0.0
frozen,-1,gated,0.0,39,0,0.0,False,0.0,True,1.0,0.0
frozen,-1,gated,0.0,39,1,1.0,True,0.0,False,0.0,0.0
frozen,-1,gated,0.0,40,0,0.0,False,0.0,True,1.0,0.0
frozen,-1,gated,0.0,40,1,1.0,True,0.0,False,0.0,0.0
frozen,-1,gated,0.0,41,0,0.0,False,0.0,True,1.0,0.0
frozen,-1,gated,0.0,41,1,1.0,True,0.0,False,0.0,0.0
frozen,-1,gated,0.0,42,0,0.0,False,0.0,True,1.0,0.0
frozen,-1,gated,0.0,42,1,1.0,True,0.0,False,0.0,0.0
frozen,-1,gated,0.0,43,0,0.0,False,0.0,True,1.0,0.0
frozen,-1,gated,0.0,43,1,1.0,True,0.0,False,0.0,0.0
frozen,-1,gated,0.0,44,0,0.0,False,0.0,True,1.0,0.0
frozen,-1,gated,0.0,44,1,1.0,True,0.0,False,0.0,0.0
frozen,-1,gated,0.0,45,0,0.0,False,0.0,True,1.0,0.0
frozen,-1,gated,0.0,45,1,1.0,True,0.0,False,0.0,0.0
frozen,-1,gated,0.0,46,0,0.0,False,0.0,True,1.0,0.0
frozen,-1,gated,0.0,46,1,1.0,True,0.0,False,0.0,0.0
frozen,-1,gated,0.0,47,0,0.0,False,0.0,True,1.0,0.0
frozen,-1,gated,0.0,47,1,1.0,True,0.0,False,0.0,0.0
frozen,-1,gated,0.0,48,0,0.0,False,0.0,True,1.0,0.0
frozen,-1,gated,0.0,48,1,1.0,True,0.0,False,0.0,0.0
frozen,-1,gated,0.0,49,0,0.0,False,0.0,True,1.0,0.0
frozen,-1,gated,0.0,49,1,1.0,True,0.0,False,0.0,0.0
frozen,-1,gated,0.0,50,0,0.0,False,0.0,True,1.0,0.0
frozen,-1,gated,0.0,50,1,1.0,True,0.0,False,0.0,0.0
frozen,-1,gated,0.0,51,0,0.0,False,0.0,True,1.0,0.0
frozen,-1,gated,0.0,51,1,1.0,True,0.0,False,0.0,0.0
frozen,-1,gated,0.0,52,0,0.0,False,0.0,True,1.0,0.0
frozen,-1,gated,0.0,52,1,1.0,True,0.0,False,0.0,0.0
frozen,-1,gated,0.0,53,0,0.0,False,0.0,True,1.0,0.0
frozen,-1,gated,0.0,53,1,1.0,True,0.0,False,0.0,0.0
frozen,-1,gated,0.0,54,0,0.0,False,0.0,True,1.0,0.0
frozen,-1,gated,0.0,54,1,1.0,True,0.0,False,0.0,0.0
frozen,-1,gated,0.0,55,0,0.0,False,0.0,True,1.0,0.0
frozen,-1,gated,0.0,55,1,1.0,True,0.0,False,0.0,0.0
frozen,-1,gated,0.0,56,0,0.0,False,0.0,True,1.0,0.0
frozen,-1,gated,0.0,56,1,1.0,True,0.0,False,0.0,0.0
frozen,-1,gated,0.0,57,0,0.0,False,0.0,True,1.0,0.0
frozen,-1,gated,0.0,57,1,1.0,True,0.0,False,0.0,0.0
frozen,-1,gated,0.0,58,0,0.0,False,0.0,True,1.0,0.0
frozen,-1,gated,0.0,58,1,1.0,True,0.0,False,0.0,0.0
frozen,-1,gated,0.0,59,0,0.0,False,0.0,True,1.0,0.0
frozen,-1,gated,0.0,59,1,1.0,True,0.0,False,0.0,0.0
frozen,-1,gated,0.0,60,0,0.0,False,0.0,True,1.0,0.0
frozen,-1,gated,0.0,60,1,1.0,True,0.0,False,0.0,0.0
frozen,-1,gated,0.0,61,0,0.0,False,0.0,True,1.0,0.0
frozen,-1,gated,0.0,61,1,1.0,True,0.0,False,0.0,0.0
frozen,-1,gated,0.0,62,0,0.0,False,0.0,True,1.0,0.0
frozen,-1,gated,0.0,62,1,1.0,True,0.0,False,0.0,0.0
frozen,-1,gated,0.0,63,0,0.0,False,0.0,True,1.0,0.0
frozen,-1,gated,0.0,63,1,1.0,True,0.0,False,0.0,0.0
frozen,-1,gated,0.0,64,0,0.0,False,0.0,True,1.0,0.0
frozen,-1,gated,0.0,64,1,1.0,True,0.0,False,0.0,0.0
frozen,-1,gated,0.0,65,0,0.0,False,0.0,True,1.0,0.0
frozen,-1,gated,0.0,65,1,1.0,True,0.0,False,0.0,0.0
frozen,-1,gated,0.0,66,0,0.0,False,0.0,True,1.0,0.0
frozen,-1,gated,0.0,66,1,1.0,True,0.0,False,0.0,0.0
frozen,-1,gated,0.0,67,0,0.0,False,0.0,True,1.0,0.0
frozen,-1,gated,0.0,67,1,1.0,True,0.0,False,0.0,0.0
frozen,-1,gated,0.0,68,0,0.0,False,0.0,True,1.0,0.0
frozen,-1,gated,0.0,68,1,1.0,True,0.0,False,0.0,0.0
frozen,-1,gated,0.0,69,0,0.0,False,0.0,True,1.0,0.0
frozen,-1,gated,0.0,69,1,1.0,True,0.0,False,0.0,0.0
frozen,-1,gated,0.0,70,0,0.0,False,0.0,True,1.0,0.0
frozen,-1,gated,0.0,70,1,1.0,True,0.0,False,0.0,0.0
frozen,-1,gated,0.0,71,0,0.0,False,0.0,True,1.0,0.0
frozen,-1,gated,0.0,71,1,1.0,True,0.0,False,0.0,0.0
frozen,-1,gated,0.0,72,0,0.0,False,0.0,True,1.0,0.0
frozen,-1,gated,0.0,72,1,1.0,True,0.0,False,0.0,0.0
frozen,-1,gated,0.0,73,0,0.0,False,0.0,True,1.0,0.0
frozen,-1,gated,0.0,73,1,1.0,True,0.0,False,0.0,0.0
frozen,-1,gated,0.0,74,0,0.0,False,0.0,True,1.0,0.0
frozen,-1,gated,0.0,74,1,1.0,True,0.0,False,0.0,0.0
frozen,-1,gated,0.0,75,0,0.0,False,0.0,True,1.0,0.0
frozen,-1,gated,0.0,75,1,1.0,True,0.0,False,0.0,0.0
frozen,-1,gated,0.0,76,0,0.0,False,0.0,True,1.0,0.0
frozen,-1,gated,0.0,76,1,1.0,True,0.0,False,0.0,0.0
frozen,-1,gated,0.0,77,0,0.0,False,0.0,True,1.0,0.0
frozen,-1,gated,0.0,77,1,1.0,True,0.0,False,0.0,0.0
frozen,-1,gated,0.0,78,0,0.0,False,0.0,True,1.0,0.0
frozen,-1,gated,0.0,78,1,1.0,True,0.0,False,0.0,0.0
frozen,-1,gated,0.0,79,0,0.0,False,0.0,True,1.0,0.0
frozen,-1,gated,0.0,79,1,1.0,True,0.0,False,0.0,0.0
frozen,-1,gated,0.0,80,0,0.0,False,0.0,True,1.0,0.0
frozen,-1,gated,0.0,80,1,1.0,True,0.0,False,0.0,0.0
frozen,-1,accept_all,0.0,1,0,0.0,False,0.0,True,1.0,0.0
frozen,-1,accept_all,0.0,1,1,1.0,True,0.0,True,0.0,1.0
frozen,-1,accept_all,0.0,2,0,0.0,False,1.0,True,0.0,0.0
frozen,-1,accept_all,0.0,2,1,1.0,True,0.0,True,0.0,1.0
frozen,-1,accept_all,0.0,3,0,0.0,False,1.0,True,0.0,0.0
frozen,-1,accept_all,0.0,3,1,1.0,True,0.0,True,0.0,1.0
frozen,-1,accept_all,0.0,4,0,0.0,False,1.0,True,0.0,0.0
frozen,-1,accept_all,0.0,4,1,1.0,True,0.0,True,0.0,1.0
frozen,-1,accept_all,0.0,5,0,0.0,False,1.0,True,0.0,0.0
frozen,-1,accept_all,0.0,5,1,1.0,True,0.0,True,0.0,1.0
frozen,-1,accept_all,0.0,6,0,0.0,False,1.0,True,0.0,0.0
frozen,-1,accept_all,0.0,6,1,1.0,True,0.0,True,0.0,1.0
frozen,-1,accept_all,0.0,7,0,0.0,False,1.0,True,0.0,0.0
frozen,-1,accept_all,0.0,7,1,1.0,True,0.0,True,0.0,1.0
frozen,-1,accept_all,0.0,8,0,0.0,False,1.0,True,0.0,0.0
frozen,-1,accept_all,0.0,8,1,1.0,True,0.0,True,0.0,1.0
frozen,-1,accept_all,0.0,9,0,0.0,False,1.0,True,0.0,0.0
frozen,-1,accept_all,0.0,9,1,1.0,True,0.0,True,0.0,1.0
frozen,-1,accept_all,0.0,10,0,0.0,False,1.0,True,0.0,0.0
frozen,-1,accept_all,0.0,10,1,1.0,True,0.0,True,0.0,1.0
frozen,-1,accept_all,0.0,11,0,0.0,False,1.0,True,0.0,0.0
frozen,-1,accept_all,0.0,11,1,1.0,True,0.0,True,0.0,1.0
frozen,-1,accept_all,0.0,12,0,0.0,False,1.0,True,0.0,0.0
frozen,-1,accept_all,0.0,12,1,1.0,True,0.0,True,0.0,1.0
frozen,-1,accept_all,0.0,13,0,0.0,False,1.0,True,0.0,0.0
frozen,-1,accept_all,0.0,13,1,1.0,True,0.0,True,0.0,1.0
frozen,-1,accept_all,0.0,14,0,0.0,False,1.0,True,0.0,0.0
frozen,-1,accept_all,0.0,14,1,1.0,True,0.0,True,0.0,1.0
frozen,-1,accept_all,0.0,15,0,0.0,False,1.0,True,0.0,0.0
frozen,-1,accept_all,0.0,15,1,1.0,True,0.0,True,0.0,1.0
frozen,-1,accept_all,0.0,16,0,0.0,False,1.0,True,0.0,0.0
frozen,-1,accept_all,0.0,16,1,1.0,True,0.0,True,0.0,1.0
frozen,-1,accept_all,0.0,17,0,0.0,False,1.0,True,0.0,0.0
frozen,-1,accept_all,0.0,17,1,1.0,True,0.0,True,0.0,1.0
frozen,-1,accept_all,0.0,18,0,0.0,False,1.0,True,0.0,0.0
frozen,-1,accept_all,0.0,18,1,1.0,True,0.0,True,0.0,1.0
frozen,-1,accept_all,0.0,19,0,0.0,False,1.0,True,0.0,0.0
frozen,-1,accept_all,0.0,19,1,1.0,True,0.0,True,0.0,1.0
frozen,-1,accept_all,0.0,20,0,0.0,False,1.0,True,0.0,0.0
frozen,-1,accept_all,0.0,20,1,1.0,True,0.0,True,0.0,1.0
frozen,-1,accept_all,0.0,21,0,0.0,False,1.0,True,0.0,0.0
frozen,-1,accept_all,0.0,21,1,1.0,True,0.0,True,0.0,1.0
frozen,-1,accept_all,0.0,22,0,0.0,False,1.0,True,0.0,0.0
frozen,-1,accept_all,0.0,22,1,1.0,True,0.0,True,0.0,1.0
frozen,-1,accept_all,0.0,23,0,0.0,False,1.0,True,0.0,0.0
frozen,-1,accept_all,0.0,23,1,1.0,True,0.0,True,0.0,1.0
frozen,-1,accept_all,0.0,24,0,0.0,False,1.0,True,0.0,0.0
frozen,-1,accept_all,0.0,24,1,1.0,True,0.0,True,0.0,1.0
frozen,-1,accept_all,0.0,25,0,0.0,False,1.0,True,0.0,0.0
frozen,-1,accept_all,0.0,25,1,1.0,True,0.0,True,0.0,1.0
frozen,-1,accept_all,0.0,26,0,0.0,False,1.0,True,0.0,0.0
frozen,-1,accept_all,0.0,26,1,1.0,True,0.0,True,0.0,1.0
frozen,-1,accept_all,0.0,27,0,0.0,False,1.0,True,0.0,0.0
frozen,-1,accept_all,0.0,27,1,1.0,True,0.0,True,0.0,1.0
frozen,-1,accept_all,0.0,28,0,0.0,False,1.0,True,0.0,0.0
frozen,-1,accept_all,0.0,28,1,1.0,True,0.0,True,0.0,1.0
frozen,-1,accept_all,0.0,29,0,0.0,False,1.0,True,0.0,0.0
frozen,-1,accept_all,0.0,29,1,1.0,True,0.0,True,0.0,1.0
frozen,-1,accept_all,0.0,30,0,0.0,False,1.0,True,0.0,0.0
frozen,-1,accept_all,0.0,30,1,1.0,True,0.0,True,0.0,1.0
frozen,-1,accept_all,0.0,31,0,0.0,False,1.0,True,0.0,0.0
frozen,-1,accept_all,0.0,31,1,1.0,True,0.0,True,0.0,1.0
frozen,-1,accept_all,0.0,32,0,0.0,False,1.0,True,0.0,0.0
frozen,-1,accept_all,0.0,32,1,1.0,True,0.0,True,0.0,1.0
frozen,-1,accept_all,0.0,33,0,0.0,False,1.0,True,0.0,0.0
frozen,-1,accept_all,0.0,33,1,1.0,True,0.0,True,0.0,1.0
frozen,-1,accept_all,0.0,34,0,0.0,False,1.0,True,0.0,0.0
frozen,-1,accept_all,0.0,34,1,1.0,True,0.0,True,0.0,1.0
frozen,-1,accept_all,0.0,35,0,0.0,False,1.0,True,0.0,0.0
frozen,-1,accept_all,0.0,35,1,1.0,True,0.0,True,0.0,1.0
frozen,-1,accept_all,0.0,36,0,0.0,False,1.0,True,0.0,0.0
frozen,-1,accept_all,0.0,36,1,1.0,True,0.0,True,0.0,1.0
frozen,-1,accept_all,0.0,37,0,0.0,False,1.0,True,0.0,0.0
frozen,-1,accept_all,0.0,37,1,1.0,True,0.0,True,0.0,1.0
frozen,-1,accept_all,0.0,38,0,0.0,False,1.0,True,0.0,0.0
frozen,-1,accept_all,0.0,38,1,1.0,True,0.0,True,0.0,1.0
frozen,-1,accept_all,0.0,39,0,0.0,False,1.0,True,0.0,0.0
frozen,-1,accept_all,0.0,39,1,1.0,True,0.0,True,0.0,1.0
frozen,-1,accept_all,0.0,40,0,0.0,False,1.0,True,0.0,0.0
frozen,-1,accept_all,0.0,40,1,1.0,True,0.0,True,0.0,1.0
frozen,-1,accept_all,0.0,41,0,0.0,False,1.0,True,0.0,0.0
frozen,-1,accept_all,0.0,41,1,1.0,True,0.0,True,0.0,1.0
frozen,-1,accept_all,0.0,42,0,0.0,False,1.0,True,0.0,0.0
frozen,-1,accept_all,0.0,42,1,1.0,True,0.0,True,0.0,1.0
frozen,-1,accept_all,0.0,43,0,0.0,False,1.0,True,0.0,0.0
frozen,-1,accept_all,0.0,43,1,1.0,True,0.0,True,0.0,1.0
frozen,-1,accept_all,0.0,44,0,0.0,False,1.0,True,0.0,0.0
frozen,-1,accept_all,0.0,44,1,1.0,True,0.0,True,0.0,1.0
frozen,-1,accept_all,0.0,45,0,0.0,False,1.0,True,0.0,0.0
frozen,-1,accept_all,0.0,45,1,1.0,True,0.0,True,0.0,1.0
frozen,-1,accept_all,0.0,46,0,0.0,False,1.0,True,0.0,0.0
frozen,-1,accept_all,0.0,46,1,1.0,True,0.0,True,0.0,1.0
frozen,-1,accept_all,0.0,47,0,0.0,False,1.0,True,0.0,0.0
frozen,-1,accept_all,0.0,47,1,1.0,True,0.0,True,0.0,1.0
frozen,-1,accept_all,0.0,48,0,0.0,False,1.0,True,0.0,0.0
frozen,-1,accept_all,0.0,48,1,1.0,True,0.0,True,0.0,1.0
frozen,-1,accept_all,0.0,49,0,0.0,False,1.0,True,0.0,0.0
frozen,-1,accept_all,0.0,49,1,1.0,True,0.0,True,0.0,1.0
frozen,-1,accept_all,0.0,50,0,0.0,False,1.0,True,0.0,0.0
frozen,-1,accept_all,0.0,50,1,1.0,True,0.0,True,0.0,1.0
frozen,-1,accept_all,0.0,51,0,0.0,False,1.0,True,0.0,0.0
frozen,-1,accept_all,0.0,51,1,1.0,True,0.0,True,0.0,1.0
frozen,-1,accept_all,0.0,52,0,0.0,False,1.0,True,0.0,0.0
frozen,-1,accept_all,0.0,52,1,1.0,True,0.0,True,0.0,1.0
frozen,-1,accept_all,0.0,53,0,0.0,False,1.0,True,0.0,0.0
frozen,-1,accept_all,0.0,53,1,1.0,True,0.0,True,0.0,1.0
frozen,-1,accept_all,0.0,54,0,0.0,False,1.0,True,0.0,0.0
frozen,-1,accept_all,0.0,54,1,1.0,True,0.0,True,0.0,1.0
frozen,-1,accept_all,0.0,55,0,0.0,False,1.0,True,0.0,0.0
frozen,-1,accept_all,0.0,55,1,1.0,True,0.0,True,0.0,1.0
frozen,-1,accept_all,0.0,56,0,0.0,False,1.0,True,0.0,0.0
frozen,-1,accept_all,0.0,56,1,1.0,True,0.0,True,0.0,1.0
frozen,-1,accept_all,0.0,57,0,0.0,False,1.0,True,0.0,0.0
frozen,-1,accept_all,0.0,57,1,1.0,True,0.0,True,0.0,1.0
frozen,-1,accept_all,0.0,58,0,0.0,False,1.0,True,0.0,0.0
frozen,-1,accept_all,0.0,58,1,1.0,True,0.0,True,0.0,1.0
frozen,-1,accept_all,0.0,59,0,0.0,False,1.0,True,0.0,0.0
frozen,-1,accept_all,0.0,59,1,1.0,True,0.0,True,0.0,1.0
frozen,-1,accept_all,0.0,60,0,0.0,False,1.0,True,0.0,0.0
frozen,-1,accept_all,0.0,60,1,1.0,True,0.0,True,0.0,1.0
frozen,-1,accept_all,0.0,61,0,0.0,False,1.0,True,0.0,0.0
frozen,-1,accept_all,0.0,61,1,1.0,True,0.0,True,0.0,1.0
frozen,-1,accept_all,0.0,62,0,0.0,False,1.0,True,0.0,0.0
frozen,-1,accept_all,0.0,62,1,1.0,True,0.0,True,0.0,1.0
frozen,-1,accept_all,0.0,63,0,0.0,False,1.0,True,0.0,0.0
frozen,-1,accept_all,0.0,63,1,1.0,True,0.0,True,0.0,1.0
frozen,-1,accept_all,0.0,64,0,0.0,False,1.0,True,0.0,0.0
frozen,-1,accept_all,0.0,64,1,1.0,True,0.0,True,0.0,1.0
frozen,-1,accept_all,0.0,65,0,0.0,False,1.0,True,0.0,0.0
frozen,-1,accept_all,0.0,65,1,1.0,True,0.0,True,0.0,1.0
frozen,-1,accept_all,0.0,66,0,0.0,False,1.0,True,0.0,0.0
frozen,-1,accept_all,0.0,66,1,1.0,True,0.0,True,0.0,1.0
frozen,-1,accept_all,0.0,67,0,0.0,False,1.0,True,0.0,0.0
frozen,-1,accept_all,0.0,67,1,1.0,True,0.0,True,0.0,1.0
frozen,-1,accept_all,0.0,68,0,0.0,False,1.0,True,0.0,0.0
frozen,-1,accept_all,0.0,68,1,1.0,True,0.0,True,0.0,1.0
frozen,-1,accept_all,0.0,69,0,0.0,False,1.0,True,0.0,0.0
frozen,-1,accept_all,0.0,69,1,1.0,True,0.0,True,0.0,1.0
frozen,-1,accept_all,0.0,70,0,0.0,False,1.0,True,0.0,0.0
frozen,-1,accept_all,0.0,70,1,1.0,True,0.0,True,0.0,1.0
frozen,-1,accept_all,0.0,71,0,0.0,False,1.0,True,0.0,0.0
frozen,-1,accept_all,0.0,71,1,1.0,True,0.0,True,0.0,1.0
frozen,-1,accept_all,0.0,72,0,0.0,False,1.0,True,0.0,0.0
frozen,-1,accept_all,0.0,72,1,1.0,True,0.0,True,0.0,1.0
frozen,-1,accept_all,0.0,73,0,0.0,False,1.0,True,0.0,0.0
frozen,-1,accept_all,0.0,73,1,1.0,True,0.0,True,0.0,1.0
frozen,-1,accept_all,0.0,74,0,0.0,False,1.0,True,0.0,0.0
frozen,-1,accept_all,0.0,74,1,1.0,True,0.0,True,0.0,1.0
frozen,-1,accept_all,0.0,75,0,0.0,False,1.0,True,0.0,0.0
frozen,-1,accept_all,0.0,75,1,1.0,True,0.0,True,0.0,1.0
frozen,-1,accept_all,0.0,76,0,0.0,False,1.0,True,0.0,0.0
frozen,-1,accept_all,0.0,76,1,1.0,True,0.0,True,0.0,1.0
frozen,-1,accept_all,0.0,77,0,0.0,False,1.0,True,0.0,0.0
frozen,-1,accept_all,0.0,77,1,1.0,True,0.0,True,0.0,1.0
frozen,-1,accept_all,0.0,78,0,0.0,False,1.0,True,0.0,0.0
frozen,-1,accept_all,0.0,78,1,1.0,True,0.0,True,0.0,1.0
frozen,-1,accept_all,0.0,79,0,0.0,False,1.0,True,0.0,0.0
frozen,-1,accept_all,0.0,79,1,1.0,True,0.0,True,0.0,1.0
frozen,-1,accept_all,0.0,80,0,0.0,False,1.0,True,0.0,0.0
frozen,-1,accept_all,0.0,80,1,1.0,True,0.0,True,0.0,1.0
frozen,-1,reference_only,0.0,1,0,0.0,False,0.0,False,1.0,0.0
frozen,-1,reference_only,0.0,1,1,1.0,True,0.0,True,0.0,1.0
frozen,-1,reference_only,0.0,2,0,0.0,False,1.0,False,0.0,1.0
frozen,-1,reference_only,0.0,2,1,1.0,True,1.0,True,1.0,1.0
frozen,-1,reference_only,0.0,3,0,0.0,False,1.0,False,0.0,1.0
frozen,-1,reference_only,0.0,3,1,1.0,True,1.0,True,1.0,1.0
frozen,-1,reference_only,0.0,4,0,0.0,False,1.0,False,0.0,1.0
frozen,-1,reference_only,0.0,4,1,1.0,True,1.0,True,1.0,1.0
frozen,-1,reference_only,0.0,5,0,0.0,False,1.0,False,0.0,1.0
frozen,-1,reference_only,0.0,5,1,1.0,True,1.0,True,1.0,1.0
frozen,-1,reference_only,0.0,6,0,0.0,False,1.0,False,0.0,1.0
frozen,-1,reference_only,0.0,6,1,1.0,True,1.0,True,1.0,1.0
frozen,-1,reference_only,0.0,7,0,0.0,False,1.0,False,0.0,1.0
frozen,-1,reference_only,0.0,7,1,1.0,True,1.0,True,1.0,1.0
frozen,-1,reference_only,0.0,8,0,0.0,False,1.0,False,0.0,1.0
frozen,-1,reference_only,0.0,8,1,1.0,True,1.0,True,1.0,1.0
frozen,-1,reference_only,0.0,9,0,0.0,False,1.0,False,0.0,1.0
frozen,-1,reference_only,0.0,9,1,1.0,True,1.0,True,1.0,1.0
frozen,-1,reference_only,0.0,10,0,0.0,False,1.0,False,0.0,1.0
frozen,-1,reference_only,0.0,10,1,1.0,True,1.0,True,1.0,1.0
frozen,-1,reference_only,0.0,11,0,0.0,False,1.0,False,0.0,1.0
frozen,-1,reference_only,0.0,11,1,1.0,True,1.0,True,1.0,1.0
frozen,-1,reference_only,0.0,12,0,0.0,False,1.0,False,0.0,1.0
frozen,-1,reference_only,0.0,12,1,1.0,True,1.0,True,1.0,1.0
frozen,-1,reference_only,0.0,13,0,0.0,False,1.0,False,0.0,1.0
frozen,-1,reference_only,0.0,13,1,1.0,True,1.0,True,1.0,1.0
frozen,-1,reference_only,0.0,14,0,0.0,False,1.0,False,0.0,1.0
frozen,-1,reference_only,0.0,14,1,1.0,True,1.0,True,1.0,1.0
frozen,-1,reference_only,0.0,15,0,0.0,False,1.0,False,0.0,1.0
frozen,-1,reference_only,0.0,15,1,1.0,True,1.0,True,1.0,1.0
frozen,-1,reference_only,0.0,16,0,0.0,False,1.0,False,0.0,1.0
frozen,-1,reference_only,0.0,16,1,1.0,True,1.0,True,1.0,1.0
frozen,-1,reference_only,0.0,17,0,0.0,False,1.0,False,0.0,1.0
frozen,-1,reference_only,0.0,17,1,1.0,True,1.0,True,1.0,1.0
frozen,-1,reference_only,0.0,18,0,0.0,False,1.0,False,0.0,1.0
frozen,-1,reference_only,0.0,18,1,1.0,True,1.0,True,1.0,1.0
frozen,-1,reference_only,0.0,19,0,0.0,False,1.0,False,0.0,1.0
frozen,-1,reference_only,0.0,19,1,1.0,True,1.0,True,1.0,1.0
frozen,-1,reference_only,0.0,20,0,0.0,False,1.0,False,0.0,1.0
frozen,-1,reference_only,0.0,20,1,1.0,True,1.0,True,1.0,1.0
frozen,-1,reference_only,0.0,21,0,0.0,False,1.0,False,0.0,1.0
frozen,-1,reference_only,0.0,21,1,1.0,True,1.0,True,1.0,1.0
frozen,-1,reference_only,0.0,22,0,0.0,False,1.0,False,0.0,1.0
frozen,-1,reference_only,0.0,22,1,1.0,True,1.0,True,1.0,1.0
frozen,-1,reference_only,0.0,23,0,0.0,False,1.0,False,0.0,1.0
frozen,-1,reference_only,0.0,23,1,1.0,True,1.0,True,1.0,1.0
frozen,-1,reference_only,0.0,24,0,0.0,False,1.0,False,0.0,1.0
frozen,-1,reference_only,0.0,24,1,1.0,True,1.0,True,1.0,1.0
frozen,-1,reference_only,0.0,25,0,0.0,False,1.0,False,0.0,1.0
frozen,-1,reference_only,0.0,25,1,1.0,True,1.0,True,1.0,1.0
frozen,-1,reference_only,0.0,26,0,0.0,False,1.0,False,0.0,1.0
frozen,-1,reference_only,0.0,26,1,1.0,True,1.0,True,1.0,1.0
frozen,-1,reference_only,0.0,27,0,0.0,False,1.0,False,0.0,1.0
frozen,-1,reference_only,0.0,27,1,1.0,True,1.0,True,1.0,1.0
frozen,-1,reference_only,0.0,28,0,0.0,False,1.0,False,0.0,1.0
frozen,-1,reference_only,0.0,28,1,1.0,True,1.0,True,1.0,1.0
frozen,-1,reference_only,0.0,29,0,0.0,False,1.0,False,0.0,1.0
frozen,-1,reference_only,0.0,29,1,1.0,True,1.0,True,1.0,1.0
frozen,-1,reference_only,0.0,30,0,0.0,False,1.0,False,0.0,1.0
frozen,-1,reference_only,0.0,30,1,1.0,True,1.0,True,1.0,1.0
frozen,-1,reference_only,0.0,31,0,0.0,False,1.0,False,0.0,1.0
frozen,-1,reference_only,0.0,31,1,1.0,True,1.0,True,1.0,1.0
frozen,-1,reference_only,0.0,32,0,0.0,False,1.0,False,0.0,1.0
frozen,-1,reference_only,0.0,32,1,1.0,True,1.0,True,1.0,1.0
frozen,-1,reference_only,0.0,33,0,0.0,False,1.0,False,0.0,1.0
frozen,-1,reference_only,0.0,33,1,1.0,True,1.0,True,1.0,1.0
frozen,-1,reference_only,0.0,34,0,0.0,False,1.0,False,0.0,1.0
frozen,-1,reference_only,0.0,34,1,1.0,True,1.0,True,1.0,1.0
frozen,-1,reference_only,0.0,35,0,0.0,False,1.0,False,0.0,1.0
frozen,-1,reference_only,0.0,35,1,1.0,True,1.0,True,1.0,1.0
frozen,-1,reference_only,0.0,36,0,0.0,False,1.0,False,0.0,1.0
frozen,-1,reference_only,0.0,36,1,1.0,True,1.0,True,1.0,1.0
frozen,-1,reference_only,0.0,37,0,0.0,False,1.0,False,0.0,1.0
frozen,-1,reference_only,0.0,37,1,1.0,True,1.0,True,1.0,1.0
frozen,-1,reference_only,0.0,38,0,0.0,False,1.0,False,0.0,1.0
frozen,-1,reference_only,0.0,38,1,1.0,True,1.0,True,1.0,1.0
frozen,-1,reference_only,0.0,39,0,0.0,False,1.0,False,0.0,1.0
frozen,-1,reference_only,0.0,39,1,1.0,True,1.0,True,1.0,1.0
frozen,-1,reference_only,0.0,40,0,0.0,False,1.0,False,0.0,1.0
frozen,-1,reference_only,0.0,40,1,1.0,True,1.0,True,1.0,1.0
frozen,-1,reference_only,0.0,41,0,0.0,False,1.0,False,0.0,1.0
frozen,-1,reference_only,0.0,41,1,1.0,True,1.0,True,1.0,1.0
frozen,-1,reference_only,0.0,42,0,0.0,False,1.0,False,0.0,1.0
frozen,-1,reference_only,0.0,42,1,1.0,True,1.0,True,1.0,1.0
frozen,-1,reference_only,0.0,43,0,0.0,False,1.0,False,0.0,1.0
frozen,-1,reference_only,0.0,43,1,1.0,True,1.0,True,1.0,1.0
frozen,-1,reference_only,0.0,44,0,0.0,False,1.0,False,0.0,1.0
frozen,-1,reference_only,0.0,44,1,1.0,True,1.0,True,1.0,1.0
frozen,-1,reference_only,0.0,45,0,0.0,False,1.0,False,0.0,1.0
frozen,-1,reference_only,0.0,45,1,1.0,True,1.0,True,1.0,1.0
frozen,-1,reference_only,0.0,46,0,0.0,False,1.0,False,0.0,1.0
frozen,-1,reference_only,0.0,46,1,1.0,True,1.0,True,1.0,1.0
frozen,-1,reference_only,0.0,47,0,0.0,False,1.0,False,0.0,1.0
frozen,-1,reference_only,0.0,47,1,1.0,True,1.0,True,1.0,1.0
frozen,-1,reference_only,0.0,48,0,0.0,False,1.0,False,0.0,1.0
frozen,-1,reference_only,0.0,48,1,1.0,True,1.0,True,1.0,1.0
frozen,-1,reference_only,0.0,49,0,0.0,False,1.0,False,0.0,1.0
frozen,-1,reference_only,0.0,49,1,1.0,True,1.0,True,1.0,1.0
frozen,-1,reference_only,0.0,50,0,0.0,False,1.0,False,0.0,1.0
frozen,-1,reference_only,0.0,50,1,1.0,True,1.0,True,1.0,1.0
frozen,-1,reference_only,0.0,51,0,0.0,False,1.0,False,0.0,1.0
frozen,-1,reference_only,0.0,51,1,1.0,True,1.0,True,1.0,1.0
frozen,-1,reference_only,0.0,52,0,0.0,False,1.0,False,0.0,1.0
frozen,-1,reference_only,0.0,52,1,1.0,True,1.0,True,1.0,1.0
frozen,-1,reference_only,0.0,53,0,0.0,False,1.0,False,0.0,1.0
frozen,-1,reference_only,0.0,53,1,1.0,True,1.0,True,1.0,1.0
frozen,-1,reference_only,0.0,54,0,0.0,False,1.0,False,0.0,1.0
frozen,-1,reference_only,0.0,54,1,1.0,True,1.0,True,1.0,1.0
frozen,-1,reference_only,0.0,55,0,0.0,False,1.0,False,0.0,1.0
frozen,-1,reference_only,0.0,55,1,1.0,True,1.0,True,1.0,1.0
frozen,-1,reference_only,0.0,56,0,0.0,False,1.0,False,0.0,1.0
frozen,-1,reference_only,0.0,56,1,1.0,True,1.0,True,1.0,1.0
frozen,-1,reference_only,0.0,57,0,0.0,False,1.0,False,0.0,1.0
frozen,-1,reference_only,0.0,57,1,1.0,True,1.0,True,1.0,1.0
frozen,-1,reference_only,0.0,58,0,0.0,False,1.0,False,0.0,1.0
frozen,-1,reference_only,0.0,58,1,1.0,True,1.0,True,1.0,1.0
frozen,-1,reference_only,0.0,59,0,0.0,False,1.0,False,0.0,1.0
frozen,-1,reference_only,0.0,59,1,1.0,True,1.0,True,1.0,1.0
frozen,-1,reference_only,0.0,60,0,0.0,False,1.0,False,0.0,1.0
frozen,-1,reference_only,0.0,60,1,1.0,True,1.0,True,1.0,1.0
frozen,-1,reference_only,0.0,61,0,0.0,False,1.0,False,0.0,1.0
frozen,-1,reference_only,0.0,61,1,1.0,True,1.0,True,1.0,1.0
frozen,-1,reference_only,0.0,62,0,0.0,False,1.0,False,0.0,1.0
frozen,-1,reference_only,0.0,62,1,1.0,True,1.0,True,1.0,1.0
frozen,-1,reference_only,0.0,63,0,0.0,False,1.0,False,0.0,1.0
frozen,-1,reference_only,0.0,63,1,1.0,True,1.0,True,1.0,1.0
frozen,-1,reference_only,0.0,64,0,0.0,False,1.0,False,0.0,1.0
frozen,-1,reference_only,0.0,64,1,1.0,True,1.0,True,1.0,1.0
frozen,-1,reference_only,0.0,65,0,0.0,False,1.0,False,0.0,1.0
frozen,-1,reference_only,0.0,65,1,1.0,True,1.0,True,1.0,1.0
frozen,-1,reference_only,0.0,66,0,0.0,False,1.0,False,0.0,1.0
frozen,-1,reference_only,0.0,66,1,1.0,True,1.0,True,1.0,1.0
frozen,-1,reference_only,0.0,67,0,0.0,False,1.0,False,0.0,1.0
frozen,-1,reference_only,0.0,67,1,1.0,True,1.0,True,1.0,1.0
frozen,-1,reference_only,0.0,68,0,0.0,False,1.0,False,0.0,1.0
frozen,-1,reference_only,0.0,68,1,1.0,True,1.0,True,1.0,1.0
frozen,-1,reference_only,0.0,69,0,0.0,False,1.0,False,0.0,1.0
frozen,-1,reference_only,0.0,69,1,1.0,True,1.0,True,1.0,1.0
frozen,-1,reference_only,0.0,70,0,0.0,False,1.0,False,0.0,1.0
frozen,-1,reference_only,0.0,70,1,1.0,True,1.0,True,1.0,1.0
frozen,-1,reference_only,0.0,71,0,0.0,False,1.0,False,0.0,1.0
frozen,-1,reference_only,0.0,71,1,1.0,True,1.0,True,1.0,1.0
frozen,-1,reference_only,0.0,72,0,0.0,False,1.0,False,0.0,1.0
frozen,-1,reference_only,0.0,72,1,1.0,True,1.0,True,1.0,1.0
frozen,-1,reference_only,0.0,73,0,0.0,False,1.0,False,0.0,1.0
frozen,-1,reference_only,0.0,73,1,1.0,True,1.0,True,1.0,1.0
frozen,-1,reference_only,0.0,74,0,0.0,False,1.0,False,0.0,1.0
frozen,-1,reference_only,0.0,74,1,1.0,True,1.0,True,1.0,1.0
frozen,-1,reference_only,0.0,75,0,0.0,False,1.0,False,0.0,1.0
frozen,-1,reference_only,0.0,75,1,1.0,True,1.0,True,1.0,1.0
frozen,-1,reference_only,0.0,76,0,0.0,False,1.0,False,0.0,1.0
frozen,-1,reference_only,0.0,76,1,1.0,True,1.0,True,1.0,1.0
frozen,-1,reference_only,0.0,77,0,0.0,False,1.0,False,0.0,1.0
frozen,-1,reference_only,0.0,77,1,1.0,True,1.0,True,1.0,1.0
frozen,-1,reference_only,0.0,78,0,0.0,False,1.0,False,0.0,1.0
frozen,-1,reference_only,0.0,78,1,1.0,True,1.0,True,1.0,1.0
frozen,-1,reference_only,0.0,79,0,0.0,False,1.0,False,0.0,1.0
frozen,-1,reference_only,0.0,79,1,1.0,True,1.0,True,1.0,1.0
frozen,-1,reference_only,0.0,80,0,0.0,False,1.0,False,0.0,1.0
frozen,-1,reference_only,0.0,80,1,1.0,True,1.0,True,1.0,1.0
frozen,-1,gated,0.01,1,0,0.0,False,0.0,True,1.0,0.0
frozen,-1,gated,0.01,1,1,1.0,True,0.0,False,0.0,0.0
frozen,-1,gated,0.01,2,0,0.0,False,0.0,True,1.0,0.0
frozen,-1,gated,0.01,2,1,1.0,True,0.0,False,0.0,0.0
frozen,-1,gated,0.01,3,0,0.0,False,0.0,True,1.0,0.0
frozen,-1,gated,0.01,3,1,1.0,True,0.0,False,0.0,0.0
frozen,-1,gated,0.01,4,0,0.0,False,0.0,True,1.0,0.0
frozen,-1,gated,0.01,4,1,1.0,True,0.0,False,0.0,0.0
frozen,-1,gated,0.01,5,0,0.0,False,0.0,True,1.0,0.0
frozen,-1,gated,0.01,5,1,1.0,True,0.0,False,0.0,0.0
frozen,-1,gated,0.01,6,0,0.0,False,0.0,True,1.0,0.0
frozen,-1,gated,0.01,6,1,1.0,True,0.0,False,0.0,0.0
frozen,-1,gated,0.01,7,0,0.0,False,0.0,True,1.0,0.0
frozen,-1,gated,0.01,7,1,1.0,True,0.0,False,0.0,0.0
frozen,-1,gated,0.01,8,0,0.0,False,0.0,True,1.0,0.0
frozen,-1,gated,0.01,8,1,1.0,True,0.0,False,0.0,0.0
frozen,-1,gated,0.01,9,0,0.0,False,0.0,True,1.0,0.0
frozen,-1,gated,0.01,9,1,1.0,True,0.0,False,0.0,0.0
frozen,-1,gated,0.01,10,0,0.0,False,0.0,True,1.0,0.0
frozen,-1,gated,0.01,10,1,1.0,True,0.0,False,0.0,0.0
frozen,-1,gated,0.01,11,0,0.0,False,0.0,True,1.0,0.0
frozen,-1,gated,0.01,11,1,1.0,True,0.0,False,0.0,0.0
frozen,-1,gated,0.01,12,0,0.0,False,0.0,True,1.0,0.0
frozen,-1,gated,0.01,12,1,1.0,True,0.0,False,0.0,0.0
frozen,-1,gated,0.01,13,0,0.0,False,0.0,True,1.0,0.0
frozen,-1,gated,0.01,13,1,1.0,True,0.0,False,0.0,0.0
frozen,-1,gated,0.01,14,0,0.0,False,0.0,True,1.0,0.0
frozen,-1,gated,0.01,14,1,1.0,True,0.0,False,0.0,0.0
frozen,-1,gated,0.01,15,0,0.0,False,0.0,True,1.0,0.0
frozen,-1,gated,0.01,15,1,1.0,True,0.0,False,0.0,0.0
frozen,-1,gated,0.01,16,0,0.0,False,0.0,True,1.0,0.0
frozen,-1,gated,0.01,16,1,1.0,True,0.0,False,0.0,0.0
frozen,-1,gated,0.01,17,0,0.0,False,0.0,True,1.0,0.0
frozen,-1,gated,0.01,17,1,1.0,True,0.0,False,0.0,0.0
frozen,-1,gated,0.01,18,0,0.0,False,0.0,True,1.0,0.0
frozen,-1,gated,0.01,18,1,1.0,True,0.0,False,0.0,0.0
frozen,-1,gated,0.01,19,0,0.0,False,0.0,True,1.0,0.0
frozen,-1,gated,0.01,19,1,1.0,True,0.0,False,0.0,0.0
frozen,-1,gated,0.01,20,0,0.0,False,0.0,True,1.0,0.0
frozen,-1,gated,0.01,20,1,1.0,True,0.0,False,0.0,0.0
frozen,-1,gated,0.01,21,0,0.0,False,0.0,True,1.0,0.0
frozen,-1,gated,0.01,21,1,1.0,True,0.0,False,0.0,0.0
frozen,-1,gated,0.01,22,0,0.0,False,0.0,True,1.0,0.0
frozen,-1,gated,0.01,22,1,1.0,True,0.0,False,0.0,0.0
frozen,-1,gated,0.01,23,0,0.0,False,0.0,True,1.0,0.0
frozen,-1,gated,0.01,23,1,1.0,True,0.0,False,0.0,0.0
frozen,-1,gated,0.01,24,0,0.0,False,0.0,True,1.0,0.0
frozen,-1,gated,0.01,24,1,1.0,True,0.0,False,0.0,0.0
frozen,-1,gated,0.01,25,0,0.0,False,0.0,True,1.0,0.0
frozen,-1,gated,0.01,25,1,1.0,True,0.0,False,0.0,0.0
frozen,-1,gated,0.01,26,0,0.0,False,0.0,True,1.0,0.0
frozen,-1,gated,0.01,26,1,1.0,True,0.0,False,0.0,0.0
frozen,-1,gated,0.01,27,0,0.0,False,0.0,True,1.0,0.0
frozen,-1,gated,0.01,27,1,1.0,True,0.0,False,0.0,0.0
frozen,-1,gated,0.01,28,0,0.0,False,0.0,True,1.0,0.0
frozen,-1,gated,0.01,28,1,1.0,True,0.0,False,0.0,0.0
frozen,-1,gated,0.01,29,0,0.0,False,0.0,True,1.0,0.0
frozen,-1,gated,0.01,29,1,1.0,True,0.0,False,0.0,0.0
frozen,-1,gated,0.01,30,0,0.0,False,0.0,True,1.0,0.0
frozen,-1,gated,0.01,30,1,1.0,True,0.0,False,0.0,0.0
frozen,-1,gated,0.01,31,0,0.0,False,0.0,True,1.0,0.0
frozen,-1,gated,0.01,31,1,1.0,True,0.0,False,0.0,0.0
frozen,-1,gated,0.01,32,0,0.0,False,0.0,True,1.0,0.0
frozen,-1,gated,0.01,32,1,1.0,True,0.0,False,0.0,0.0
frozen,-1,gated,0.01,33,0,0.0,False,0.0,True,1.0,0.0
frozen,-1,gated,0.01,33,1,1.0,True,0.0,False,0.0,0.0
frozen,-1,gated,0.01,34,0,0.0,False,0.0,True,1.0,0.0
frozen,-1,gated,0.01,34,1,1.0,True,0.0,False,0.0,0.0
frozen,-1,gated,0.01,35,0,0.0,False,0.0,True,1.0,0.0
frozen,-1,gated,0.01,35,1,1.0,True,0.0,False,0.0,0.0
frozen,-1,gated,0.01,36,0,0.0,False,0.0,True,1.0,0.0
frozen,-1,gated,0.01,36,1,1.0,True,0.0,False,0.0,0.0
frozen,-1,gated,0.01,37,0,0.0,False,0.0,True,1.0,0.0
frozen,-1,gated,0.01,37,1,1.0,True,0.0,False,0.0,0.0
frozen,-1,gated,0.01,38,0,0.0,False,0.0,True,1.0,0.0
frozen,-1,gated,0.01,38,1,1.0,True,0.0,False,0.0,0.0
frozen,-1,gated,0.01,39,0,0.0,False,0.0,True,1.0,0.0
frozen,-1,gated,0.01,39,1,1.0,True,0.0,False,0.0,0.0
frozen,-1,gated,0.01,40,0,0.0,False,0.0,True,1.0,0.0
frozen,-1,gated,0.01,40,1,1.0,True,0.0,False,0.0,0.0
frozen,-1,gated,0.01,41,0,0.0,False,0.0,True,1.0,0.0
frozen,-1,gated,0.01,41,1,1.0,True,0.0,False,0.0,0.0
frozen,-1,gated,0.01,42,0,0.0,False,0.0,True,1.0,0.0
frozen,-1,gated,0.01,42,1,1.0,True,0.0,False,0.0,0.0
frozen,-1,gated,0.01,43,0,0.0,False,0.0,True,1.0,0.0
frozen,-1,gated,0.01,43,1,1.0,True,0.0,False,0.0,0.0
frozen,-1,gated,0.01,44,0,0.0,False,0.0,True,1.0,0.0
frozen,-1,gated,0.01,44,1,1.0,True,0.0,False,0.0,0.0
frozen,-1,gated,0.01,45,0,0.0,False,0.0,True,1.0,0.0
frozen,-1,gated,0.01,45,1,1.0,True,0.0,False,0.0,0.0
frozen,-1,gated,0.01,46,0,0.0,False,0.0,True,1.0,0.0
frozen,-1,gated,0.01,46,1,1.0,True,0.0,False,0.0,0.0
frozen,-1,gated,0.01,47,0,0.0,False,0.0,True,1.0,0.0
frozen,-1,gated,0.01,47,1,1.0,True,0.0,False,0.0,0.0
frozen,-1,gated,0.01,48,0,0.0,False,0.0,True,1.0,0.0
frozen,-1,gated,0.01,48,1,1.0,True,0.0,False,0.0,0.0
frozen,-1,gated,0.01,49,0,0.0,False,0.0,True,1.0,0.0
frozen,-1,gated,0.01,49,1,1.0,True,0.0,False,0.0,0.0
frozen,-1,gated,0.01,50,0,0.0,False,0.0,True,1.0,0.0
frozen,-1,gated,0.01,50,1,1.0,True,0.0,False,0.0,0.0
frozen,-1,gated,0.01,51,0,0.0,False,0.0,True,1.0,0.0
frozen,-1,gated,0.01,51,1,1.0,True,0.0,False,0.0,0.0
frozen,-1,gated,0.01,52,0,0.0,False,0.0,True,1.0,0.0
frozen,-1,gated,0.01,52,1,1.0,True,0.0,False,0.0,0.0
frozen,-1,gated,0.01,53,0,0.0,False,0.0,True,1.0,0.0
frozen,-1,gated,0.01,53,1,1.0,True,0.0,False,0.0,0.0
frozen,-1,gated,0.01,54,0,0.0,False,0.0,True,1.0,0.0
frozen,-1,gated,0.01,54,1,1.0,True,0.0,False,0.0,0.0
frozen,-1,gated,0.01,55,0,0.0,False,0.0,True,1.0,0.0
frozen,-1,gated,0.01,55,1,1.0,True,0.0,False,0.0,0.0
frozen,-1,gated,0.01,56,0,0.0,False,0.0,True,1.0,0.0
frozen,-1,gated,0.01,56,1,1.0,True,0.0,False,0.0,0.0
frozen,-1,gated,0.01,57,0,0.0,False,0.0,True,1.0,0.0
frozen,-1,gated,0.01,57,1,1.0,True,0.0,False,0.0,0.0
frozen,-1,gated,0.01,58,0,0.0,False,0.0,True,1.0,0.0
frozen,-1,gated,0.01,58,1,1.0,True,0.0,False,0.0,0.0
frozen,-1,gated,0.01,59,0,0.0,False,0.0,True,1.0,0.0
frozen,-1,gated,0.01,59,1,1.0,True,0.0,False,0.0,0.0
frozen,-1,gated,0.01,60,0,0.0,False,0.0,True,1.0,0.0
frozen,-1,gated,0.01,60,1,1.0,True,0.0,False,0.0,0.0
frozen,-1,gated,0.01,61,0,0.0,False,0.0,True,1.0,0.0
frozen,-1,gated,0.01,61,1,1.0,True,0.0,False,0.0,0.0
frozen,-1,gated,0.01,62,0,0.0,False,0.0,True,1.0,0.0
frozen,-1,gated,0.01,62,1,1.0,True,0.0,False,0.0,0.0
frozen,-1,gated,0.01,63,0,0.0,False,0.0,True,1.0,0.0
frozen,-1,gated,0.01,63,1,1.0,True,0.0,False,0.0,0.0
frozen,-1,gated,0.01,64,0,0.0,False,0.0,True,1.0,0.0
frozen,-1,gated,0.01,64,1,1.0,True,0.0,False,0.0,0.0
frozen,-1,gated,0.01,65,0,0.0,False,0.0,True,1.0,0.0
frozen,-1,gated,0.01,65,1,1.0,True,0.0,False,0.0,0.0
frozen,-1,gated,0.01,66,0,0.0,False,0.0,True,1.0,0.0
frozen,-1,gated,0.01,66,1,1.0,True,0.0,False,0.0,0.0
frozen,-1,gated,0.01,67,0,0.0,False,0.0,True,1.0,0.0
frozen,-1,gated,0.01,67,1,1.0,True,0.0,False,0.0,0.0
frozen,-1,gated,0.01,68,0,0.0,False,0.0,True,1.0,0.0
frozen,-1,gated,0.01,68,1,1.0,True,0.0,False,0.0,0.0
frozen,-1,gated,0.01,69,0,0.0,False,0.0,True,1.0,0.0
frozen,-1,gated,0.01,69,1,1.0,True,0.0,False,0.0,0.0
frozen,-1,gated,0.01,70,0,0.0,False,0.0,True,1.0,0.0
frozen,-1,gated,0.01,70,1,1.0,True,0.0,False,0.0,0.0
frozen,-1,gated,0.01,71,0,0.0,False,0.0,True,1.0,0.0
frozen,-1,gated,0.01,71,1,1.0,True,0.0,False,0.0,0.0
frozen,-1,gated,0.01,72,0,0.0,False,0.0,True,1.0,0.0
frozen,-1,gated,0.01,72,1,1.0,True,0.0,False,0.0,0.0
frozen,-1,gated,0.01,73,0,0.0,False,0.0,True,1.0,0.0
frozen,-1,gated,0.01,73,1,1.0,True,0.0,False,0.0,0.0
frozen,-1,gated,0.01,74,0,0.0,False,0.0,True,1.0,0.0
frozen,-1,gated,0.01,74,1,1.0,True,0.0,False,0.0,0.0
frozen,-1,gated,0.01,75,0,0.0,False,0.0,True,1.0,0.0
frozen,-1,gated,0.01,75,1,1.0,True,0.0,False,0.0,0.0
frozen,-1,gated,0.01,76,0,0.0,False,0.0,True,1.0,0.0
frozen,-1,gated,0.01,76,1,1.0,True,0.0,False,0.0,0.0
frozen,-1,gated,0.01,77,0,0.0,False,0.0,True,1.0,0.0
frozen,-1,gated,0.01,77,1,1.0,True,0.0,False,0.0,0.0
frozen,-1,gated,0.01,78,0,0.0,False,0.0,True,1.0,0.0
frozen,-1,gated,0.01,78,1,1.0,True,0.0,False,0.0,0.0
frozen,-1,gated,0.01,79,0,0.0,False,0.0,True,1.0,0.0
frozen,-1,gated,0.01,79,1,1.0,True,0.0,False,0.0,0.0
frozen,-1,gated,0.01,80,0,0.0,False,0.0,True,1.0,0.0
frozen,-1,gated,0.01,80,1,1.0,True,0.0,False,0.0,0.0
frozen,-1,accept_all,0.01,1,0,0.0,False,0.0,True,1.0,0.0
frozen,-1,accept_all,0.01,1,1,1.0,True,0.0,True,0.0,1.0
frozen,-1,accept_all,0.01,2,0,0.0,False,1.0,True,0.0,0.0
frozen,-1,accept_all,0.01,2,1,1.0,True,0.0,True,0.0,1.0
frozen,-1,accept_all,0.01,3,0,0.0,False,1.0,True,0.0,0.0
frozen,-1,accept_all,0.01,3,1,1.0,True,0.0,True,0.0,1.0
frozen,-1,accept_all,0.01,4,0,0.0,False,1.0,True,0.0,0.0
frozen,-1,accept_all,0.01,4,1,1.0,True,0.0,True,0.0,1.0
frozen,-1,accept_all,0.01,5,0,0.0,False,1.0,True,0.0,0.0
frozen,-1,accept_all,0.01,5,1,1.0,True,0.0,True,0.0,1.0
frozen,-1,accept_all,0.01,6,0,0.0,False,1.0,True,0.0,0.0
frozen,-1,accept_all,0.01,6,1,1.0,True,0.0,True,0.0,1.0
frozen,-1,accept_all,0.01,7,0,0.0,False,1.0,True,0.0,0.0
frozen,-1,accept_all,0.01,7,1,1.0,True,0.0,True,0.0,1.0
frozen,-1,accept_all,0.01,8,0,0.0,False,1.0,True,0.0,0.0
frozen,-1,accept_all,0.01,8,1,1.0,True,0.0,True,0.0,1.0
frozen,-1,accept_all,0.01,9,0,0.0,False,1.0,True,0.0,0.0
frozen,-1,accept_all,0.01,9,1,1.0,True,0.0,True,0.0,1.0
frozen,-1,accept_all,0.01,10,0,0.0,False,1.0,True,0.0,0.0
frozen,-1,accept_all,0.01,10,1,1.0,True,0.0,True,0.0,1.0
frozen,-1,accept_all,0.01,11,0,0.0,False,1.0,True,0.0,0.0
frozen,-1,accept_all,0.01,11,1,1.0,True,0.0,True,0.0,1.0
frozen,-1,accept_all,0.01,12,0,0.0,False,1.0,True,0.0,0.0
frozen,-1,accept_all,0.01,12,1,1.0,True,0.0,True,0.0,1.0
frozen,-1,accept_all,0.01,13,0,0.0,False,1.0,True,0.0,0.0
frozen,-1,accept_all,0.01,13,1,1.0,True,0.0,True,0.0,1.0
frozen,-1,accept_all,0.01,14,0,0.0,False,1.0,True,0.0,0.0
frozen,-1,accept_all,0.01,14,1,1.0,True,0.0,True,0.0,1.0
frozen,-1,accept_all,0.01,15,0,0.0,False,1.0,True,0.0,0.0
frozen,-1,accept_all,0.01,15,1,1.0,True,0.0,True,0.0,1.0
frozen,-1,accept_all,0.01,16,0,0.0,False,1.0,True,0.0,0.0
frozen,-1,accept_all,0.01,16,1,1.0,True,0.0,True,0.0,1.0
frozen,-1,accept_all,0.01,17,0,0.0,False,1.0,True,0.0,0.0
frozen,-1,accept_all,0.01,17,1,1.0,True,0.0,True,0.0,1.0
frozen,-1,accept_all,0.01,18,0,0.0,False,1.0,True,0.0,0.0
frozen,-1,accept_all,0.01,18,1,1.0,True,0.0,True,0.0,1.0
frozen,-1,accept_all,0.01,19,0,0.0,False,1.0,True,0.0,0.0
frozen,-1,accept_all,0.01,19,1,1.0,True,0.0,True,0.0,1.0
frozen,-1,accept_all,0.01,20,0,0.0,False,1.0,True,0.0,0.0
frozen,-1,accept_all,0.01,20,1,1.0,True,0.0,True,0.0,1.0
frozen,-1,accept_all,0.01,21,0,0.0,False,1.0,True,0.0,0.0
frozen,-1,accept_all,0.01,21,1,1.0,True,0.0,True,0.0,1.0
frozen,-1,accept_all,0.01,22,0,0.0,False,1.0,True,0.0,0.0
frozen,-1,accept_all,0.01,22,1,1.0,True,0.0,True,0.0,1.0
frozen,-1,accept_all,0.01,23,0,0.0,False,1.0,True,0.0,0.0
frozen,-1,accept_all,0.01,23,1,1.0,True,0.0,True,0.0,1.0
frozen,-1,accept_all,0.01,24,0,0.0,False,1.0,True,0.0,0.0
frozen,-1,accept_all,0.01,24,1,1.0,True,0.0,True,0.0,1.0
frozen,-1,accept_all,0.01,25,0,0.0,False,1.0,True,0.0,0.0
frozen,-1,accept_all,0.01,25,1,1.0,True,0.0,True,0.0,1.0
frozen,-1,accept_all,0.01,26,0,0.0,False,1.0,True,0.0,0.0
frozen,-1,accept_all,0.01,26,1,1.0,True,0.0,True,0.0,1.0
frozen,-1,accept_all,0.01,27,0,0.0,False,1.0,True,0.0,0.0
frozen,-1,accept_all,0.01,27,1,1.0,True,0.0,True,0.0,1.0
frozen,-1,accept_all,0.01,28,0,0.0,False,1.0,True,0.0,0.0
frozen,-1,accept_all,0.01,28,1,1.0,True,0.0,True,0.0,1.0
frozen,-1,accept_all,0.01,29,0,0.0,False,1.0,True,0.0,0.0
frozen,-1,accept_all,0.01,29,1,1.0,True,0.0,True,0.0,1.0
frozen,-1,accept_all,0.01,30,0,0.0,False,1.0,True,0.0,0.0
frozen,-1,accept_all,0.01,30,1,1.0,True,0.0,True,0.0,1.0
frozen,-1,accept_all,0.01,31,0,0.0,False,1.0,True,0.0,0.0
frozen,-1,accept_all,0.01,31,1,1.0,True,0.0,True,0.0,1.0
frozen,-1,accept_all,0.01,32,0,0.0,False,1.0,True,0.0,0.0
frozen,-1,accept_all,0.01,32,1,1.0,True,0.0,True,0.0,1.0
frozen,-1,accept_all,0.01,33,0,0.0,False,1.0,True,0.0,0.0
frozen,-1,accept_all,0.01,33,1,1.0,True,0.0,True,0.0,1.0
frozen,-1,accept_all,0.01,34,0,0.0,False,1.0,True,0.0,0.0
frozen,-1,accept_all,0.01,34,1,1.0,True,0.0,True,0.0,1.0
frozen,-1,accept_all,0.01,35,0,0.0,False,1.0,True,0.0,0.0
frozen,-1,accept_all,0.01,35,1,1.0,True,0.0,True,0.0,1.0
frozen,-1,accept_all,0.01,36,0,0.0,False,1.0,True,0.0,0.0
frozen,-1,accept_all,0.01,36,1,1.0,True,0.0,True,0.0,1.0
frozen,-1,accept_all,0.01,37,0,0.0,False,1.0,True,0.0,0.0
frozen,-1,accept_all,0.01,37,1,1.0,True,0.0,True,0.0,1.0
frozen,-1,accept_all,0.01,38,0,0.0,False,1.0,True,0.0,0.0
frozen,-1,accept_all,0.01,38,1,1.0,True,0.0,True,0.0,1.0
frozen,-1,accept_all,0.01,39,0,0.0,False,1.0,True,0.0,0.0
frozen,-1,accept_all,0.01,39,1,1.0,True,0.0,True,0.0,1.0
frozen,-1,accept_all,0.01,40,0,0.0,False,1.0,True,0.0,0.0
frozen,-1,accept_all,0.01,40,1,1.0,True,0.0,True,0.0,1.0
frozen,-1,accept_all,0.01,41,0,0.0,False,1.0,True,0.0,0.0
frozen,-1,accept_all,0.01,41,1,1.0,True,0.0,True,0.0,1.0
frozen,-1,accept_all,0.01,42,0,0.0,False,1.0,True,0.0,0.0
frozen,-1,accept_all,0.01,42,1,1.0,True,0.0,True,0.0,1.0
frozen,-1,accept_all,0.01,43,0,0.0,False,1.0,True,0.0,0.0
frozen,-1,accept_all,0.01,43,1,1.0,True,0.0,True,0.0,1.0
frozen,-1,accept_all,0.01,44,0,0.0,False,1.0,True,0.0,0.0
frozen,-1,accept_all,0.01,44,1,1.0,True,0.0,True,0.0,1.0
frozen,-1,accept_all,0.01,45,0,0.0,False,1.0,True,0.0,0.0
frozen,-1,accept_all,0.01,45,1,1.0,True,0.0,True,0.0,1.0
frozen,-1,accept_all,0.01,46,0,0.0,False,1.0,True,0.0,0.0
frozen,-1,accept_all,0.01,46,1,1.0,True,0.0,True,0.0,1.0
frozen,-1,accept_all,0.01,47,0,0.0,False,1.0,True,0.0,0.0
frozen,-1,accept_all,0.01,47,1,1.0,True,0.0,True,0.0,1.0
frozen,-1,accept_all,0.01,48,0,0.0,False,1.0,True,0.0,0.0
frozen,-1,accept_all,0.01,48,1,1.0,True,0.0,True,0.0,1.0
frozen,-1,accept_all,0.01,49,0,0.0,False,1.0,True,0.0,0.0
frozen,-1,accept_all,0.01,49,1,1.0,True,0.0,True,0.0,1.0
frozen,-1,accept_all,0.01,50,0,0.0,False,1.0,True,0.0,0.0
frozen,-1,accept_all,0.01,50,1,1.0,True,0.0,True,0.0,1.0
frozen,-1,accept_all,0.01,51,0,0.0,False,1.0,True,0.0,0.0
frozen,-1,accept_all,0.01,51,1,1.0,True,0.0,True,0.0,1.0
frozen,-1,accept_all,0.01,52,0,0.0,False,1.0,True,0.0,0.0
frozen,-1,accept_all,0.01,52,1,1.0,True,0.0,True,0.0,1.0
frozen,-1,accept_all,0.01,53,0,0.0,False,1.0,True,0.0,0.0
frozen,-1,accept_all,0.01,53,1,1.0,True,0.0,True,0.0,1.0
frozen,-1,accept_all,0.01,54,0,0.0,False,1.0,True,0.0,0.0
frozen,-1,accept_all,0.01,54,1,1.0,True,0.0,True,0.0,1.0
frozen,-1,accept_all,0.01,55,0,0.0,False,1.0,True,0.0,0.0
frozen,-1,accept_all,0.01,55,1,1.0,True,0.0,True,0.0,1.0
frozen,-1,accept_all,0.01,56,0,0.0,False,1.0,True,0.0,0.0
frozen,-1,accept_all,0.01,56,1,1.0,True,0.0,True,0.0,1.0
frozen,-1,accept_all,0.01,57,0,0.0,False,1.0,True,0.0,0.0
frozen,-1,accept_all,0.01,57,1,1.0,True,0.0,True,0.0,1.0
frozen,-1,accept_all,0.01,58,0,0.0,False,1.0,True,0.0,0.0
frozen,-1,accept_all,0.01,58,1,1.0,True,0.0,True,0.0,1.0
frozen,-1,accept_all,0.01,59,0,0.0,False,1.0,True,0.0,0.0
frozen,-1,accept_all,0.01,59,1,1.0,True,0.0,True,0.0,1.0
frozen,-1,accept_all,0.01,60,0,0.0,False,1.0,True,0.0,0.0
frozen,-1,accept_all,0.01,60,1,1.0,True,0.0,True,0.0,1.0
frozen,-1,accept_all,0.01,61,0,0.0,False,1.0,True,0.0,0.0
frozen,-1,accept_all,0.01,61,1,1.0,True,0.0,True,0.0,1.0
frozen,-1,accept_all,0.01,62,0,0.0,False,1.0,True,0.0,0.0
frozen,-1,accept_all,0.01,62,1,1.0,True,0.0,True,0.0,1.0
frozen,-1,accept_all,0.01,63,0,0.0,False,1.0,True,0.0,0.0
frozen,-1,accept_all,0.01,63,1,1.0,True,0.0,True,0.0,1.0
frozen,-1,accept_all,0.01,64,0,0.0,False,1.0,True,0.0,0.0
frozen,-1,accept_all,0.01,64,1,1.0,True,0.0,True,0.0,1.0
frozen,-1,accept_all,0.01,65,0,0.0,False,1.0,True,0.0,0.0
frozen,-1,accept_all,0.01,65,1,1.0,True,0.0,True,0.0,1.0
frozen,-1,accept_all,0.01,66,0,0.0,False,1.0,True,0.0,0.0
frozen,-1,accept_all,0.01,66,1,1.0,True,0.0,True,0.0,1.0
frozen,-1,accept_all,0.01,67,0,0.0,False,1.0,True,0.0,0.0
frozen,-1,accept_all,0.01,67,1,1.0,True,0.0,True,0.0,1.0
frozen,-1,accept_all,0.01,68,0,0.0,False,1.0,True,0.0,0.0
frozen,-1,accept_all,0.01,68,1,1.0,True,0.0,True,0.0,1.0
frozen,-1,accept_all,0.01,69,0,0.0,False,1.0,True,0.0,0.0
frozen,-1,accept_all,0.01,69,1,1.0,True,0.0,True,0.0,1.0
frozen,-1,accept_all,0.01,70,0,0.0,False,1.0,True,0.0,0.0
frozen,-1,accept_all,0.01,70,1,1.0,True,0.0,True,0.0,1.0
frozen,-1,accept_all,0.01,71,0,0.0,False,1.0,True,0.0,0.0
frozen,-1,accept_all,0.01,71,1,1.0,True,0.0,True,0.0,1.0
frozen,-1,accept_all,0.01,72,0,0.0,False,1.0,True,0.0,0.0
frozen,-1,accept_all,0.01,72,1,1.0,True,0.0,True,0.0,1.0
frozen,-1,accept_all,0.01,73,0,0.0,False,1.0,True,0.0,0.0
frozen,-1,accept_all,0.01,73,1,1.0,True,0.0,True,0.0,1.0
frozen,-1,accept_all,0.01,74,0,0.0,False,1.0,True,0.0,0.0
frozen,-1,accept_all,0.01,74,1,1.0,True,0.0,True,0.0,1.0
frozen,-1,accept_all,0.01,75,0,0.0,False,1.0,True,0.0,0.0
frozen,-1,accept_all,0.01,75,1,1.0,True,0.0,True,0.0,1.0
frozen,-1,accept_all,0.01,76,0,0.0,False,1.0,True,0.0,0.0
frozen,-1,accept_all,0.01,76,1,1.0,True,0.0,True,0.0,1.0
frozen,-1,accept_all,0.01,77,0,0.0,False,1.0,True,0.0,0.0
frozen,-1,accept_all,0.01,77,1,1.0,True,0.0,True,0.0,1.0
frozen,-1,accept_all,0.01,78,0,0.0,False,1.0,True,0.0,0.0
frozen,-1,accept_all,0.01,78,1,1.0,True,0.0,True,0.0,1.0
frozen,-1,accept_all,0.01,79,0,0.0,False,1.0,True,0.0,0.0
frozen,-1,accept_all,0.01,79,1,1.0,True,0.0,True,0.0,1.0
frozen,-1,accept_all,0.01,80,0,0.0,False,1.0,True,0.0,0.0
frozen,-1,accept_all,0.01,80,1,1.0,True,0.0,True,0.0,1.0
frozen,-1,reference_only,0.01,1,0,0.0,False,0.0,False,1.0,0.0
frozen,-1,reference_only,0.01,1,1,1.0,True,0.0,True,0.0,1.0
frozen,-1,reference_only,0.01,2,0,0.0,False,1.0,False,0.0,1.0
frozen,-1,reference_only,0.01,2,1,1.0,True,1.0,True,1.0,1.0
frozen,-1,reference_only,0.01,3,0,0.0,False,1.0,False,0.0,1.0
frozen,-1,reference_only,0.01,3,1,1.0,True,1.0,True,1.0,1.0
frozen,-1,reference_only,0.01,4,0,0.0,False,1.0,False,0.0,1.0
frozen,-1,reference_only,0.01,4,1,1.0,True,1.0,True,1.0,1.0
frozen,-1,reference_only,0.01,5,0,0.0,False,1.0,False,0.0,1.0
frozen,-1,reference_only,0.01,5,1,1.0,True,1.0,True,1.0,1.0
frozen,-1,reference_only,0.01,6,0,0.0,False,1.0,False,0.0,1.0
frozen,-1,reference_only,0.01,6,1,1.0,True,1.0,True,1.0,1.0
frozen,-1,reference_only,0.01,7,0,0.0,False,1.0,False,0.0,1.0
frozen,-1,reference_only,0.01,7,1,1.0,True,1.0,True,1.0,1.0
frozen,-1,reference_only,0.01,8,0,0.0,False,1.0,False,0.0,1.0
frozen,-1,reference_only,0.01,8,1,1.0,True,1.0,True,1.0,1.0
frozen,-1,reference_only,0.01,9,0,0.0,False,1.0,False,0.0,1.0
frozen,-1,reference_only,0.01,9,1,1.0,True,1.0,True,1.0,1.0
frozen,-1,reference_only,0.01,10,0,0.0,False,1.0,False,0.0,1.0
frozen,-1,reference_only,0.01,10,1,1.0,True,1.0,True,1.0,1.0
frozen,-1,reference_only,0.01,11,0,0.0,False,1.0,False,0.0,1.0
frozen,-1,reference_only,0.01,11,1,1.0,True,1.0,True,1.0,1.0
frozen,-1,reference_only,0.01,12,0,0.0,False,1.0,False,0.0,1.0
frozen,-1,reference_only,0.01,12,1,1.0,True,1.0,True,1.0,1.0
frozen,-1,reference_only,0.01,13,0,0.0,False,1.0,False,0.0,1.0
frozen,-1,reference_only,0.01,13,1,1.0,True,1.0,True,1.0,1.0
frozen,-1,reference_only,0.01,14,0,0.0,False,1.0,False,0.0,1.0
frozen,-1,reference_only,0.01,14,1,1.0,True,1.0,True,1.0,1.0
frozen,-1,reference_only,0.01,15,0,0.0,False,1.0,False,0.0,1.0
frozen,-1,reference_only,0.01,15,1,1.0,True,1.0,True,1.0,1.0
frozen,-1,reference_only,0.01,16,0,0.0,False,1.0,False,0.0,1.0
frozen,-1,reference_only,0.01,16,1,1.0,True,1.0,True,1.0,1.0
frozen,-1,reference_only,0.01,17,0,0.0,False,1.0,False,0.0,1.0
frozen,-1,reference_only,0.01,17,1,1.0,True,1.0,True,1.0,1.0
frozen,-1,reference_only,0.01,18,0,0.0,False,1.0,False,0.0,1.0
frozen,-1,reference_only,0.01,18,1,1.0,True,1.0,True,1.0,1.0
frozen,-1,reference_only,0.01,19,0,0.0,False,1.0,False,0.0,1.0
frozen,-1,reference_only,0.01,19,1,1.0,True,1.0,True,1.0,1.0
frozen,-1,reference_only,0.01,20,0,0.0,False,1.0,False,0.0,1.0
frozen,-1,reference_only,0.01,20,1,1.0,True,1.0,True,1.0,1.0
frozen,-1,reference_only,0.01,21,0,0.0,False,1.0,False,0.0,1.0
frozen,-1,reference_only,0.01,21,1,1.0,True,1.0,True,1.0,1.0
frozen,-1,reference_only,0.01,22,0,0.0,False,1.0,False,0.0,1.0
frozen,-1,reference_only,0.01,22,1,1.0,True,1.0,True,1.0,1.0
frozen,-1,reference_only,0.01,23,0,0.0,False,1.0,False,0.0,1.0
frozen,-1,reference_only,0.01,23,1,1.0,True,1.0,True,1.0,1.0
frozen,-1,reference_only,0.01,24,0,0.0,False,1.0,False,0.0,1.0
frozen,-1,reference_only,0.01,24,1,1.0,True,1.0,True,1.0,1.0
frozen,-1,reference_only,0.01,25,0,0.0,False,1.0,False,0.0,1.0
frozen,-1,reference_only,0.01,25,1,1.0,True,1.0,True,1.0,1.0
frozen,-1,reference_only,0.01,26,0,0.0,False,1.0,False,0.0,1.0
frozen,-1,reference_only,0.01,26,1,1.0,True,1.0,True,1.0,1.0
frozen,-1,reference_only,0.01,27,0,0.0,False,1.0,False,0.0,1.0
frozen,-1,reference_only,0.01,27,1,1.0,True,1.0,True,1.0,1.0
frozen,-1,reference_only,0.01,28,0,0.0,False,1.0,False,0.0,1.0
frozen,-1,reference_only,0.01,28,1,1.0,True,1.0,True,1.0,1.0
frozen,-1,reference_only,0.01,29,0,0.0,False,1.0,False,0.0,1.0
frozen,-1,reference_only,0.01,29,1,1.0,True,1.0,True,1.0,1.0
frozen,-1,reference_only,0.01,30,0,0.0,False,1.0,False,0.0,1.0
frozen,-1,reference_only,0.01,30,1,1.0,True,1.0,True,1.0,1.0
frozen,-1,reference_only,0.01,31,0,0.0,False,1.0,False,0.0,1.0
frozen,-1,reference_only,0.01,31,1,1.0,True,1.0,True,1.0,1.0
frozen,-1,reference_only,0.01,32,0,0.0,False,1.0,False,0.0,1.0
frozen,-1,reference_only,0.01,32,1,1.0,True,1.0,True,1.0,1.0
frozen,-1,reference_only,0.01,33,0,0.0,False,1.0,False,0.0,1.0
frozen,-1,reference_only,0.01,33,1,1.0,True,1.0,True,1.0,1.0
frozen,-1,reference_only,0.01,34,0,0.0,False,1.0,False,0.0,1.0
frozen,-1,reference_only,0.01,34,1,1.0,True,1.0,True,1.0,1.0
frozen,-1,reference_only,0.01,35,0,0.0,False,1.0,False,0.0,1.0
frozen,-1,reference_only,0.01,35,1,1.0,True,1.0,True,1.0,1.0
frozen,-1,reference_only,0.01,36,0,0.0,False,1.0,False,0.0,1.0
frozen,-1,reference_only,0.01,36,1,1.0,True,1.0,True,1.0,1.0
frozen,-1,reference_only,0.01,37,0,0.0,False,1.0,False,0.0,1.0
frozen,-1,reference_only,0.01,37,1,1.0,True,1.0,True,1.0,1.0
frozen,-1,reference_only,0.01,38,0,0.0,False,1.0,False,0.0,1.0
frozen,-1,reference_only,0.01,38,1,1.0,True,1.0,True,1.0,1.0
frozen,-1,reference_only,0.01,39,0,0.0,False,1.0,False,0.0,1.0
frozen,-1,reference_only,0.01,39,1,1.0,True,1.0,True,1.0,1.0
frozen,-1,reference_only,0.01,40,0,0.0,False,1.0,False,0.0,1.0
frozen,-1,reference_only,0.01,40,1,1.0,True,1.0,True,1.0,1.0
frozen,-1,reference_only,0.01,41,0,0.0,False,1.0,False,0.0,1.0
frozen,-1,reference_only,0.01,41,1,1.0,True,1.0,True,1.0,1.0
frozen,-1,reference_only,0.01,42,0,0.0,False,1.0,False,0.0,1.0
frozen,-1,reference_only,0.01,42,1,1.0,True,1.0,True,1.0,1.0
frozen,-1,reference_only,0.01,43,0,0.0,False,1.0,False,0.0,1.0
frozen,-1,reference_only,0.01,43,1,1.0,True,1.0,True,1.0,1.0
frozen,-1,reference_only,0.01,44,0,0.0,False,1.0,False,0.0,1.0
frozen,-1,reference_only,0.01,44,1,1.0,True,1.0,True,1.0,1.0
frozen,-1,reference_only,0.01,45,0,0.0,False,1.0,False,0.0,1.0
frozen,-1,reference_only,0.01,45,1,1.0,True,1.0,True,1.0,1.0
frozen,-1,reference_only,0.01,46,0,0.0,False,1.0,False,0.0,1.0
frozen,-1,reference_only,0.01,46,1,1.0,True,1.0,True,1.0,1.0
frozen,-1,reference_only,0.01,47,0,0.0,False,1.0,False,0.0,1.0
frozen,-1,reference_only,0.01,47,1,1.0,True,1.0,True,1.0,1.0
frozen,-1,reference_only,0.01,48,0,0.0,False,1.0,False,0.0,1.0
frozen,-1,reference_only,0.01,48,1,1.0,True,1.0,True,1.0,1.0
frozen,-1,reference_only,0.01,49,0,0.0,False,1.0,False,0.0,1.0
frozen,-1,reference_only,0.01,49,1,1.0,True,1.0,True,1.0,1.0
frozen,-1,reference_only,0.01,50,0,0.0,False,1.0,False,0.0,1.0
frozen,-1,reference_only,0.01,50,1,1.0,True,1.0,True,1.0,1.0
frozen,-1,reference_only,0.01,51,0,0.0,False,1.0,False,0.0,1.0
frozen,-1,reference_only,0.01,51,1,1.0,True,1.0,True,1.0,1.0
frozen,-1,reference_only,0.01,52,0,0.0,False,1.0,False,0.0,1.0
frozen,-1,reference_only,0.01,52,1,1.0,True,1.0,True,1.0,1.0
frozen,-1,reference_only,0.01,53,0,0.0,False,1.0,False,0.0,1.0
frozen,-1,reference_only,0.01,53,1,1.0,True,1.0,True,1.0,1.0
frozen,-1,reference_only,0.01,54,0,0.0,False,1.0,False,0.0,1.0
frozen,-1,reference_only,0.01,54,1,1.0,True,1.0,True,1.0,1.0
frozen,-1,reference_only,0.01,55,0,0.0,False,1.0,False,0.0,1.0
frozen,-1,reference_only,0.01,55,1,1.0,True,1.0,True,1.0,1.0
frozen,-1,reference_only,0.01,56,0,0.0,False,1.0,False,0.0,1.0
frozen,-1,reference_only,0.01,56,1,1.0,True,1.0,True,1.0,1.0
frozen,-1,reference_only,0.01,57,0,0.0,False,1.0,False,0.0,1.0
frozen,-1,reference_only,0.01,57,1,1.0,True,1.0,True,1.0,1.0
frozen,-1,reference_only,0.01,58,0,0.0,False,1.0,False,0.0,1.0
frozen,-1,reference_only,0.01,58,1,1.0,True,1.0,True,1.0,1.0
frozen,-1,reference_only,0.01,59,0,0.0,False,1.0,False,0.0,1.0
frozen,-1,reference_only,0.01,59,1,1.0,True,1.0,True,1.0,1.0
frozen,-1,reference_only,0.01,60,0,0.0,False,1.0,False,0.0,1.0
frozen,-1,reference_only,0.01,60,1,1.0,True,1.0,True,1.0,1.0
frozen,-1,reference_only,0.01,61,0,0.0,False,1.0,False,0.0,1.0
frozen,-1,reference_only,0.01,61,1,1.0,True,1.0,True,1.0,1.0
frozen,-1,reference_only,0.01,62,0,0.0,False,1.0,False,0.0,1.0
frozen,-1,reference_only,0.01,62,1,1.0,True,1.0,True,1.0,1.0
frozen,-1,reference_only,0.01,63,0,0.0,False,1.0,False,0.0,1.0
frozen,-1,reference_only,0.01,63,1,1.0,True,1.0,True,1.0,1.0
frozen,-1,reference_only,0.01,64,0,0.0,False,1.0,False,0.0,1.0
frozen,-1,reference_only,0.01,64,1,1.0,True,1.0,True,1.0,1.0
frozen,-1,reference_only,0.01,65,0,0.0,False,1.0,False,0.0,1.0
frozen,-1,reference_only,0.01,65,1,1.0,True,1.0,True,1.0,1.0
frozen,-1,reference_only,0.01,66,0,0.0,False,1.0,False,0.0,1.0
frozen,-1,reference_only,0.01,66,1,1.0,True,1.0,True,1.0,1.0
frozen,-1,reference_only,0.01,67,0,0.0,False,1.0,False,0.0,1.0
frozen,-1,reference_only,0.01,67,1,1.0,True,1.0,True,1.0,1.0
frozen,-1,reference_only,0.01,68,0,0.0,False,1.0,False,0.0,1.0
frozen,-1,reference_only,0.01,68,1,1.0,True,1.0,True,1.0,1.0
frozen,-1,reference_only,0.01,69,0,0.0,False,1.0,False,0.0,1.0
frozen,-1,reference_only,0.01,69,1,1.0,True,1.0,True,1.0,1.0
frozen,-1,reference_only,0.01,70,0,0.0,False,1.0,False,0.0,1.0
frozen,-1,reference_only,0.01,70,1,1.0,True,1.0,True,1.0,1.0
frozen,-1,reference_only,0.01,71,0,0.0,False,1.0,False,0.0,1.0
frozen,-1,reference_only,0.01,71,1,1.0,True,1.0,True,1.0,1.0
frozen,-1,reference_only,0.01,72,0,0.0,False,1.0,False,0.0,1.0
frozen,-1,reference_only,0.01,72,1,1.0,True,1.0,True,1.0,1.0
frozen,-1,reference_only,0.01,73,0,0.0,False,1.0,False,0.0,1.0
frozen,-1,reference_only,0.01,73,1,1.0,True,1.0,True,1.0,1.0
frozen,-1,reference_only,0.01,74,0,0.0,False,1.0,False,0.0,1.0
frozen,-1,reference_only,0.01,74,1,1.0,True,1.0,True,1.0,1.0
frozen,-1,reference_only,0.01,75,0,0.0,False,1.0,False,0.0,1.0
frozen,-1,reference_only,0.01,75,1,1.0,True,1.0,True,1.0,1.0
frozen,-1,reference_only,0.01,76,0,0.0,False,1.0,False,0.0,1.0
frozen,-1,reference_only,0.01,76,1,1.0,True,1.0,True,1.0,1.0
frozen,-1,reference_only,0.01,77,0,0.0,False,1.0,False,0.0,1.0
frozen,-1,reference_only,0.01,77,1,1.0,True,1.0,True,1.0,1.0
frozen,-1,reference_only,0.01,78,0,0.0,False,1.0,False,0.0,1.0
frozen,-1,reference_only,0.01,78,1,1.0,True,1.0,True,1.0,1.0
frozen,-1,reference_only,0.01,79,0,0.0,False,1.0,False,0.0,1.0
frozen,-1,reference_only,0.01,79,1,1.0,True,1.0,True,1.0,1.0
frozen,-1,reference_only,0.01,80,0,0.0,False,1.0,False,0.0,1.0
frozen,-1,reference_only,0.01,80,1,1.0,True,1.0,True,1.0,1.0
frozen,-1,gated,0.024,1,0,0.0,False,0.0,True,1.0,0.0
frozen,-1,gated,0.024,1,1,1.0,True,0.0,False,0.0,0.0
frozen,-1,gated,0.024,2,0,0.0,False,0.0,True,1.0,0.0
frozen,-1,gated,0.024,2,1,1.0,True,0.0,False,0.0,0.0
frozen,-1,gated,0.024,3,0,0.0,False,0.0,True,1.0,0.0
frozen,-1,gated,0.024,3,1,1.0,True,0.0,False,0.0,0.0
frozen,-1,gated,0.024,4,0,0.0,False,0.0,True,1.0,0.0
frozen,-1,gated,0.024,4,1,1.0,True,0.0,False,0.0,0.0
frozen,-1,gated,0.024,5,0,0.0,False,0.0,True,1.0,0.0
frozen,-1,gated,0.024,5,1,1.0,True,0.0,False,0.0,0.0
frozen,-1,gated,0.024,6,0,0.0,False,0.0,True,1.0,0.0
frozen,-1,gated,0.024,6,1,1.0,True,0.0,False,0.0,0.0
frozen,-1,gated,0.024,7,0,0.0,False,0.0,True,1.0,0.0
frozen,-1,gated,0.024,7,1,1.0,True,0.0,False,0.0,0.0
frozen,-1,gated,0.024,8,0,0.0,False,0.0,True,1.0,0.0
frozen,-1,gated,0.024,8,1,1.0,True,0.0,False,0.0,0.0
frozen,-1,gated,0.024,9,0,0.0,False,0.0,True,1.0,0.0
frozen,-1,gated,0.024,9,1,1.0,True,0.0,False,0.0,0.0
frozen,-1,gated,0.024,10,0,0.0,False,0.0,True,1.0,0.0
frozen,-1,gated,0.024,10,1,1.0,True,0.0,False,0.0,0.0
frozen,-1,gated,0.024,11,0,0.0,False,0.0,True,1.0,0.0
frozen,-1,gated,0.024,11,1,1.0,True,0.0,False,0.0,0.0
frozen,-1,gated,0.024,12,0,0.0,False,0.0,True,1.0,0.0
frozen,-1,gated,0.024,12,1,1.0,True,0.0,False,0.0,0.0
frozen,-1,gated,0.024,13,0,0.0,False,0.0,True,1.0,0.0
frozen,-1,gated,0.024,13,1,1.0,True,0.0,False,0.0,0.0
frozen,-1,gated,0.024,14,0,0.0,False,0.0,True,1.0,0.0
frozen,-1,gated,0.024,14,1,1.0,True,0.0,False,0.0,0.0
frozen,-1,gated,0.024,15,0,0.0,False,0.0,True,1.0,0.0
frozen,-1,gated,0.024,15,1,1.0,True,0.0,False,0.0,0.0
frozen,-1,gated,0.024,16,0,0.0,False,0.0,True,1.0,0.0
frozen,-1,gated,0.024,16,1,1.0,True,0.0,False,0.0,0.0
frozen,-1,gated,0.024,17,0,0.0,False,0.0,True,1.0,0.0
frozen,-1,gated,0.024,17,1,1.0,True,0.0,False,0.0,0.0
frozen,-1,gated,0.024,18,0,0.0,False,0.0,True,1.0,0.0
frozen,-1,gated,0.024,18,1,1.0,True,0.0,False,0.0,0.0
frozen,-1,gated,0.024,19,0,0.0,False,0.0,True,1.0,0.0
frozen,-1,gated,0.024,19,1,1.0,True,0.0,False,0.0,0.0
frozen,-1,gated,0.024,20,0,0.0,False,0.0,True,1.0,0.0
frozen,-1,gated,0.024,20,1,1.0,True,0.0,False,0.0,0.0
frozen,-1,gated,0.024,21,0,0.0,False,0.0,True,1.0,0.0
frozen,-1,gated,0.024,21,1,1.0,True,0.0,False,0.0,0.0
frozen,-1,gated,0.024,22,0,0.0,False,0.0,True,1.0,0.0
frozen,-1,gated,0.024,22,1,1.0,True,0.0,False,0.0,0.0
frozen,-1,gated,0.024,23,0,0.0,False,0.0,True,1.0,0.0
frozen,-1,gated,0.024,23,1,1.0,True,0.0,False,0.0,0.0
frozen,-1,gated,0.024,24,0,0.0,False,0.0,True,1.0,0.0
frozen,-1,gated,0.024,24,1,1.0,True,0.0,False,0.0,0.0
frozen,-1,gated,0.024,25,0,0.0,False,0.0,True,1.0,0.0
frozen,-1,gated,0.024,25,1,1.0,True,0.0,False,0.0,0.0
frozen,-1,gated,0.024,26,0,0.0,False,0.0,True,1.0,0.0
frozen,-1,gated,0.024,26,1,1.0,True,0.0,False,0.0,0.0
frozen,-1,gated,0.024,27,0,0.0,False,0.0,True,1.0,0.0
frozen,-1,gated,0.024,27,1,1.0,True,0.0,False,0.0,0.0
frozen,-1,gated,0.024,28,0,0.0,False,0.0,True,1.0,0.0
frozen,-1,gated,0.024,28,1,1.0,True,0.0,False,0.0,0.0
frozen,-1,gated,0.024,29,0,0.0,False,0.0,True,1.0,0.0
frozen,-1,gated,0.024,29,1,1.0,True,0.0,False,0.0,0.0
frozen,-1,gated,0.024,30,0,0.0,False,0.0,True,1.0,0.0
frozen,-1,gated,0.024,30,1,1.0,True,0.0,False,0.0,0.0
frozen,-1,gated,0.024,31,0,0.0,False,0.0,True,1.0,0.0
frozen,-1,gated,0.024,31,1,1.0,True,0.0,False,0.0,0.0
frozen,-1,gated,0.024,32,0,0.0,False,0.0,True,1.0,0.0
frozen,-1,gated,0.024,32,1,1.0,True,0.0,False,0.0,0.0
frozen,-1,gated,0.024,33,0,0.0,False,0.0,True,1.0,0.0
frozen,-1,gated,0.024,33,1,1.0,True,0.0,False,0.0,0.0
frozen,-1,gated,0.024,34,0,0.0,False,0.0,True,1.0,0.0
frozen,-1,gated,0.024,34,1,1.0,True,0.0,False,0.0,0.0
frozen,-1,gated,0.024,35,0,0.0,False,0.0,True,1.0,0.0
frozen,-1,gated,0.024,35,1,1.0,True,0.0,False,0.0,0.0
frozen,-1,gated,0.024,36,0,0.0,False,0.0,True,1.0,0.0
frozen,-1,gated,0.024,36,1,1.0,True,0.0,False,0.0,0.0
frozen,-1,gated,0.024,37,0,0.0,False,0.0,True,1.0,0.0
frozen,-1,gated,0.024,37,1,1.0,True,0.0,False,0.0,0.0
frozen,-1,gated,0.024,38,0,0.0,False,0.0,True,1.0,0.0
frozen,-1,gated,0.024,38,1,1.0,True,0.0,False,0.0,0.0
frozen,-1,gated,0.024,39,0,0.0,False,0.0,True,1.0,0.0
frozen,-1,gated,0.024,39,1,1.0,True,0.0,False,0.0,0.0
frozen,-1,gated,0.024,40,0,0.0,False,0.0,True,1.0,0.0
frozen,-1,gated,0.024,40,1,1.0,True,0.0,False,0.0,0.0
frozen,-1,gated,0.024,41,0,0.0,False,0.0,True,1.0,0.0
frozen,-1,gated,0.024,41,1,1.0,True,0.0,False,0.0,0.0
frozen,-1,gated,0.024,42,0,0.0,False,0.0,True,1.0,0.0
frozen,-1,gated,0.024,42,1,1.0,True,0.0,False,0.0,0.0
frozen,-1,gated,0.024,43,0,0.0,False,0.0,True,1.0,0.0
frozen,-1,gated,0.024,43,1,1.0,True,0.0,False,0.0,0.0
frozen,-1,gated,0.024,44,0,0.0,False,0.0,True,1.0,0.0
frozen,-1,gated,0.024,44,1,1.0,True,0.0,False,0.0,0.0
frozen,-1,gated,0.024,45,0,0.0,False,0.0,True,1.0,0.0
frozen,-1,gated,0.024,45,1,1.0,True,0.0,False,0.0,0.0
frozen,-1,gated,0.024,46,0,0.0,False,0.0,True,1.0,0.0
frozen,-1,gated,0.024,46,1,1.0,True,0.0,False,0.0,0.0
frozen,-1,gated,0.024,47,0,0.0,False,0.0,True,1.0,0.0
frozen,-1,gated,0.024,47,1,1.0,True,0.0,False,0.0,0.0
frozen,-1,gated,0.024,48,0,0.0,False,0.0,True,1.0,0.0
frozen,-1,gated,0.024,48,1,1.0,True,0.0,False,0.0,0.0
frozen,-1,gated,0.024,49,0,0.0,False,0.0,True,1.0,0.0
frozen,-1,gated,0.024,49,1,1.0,True,0.0,False,0.0,0.0
frozen,-1,gated,0.024,50,0,0.0,False,0.0,True,1.0,0.0
frozen,-1,gated,0.024,50,1,1.0,True,0.0,False,0.0,0.0
frozen,-1,gated,0.024,51,0,0.0,False,0.0,True,1.0,0.0
frozen,-1,gated,0.024,51,1,1.0,True,0.0,False,0.0,0.0
frozen,-1,gated,0.024,52,0,0.0,False,0.0,True,1.0,0.0
frozen,-1,gated,0.024,52,1,1.0,True,0.0,False,0.0,0.0
frozen,-1,gated,0.024,53,0,0.0,False,0.0,True,1.0,0.0
frozen,-1,gated,0.024,53,1,1.0,True,0.0,False,0.0,0.0
frozen,-1,gated,0.024,54,0,0.0,False,0.0,True,1.0,0.0
frozen,-1,gated,0.024,54,1,1.0,True,0.0,False,0.0,0.0
frozen,-1,gated,0.024,55,0,0.0,False,0.0,True,1.0,0.0
frozen,-1,gated,0.024,55,1,1.0,True,0.0,False,0.0,0.0
frozen,-1,gated,0.024,56,0,0.0,False,0.0,True,1.0,0.0
frozen,-1,gated,0.024,56,1,1.0,True,0.0,False,0.0,0.0
frozen,-1,gated,0.024,57,0,0.0,False,0.0,True,1.0,0.0
frozen,-1,gated,0.024,57,1,1.0,True,0.0,False,0.0,0.0
frozen,-1,gated,0.024,58,0,0.0,False,0.0,True,1.0,0.0
frozen,-1,gated,0.024,58,1,1.0,True,0.0,False,0.0,0.0
frozen,-1,gated,0.024,59,0,0.0,False,0.0,True,1.0,0.0
frozen,-1,gated,0.024,59,1,1.0,True,0.0,False,0.0,0.0
frozen,-1,gated,0.024,60,0,0.0,False,0.0,True,1.0,0.0
frozen,-1,gated,0.024,60,1,1.0,True,0.0,False,0.0,0.0
frozen,-1,gated,0.024,61,0,0.0,False,0.0,True,1.0,0.0
frozen,-1,gated,0.024,61,1,1.0,True,0.0,False,0.0,0.0
frozen,-1,gated,0.024,62,0,0.0,False,0.0,True,1.0,0.0
frozen,-1,gated,0.024,62,1,1.0,True,0.0,False,0.0,0.0
frozen,-1,gated,0.024,63,0,0.0,False,0.0,True,1.0,0.0
frozen,-1,gated,0.024,63,1,1.0,True,0.0,False,0.0,0.0
frozen,-1,gated,0.024,64,0,0.0,False,0.0,True,1.0,0.0
frozen,-1,gated,0.024,64,1,1.0,True,0.0,False,0.0,0.0
frozen,-1,gated,0.024,65,0,0.0,False,0.0,True,1.0,0.0
frozen,-1,gated,0.024,65,1,1.0,True,0.0,False,0.0,0.0
frozen,-1,gated,0.024,66,0,0.0,False,0.0,True,1.0,0.0
frozen,-1,gated,0.024,66,1,1.0,True,0.0,False,0.0,0.0
frozen,-1,gated,0.024,67,0,0.0,False,0.0,True,1.0,0.0
frozen,-1,gated,0.024,67,1,1.0,True,0.0,False,0.0,0.0
frozen,-1,gated,0.024,68,0,0.0,False,0.0,True,1.0,0.0
frozen,-1,gated,0.024,68,1,1.0,True,0.0,False,0.0,0.0
frozen,-1,gated,0.024,69,0,0.0,False,0.0,True,1.0,0.0
frozen,-1,gated,0.024,69,1,1.0,True,0.0,False,0.0,0.0
frozen,-1,gated,0.024,70,0,0.0,False,0.0,True,1.0,0.0
frozen,-1,gated,0.024,70,1,1.0,True,0.0,False,0.0,0.0
frozen,-1,gated,0.024,71,0,0.0,False,0.0,True,1.0,0.0
frozen,-1,gated,0.024,71,1,1.0,True,0.0,False,0.0,0.0
frozen,-1,gated,0.024,72,0,0.0,False,0.0,True,1.0,0.0
frozen,-1,gated,0.024,72,1,1.0,True,0.0,False,0.0,0.0
frozen,-1,gated,0.024,73,0,0.0,False,0.0,True,1.0,0.0
frozen,-1,gated,0.024,73,1,1.0,True,0.0,False,0.0,0.0
frozen,-1,gated,0.024,74,0,0.0,False,0.0,True,1.0,0.0
frozen,-1,gated,0.024,74,1,1.0,True,0.0,False,0.0,0.0
frozen,-1,gated,0.024,75,0,0.0,False,0.0,True,1.0,0.0
frozen,-1,gated,0.024,75,1,1.0,True,0.0,False,0.0,0.0
frozen,-1,gated,0.024,76,0,0.0,False,0.0,True,1.0,0.0
frozen,-1,gated,0.024,76,1,1.0,True,0.0,False,0.0,0.0
frozen,-1,gated,0.024,77,0,0.0,False,0.0,True,1.0,0.0
frozen,-1,gated,0.024,77,1,1.0,True,0.0,False,0.0,0.0
frozen,-1,gated,0.024,78,0,0.0,False,0.0,True,1.0,0.0
frozen,-1,gated,0.024,78,1,1.0,True,0.0,False,0.0,0.0
frozen,-1,gated,0.024,79,0,0.0,False,0.0,True,1.0,0.0
frozen,-1,gated,0.024,79,1,1.0,True,0.0,False,0.0,0.0
frozen,-1,gated,0.024,80,0,0.0,False,0.0,True,1.0,0.0
frozen,-1,gated,0.024,80,1,1.0,True,0.0,False,0.0,0.0
frozen,-1,accept_all,0.024,1,0,0.0,False,0.0,True,1.0,0.0
frozen,-1,accept_all,0.024,1,1,1.0,True,0.0,True,0.0,1.0
frozen,-1,accept_all,0.024,2,0,0.0,False,1.0,True,0.0,0.0
frozen,-1,accept_all,0.024,2,1,1.0,True,0.0,True,0.0,1.0
frozen,-1,accept_all,0.024,3,0,0.0,False,1.0,True,0.0,0.0
frozen,-1,accept_all,0.024,3,1,1.0,True,0.0,True,0.0,1.0
frozen,-1,accept_all,0.024,4,0,0.0,False,1.0,True,0.0,0.0
frozen,-1,accept_all,0.024,4,1,1.0,True,0.0,True,0.0,1.0
frozen,-1,accept_all,0.024,5,0,0.0,False,1.0,True,0.0,0.0
frozen,-1,accept_all,0.024,5,1,1.0,True,0.0,True,0.0,1.0
frozen,-1,accept_all,0.024,6,0,0.0,False,1.0,True,0.0,0.0
frozen,-1,accept_all,0.024,6,1,1.0,True,0.0,True,0.0,1.0
frozen,-1,accept_all,0.024,7,0,0.0,False,1.0,True,0.0,0.0
frozen,-1,accept_all,0.024,7,1,1.0,True,0.0,True,0.0,1.0
frozen,-1,accept_all,0.024,8,0,0.0,False,1.0,True,0.0,0.0
frozen,-1,accept_all,0.024,8,1,1.0,True,0.0,True,0.0,1.0
frozen,-1,accept_all,0.024,9,0,0.0,False,1.0,True,0.0,0.0
frozen,-1,accept_all,0.024,9,1,1.0,True,0.0,True,0.0,1.0
frozen,-1,accept_all,0.024,10,0,0.0,False,1.0,True,0.0,0.0
frozen,-1,accept_all,0.024,10,1,1.0,True,0.0,True,0.0,1.0
frozen,-1,accept_all,0.024,11,0,0.0,False,1.0,True,0.0,0.0
frozen,-1,accept_all,0.024,11,1,1.0,True,0.0,True,0.0,1.0
frozen,-1,accept_all,0.024,12,0,0.0,False,1.0,True,0.0,0.0
frozen,-1,accept_all,0.024,12,1,1.0,True,0.0,True,0.0,1.0
frozen,-1,accept_all,0.024,13,0,0.0,False,1.0,True,0.0,0.0
frozen,-1,accept_all,0.024,13,1,1.0,True,0.0,True,0.0,1.0
frozen,-1,accept_all,0.024,14,0,0.0,False,1.0,True,0.0,0.0
frozen,-1,accept_all,0.024,14,1,1.0,True,0.0,True,0.0,1.0
frozen,-1,accept_all,0.024,15,0,0.0,False,1.0,True,0.0,0.0
frozen,-1,accept_all,0.024,15,1,1.0,True,0.0,True,0.0,1.0
frozen,-1,accept_all,0.024,16,0,0.0,False,1.0,True,0.0,0.0
frozen,-1,accept_all,0.024,16,1,1.0,True,0.0,True,0.0,1.0
frozen,-1,accept_all,0.024,17,0,0.0,False,1.0,True,0.0,0.0
frozen,-1,accept_all,0.024,17,1,1.0,True,0.0,True,0.0,1.0
frozen,-1,accept_all,0.024,18,0,0.0,False,1.0,True,0.0,0.0
frozen,-1,accept_all,0.024,18,1,1.0,True,0.0,True,0.0,1.0
frozen,-1,accept_all,0.024,19,0,0.0,False,1.0,True,0.0,0.0
frozen,-1,accept_all,0.024,19,1,1.0,True,0.0,True,0.0,1.0
frozen,-1,accept_all,0.024,20,0,0.0,False,1.0,True,0.0,0.0
frozen,-1,accept_all,0.024,20,1,1.0,True,0.0,True,0.0,1.0
frozen,-1,accept_all,0.024,21,0,0.0,False,1.0,True,0.0,0.0
frozen,-1,accept_all,0.024,21,1,1.0,True,0.0,True,0.0,1.0
frozen,-1,accept_all,0.024,22,0,0.0,False,1.0,True,0.0,0.0
frozen,-1,accept_all,0.024,22,1,1.0,True,0.0,True,0.0,1.0
frozen,-1,accept_all,0.024,23,0,0.0,False,1.0,True,0.0,0.0
frozen,-1,accept_all,0.024,23,1,1.0,True,0.0,True,0.0,1.0
frozen,-1,accept_all,0.024,24,0,0.0,False,1.0,True,0.0,0.0
frozen,-1,accept_all,0.024,24,1,1.0,True,0.0,True,0.0,1.0
frozen,-1,accept_all,0.024,25,0,0.0,False,1.0,True,0.0,0.0
frozen,-1,accept_all,0.024,25,1,1.0,True,0.0,True,0.0,1.0
frozen,-1,accept_all,0.024,26,0,0.0,False,1.0,True,0.0,0.0
frozen,-1,accept_all,0.024,26,1,1.0,True,0.0,True,0.0,1.0
frozen,-1,accept_all,0.024,27,0,0.0,False,1.0,True,0.0,0.0
frozen,-1,accept_all,0.024,27,1,1.0,True,0.0,True,0.0,1.0
frozen,-1,accept_all,0.024,28,0,0.0,False,1.0,True,0.0,0.0
frozen,-1,accept_all,0.024,28,1,1.0,True,0.0,True,0.0,1.0
frozen,-1,accept_all,0.024,29,0,0.0,False,1.0,True,0.0,0.0
frozen,-1,accept_all,0.024,29,1,1.0,True,0.0,True,0.0,1.0
frozen,-1,accept_all,0.024,30,0,0.0,False,1.0,True,0.0,0.0
frozen,-1,accept_all,0.024,30,1,1.0,True,0.0,True,0.0,1.0
frozen,-1,accept_all,0.024,31,0,0.0,False,1.0,True,0.0,0.0
frozen,-1,accept_all,0.024,31,1,1.0,True,0.0,True,0.0,1.0
frozen,-1,accept_all,0.024,32,0,0.0,False,1.0,True,0.0,0.0
frozen,-1,accept_all,0.024,32,1,1.0,True,0.0,True,0.0,1.0
frozen,-1,accept_all,0.024,33,0,0.0,False,1.0,True,0.0,0.0
frozen,-1,accept_all,0.024,33,1,1.0,True,0.0,True,0.0,1.0
frozen,-1,accept_all,0.024,34,0,0.0,False,1.0,True,0.0,0.0
frozen,-1,accept_all,0.024,34,1,1.0,True,0.0,True,0.0,1.0
frozen,-1,accept_all,0.024,35,0,0.0,False,1.0,True,0.0,0.0
frozen,-1,accept_all,0.024,35,1,1.0,True,0.0,True,0.0,1.0
frozen,-1,accept_all,0.024,36,0,0.0,False,1.0,True,0.0,0.0
frozen,-1,accept_all,0.024,36,1,1.0,True,0.0,True,0.0,1.0
frozen,-1,accept_all,0.024,37,0,0.0,False,1.0,True,0.0,0.0
frozen,-1,accept_all,0.024,37,1,1.0,True,0.0,True,0.0,1.0
frozen,-1,accept_all,0.024,38,0,0.0,False,1.0,True,0.0,0.0
frozen,-1,accept_all,0.024,38,1,1.0,True,0.0,True,0.0,1.0
frozen,-1,accept_all,0.024,39,0,0.0,False,1.0,True,0.0,0.0
frozen,-1,accept_all,0.024,39,1,1.0,True,0.0,True,0.0,1.0
frozen,-1,accept_all,0.024,40,0,0.0,False,1.0,True,0.0,0.0
frozen,-1,accept_all,0.024,40,1,1.0,True,0.0,True,0.0,1.0
frozen,-1,accept_all,0.024,41,0,0.0,False,1.0,True,0.0,0.0
frozen,-1,accept_all,0.024,41,1,1.0,True,0.0,True,0.0,1.0
frozen,-1,accept_all,0.024,42,0,0.0,False,1.0,True,0.0,0.0
frozen,-1,accept_all,0.024,42,1,1.0,True,0.0,True,0.0,1.0
frozen,-1,accept_all,0.024,43,0,0.0,False,1.0,True,0.0,0.0
frozen,-1,accept_all,0.024,43,1,1.0,True,0.0,True,0.0,1.0
frozen,-1,accept_all,0.024,44,0,0.0,False,1.0,True,0.0,0.0
frozen,-1,accept_all,0.024,44,1,1.0,True,0.0,True,0.0,1.0
frozen,-1,accept_all,0.024,45,0,0.0,False,1.0,True,0.0,0.0
frozen,-1,accept_all,0.024,45,1,1.0,True,0.0,True,0.0,1.0
frozen,-1,accept_all,0.024,46,0,0.0,False,1.0,True,0.0,0.0
frozen,-1,accept_all,0.024,46,1,1.0,True,0.0,True,0.0,1.0
frozen,-1,accept_all,0.024,47,0,0.0,False,1.0,True,0.0,0.0
frozen,-1,accept_all,0.024,47,1,1.0,True,0.0,True,0.0,1.0
frozen,-1,accept_all,0.024,48,0,0.0,False,1.0,True,0.0,0.0
frozen,-1,accept_all,0.024,48,1,1.0,True,0.0,True,0.0,1.0
frozen,-1,accept_all,0.024,49,0,0.0,False,1.0,True,0.0,0.0
frozen,-1,accept_all,0.024,49,1,1.0,True,0.0,True,0.0,1.0
frozen,-1,accept_all,0.024,50,0,0.0,False,1.0,True,0.0,0.0
frozen,-1,accept_all,0.024,50,1,1.0,True,0.0,True,0.0,1.0
frozen,-1,accept_all,0.024,51,0,0.0,False,1.0,True,0.0,0.0
frozen,-1,accept_all,0.024,51,1,1.0,True,0.0,True,0.0,1.0
frozen,-1,accept_all,0.024,52,0,0.0,False,1.0,True,0.0,0.0
frozen,-1,accept_all,0.024,52,1,1.0,True,0.0,True,0.0,1.0
frozen,-1,accept_all,0.024,53,0,0.0,False,1.0,True,0.0,0.0
frozen,-1,accept_all,0.024,53,1,1.0,True,0.0,True,0.0,1.0
frozen,-1,accept_all,0.024,54,0,0.0,False,1.0,True,0.0,0.0
frozen,-1,accept_all,0.024,54,1,1.0,True,0.0,True,0.0,1.0
frozen,-1,accept_all,0.024,55,0,0.0,False,1.0,True,0.0,0.0
frozen,-1,accept_all,0.024,55,1,1.0,True,0.0,True,0.0,1.0
frozen,-1,accept_all,0.024,56,0,0.0,False,1.0,True,0.0,0.0
frozen,-1,accept_all,0.024,56,1,1.0,True,0.0,True,0.0,1.0
frozen,-1,accept_all,0.024,57,0,0.0,False,1.0,True,0.0,0.0
frozen,-1,accept_all,0.024,57,1,1.0,True,0.0,True,0.0,1.0
frozen,-1,accept_all,0.024,58,0,0.0,False,1.0,True,0.0,0.0
frozen,-1,accept_all,0.024,58,1,1.0,True,0.0,True,0.0,1.0
frozen,-1,accept_all,0.024,59,0,0.0,False,1.0,True,0.0,0.0
frozen,-1,accept_all,0.024,59,1,1.0,True,0.0,True,0.0,1.0
frozen,-1,accept_all,0.024,60,0,0.0,False,1.0,True,0.0,0.0
frozen,-1,accept_all,0.024,60,1,1.0,True,0.0,True,0.0,1.0
frozen,-1,accept_all,0.024,61,0,0.0,False,1.0,True,0.0,0.0
frozen,-1,accept_all,0.024,61,1,1.0,True,0.0,True,0.0,1.0
frozen,-1,accept_all,0.024,62,0,0.0,False,1.0,True,0.0,0.0
frozen,-1,accept_all,0.024,62,1,1.0,True,0.0,True,0.0,1.0
frozen,-1,accept_all,0.024,63,0,0.0,False,1.0,True,0.0,0.0
frozen,-1,accept_all,0.024,63,1,1.0,True,0.0,True,0.0,1.0
frozen,-1,accept_all,0.024,64,0,0.0,False,1.0,True,0.0,0.0
frozen,-1,accept_all,0.024,64,1,1.0,True,0.0,True,0.0,1.0
frozen,-1,accept_all,0.024,65,0,0.0,False,1.0,True,0.0,0.0
frozen,-1,accept_all,0.024,65,1,1.0,True,0.0,True,0.0,1.0
frozen,-1,accept_all,0.024,66,0,0.0,False,1.0,True,0.0,0.0
frozen,-1,accept_all,0.024,66,1,1.0,True,0.0,True,0.0,1.0
frozen,-1,accept_all,0.024,67,0,0.0,False,1.0,True,0.0,0.0
frozen,-1,accept_all,0.024,67,1,1.0,True,0.0,True,0.0,1.0
frozen,-1,accept_all,0.024,68,0,0.0,False,1.0,True,0.0,0.0
frozen,-1,accept_all,0.024,68,1,1.0,True,0.0,True,0.0,1.0
frozen,-1,accept_all,0.024,69,0,0.0,False,1.0,True,0.0,0.0
frozen,-1,accept_all,0.024,69,1,1.0,True,0.0,True,0.0,1.0
frozen,-1,accept_all,0.024,70,0,0.0,False,1.0,True,0.0,0.0
frozen,-1,accept_all,0.024,70,1,1.0,True,0.0,True,0.0,1.0
frozen,-1,accept_all,0.024,71,0,0.0,False,1.0,True,0.0,0.0
frozen,-1,accept_all,0.024,71,1,1.0,True,0.0,True,0.0,1.0
frozen,-1,accept_all,0.024,72,0,0.0,False,1.0,True,0.0,0.0
frozen,-1,accept_all,0.024,72,1,1.0,True,0.0,True,0.0,1.0
frozen,-1,accept_all,0.024,73,0,0.0,False,1.0,True,0.0,0.0
frozen,-1,accept_all,0.024,73,1,1.0,True,0.0,True,0.0,1.0
frozen,-1,accept_all,0.024,74,0,0.0,False,1.0,True,0.0,0.0
frozen,-1,accept_all,0.024,74,1,1.0,True,0.0,True,0.0,1.0
frozen,-1,accept_all,0.024,75,0,0.0,False,1.0,True,0.0,0.0
frozen,-1,accept_all,0.024,75,1,1.0,True,0.0,True,0.0,1.0
frozen,-1,accept_all,0.024,76,0,0.0,False,1.0,True,0.0,0.0
frozen,-1,accept_all,0.024,76,1,1.0,True,0.0,True,0.0,1.0
frozen,-1,accept_all,0.024,77,0,0.0,False,1.0,True,0.0,0.0
frozen,-1,accept_all,0.024,77,1,1.0,True,0.0,True,0.0,1.0
frozen,-1,accept_all,0.024,78,0,0.0,False,1.0,True,0.0,0.0
frozen,-1,accept_all,0.024,78,1,1.0,True,0.0,True,0.0,1.0
frozen,-1,accept_all,0.024,79,0,0.0,False,1.0,True,0.0,0.0
frozen,-1,accept_all,0.024,79,1,1.0,True,0.0,True,0.0,1.0
frozen,-1,accept_all,0.024,80,0,0.0,False,1.0,True,0.0,0.0
frozen,-1,accept_all,0.024,80,1,1.0,True,0.0,True,0.0,1.0
frozen,-1,reference_only,0.024,1,0,0.0,False,0.0,False,1.0,0.0
frozen,-1,reference_only,0.024,1,1,1.0,True,0.0,True,0.0,1.0
frozen,-1,reference_only,0.024,2,0,0.0,False,1.0,False,0.0,1.0
frozen,-1,reference_only,0.024,2,1,1.0,True,1.0,True,1.0,1.0
frozen,-1,reference_only,0.024,3,0,0.0,False,1.0,False,0.0,1.0
frozen,-1,reference_only,0.024,3,1,1.0,True,1.0,True,1.0,1.0
frozen,-1,reference_only,0.024,4,0,0.0,False,1.0,False,0.0,1.0
frozen,-1,reference_only,0.024,4,1,1.0,True,1.0,True,1.0,1.0
frozen,-1,reference_only,0.024,5,0,0.0,False,1.0,False,0.0,1.0
frozen,-1,reference_only,0.024,5,1,1.0,True,1.0,True,1.0,1.0
frozen,-1,reference_only,0.024,6,0,0.0,False,1.0,False,0.0,1.0
frozen,-1,reference_only,0.024,6,1,1.0,True,1.0,True,1.0,1.0
frozen,-1,reference_only,0.024,7,0,0.0,False,1.0,False,0.0,1.0
frozen,-1,reference_only,0.024,7,1,1.0,True,1.0,True,1.0,1.0
frozen,-1,reference_only,0.024,8,0,0.0,False,1.0,False,0.0,1.0
frozen,-1,reference_only,0.024,8,1,1.0,True,1.0,True,1.0,1.0
frozen,-1,reference_only,0.024,9,0,0.0,False,1.0,False,0.0,1.0
frozen,-1,reference_only,0.024,9,1,1.0,True,1.0,True,1.0,1.0
frozen,-1,reference_only,0.024,10,0,0.0,False,1.0,False,0.0,1.0
frozen,-1,reference_only,0.024,10,1,1.0,True,1.0,True,1.0,1.0
frozen,-1,reference_only,0.024,11,0,0.0,False,1.0,False,0.0,1.0
frozen,-1,reference_only,0.024,11,1,1.0,True,1.0,True,1.0,1.0
frozen,-1,reference_only,0.024,12,0,0.0,False,1.0,False,0.0,1.0
frozen,-1,reference_only,0.024,12,1,1.0,True,1.0,True,1.0,1.0
frozen,-1,reference_only,0.024,13,0,0.0,False,1.0,False,0.0,1.0
frozen,-1,reference_only,0.024,13,1,1.0,True,1.0,True,1.0,1.0
frozen,-1,reference_only,0.024,14,0,0.0,False,1.0,False,0.0,1.0
frozen,-1,reference_only,0.024,14,1,1.0,True,1.0,True,1.0,1.0
frozen,-1,reference_only,0.024,15,0,0.0,False,1.0,False,0.0,1.0
frozen,-1,reference_only,0.024,15,1,1.0,True,1.0,True,1.0,1.0
frozen,-1,reference_only,0.024,16,0,0.0,False,1.0,False,0.0,1.0
frozen,-1,reference_only,0.024,16,1,1.0,True,1.0,True,1.0,1.0
frozen,-1,reference_only,0.024,17,0,0.0,False,1.0,False,0.0,1.0
frozen,-1,reference_only,0.024,17,1,1.0,True,1.0,True,1.0,1.0
frozen,-1,reference_only,0.024,18,0,0.0,False,1.0,False,0.0,1.0
frozen,-1,reference_only,0.024,18,1,1.0,True,1.0,True,1.0,1.0
frozen,-1,reference_only,0.024,19,0,0.0,False,1.0,False,0.0,1.0
frozen,-1,reference_only,0.024,19,1,1.0,True,1.0,True,1.0,1.0
frozen,-1,reference_only,0.024,20,0,0.0,False,1.0,False,0.0,1.0
frozen,-1,reference_only,0.024,20,1,1.0,True,1.0,True,1.0,1.0
frozen,-1,reference_only,0.024,21,0,0.0,False,1.0,False,0.0,1.0
frozen,-1,reference_only,0.024,21,1,1.0,True,1.0,True,1.0,1.0
frozen,-1,reference_only,0.024,22,0,0.0,False,1.0,False,0.0,1.0
frozen,-1,reference_only,0.024,22,1,1.0,True,1.0,True,1.0,1.0
frozen,-1,reference_only,0.024,23,0,0.0,False,1.0,False,0.0,1.0
frozen,-1,reference_only,0.024,23,1,1.0,True,1.0,True,1.0,1.0
frozen,-1,reference_only,0.024,24,0,0.0,False,1.0,False,0.0,1.0
frozen,-1,reference_only,0.024,24,1,1.0,True,1.0,True,1.0,1.0
frozen,-1,reference_only,0.024,25,0,0.0,False,1.0,False,0.0,1.0
frozen,-1,reference_only,0.024,25,1,1.0,True,1.0,True,1.0,1.0
frozen,-1,reference_only,0.024,26,0,0.0,False,1.0,False,0.0,1.0
frozen,-1,reference_only,0.024,26,1,1.0,True,1.0,True,1.0,1.0
frozen,-1,reference_only,0.024,27,0,0.0,False,1.0,False,0.0,1.0
frozen,-1,reference_only,0.024,27,1,1.0,True,1.0,True,1.0,1.0
frozen,-1,reference_only,0.024,28,0,0.0,False,1.0,False,0.0,1.0
frozen,-1,reference_only,0.024,28,1,1.0,True,1.0,True,1.0,1.0
frozen,-1,reference_only,0.024,29,0,0.0,False,1.0,False,0.0,1.0
frozen,-1,reference_only,0.024,29,1,1.0,True,1.0,True,1.0,1.0
frozen,-1,reference_only,0.024,30,0,0.0,False,1.0,False,0.0,1.0
frozen,-1,reference_only,0.024,30,1,1.0,True,1.0,True,1.0,1.0
frozen,-1,reference_only,0.024,31,0,0.0,False,1.0,False,0.0,1.0
frozen,-1,reference_only,0.024,31,1,1.0,True,1.0,True,1.0,1.0
frozen,-1,reference_only,0.024,32,0,0.0,False,1.0,False,0.0,1.0
frozen,-1,reference_only,0.024,32,1,1.0,True,1.0,True,1.0,1.0
frozen,-1,reference_only,0.024,33,0,0.0,False,1.0,False,0.0,1.0
frozen,-1,reference_only,0.024,33,1,1.0,True,1.0,True,1.0,1.0
frozen,-1,reference_only,0.024,34,0,0.0,False,1.0,False,0.0,1.0
frozen,-1,reference_only,0.024,34,1,1.0,True,1.0,True,1.0,1.0
frozen,-1,reference_only,0.024,35,0,0.0,False,1.0,False,0.0,1.0
frozen,-1,reference_only,0.024,35,1,1.0,True,1.0,True,1.0,1.0
frozen,-1,reference_only,0.024,36,0,0.0,False,1.0,False,0.0,1.0
frozen,-1,reference_only,0.024,36,1,1.0,True,1.0,True,1.0,1.0
frozen,-1,reference_only,0.024,37,0,0.0,False,1.0,False,0.0,1.0
frozen,-1,reference_only,0.024,37,1,1.0,True,1.0,True,1.0,1.0
frozen,-1,reference_only,0.024,38,0,0.0,False,1.0,False,0.0,1.0
frozen,-1,reference_only,0.024,38,1,1.0,True,1.0,True,1.0,1.0
frozen,-1,reference_only,0.024,39,0,0.0,False,1.0,False,0.0,1.0
frozen,-1,reference_only,0.024,39,1,1.0,True,1.0,True,1.0,1.0
frozen,-1,reference_only,0.024,40,0,0.0,False,1.0,False,0.0,1.0
frozen,-1,reference_only,0.024,40,1,1.0,True,1.0,True,1.0,1.0
frozen,-1,reference_only,0.024,41,0,0.0,False,1.0,False,0.0,1.0
frozen,-1,reference_only,0.024,41,1,1.0,True,1.0,True,1.0,1.0
frozen,-1,reference_only,0.024,42,0,0.0,False,1.0,False,0.0,1.0
frozen,-1,reference_only,0.024,42,1,1.0,True,1.0,True,1.0,1.0
frozen,-1,reference_only,0.024,43,0,0.0,False,1.0,False,0.0,1.0
frozen,-1,reference_only,0.024,43,1,1.0,True,1.0,True,1.0,1.0
frozen,-1,reference_only,0.024,44,0,0.0,False,1.0,False,0.0,1.0
frozen,-1,reference_only,0.024,44,1,1.0,True,1.0,True,1.0,1.0
frozen,-1,reference_only,0.024,45,0,0.0,False,1.0,False,0.0,1.0
frozen,-1,reference_only,0.024,45,1,1.0,True,1.0,True,1.0,1.0
frozen,-1,reference_only,0.024,46,0,0.0,False,1.0,False,0.0,1.0
frozen,-1,reference_only,0.024,46,1,1.0,True,1.0,True,1.0,1.0
frozen,-1,reference_only,0.024,47,0,0.0,False,1.0,False,0.0,1.0
frozen,-1,reference_only,0.024,47,1,1.0,True,1.0,True,1.0,1.0
frozen,-1,reference_only,0.024,48,0,0.0,False,1.0,False,0.0,1.0
frozen,-1,reference_only,0.024,48,1,1.0,True,1.0,True,1.0,1.0
frozen,-1,reference_only,0.024,49,0,0.0,False,1.0,False,0.0,1.0
frozen,-1,reference_only,0.024,49,1,1.0,True,1.0,True,1.0,1.0
frozen,-1,reference_only,0.024,50,0,0.0,False,1.0,False,0.0,1.0
frozen,-1,reference_only,0.024,50,1,1.0,True,1.0,True,1.0,1.0
frozen,-1,reference_only,0.024,51,0,0.0,False,1.0,False,0.0,1.0
frozen,-1,reference_only,0.024,51,1,1.0,True,1.0,True,1.0,1.0
frozen,-1,reference_only,0.024,52,0,0.0,False,1.0,False,0.0,1.0
frozen,-1,reference_only,0.024,52,1,1.0,True,1.0,True,1.0,1.0
frozen,-1,reference_only,0.024,53,0,0.0,False,1.0,False,0.0,1.0
frozen,-1,reference_only,0.024,53,1,1.0,True,1.0,True,1.0,1.0
frozen,-1,reference_only,0.024,54,0,0.0,False,1.0,False,0.0,1.0
frozen,-1,reference_only,0.024,54,1,1.0,True,1.0,True,1.0,1.0
frozen,-1,reference_only,0.024,55,0,0.0,False,1.0,False,0.0,1.0
frozen,-1,reference_only,0.024,55,1,1.0,True,1.0,True,1.0,1.0
frozen,-1,reference_only,0.024,56,0,0.0,False,1.0,False,0.0,1.0
frozen,-1,reference_only,0.024,56,1,1.0,True,1.0,True,1.0,1.0
frozen,-1,reference_only,0.024,57,0,0.0,False,1.0,False,0.0,1.0
frozen,-1,reference_only,0.024,57,1,1.0,True,1.0,True,1.0,1.0
frozen,-1,reference_only,0.024,58,0,0.0,False,1.0,False,0.0,1.0
frozen,-1,reference_only,0.024,58,1,1.0,True,1.0,True,1.0,1.0
frozen,-1,reference_only,0.024,59,0,0.0,False,1.0,False,0.0,1.0
frozen,-1,reference_only,0.024,59,1,1.0,True,1.0,True,1.0,1.0
frozen,-1,reference_only,0.024,60,0,0.0,False,1.0,False,0.0,1.0
frozen,-1,reference_only,0.024,60,1,1.0,True,1.0,True,1.0,1.0
frozen,-1,reference_only,0.024,61,0,0.0,False,1.0,False,0.0,1.0
frozen,-1,reference_only,0.024,61,1,1.0,True,1.0,True,1.0,1.0
frozen,-1,reference_only,0.024,62,0,0.0,False,1.0,False,0.0,1.0
frozen,-1,reference_only,0.024,62,1,1.0,True,1.0,True,1.0,1.0
frozen,-1,reference_only,0.024,63,0,0.0,False,1.0,False,0.0,1.0
frozen,-1,reference_only,0.024,63,1,1.0,True,1.0,True,1.0,1.0
frozen,-1,reference_only,0.024,64,0,0.0,False,1.0,False,0.0,1.0
frozen,-1,reference_only,0.024,64,1,1.0,True,1.0,True,1.0,1.0
frozen,-1,reference_only,0.024,65,0,0.0,False,1.0,False,0.0,1.0
frozen,-1,reference_only,0.024,65,1,1.0,True,1.0,True,1.0,1.0
frozen,-1,reference_only,0.024,66,0,0.0,False,1.0,False,0.0,1.0
frozen,-1,reference_only,0.024,66,1,1.0,True,1.0,True,1.0,1.0
frozen,-1,reference_only,0.024,67,0,0.0,False,1.0,False,0.0,1.0
frozen,-1,reference_only,0.024,67,1,1.0,True,1.0,True,1.0,1.0
frozen,-1,reference_only,0.024,68,0,0.0,False,1.0,False,0.0,1.0
frozen,-1,reference_only,0.024,68,1,1.0,True,1.0,True,1.0,1.0
frozen,-1,reference_only,0.024,69,0,0.0,False,1.0,False,0.0,1.0
frozen,-1,reference_only,0.024,69,1,1.0,True,1.0,True,1.0,1.0
frozen,-1,reference_only,0.024,70,0,0.0,False,1.0,False,0.0,1.0
frozen,-1,reference_only,0.024,70,1,1.0,True,1.0,True,1.0,1.0
frozen,-1,reference_only,0.024,71,0,0.0,False,1.0,False,0.0,1.0
frozen,-1,reference_only,0.024,71,1,1.0,True,1.0,True,1.0,1.0
frozen,-1,reference_only,0.024,72,0,0.0,False,1.0,False,0.0,1.0
frozen,-1,reference_only,0.024,72,1,1.0,True,1.0,True,1.0,1.0
frozen,-1,reference_only,0.024,73,0,0.0,False,1.0,False,0.0,1.0
frozen,-1,reference_only,0.024,73,1,1.0,True,1.0,True,1.0,1.0
frozen,-1,reference_only,0.024,74,0,0.0,False,1.0,False,0.0,1.0
frozen,-1,reference_only,0.024,74,1,1.0,True,1.0,True,1.0,1.0
frozen,-1,reference_only,0.024,75,0,0.0,False,1.0,False,0.0,1.0
frozen,-1,reference_only,0.024,75,1,1.0,True,1.0,True,1.0,1.0
frozen,-1,reference_only,0.024,76,0,0.0,False,1.0,False,0.0,1.0
frozen,-1,reference_only,0.024,76,1,1.0,True,1.0,True,1.0,1.0
frozen,-1,reference_only,0.024,77,0,0.0,False,1.0,False,0.0,1.0
frozen,-1,reference_only,0.024,77,1,1.0,True,1.0,True,1.0,1.0
frozen,-1,reference_only,0.024,78,0,0.0,False,1.0,False,0.0,1.0
frozen,-1,reference_only,0.024,78,1,1.0,True,1.0,True,1.0,1.0
frozen,-1,reference_only,0.024,79,0,0.0,False,1.0,False,0.0,1.0
frozen,-1,reference_only,0.024,79,1,1.0,True,1.0,True,1.0,1.0
frozen,-1,reference_only,0.024,80,0,0.0,False,1.0,False,0.0,1.0
frozen,-1,reference_only,0.024,80,1,1.0,True,1.0,True,1.0,1.0
frozen,-1,gated,0.026,1,0,0.0,False,0.0,True,1.0,0.0
frozen,-1,gated,0.026,1,1,1.0,True,0.0,False,0.0,0.0
frozen,-1,gated,0.026,2,0,0.0,False,0.0,True,1.0,0.0
frozen,-1,gated,0.026,2,1,1.0,True,0.0,False,0.0,0.0
frozen,-1,gated,0.026,3,0,0.0,False,0.0,True,1.0,0.0
frozen,-1,gated,0.026,3,1,1.0,True,0.0,False,0.0,0.0
frozen,-1,gated,0.026,4,0,0.0,False,0.0,True,1.0,0.0
frozen,-1,gated,0.026,4,1,1.0,True,0.0,False,0.0,0.0
frozen,-1,gated,0.026,5,0,0.0,False,0.0,True,1.0,0.0
frozen,-1,gated,0.026,5,1,1.0,True,0.0,False,0.0,0.0
frozen,-1,gated,0.026,6,0,0.0,False,0.0,True,1.0,0.0
frozen,-1,gated,0.026,6,1,1.0,True,0.0,False,0.0,0.0
frozen,-1,gated,0.026,7,0,0.0,False,0.0,True,1.0,0.0
frozen,-1,gated,0.026,7,1,1.0,True,0.0,False,0.0,0.0
frozen,-1,gated,0.026,8,0,0.0,False,0.0,True,1.0,0.0
frozen,-1,gated,0.026,8,1,1.0,True,0.0,False,0.0,0.0
frozen,-1,gated,0.026,9,0,0.0,False,0.0,True,1.0,0.0
frozen,-1,gated,0.026,9,1,1.0,True,0.0,False,0.0,0.0
frozen,-1,gated,0.026,10,0,0.0,False,0.0,True,1.0,0.0
frozen,-1,gated,0.026,10,1,1.0,True,0.0,False,0.0,0.0
frozen,-1,gated,0.026,11,0,0.0,False,0.0,True,1.0,0.0
frozen,-1,gated,0.026,11,1,1.0,True,0.0,False,0.0,0.0
frozen,-1,gated,0.026,12,0,0.0,False,0.0,True,1.0,0.0
frozen,-1,gated,0.026,12,1,1.0,True,0.0,False,0.0,0.0
frozen,-1,gated,0.026,13,0,0.0,False,0.0,True,1.0,0.0
frozen,-1,gated,0.026,13,1,1.0,True,0.0,False,0.0,0.0
frozen,-1,gated,0.026,14,0,0.0,False,0.0,True,1.0,0.0
frozen,-1,gated,0.026,14,1,1.0,True,0.0,False,0.0,0.0
frozen,-1,gated,0.026,15,0,0.0,False,0.0,True,1.0,0.0
frozen,-1,gated,0.026,15,1,1.0,True,0.0,False,0.0,0.0
frozen,-1,gated,0.026,16,0,0.0,False,0.0,True,1.0,0.0
frozen,-1,gated,0.026,16,1,1.0,True,0.0,False,0.0,0.0
frozen,-1,gated,0.026,17,0,0.0,False,0.0,True,1.0,0.0
frozen,-1,gated,0.026,17,1,1.0,True,0.0,False,0.0,0.0
frozen,-1,gated,0.026,18,0,0.0,False,0.0,True,1.0,0.0
frozen,-1,gated,0.026,18,1,1.0,True,0.0,False,0.0,0.0
frozen,-1,gated,0.026,19,0,0.0,False,0.0,True,1.0,0.0
frozen,-1,gated,0.026,19,1,1.0,True,0.0,False,0.0,0.0
frozen,-1,gated,0.026,20,0,0.0,False,0.0,True,1.0,0.0
frozen,-1,gated,0.026,20,1,1.0,True,0.0,False,0.0,0.0
frozen,-1,gated,0.026,21,0,0.0,False,0.0,True,1.0,0.0
frozen,-1,gated,0.026,21,1,1.0,True,0.0,False,0.0,0.0
frozen,-1,gated,0.026,22,0,0.0,False,0.0,True,1.0,0.0
frozen,-1,gated,0.026,22,1,1.0,True,0.0,False,0.0,0.0
frozen,-1,gated,0.026,23,0,0.0,False,0.0,True,1.0,0.0
frozen,-1,gated,0.026,23,1,1.0,True,0.0,False,0.0,0.0
frozen,-1,gated,0.026,24,0,0.0,False,0.0,True,1.0,0.0
frozen,-1,gated,0.026,24,1,1.0,True,0.0,False,0.0,0.0
frozen,-1,gated,0.026,25,0,0.0,False,0.0,True,1.0,0.0
frozen,-1,gated,0.026,25,1,1.0,True,0.0,False,0.0,0.0
frozen,-1,gated,0.026,26,0,0.0,False,0.0,True,1.0,0.0
frozen,-1,gated,0.026,26,1,1.0,True,0.0,False,0.0,0.0
frozen,-1,gated,0.026,27,0,0.0,False,0.0,True,1.0,0.0
frozen,-1,gated,0.026,27,1,1.0,True,0.0,False,0.0,0.0
frozen,-1,gated,0.026,28,0,0.0,False,0.0,True,1.0,0.0
frozen,-1,gated,0.026,28,1,1.0,True,0.0,False,0.0,0.0
frozen,-1,gated,0.026,29,0,0.0,False,0.0,True,1.0,0.0
frozen,-1,gated,0.026,29,1,1.0,True,0.0,False,0.0,0.0
frozen,-1,gated,0.026,30,0,0.0,False,0.0,True,1.0,0.0
frozen,-1,gated,0.026,30,1,1.0,True,0.0,False,0.0,0.0
frozen,-1,gated,0.026,31,0,0.0,False,0.0,True,1.0,0.0
frozen,-1,gated,0.026,31,1,1.0,True,0.0,False,0.0,0.0
frozen,-1,gated,0.026,32,0,0.0,False,0.0,True,1.0,0.0
frozen,-1,gated,0.026,32,1,1.0,True,0.0,False,0.0,0.0
frozen,-1,gated,0.026,33,0,0.0,False,0.0,True,1.0,0.0
frozen,-1,gated,0.026,33,1,1.0,True,0.0,False,0.0,0.0
frozen,-1,gated,0.026,34,0,0.0,False,0.0,True,1.0,0.0
frozen,-1,gated,0.026,34,1,1.0,True,0.0,False,0.0,0.0
frozen,-1,gated,0.026,35,0,0.0,False,0.0,True,1.0,0.0
frozen,-1,gated,0.026,35,1,1.0,True,0.0,False,0.0,0.0
frozen,-1,gated,0.026,36,0,0.0,False,0.0,True,1.0,0.0
frozen,-1,gated,0.026,36,1,1.0,True,0.0,False,0.0,0.0
frozen,-1,gated,0.026,37,0,0.0,False,0.0,True,1.0,0.0
frozen,-1,gated,0.026,37,1,1.0,True,0.0,False,0.0,0.0
frozen,-1,gated,0.026,38,0,0.0,False,0.0,True,1.0,0.0
frozen,-1,gated,0.026,38,1,1.0,True,0.0,False,0.0,0.0
frozen,-1,gated,0.026,39,0,0.0,False,0.0,True,1.0,0.0
frozen,-1,gated,0.026,39,1,1.0,True,0.0,False,0.0,0.0
frozen,-1,gated,0.026,40,0,0.0,False,0.0,True,1.0,0.0
frozen,-1,gated,0.026,40,1,1.0,True,0.0,False,0.0,0.0
frozen,-1,gated,0.026,41,0,0.0,False,0.0,True,1.0,0.0
frozen,-1,gated,0.026,41,1,1.0,True,0.0,False,0.0,0.0
frozen,-1,gated,0.026,42,0,0.0,False,0.0,True,1.0,0.0
frozen,-1,gated,0.026,42,1,1.0,True,0.0,False,0.0,0.0
frozen,-1,gated,0.026,43,0,0.0,False,0.0,True,1.0,0.0
frozen,-1,gated,0.026,43,1,1.0,True,0.0,False,0.0,0.0
frozen,-1,gated,0.026,44,0,0.0,False,0.0,True,1.0,0.0
frozen,-1,gated,0.026,44,1,1.0,True,0.0,False,0.0,0.0
frozen,-1,gated,0.026,45,0,0.0,False,0.0,True,1.0,0.0
frozen,-1,gated,0.026,45,1,1.0,True,0.0,False,0.0,0.0
frozen,-1,gated,0.026,46,0,0.0,False,0.0,True,1.0,0.0
frozen,-1,gated,0.026,46,1,1.0,True,0.0,False,0.0,0.0
frozen,-1,gated,0.026,47,0,0.0,False,0.0,True,1.0,0.0
frozen,-1,gated,0.026,47,1,1.0,True,0.0,False,0.0,0.0
frozen,-1,gated,0.026,48,0,0.0,False,0.0,True,1.0,0.0
frozen,-1,gated,0.026,48,1,1.0,True,0.0,False,0.0,0.0
frozen,-1,gated,0.026,49,0,0.0,False,0.0,True,1.0,0.0
frozen,-1,gated,0.026,49,1,1.0,True,0.0,False,0.0,0.0
frozen,-1,gated,0.026,50,0,0.0,False,0.0,True,1.0,0.0
frozen,-1,gated,0.026,50,1,1.0,True,0.0,False,0.0,0.0
frozen,-1,gated,0.026,51,0,0.0,False,0.0,True,1.0,0.0
frozen,-1,gated,0.026,51,1,1.0,True,0.0,False,0.0,0.0
frozen,-1,gated,0.026,52,0,0.0,False,0.0,True,1.0,0.0
frozen,-1,gated,0.026,52,1,1.0,True,0.0,False,0.0,0.0
frozen,-1,gated,0.026,53,0,0.0,False,0.0,True,1.0,0.0
frozen,-1,gated,0.026,53,1,1.0,True,0.0,False,0.0,0.0
frozen,-1,gated,0.026,54,0,0.0,False,0.0,True,1.0,0.0
frozen,-1,gated,0.026,54,1,1.0,True,0.0,False,0.0,0.0
frozen,-1,gated,0.026,55,0,0.0,False,0.0,True,1.0,0.0
frozen,-1,gated,0.026,55,1,1.0,True,0.0,False,0.0,0.0
frozen,-1,gated,0.026,56,0,0.0,False,0.0,True,1.0,0.0
frozen,-1,gated,0.026,56,1,1.0,True,0.0,False,0.0,0.0
frozen,-1,gated,0.026,57,0,0.0,False,0.0,True,1.0,0.0
frozen,-1,gated,0.026,57,1,1.0,True,0.0,False,0.0,0.0
frozen,-1,gated,0.026,58,0,0.0,False,0.0,True,1.0,0.0
frozen,-1,gated,0.026,58,1,1.0,True,0.0,False,0.0,0.0
frozen,-1,gated,0.026,59,0,0.0,False,0.0,True,1.0,0.0
frozen,-1,gated,0.026,59,1,1.0,True,0.0,False,0.0,0.0
frozen,-1,gated,0.026,60,0,0.0,False,0.0,True,1.0,0.0
frozen,-1,gated,0.026,60,1,1.0,True,0.0,False,0.0,0.0
frozen,-1,gated,0.026,61,0,0.0,False,0.0,True,1.0,0.0
frozen,-1,gated,0.026,61,1,1.0,True,0.0,False,0.0,0.0
frozen,-1,gated,0.026,62,0,0.0,False,0.0,True,1.0,0.0
frozen,-1,gated,0.026,62,1,1.0,True,0.0,False,0.0,0.0
frozen,-1,gated,0.026,63,0,0.0,False,0.0,True,1.0,0.0
frozen,-1,gated,0.026,63,1,1.0,True,0.0,False,0.0,0.0
frozen,-1,gated,0.026,64,0,0.0,False,0.0,True,1.0,0.0
frozen,-1,gated,0.026,64,1,1.0,True,0.0,False,0.0,0.0
frozen,-1,gated,0.026,65,0,0.0,False,0.0,True,1.0,0.0
frozen,-1,gated,0.026,65,1,1.0,True,0.0,False,0.0,0.0
frozen,-1,gated,0.026,66,0,0.0,False,0.0,True,1.0,0.0
frozen,-1,gated,0.026,66,1,1.0,True,0.0,False,0.0,0.0
frozen,-1,gated,0.026,67,0,0.0,False,0.0,True,1.0,0.0
frozen,-1,gated,0.026,67,1,1.0,True,0.0,False,0.0,0.0
frozen,-1,gated,0.026,68,0,0.0,False,0.0,True,1.0,0.0
frozen,-1,gated,0.026,68,1,1.0,True,0.0,False,0.0,0.0
frozen,-1,gated,0.026,69,0,0.0,False,0.0,True,1.0,0.0
frozen,-1,gated,0.026,69,1,1.0,True,0.0,False,0.0,0.0
frozen,-1,gated,0.026,70,0,0.0,False,0.0,True,1.0,0.0
frozen,-1,gated,0.026,70,1,1.0,True,0.0,False,0.0,0.0
frozen,-1,gated,0.026,71,0,0.0,False,0.0,True,1.0,0.0
frozen,-1,gated,0.026,71,1,1.0,True,0.0,False,0.0,0.0
frozen,-1,gated,0.026,72,0,0.0,False,0.0,True,1.0,0.0
frozen,-1,gated,0.026,72,1,1.0,True,0.0,False,0.0,0.0
frozen,-1,gated,0.026,73,0,0.0,False,0.0,True,1.0,0.0
frozen,-1,gated,0.026,73,1,1.0,True,0.0,False,0.0,0.0
frozen,-1,gated,0.026,74,0,0.0,False,0.0,True,1.0,0.0
frozen,-1,gated,0.026,74,1,1.0,True,0.0,False,0.0,0.0
frozen,-1,gated,0.026,75,0,0.0,False,0.0,True,1.0,0.0
frozen,-1,gated,0.026,75,1,1.0,True,0.0,False,0.0,0.0
frozen,-1,gated,0.026,76,0,0.0,False,0.0,True,1.0,0.0
frozen,-1,gated,0.026,76,1,1.0,True,0.0,False,0.0,0.0
frozen,-1,gated,0.026,77,0,0.0,False,0.0,True,1.0,0.0
frozen,-1,gated,0.026,77,1,1.0,True,0.0,False,0.0,0.0
frozen,-1,gated,0.026,78,0,0.0,False,0.0,True,1.0,0.0
frozen,-1,gated,0.026,78,1,1.0,True,0.0,False,0.0,0.0
frozen,-1,gated,0.026,79,0,0.0,False,0.0,True,1.0,0.0
frozen,-1,gated,0.026,79,1,1.0,True,0.0,False,0.0,0.0
frozen,-1,gated,0.026,80,0,0.0,False,0.0,True,1.0,0.0
frozen,-1,gated,0.026,80,1,1.0,True,0.0,False,0.0,0.0
frozen,-1,accept_all,0.026,1,0,0.0,False,0.0,True,1.0,0.0
frozen,-1,accept_all,0.026,1,1,1.0,True,0.0,True,0.0,1.0
frozen,-1,accept_all,0.026,2,0,0.0,False,1.0,True,0.0,0.0
frozen,-1,accept_all,0.026,2,1,1.0,True,0.0,True,0.0,1.0
frozen,-1,accept_all,0.026,3,0,0.0,False,1.0,True,0.0,0.0
frozen,-1,accept_all,0.026,3,1,1.0,True,0.0,True,0.0,1.0
frozen,-1,accept_all,0.026,4,0,0.0,False,1.0,True,0.0,0.0
frozen,-1,accept_all,0.026,4,1,1.0,True,0.0,True,0.0,1.0
frozen,-1,accept_all,0.026,5,0,0.0,False,1.0,True,0.0,0.0
frozen,-1,accept_all,0.026,5,1,1.0,True,0.0,True,0.0,1.0
frozen,-1,accept_all,0.026,6,0,0.0,False,1.0,True,0.0,0.0
frozen,-1,accept_all,0.026,6,1,1.0,True,0.0,True,0.0,1.0
frozen,-1,accept_all,0.026,7,0,0.0,False,1.0,True,0.0,0.0
frozen,-1,accept_all,0.026,7,1,1.0,True,0.0,True,0.0,1.0
frozen,-1,accept_all,0.026,8,0,0.0,False,1.0,True,0.0,0.0
frozen,-1,accept_all,0.026,8,1,1.0,True,0.0,True,0.0,1.0
frozen,-1,accept_all,0.026,9,0,0.0,False,1.0,True,0.0,0.0
frozen,-1,accept_all,0.026,9,1,1.0,True,0.0,True,0.0,1.0
frozen,-1,accept_all,0.026,10,0,0.0,False,1.0,True,0.0,0.0
frozen,-1,accept_all,0.026,10,1,1.0,True,0.0,True,0.0,1.0
frozen,-1,accept_all,0.026,11,0,0.0,False,1.0,True,0.0,0.0
frozen,-1,accept_all,0.026,11,1,1.0,True,0.0,True,0.0,1.0
frozen,-1,accept_all,0.026,12,0,0.0,False,1.0,True,0.0,0.0
frozen,-1,accept_all,0.026,12,1,1.0,True,0.0,True,0.0,1.0
frozen,-1,accept_all,0.026,13,0,0.0,False,1.0,True,0.0,0.0
frozen,-1,accept_all,0.026,13,1,1.0,True,0.0,True,0.0,1.0
frozen,-1,accept_all,0.026,14,0,0.0,False,1.0,True,0.0,0.0
frozen,-1,accept_all,0.026,14,1,1.0,True,0.0,True,0.0,1.0
frozen,-1,accept_all,0.026,15,0,0.0,False,1.0,True,0.0,0.0
frozen,-1,accept_all,0.026,15,1,1.0,True,0.0,True,0.0,1.0
frozen,-1,accept_all,0.026,16,0,0.0,False,1.0,True,0.0,0.0
frozen,-1,accept_all,0.026,16,1,1.0,True,0.0,True,0.0,1.0
frozen,-1,accept_all,0.026,17,0,0.0,False,1.0,True,0.0,0.0
frozen,-1,accept_all,0.026,17,1,1.0,True,0.0,True,0.0,1.0
frozen,-1,accept_all,0.026,18,0,0.0,False,1.0,True,0.0,0.0
frozen,-1,accept_all,0.026,18,1,1.0,True,0.0,True,0.0,1.0
frozen,-1,accept_all,0.026,19,0,0.0,False,1.0,True,0.0,0.0
frozen,-1,accept_all,0.026,19,1,1.0,True,0.0,True,0.0,1.0
frozen,-1,accept_all,0.026,20,0,0.0,False,1.0,True,0.0,0.0
frozen,-1,accept_all,0.026,20,1,1.0,True,0.0,True,0.0,1.0
frozen,-1,accept_all,0.026,21,0,0.0,False,1.0,True,0.0,0.0
frozen,-1,accept_all,0.026,21,1,1.0,True,0.0,True,0.0,1.0
frozen,-1,accept_all,0.026,22,0,0.0,False,1.0,True,0.0,0.0
frozen,-1,accept_all,0.026,22,1,1.0,True,0.0,True,0.0,1.0
frozen,-1,accept_all,0.026,23,0,0.0,False,1.0,True,0.0,0.0
frozen,-1,accept_all,0.026,23,1,1.0,True,0.0,True,0.0,1.0
frozen,-1,accept_all,0.026,24,0,0.0,False,1.0,True,0.0,0.0
frozen,-1,accept_all,0.026,24,1,1.0,True,0.0,True,0.0,1.0
frozen,-1,accept_all,0.026,25,0,0.0,False,1.0,True,0.0,0.0
frozen,-1,accept_all,0.026,25,1,1.0,True,0.0,True,0.0,1.0
frozen,-1,accept_all,0.026,26,0,0.0,False,1.0,True,0.0,0.0
frozen,-1,accept_all,0.026,26,1,1.0,True,0.0,True,0.0,1.0
frozen,-1,accept_all,0.026,27,0,0.0,False,1.0,True,0.0,0.0
frozen,-1,accept_all,0.026,27,1,1.0,True,0.0,True,0.0,1.0
frozen,-1,accept_all,0.026,28,0,0.0,False,1.0,True,0.0,0.0
frozen,-1,accept_all,0.026,28,1,1.0,True,0.0,True,0.0,1.0
frozen,-1,accept_all,0.026,29,0,0.0,False,1.0,True,0.0,0.0
frozen,-1,accept_all,0.026,29,1,1.0,True,0.0,True,0.0,1.0
frozen,-1,accept_all,0.026,30,0,0.0,False,1.0,True,0.0,0.0
frozen,-1,accept_all,0.026,30,1,1.0,True,0.0,True,0.0,1.0
frozen,-1,accept_all,0.026,31,0,0.0,False,1.0,True,0.0,0.0
frozen,-1,accept_all,0.026,31,1,1.0,True,0.0,True,0.0,1.0
frozen,-1,accept_all,0.026,32,0,0.0,False,1.0,True,0.0,0.0
frozen,-1,accept_all,0.026,32,1,1.0,True,0.0,True,0.0,1.0
frozen,-1,accept_all,0.026,33,0,0.0,False,1.0,True,0.0,0.0
frozen,-1,accept_all,0.026,33,1,1.0,True,0.0,True,0.0,1.0
frozen,-1,accept_all,0.026,34,0,0.0,False,1.0,True,0.0,0.0
frozen,-1,accept_all,0.026,34,1,1.0,True,0.0,True,0.0,1.0
frozen,-1,accept_all,0.026,35,0,0.0,False,1.0,True,0.0,0.0
frozen,-1,accept_all,0.026,35,1,1.0,True,0.0,True,0.0,1.0
frozen,-1,accept_all,0.026,36,0,0.0,False,1.0,True,0.0,0.0
frozen,-1,accept_all,0.026,36,1,1.0,True,0.0,True,0.0,1.0
frozen,-1,accept_all,0.026,37,0,0.0,False,1.0,True,0.0,0.0
frozen,-1,accept_all,0.026,37,1,1.0,True,0.0,True,0.0,1.0
frozen,-1,accept_all,0.026,38,0,0.0,False,1.0,True,0.0,0.0
frozen,-1,accept_all,0.026,38,1,1.0,True,0.0,True,0.0,1.0
frozen,-1,accept_all,0.026,39,0,0.0,False,1.0,True,0.0,0.0
frozen,-1,accept_all,0.026,39,1,1.0,True,0.0,True,0.0,1.0
frozen,-1,accept_all,0.026,40,0,0.0,False,1.0,True,0.0,0.0
frozen,-1,accept_all,0.026,40,1,1.0,True,0.0,True,0.0,1.0
frozen,-1,accept_all,0.026,41,0,0.0,False,1.0,True,0.0,0.0
frozen,-1,accept_all,0.026,41,1,1.0,True,0.0,True,0.0,1.0
frozen,-1,accept_all,0.026,42,0,0.0,False,1.0,True,0.0,0.0
frozen,-1,accept_all,0.026,42,1,1.0,True,0.0,True,0.0,1.0
frozen,-1,accept_all,0.026,43,0,0.0,False,1.0,True,0.0,0.0
frozen,-1,accept_all,0.026,43,1,1.0,True,0.0,True,0.0,1.0
frozen,-1,accept_all,0.026,44,0,0.0,False,1.0,True,0.0,0.0
frozen,-1,accept_all,0.026,44,1,1.0,True,0.0,True,0.0,1.0
frozen,-1,accept_all,0.026,45,0,0.0,False,1.0,True,0.0,0.0
frozen,-1,accept_all,0.026,45,1,1.0,True,0.0,True,0.0,1.0
frozen,-1,accept_all,0.026,46,0,0.0,False,1.0,True,0.0,0.0
frozen,-1,accept_all,0.026,46,1,1.0,True,0.0,True,0.0,1.0
frozen,-1,accept_all,0.026,47,0,0.0,False,1.0,True,0.0,0.0
frozen,-1,accept_all,0.026,47,1,1.0,True,0.0,True,0.0,1.0
frozen,-1,accept_all,0.026,48,0,0.0,False,1.0,True,0.0,0.0
frozen,-1,accept_all,0.026,48,1,1.0,True,0.0,True,0.0,1.0
frozen,-1,accept_all,0.026,49,0,0.0,False,1.0,True,0.0,0.0
frozen,-1,accept_all,0.026,49,1,1.0,True,0.0,True,0.0,1.0
frozen,-1,accept_all,0.026,50,0,0.0,False,1.0,True,0.0,0.0
frozen,-1,accept_all,0.026,50,1,1.0,True,0.0,True,0.0,1.0
frozen,-1,accept_all,0.026,51,0,0.0,False,1.0,True,0.0,0.0
frozen,-1,accept_all,0.026,51,1,1.0,True,0.0,True,0.0,1.0
frozen,-1,accept_all,0.026,52,0,0.0,False,1.0,True,0.0,0.0
frozen,-1,accept_all,0.026,52,1,1.0,True,0.0,True,0.0,1.0
frozen,-1,accept_all,0.026,53,0,0.0,False,1.0,True,0.0,0.0
frozen,-1,accept_all,0.026,53,1,1.0,True,0.0,True,0.0,1.0
frozen,-1,accept_all,0.026,54,0,0.0,False,1.0,True,0.0,0.0
frozen,-1,accept_all,0.026,54,1,1.0,True,0.0,True,0.0,1.0
frozen,-1,accept_all,0.026,55,0,0.0,False,1.0,True,0.0,0.0
frozen,-1,accept_all,0.026,55,1,1.0,True,0.0,True,0.0,1.0
frozen,-1,accept_all,0.026,56,0,0.0,False,1.0,True,0.0,0.0
frozen,-1,accept_all,0.026,56,1,1.0,True,0.0,True,0.0,1.0
frozen,-1,accept_all,0.026,57,0,0.0,False,1.0,True,0.0,0.0
frozen,-1,accept_all,0.026,57,1,1.0,True,0.0,True,0.0,1.0
frozen,-1,accept_all,0.026,58,0,0.0,False,1.0,True,0.0,0.0
frozen,-1,accept_all,0.026,58,1,1.0,True,0.0,True,0.0,1.0
frozen,-1,accept_all,0.026,59,0,0.0,False,1.0,True,0.0,0.0
frozen,-1,accept_all,0.026,59,1,1.0,True,0.0,True,0.0,1.0
frozen,-1,accept_all,0.026,60,0,0.0,False,1.0,True,0.0,0.0
frozen,-1,accept_all,0.026,60,1,1.0,True,0.0,True,0.0,1.0
frozen,-1,accept_all,0.026,61,0,0.0,False,1.0,True,0.0,0.0
frozen,-1,accept_all,0.026,61,1,1.0,True,0.0,True,0.0,1.0
frozen,-1,accept_all,0.026,62,0,0.0,False,1.0,True,0.0,0.0
frozen,-1,accept_all,0.026,62,1,1.0,True,0.0,True,0.0,1.0
frozen,-1,accept_all,0.026,63,0,0.0,False,1.0,True,0.0,0.0
frozen,-1,accept_all,0.026,63,1,1.0,True,0.0,True,0.0,1.0
frozen,-1,accept_all,0.026,64,0,0.0,False,1.0,True,0.0,0.0
frozen,-1,accept_all,0.026,64,1,1.0,True,0.0,True,0.0,1.0
frozen,-1,accept_all,0.026,65,0,0.0,False,1.0,True,0.0,0.0
frozen,-1,accept_all,0.026,65,1,1.0,True,0.0,True,0.0,1.0
frozen,-1,accept_all,0.026,66,0,0.0,False,1.0,True,0.0,0.0
frozen,-1,accept_all,0.026,66,1,1.0,True,0.0,True,0.0,1.0
frozen,-1,accept_all,0.026,67,0,0.0,False,1.0,True,0.0,0.0
frozen,-1,accept_all,0.026,67,1,1.0,True,0.0,True,0.0,1.0
frozen,-1,accept_all,0.026,68,0,0.0,False,1.0,True,0.0,0.0
frozen,-1,accept_all,0.026,68,1,1.0,True,0.0,True,0.0,1.0
frozen,-1,accept_all,0.026,69,0,0.0,False,1.0,True,0.0,0.0
frozen,-1,accept_all,0.026,69,1,1.0,True,0.0,True,0.0,1.0
frozen,-1,accept_all,0.026,70,0,0.0,False,1.0,True,0.0,0.0
frozen,-1,accept_all,0.026,70,1,1.0,True,0.0,True,0.0,1.0
frozen,-1,accept_all,0.026,71,0,0.0,False,1.0,True,0.0,0.0
frozen,-1,accept_all,0.026,71,1,1.0,True,0.0,True,0.0,1.0
frozen,-1,accept_all,0.026,72,0,0.0,False,1.0,True,0.0,0.0
frozen,-1,accept_all,0.026,72,1,1.0,True,0.0,True,0.0,1.0
frozen,-1,accept_all,0.026,73,0,0.0,False,1.0,True,0.0,0.0
frozen,-1,accept_all,0.026,73,1,1.0,True,0.0,True,0.0,1.0
frozen,-1,accept_all,0.026,74,0,0.0,False,1.0,True,0.0,0.0
frozen,-1,accept_all,0.026,74,1,1.0,True,0.0,True,0.0,1.0
frozen,-1,accept_all,0.026,75,0,0.0,False,1.0,True,0.0,0.0
frozen,-1,accept_all,0.026,75,1,1.0,True,0.0,True,0.0,1.0
frozen,-1,accept_all,0.026,76,0,0.0,False,1.0,True,0.0,0.0
frozen,-1,accept_all,0.026,76,1,1.0,True,0.0,True,0.0,1.0
frozen,-1,accept_all,0.026,77,0,0.0,False,1.0,True,0.0,0.0
frozen,-1,accept_all,0.026,77,1,1.0,True,0.0,True,0.0,1.0
frozen,-1,accept_all,0.026,78,0,0.0,False,1.0,True,0.0,0.0
frozen,-1,accept_all,0.026,78,1,1.0,True,0.0,True,0.0,1.0
frozen,-1,accept_all,0.026,79,0,0.0,False,1.0,True,0.0,0.0
frozen,-1,accept_all,0.026,79,1,1.0,True,0.0,True,0.0,1.0
frozen,-1,accept_all,0.026,80,0,0.0,False,1.0,True,0.0,0.0
frozen,-1,accept_all,0.026,80,1,1.0,True,0.0,True,0.0,1.0
frozen,-1,reference_only,0.026,1,0,0.0,False,0.0,False,1.0,0.0
frozen,-1,reference_only,0.026,1,1,1.0,True,0.0,True,0.0,1.0
frozen,-1,reference_only,0.026,2,0,0.0,False,1.0,False,0.0,1.0
frozen,-1,reference_only,0.026,2,1,1.0,True,1.0,True,1.0,1.0
frozen,-1,reference_only,0.026,3,0,0.0,False,1.0,False,0.0,1.0
frozen,-1,reference_only,0.026,3,1,1.0,True,1.0,True,1.0,1.0
frozen,-1,reference_only,0.026,4,0,0.0,False,1.0,False,0.0,1.0
frozen,-1,reference_only,0.026,4,1,1.0,True,1.0,True,1.0,1.0
frozen,-1,reference_only,0.026,5,0,0.0,False,1.0,False,0.0,1.0
frozen,-1,reference_only,0.026,5,1,1.0,True,1.0,True,1.0,1.0
frozen,-1,reference_only,0.026,6,0,0.0,False,1.0,False,0.0,1.0
frozen,-1,reference_only,0.026,6,1,1.0,True,1.0,True,1.0,1.0
frozen,-1,reference_only,0.026,7,0,0.0,False,1.0,False,0.0,1.0
frozen,-1,reference_only,0.026,7,1,1.0,True,1.0,True,1.0,1.0
frozen,-1,reference_only,0.026,8,0,0.0,False,1.0,False,0.0,1.0
frozen,-1,reference_only,0.026,8,1,1.0,True,1.0,True,1.0,1.0
frozen,-1,reference_only,0.026,9,0,0.0,False,1.0,False,0.0,1.0
frozen,-1,reference_only,0.026,9,1,1.0,True,1.0,True,1.0,1.0
frozen,-1,reference_only,0.026,10,0,0.0,False,1.0,False,0.0,1.0
frozen,-1,reference_only,0.026,10,1,1.0,True,1.0,True,1.0,1.0
frozen,-1,reference_only,0.026,11,0,0.0,False,1.0,False,0.0,1.0
frozen,-1,reference_only,0.026,11,1,1.0,True,1.0,True,1.0,1.0
frozen,-1,reference_only,0.026,12,0,0.0,False,1.0,False,0.0,1.0
frozen,-1,reference_only,0.026,12,1,1.0,True,1.0,True,1.0,1.0
frozen,-1,reference_only,0.026,13,0,0.0,False,1.0,False,0.0,1.0
frozen,-1,reference_only,0.026,13,1,1.0,True,1.0,True,1.0,1.0
frozen,-1,reference_only,0.026,14,0,0.0,False,1.0,False,0.0,1.0
frozen,-1,reference_only,0.026,14,1,1.0,True,1.0,True,1.0,1.0
frozen,-1,reference_only,0.026,15,0,0.0,False,1.0,False,0.0,1.0
frozen,-1,reference_only,0.026,15,1,1.0,True,1.0,True,1.0,1.0
frozen,-1,reference_only,0.026,16,0,0.0,False,1.0,False,0.0,1.0
frozen,-1,reference_only,0.026,16,1,1.0,True,1.0,True,1.0,1.0
frozen,-1,reference_only,0.026,17,0,0.0,False,1.0,False,0.0,1.0
frozen,-1,reference_only,0.026,17,1,1.0,True,1.0,True,1.0,1.0
frozen,-1,reference_only,0.026,18,0,0.0,False,1.0,False,0.0,1.0
frozen,-1,reference_only,0.026,18,1,1.0,True,1.0,True,1.0,1.0
frozen,-1,reference_only,0.026,19,0,0.0,False,1.0,False,0.0,1.0
frozen,-1,reference_only,0.026,19,1,1.0,True,1.0,True,1.0,1.0
frozen,-1,reference_only,0.026,20,0,0.0,False,1.0,False,0.0,1.0
frozen,-1,reference_only,0.026,20,1,1.0,True,1.0,True,1.0,1.0
frozen,-1,reference_only,0.026,21,0,0.0,False,1.0,False,0.0,1.0
frozen,-1,reference_only,0.026,21,1,1.0,True,1.0,True,1.0,1.0
frozen,-1,reference_only,0.026,22,0,0.0,False,1.0,False,0.0,1.0
frozen,-1,reference_only,0.026,22,1,1.0,True,1.0,True,1.0,1.0
frozen,-1,reference_only,0.026,23,0,0.0,False,1.0,False,0.0,1.0
frozen,-1,reference_only,0.026,23,1,1.0,True,1.0,True,1.0,1.0
frozen,-1,reference_only,0.026,24,0,0.0,False,1.0,False,0.0,1.0
frozen,-1,reference_only,0.026,24,1,1.0,True,1.0,True,1.0,1.0
frozen,-1,reference_only,0.026,25,0,0.0,False,1.0,False,0.0,1.0
frozen,-1,reference_only,0.026,25,1,1.0,True,1.0,True,1.0,1.0
frozen,-1,reference_only,0.026,26,0,0.0,False,1.0,False,0.0,1.0
frozen,-1,reference_only,0.026,26,1,1.0,True,1.0,True,1.0,1.0
frozen,-1,reference_only,0.026,27,0,0.0,False,1.0,False,0.0,1.0
frozen,-1,reference_only,0.026,27,1,1.0,True,1.0,True,1.0,1.0
frozen,-1,reference_only,0.026,28,0,0.0,False,1.0,False,0.0,1.0
frozen,-1,reference_only,0.026,28,1,1.0,True,1.0,True,1.0,1.0
frozen,-1,reference_only,0.026,29,0,0.0,False,1.0,False,0.0,1.0
frozen,-1,reference_only,0.026,29,1,1.0,True,1.0,True,1.0,1.0
frozen,-1,reference_only,0.026,30,0,0.0,False,1.0,False,0.0,1.0
frozen,-1,reference_only,0.026,30,1,1.0,True,1.0,True,1.0,1.0
frozen,-1,reference_only,0.026,31,0,0.0,False,1.0,False,0.0,1.0
frozen,-1,reference_only,0.026,31,1,1.0,True,1.0,True,1.0,1.0
frozen,-1,reference_only,0.026,32,0,0.0,False,1.0,False,0.0,1.0
frozen,-1,reference_only,0.026,32,1,1.0,True,1.0,True,1.0,1.0
frozen,-1,reference_only,0.026,33,0,0.0,False,1.0,False,0.0,1.0
frozen,-1,reference_only,0.026,33,1,1.0,True,1.0,True,1.0,1.0
frozen,-1,reference_only,0.026,34,0,0.0,False,1.0,False,0.0,1.0
frozen,-1,reference_only,0.026,34,1,1.0,True,1.0,True,1.0,1.0
frozen,-1,reference_only,0.026,35,0,0.0,False,1.0,False,0.0,1.0
frozen,-1,reference_only,0.026,35,1,1.0,True,1.0,True,1.0,1.0
frozen,-1,reference_only,0.026,36,0,0.0,False,1.0,False,0.0,1.0
frozen,-1,reference_only,0.026,36,1,1.0,True,1.0,True,1.0,1.0
frozen,-1,reference_only,0.026,37,0,0.0,False,1.0,False,0.0,1.0
frozen,-1,reference_only,0.026,37,1,1.0,True,1.0,True,1.0,1.0
frozen,-1,reference_only,0.026,38,0,0.0,False,1.0,False,0.0,1.0
frozen,-1,reference_only,0.026,38,1,1.0,True,1.0,True,1.0,1.0
frozen,-1,reference_only,0.026,39,0,0.0,False,1.0,False,0.0,1.0
frozen,-1,reference_only,0.026,39,1,1.0,True,1.0,True,1.0,1.0
frozen,-1,reference_only,0.026,40,0,0.0,False,1.0,False,0.0,1.0
frozen,-1,reference_only,0.026,40,1,1.0,True,1.0,True,1.0,1.0
frozen,-1,reference_only,0.026,41,0,0.0,False,1.0,False,0.0,1.0
frozen,-1,reference_only,0.026,41,1,1.0,True,1.0,True,1.0,1.0
frozen,-1,reference_only,0.026,42,0,0.0,False,1.0,False,0.0,1.0
frozen,-1,reference_only,0.026,42,1,1.0,True,1.0,True,1.0,1.0
frozen,-1,reference_only,0.026,43,0,0.0,False,1.0,False,0.0,1.0
frozen,-1,reference_only,0.026,43,1,1.0,True,1.0,True,1.0,1.0
frozen,-1,reference_only,0.026,44,0,0.0,False,1.0,False,0.0,1.0
frozen,-1,reference_only,0.026,44,1,1.0,True,1.0,True,1.0,1.0
frozen,-1,reference_only,0.026,45,0,0.0,False,1.0,False,0.0,1.0
frozen,-1,reference_only,0.026,45,1,1.0,True,1.0,True,1.0,1.0
frozen,-1,reference_only,0.026,46,0,0.0,False,1.0,False,0.0,1.0
frozen,-1,reference_only,0.026,46,1,1.0,True,1.0,True,1.0,1.0
frozen,-1,reference_only,0.026,47,0,0.0,False,1.0,False,0.0,1.0
frozen,-1,reference_only,0.026,47,1,1.0,True,1.0,True,1.0,1.0
frozen,-1,reference_only,0.026,48,0,0.0,False,1.0,False,0.0,1.0
frozen,-1,reference_only,0.026,48,1,1.0,True,1.0,True,1.0,1.0
frozen,-1,reference_only,0.026,49,0,0.0,False,1.0,False,0.0,1.0
frozen,-1,reference_only,0.026,49,1,1.0,True,1.0,True,1.0,1.0
frozen,-1,reference_only,0.026,50,0,0.0,False,1.0,False,0.0,1.0
frozen,-1,reference_only,0.026,50,1,1.0,True,1.0,True,1.0,1.0
frozen,-1,reference_only,0.026,51,0,0.0,False,1.0,False,0.0,1.0
frozen,-1,reference_only,0.026,51,1,1.0,True,1.0,True,1.0,1.0
frozen,-1,reference_only,0.026,52,0,0.0,False,1.0,False,0.0,1.0
frozen,-1,reference_only,0.026,52,1,1.0,True,1.0,True,1.0,1.0
frozen,-1,reference_only,0.026,53,0,0.0,False,1.0,False,0.0,1.0
frozen,-1,reference_only,0.026,53,1,1.0,True,1.0,True,1.0,1.0
frozen,-1,reference_only,0.026,54,0,0.0,False,1.0,False,0.0,1.0
frozen,-1,reference_only,0.026,54,1,1.0,True,1.0,True,1.0,1.0
frozen,-1,reference_only,0.026,55,0,0.0,False,1.0,False,0.0,1.0
frozen,-1,reference_only,0.026,55,1,1.0,True,1.0,True,1.0,1.0
frozen,-1,reference_only,0.026,56,0,0.0,False,1.0,False,0.0,1.0
frozen,-1,reference_only,0.026,56,1,1.0,True,1.0,True,1.0,1.0
frozen,-1,reference_only,0.026,57,0,0.0,False,1.0,False,0.0,1.0
frozen,-1,reference_only,0.026,57,1,1.0,True,1.0,True,1.0,1.0
frozen,-1,reference_only,0.026,58,0,0.0,False,1.0,False,0.0,1.0
frozen,-1,reference_only,0.026,58,1,1.0,True,1.0,True,1.0,1.0
frozen,-1,reference_only,0.026,59,0,0.0,False,1.0,False,0.0,1.0
frozen,-1,reference_only,0.026,59,1,1.0,True,1.0,True,1.0,1.0
frozen,-1,reference_only,0.026,60,0,0.0,False,1.0,False,0.0,1.0
frozen,-1,reference_only,0.026,60,1,1.0,True,1.0,True,1.0,1.0
frozen,-1,reference_only,0.026,61,0,0.0,False,1.0,False,0.0,1.0
frozen,-1,reference_only,0.026,61,1,1.0,True,1.0,True,1.0,1.0
frozen,-1,reference_only,0.026,62,0,0.0,False,1.0,False,0.0,1.0
frozen,-1,reference_only,0.026,62,1,1.0,True,1.0,True,1.0,1.0
frozen,-1,reference_only,0.026,63,0,0.0,False,1.0,False,0.0,1.0
frozen,-1,reference_only,0.026,63,1,1.0,True,1.0,True,1.0,1.0
frozen,-1,reference_only,0.026,64,0,0.0,False,1.0,False,0.0,1.0
frozen,-1,reference_only,0.026,64,1,1.0,True,1.0,True,1.0,1.0
frozen,-1,reference_only,0.026,65,0,0.0,False,1.0,False,0.0,1.0
frozen,-1,reference_only,0.026,65,1,1.0,True,1.0,True,1.0,1.0
frozen,-1,reference_only,0.026,66,0,0.0,False,1.0,False,0.0,1.0
frozen,-1,reference_only,0.026,66,1,1.0,True,1.0,True,1.0,1.0
frozen,-1,reference_only,0.026,67,0,0.0,False,1.0,False,0.0,1.0
frozen,-1,reference_only,0.026,67,1,1.0,True,1.0,True,1.0,1.0
frozen,-1,reference_only,0.026,68,0,0.0,False,1.0,False,0.0,1.0
frozen,-1,reference_only,0.026,68,1,1.0,True,1.0,True,1.0,1.0
frozen,-1,reference_only,0.026,69,0,0.0,False,1.0,False,0.0,1.0
frozen,-1,reference_only,0.026,69,1,1.0,True,1.0,True,1.0,1.0
frozen,-1,reference_only,0.026,70,0,0.0,False,1.0,False,0.0,1.0
frozen,-1,reference_only,0.026,70,1,1.0,True,1.0,True,1.0,1.0
frozen,-1,reference_only,0.026,71,0,0.0,False,1.0,False,0.0,1.0
frozen,-1,reference_only,0.026,71,1,1.0,True,1.0,True,1.0,1.0
frozen,-1,reference_only,0.026,72,0,0.0,False,1.0,False,0.0,1.0
frozen,-1,reference_only,0.026,72,1,1.0,True,1.0,True,1.0,1.0
frozen,-1,reference_only,0.026,73,0,0.0,False,1.0,False,0.0,1.0
frozen,-1,reference_only,0.026,73,1,1.0,True,1.0,True,1.0,1.0
frozen,-1,reference_only,0.026,74,0,0.0,False,1.0,False,0.0,1.0
frozen,-1,reference_only,0.026,74,1,1.0,True,1.0,True,1.0,1.0
frozen,-1,reference_only,0.026,75,0,0.0,False,1.0,False,0.0,1.0
frozen,-1,reference_only,0.026,75,1,1.0,True,1.0,True,1.0,1.0
frozen,-1,reference_only,0.026,76,0,0.0,False,1.0,False,0.0,1.0
frozen,-1,reference_only,0.026,76,1,1.0,True,1.0,True,1.0,1.0
frozen,-1,reference_only,0.026,77,0,0.0,False,1.0,False,0.0,1.0
frozen,-1,reference_only,0.026,77,1,1.0,True,1.0,True,1.0,1.0
frozen,-1,reference_only,0.026,78,0,0.0,False,1.0,False,0.0,1.0
frozen,-1,reference_only,0.026,78,1,1.0,True,1.0,True,1.0,1.0
frozen,-1,reference_only,0.026,79,0,0.0,False,1.0,False,0.0,1.0
frozen,-1,reference_only,0.026,79,1,1.0,True,1.0,True,1.0,1.0
frozen,-1,reference_only,0.026,80,0,0.0,False,1.0,False,0.0,1.0
frozen,-1,reference_only,0.026,80,1,1.0,True,1.0,True,1.0,1.0
frozen,-1,gated,0.05,1,0,0.0,False,0.0,True,1.0,0.0
frozen,-1,gated,0.05,1,1,1.0,True,0.0,False,0.0,0.0
frozen,-1,gated,0.05,2,0,0.0,False,0.0,True,1.0,0.0
frozen,-1,gated,0.05,2,1,1.0,True,0.0,False,0.0,0.0
frozen,-1,gated,0.05,3,0,0.0,False,0.0,True,1.0,0.0
frozen,-1,gated,0.05,3,1,1.0,True,0.0,False,0.0,0.0
frozen,-1,gated,0.05,4,0,0.0,False,0.0,True,1.0,0.0
frozen,-1,gated,0.05,4,1,1.0,True,0.0,False,0.0,0.0
frozen,-1,gated,0.05,5,0,0.0,False,0.0,True,1.0,0.0
frozen,-1,gated,0.05,5,1,1.0,True,0.0,False,0.0,0.0
frozen,-1,gated,0.05,6,0,0.0,False,0.0,True,1.0,0.0
frozen,-1,gated,0.05,6,1,1.0,True,0.0,False,0.0,0.0
frozen,-1,gated,0.05,7,0,0.0,False,0.0,True,1.0,0.0
frozen,-1,gated,0.05,7,1,1.0,True,0.0,False,0.0,0.0
frozen,-1,gated,0.05,8,0,0.0,False,0.0,True,1.0,0.0
frozen,-1,gated,0.05,8,1,1.0,True,0.0,False,0.0,0.0
frozen,-1,gated,0.05,9,0,0.0,False,0.0,True,1.0,0.0
frozen,-1,gated,0.05,9,1,1.0,True,0.0,False,0.0,0.0
frozen,-1,gated,0.05,10,0,0.0,False,0.0,True,1.0,0.0
frozen,-1,gated,0.05,10,1,1.0,True,0.0,False,0.0,0.0
frozen,-1,gated,0.05,11,0,0.0,False,0.0,True,1.0,0.0
frozen,-1,gated,0.05,11,1,1.0,True,0.0,False,0.0,0.0
frozen,-1,gated,0.05,12,0,0.0,False,0.0,True,1.0,0.0
frozen,-1,gated,0.05,12,1,1.0,True,0.0,False,0.0,0.0
frozen,-1,gated,0.05,13,0,0.0,False,0.0,True,1.0,0.0
frozen,-1,gated,0.05,13,1,1.0,True,0.0,False,0.0,0.0
frozen,-1,gated,0.05,14,0,0.0,False,0.0,True,1.0,0.0
frozen,-1,gated,0.05,14,1,1.0,True,0.0,False,0.0,0.0
frozen,-1,gated,0.05,15,0,0.0,False,0.0,True,1.0,0.0
frozen,-1,gated,0.05,15,1,1.0,True,0.0,False,0.0,0.0
frozen,-1,gated,0.05,16,0,0.0,False,0.0,True,1.0,0.0
frozen,-1,gated,0.05,16,1,1.0,True,0.0,False,0.0,0.0
frozen,-1,gated,0.05,17,0,0.0,False,0.0,True,1.0,0.0
frozen,-1,gated,0.05,17,1,1.0,True,0.0,False,0.0,0.0
frozen,-1,gated,0.05,18,0,0.0,False,0.0,True,1.0,0.0
frozen,-1,gated,0.05,18,1,1.0,True,0.0,False,0.0,0.0
frozen,-1,gated,0.05,19,0,0.0,False,0.0,True,1.0,0.0
frozen,-1,gated,0.05,19,1,1.0,True,0.0,False,0.0,0.0
frozen,-1,gated,0.05,20,0,0.0,False,0.0,True,1.0,0.0
frozen,-1,gated,0.05,20,1,1.0,True,0.0,False,0.0,0.0
frozen,-1,gated,0.05,21,0,0.0,False,0.0,True,1.0,0.0
frozen,-1,gated,0.05,21,1,1.0,True,0.0,False,0.0,0.0
frozen,-1,gated,0.05,22,0,0.0,False,0.0,True,1.0,0.0
frozen,-1,gated,0.05,22,1,1.0,True,0.0,False,0.0,0.0
frozen,-1,gated,0.05,23,0,0.0,False,0.0,True,1.0,0.0
frozen,-1,gated,0.05,23,1,1.0,True,0.0,False,0.0,0.0
frozen,-1,gated,0.05,24,0,0.0,False,0.0,True,1.0,0.0
frozen,-1,gated,0.05,24,1,1.0,True,0.0,False,0.0,0.0
frozen,-1,gated,0.05,25,0,0.0,False,0.0,True,1.0,0.0
frozen,-1,gated,0.05,25,1,1.0,True,0.0,False,0.0,0.0
frozen,-1,gated,0.05,26,0,0.0,False,0.0,True,1.0,0.0
frozen,-1,gated,0.05,26,1,1.0,True,0.0,False,0.0,0.0
frozen,-1,gated,0.05,27,0,0.0,False,0.0,True,1.0,0.0
frozen,-1,gated,0.05,27,1,1.0,True,0.0,False,0.0,0.0
frozen,-1,gated,0.05,28,0,0.0,False,0.0,True,1.0,0.0
frozen,-1,gated,0.05,28,1,1.0,True,0.0,False,0.0,0.0
frozen,-1,gated,0.05,29,0,0.0,False,0.0,True,1.0,0.0
frozen,-1,gated,0.05,29,1,1.0,True,0.0,False,0.0,0.0
frozen,-1,gated,0.05,30,0,0.0,False,0.0,True,1.0,0.0
frozen,-1,gated,0.05,30,1,1.0,True,0.0,False,0.0,0.0
frozen,-1,gated,0.05,31,0,0.0,False,0.0,True,1.0,0.0
frozen,-1,gated,0.05,31,1,1.0,True,0.0,False,0.0,0.0
frozen,-1,gated,0.05,32,0,0.0,False,0.0,True,1.0,0.0
frozen,-1,gated,0.05,32,1,1.0,True,0.0,False,0.0,0.0
frozen,-1,gated,0.05,33,0,0.0,False,0.0,True,1.0,0.0
frozen,-1,gated,0.05,33,1,1.0,True,0.0,False,0.0,0.0
frozen,-1,gated,0.05,34,0,0.0,False,0.0,True,1.0,0.0
frozen,-1,gated,0.05,34,1,1.0,True,0.0,False,0.0,0.0
frozen,-1,gated,0.05,35,0,0.0,False,0.0,True,1.0,0.0
frozen,-1,gated,0.05,35,1,1.0,True,0.0,False,0.0,0.0
frozen,-1,gated,0.05,36,0,0.0,False,0.0,True,1.0,0.0
frozen,-1,gated,0.05,36,1,1.0,True,0.0,False,0.0,0.0
frozen,-1,gated,0.05,37,0,0.0,False,0.0,True,1.0,0.0
frozen,-1,gated,0.05,37,1,1.0,True,0.0,False,0.0,0.0
frozen,-1,gated,0.05,38,0,0.0,False,0.0,True,1.0,0.0
frozen,-1,gated,0.05,38,1,1.0,True,0.0,False,0.0,0.0
frozen,-1,gated,0.05,39,0,0.0,False,0.0,True,1.0,0.0
frozen,-1,gated,0.05,39,1,1.0,True,0.0,False,0.0,0.0
frozen,-1,gated,0.05,40,0,0.0,False,0.0,True,1.0,0.0
frozen,-1,gated,0.05,40,1,1.0,True,0.0,False,0.0,0.0
frozen,-1,gated,0.05,41,0,0.0,False,0.0,True,1.0,0.0
frozen,-1,gated,0.05,41,1,1.0,True,0.0,False,0.0,0.0
frozen,-1,gated,0.05,42,0,0.0,False,0.0,True,1.0,0.0
frozen,-1,gated,0.05,42,1,1.0,True,0.0,False,0.0,0.0
frozen,-1,gated,0.05,43,0,0.0,False,0.0,True,1.0,0.0
frozen,-1,gated,0.05,43,1,1.0,True,0.0,False,0.0,0.0
frozen,-1,gated,0.05,44,0,0.0,False,0.0,True,1.0,0.0
frozen,-1,gated,0.05,44,1,1.0,True,0.0,False,0.0,0.0
frozen,-1,gated,0.05,45,0,0.0,False,0.0,True,1.0,0.0
frozen,-1,gated,0.05,45,1,1.0,True,0.0,False,0.0,0.0
frozen,-1,gated,0.05,46,0,0.0,False,0.0,True,1.0,0.0
frozen,-1,gated,0.05,46,1,1.0,True,0.0,False,0.0,0.0
frozen,-1,gated,0.05,47,0,0.0,False,0.0,True,1.0,0.0
frozen,-1,gated,0.05,47,1,1.0,True,0.0,False,0.0,0.0
frozen,-1,gated,0.05,48,0,0.0,False,0.0,True,1.0,0.0
frozen,-1,gated,0.05,48,1,1.0,True,0.0,False,0.0,0.0
frozen,-1,gated,0.05,49,0,0.0,False,0.0,True,1.0,0.0
frozen,-1,gated,0.05,49,1,1.0,True,0.0,False,0.0,0.0
frozen,-1,gated,0.05,50,0,0.0,False,0.0,True,1.0,0.0
frozen,-1,gated,0.05,50,1,1.0,True,0.0,False,0.0,0.0
frozen,-1,gated,0.05,51,0,0.0,False,0.0,True,1.0,0.0
frozen,-1,gated,0.05,51,1,1.0,True,0.0,False,0.0,0.0
frozen,-1,gated,0.05,52,0,0.0,False,0.0,True,1.0,0.0
frozen,-1,gated,0.05,52,1,1.0,True,0.0,False,0.0,0.0
frozen,-1,gated,0.05,53,0,0.0,False,0.0,True,1.0,0.0
frozen,-1,gated,0.05,53,1,1.0,True,0.0,False,0.0,0.0
frozen,-1,gated,0.05,54,0,0.0,False,0.0,True,1.0,0.0
frozen,-1,gated,0.05,54,1,1.0,True,0.0,False,0.0,0.0
frozen,-1,gated,0.05,55,0,0.0,False,0.0,True,1.0,0.0
frozen,-1,gated,0.05,55,1,1.0,True,0.0,False,0.0,0.0
frozen,-1,gated,0.05,56,0,0.0,False,0.0,True,1.0,0.0
frozen,-1,gated,0.05,56,1,1.0,True,0.0,False,0.0,0.0
frozen,-1,gated,0.05,57,0,0.0,False,0.0,True,1.0,0.0
frozen,-1,gated,0.05,57,1,1.0,True,0.0,False,0.0,0.0
frozen,-1,gated,0.05,58,0,0.0,False,0.0,True,1.0,0.0
frozen,-1,gated,0.05,58,1,1.0,True,0.0,False,0.0,0.0
frozen,-1,gated,0.05,59,0,0.0,False,0.0,True,1.0,0.0
frozen,-1,gated,0.05,59,1,1.0,True,0.0,False,0.0,0.0
frozen,-1,gated,0.05,60,0,0.0,False,0.0,True,1.0,0.0
frozen,-1,gated,0.05,60,1,1.0,True,0.0,False,0.0,0.0
frozen,-1,gated,0.05,61,0,0.0,False,0.0,True,1.0,0.0
frozen,-1,gated,0.05,61,1,1.0,True,0.0,False,0.0,0.0
frozen,-1,gated,0.05,62,0,0.0,False,0.0,True,1.0,0.0
frozen,-1,gated,0.05,62,1,1.0,True,0.0,False,0.0,0.0
frozen,-1,gated,0.05,63,0,0.0,False,0.0,True,1.0,0.0
frozen,-1,gated,0.05,63,1,1.0,True,0.0,False,0.0,0.0
frozen,-1,gated,0.05,64,0,0.0,False,0.0,True,1.0,0.0
frozen,-1,gated,0.05,64,1,1.0,True,0.0,False,0.0,0.0
frozen,-1,gated,0.05,65,0,0.0,False,0.0,True,1.0,0.0
frozen,-1,gated,0.05,65,1,1.0,True,0.0,False,0.0,0.0
frozen,-1,gated,0.05,66,0,0.0,False,0.0,True,1.0,0.0
frozen,-1,gated,0.05,66,1,1.0,True,0.0,False,0.0,0.0
frozen,-1,gated,0.05,67,0,0.0,False,0.0,True,1.0,0.0
frozen,-1,gated,0.05,67,1,1.0,True,0.0,False,0.0,0.0
frozen,-1,gated,0.05,68,0,0.0,False,0.0,True,1.0,0.0
frozen,-1,gated,0.05,68,1,1.0,True,0.0,False,0.0,0.0
frozen,-1,gated,0.05,69,0,0.0,False,0.0,True,1.0,0.0
frozen,-1,gated,0.05,69,1,1.0,True,0.0,False,0.0,0.0
frozen,-1,gated,0.05,70,0,0.0,False,0.0,True,1.0,0.0
frozen,-1,gated,0.05,70,1,1.0,True,0.0,False,0.0,0.0
frozen,-1,gated,0.05,71,0,0.0,False,0.0,True,1.0,0.0
frozen,-1,gated,0.05,71,1,1.0,True,0.0,False,0.0,0.0
frozen,-1,gated,0.05,72,0,0.0,False,0.0,True,1.0,0.0
frozen,-1,gated,0.05,72,1,1.0,True,0.0,False,0.0,0.0
frozen,-1,gated,0.05,73,0,0.0,False,0.0,True,1.0,0.0
frozen,-1,gated,0.05,73,1,1.0,True,0.0,False,0.0,0.0
frozen,-1,gated,0.05,74,0,0.0,False,0.0,True,1.0,0.0
frozen,-1,gated,0.05,74,1,1.0,True,0.0,False,0.0,0.0
frozen,-1,gated,0.05,75,0,0.0,False,0.0,True,1.0,0.0
frozen,-1,gated,0.05,75,1,1.0,True,0.0,False,0.0,0.0
frozen,-1,gated,0.05,76,0,0.0,False,0.0,True,1.0,0.0
frozen,-1,gated,0.05,76,1,1.0,True,0.0,False,0.0,0.0
frozen,-1,gated,0.05,77,0,0.0,False,0.0,True,1.0,0.0
frozen,-1,gated,0.05,77,1,1.0,True,0.0,False,0.0,0.0
frozen,-1,gated,0.05,78,0,0.0,False,0.0,True,1.0,0.0
frozen,-1,gated,0.05,78,1,1.0,True,0.0,False,0.0,0.0
frozen,-1,gated,0.05,79,0,0.0,False,0.0,True,1.0,0.0
frozen,-1,gated,0.05,79,1,1.0,True,0.0,False,0.0,0.0
frozen,-1,gated,0.05,80,0,0.0,False,0.0,True,1.0,0.0
frozen,-1,gated,0.05,80,1,1.0,True,0.0,False,0.0,0.0
frozen,-1,accept_all,0.05,1,0,0.0,False,0.0,True,1.0,0.0
frozen,-1,accept_all,0.05,1,1,1.0,True,0.0,True,0.0,1.0
frozen,-1,accept_all,0.05,2,0,0.0,False,1.0,True,0.0,0.0
frozen,-1,accept_all,0.05,2,1,1.0,True,0.0,True,0.0,1.0
frozen,-1,accept_all,0.05,3,0,0.0,False,1.0,True,0.0,0.0
frozen,-1,accept_all,0.05,3,1,1.0,True,0.0,True,0.0,1.0
frozen,-1,accept_all,0.05,4,0,0.0,False,1.0,True,0.0,0.0
frozen,-1,accept_all,0.05,4,1,1.0,True,0.0,True,0.0,1.0
frozen,-1,accept_all,0.05,5,0,0.0,False,1.0,True,0.0,0.0
frozen,-1,accept_all,0.05,5,1,1.0,True,0.0,True,0.0,1.0
frozen,-1,accept_all,0.05,6,0,0.0,False,1.0,True,0.0,0.0
frozen,-1,accept_all,0.05,6,1,1.0,True,0.0,True,0.0,1.0
frozen,-1,accept_all,0.05,7,0,0.0,False,1.0,True,0.0,0.0
frozen,-1,accept_all,0.05,7,1,1.0,True,0.0,True,0.0,1.0
frozen,-1,accept_all,0.05,8,0,0.0,False,1.0,True,0.0,0.0
frozen,-1,accept_all,0.05,8,1,1.0,True,0.0,True,0.0,1.0
frozen,-1,accept_all,0.05,9,0,0.0,False,1.0,True,0.0,0.0
frozen,-1,accept_all,0.05,9,1,1.0,True,0.0,True,0.0,1.0
frozen,-1,accept_all,0.05,10,0,0.0,False,1.0,True,0.0,0.0
frozen,-1,accept_all,0.05,10,1,1.0,True,0.0,True,0.0,1.0
frozen,-1,accept_all,0.05,11,0,0.0,False,1.0,True,0.0,0.0
frozen,-1,accept_all,0.05,11,1,1.0,True,0.0,True,0.0,1.0
frozen,-1,accept_all,0.05,12,0,0.0,False,1.0,True,0.0,0.0
frozen,-1,accept_all,0.05,12,1,1.0,True,0.0,True,0.0,1.0
frozen,-1,accept_all,0.05,13,0,0.0,False,1.0,True,0.0,0.0
frozen,-1,accept_all,0.05,13,1,1.0,True,0.0,True,0.0,1.0
frozen,-1,accept_all,0.05,14,0,0.0,False,1.0,True,0.0,0.0
frozen,-1,accept_all,0.05,14,1,1.0,True,0.0,True,0.0,1.0
frozen,-1,accept_all,0.05,15,0,0.0,False,1.0,True,0.0,0.0
frozen,-1,accept_all,0.05,15,1,1.0,True,0.0,True,0.0,1.0
frozen,-1,accept_all,0.05,16,0,0.0,False,1.0,True,0.0,0.0
frozen,-1,accept_all,0.05,16,1,1.0,True,0.0,True,0.0,1.0
frozen,-1,accept_all,0.05,17,0,0.0,False,1.0,True,0.0,0.0
frozen,-1,accept_all,0.05,17,1,1.0,True,0.0,True,0.0,1.0
frozen,-1,accept_all,0.05,18,0,0.0,False,1.0,True,0.0,0.0
frozen,-1,accept_all,0.05,18,1,1.0,True,0.0,True,0.0,1.0
frozen,-1,accept_all,0.05,19,0,0.0,False,1.0,True,0.0,0.0
frozen,-1,accept_all,0.05,19,1,1.0,True,0.0,True,0.0,1.0
frozen,-1,accept_all,0.05,20,0,0.0,False,1.0,True,0.0,0.0
frozen,-1,accept_all,0.05,20,1,1.0,True,0.0,True,0.0,1.0
frozen,-1,accept_all,0.05,21,0,0.0,False,1.0,True,0.0,0.0
frozen,-1,accept_all,0.05,21,1,1.0,True,0.0,True,0.0,1.0
frozen,-1,accept_all,0.05,22,0,0.0,False,1.0,True,0.0,0.0
frozen,-1,accept_all,0.05,22,1,1.0,True,0.0,True,0.0,1.0
frozen,-1,accept_all,0.05,23,0,0.0,False,1.0,True,0.0,0.0
frozen,-1,accept_all,0.05,23,1,1.0,True,0.0,True,0.0,1.0
frozen,-1,accept_all,0.05,24,0,0.0,False,1.0,True,0.0,0.0
frozen,-1,accept_all,0.05,24,1,1.0,True,0.0,True,0.0,1.0
frozen,-1,accept_all,0.05,25,0,0.0,False,1.0,True,0.0,0.0
frozen,-1,accept_all,0.05,25,1,1.0,True,0.0,True,0.0,1.0
frozen,-1,accept_all,0.05,26,0,0.0,False,1.0,True,0.0,0.0
frozen,-1,accept_all,0.05,26,1,1.0,True,0.0,True,0.0,1.0
frozen,-1,accept_all,0.05,27,0,0.0,False,1.0,True,0.0,0.0
frozen,-1,accept_all,0.05,27,1,1.0,True,0.0,True,0.0,1.0
frozen,-1,accept_all,0.05,28,0,0.0,False,1.0,True,0.0,0.0
frozen,-1,accept_all,0.05,28,1,1.0,True,0.0,True,0.0,1.0
frozen,-1,accept_all,0.05,29,0,0.0,False,1.0,True,0.0,0.0
frozen,-1,accept_all,0.05,29,1,1.0,True,0.0,True,0.0,1.0
frozen,-1,accept_all,0.05,30,0,0.0,False,1.0,True,0.0,0.0
frozen,-1,accept_all,0.05,30,1,1.0,True,0.0,True,0.0,1.0
frozen,-1,accept_all,0.05,31,0,0.0,False,1.0,True,0.0,0.0
frozen,-1,accept_all,0.05,31,1,1.0,True,0.0,True,0.0,1.0
frozen,-1,accept_all,0.05,32,0,0.0,False,1.0,True,0.0,0.0
frozen,-1,accept_all,0.05,32,1,1.0,True,0.0,True,0.0,1.0
frozen,-1,accept_all,0.05,33,0,0.0,False,1.0,True,0.0,0.0
frozen,-1,accept_all,0.05,33,1,1.0,True,0.0,True,0.0,1.0
frozen,-1,accept_all,0.05,34,0,0.0,False,1.0,True,0.0,0.0
frozen,-1,accept_all,0.05,34,1,1.0,True,0.0,True,0.0,1.0
frozen,-1,accept_all,0.05,35,0,0.0,False,1.0,True,0.0,0.0
frozen,-1,accept_all,0.05,35,1,1.0,True,0.0,True,0.0,1.0
frozen,-1,accept_all,0.05,36,0,0.0,False,1.0,True,0.0,0.0
frozen,-1,accept_all,0.05,36,1,1.0,True,0.0,True,0.0,1.0
frozen,-1,accept_all,0.05,37,0,0.0,False,1.0,True,0.0,0.0
frozen,-1,accept_all,0.05,37,1,1.0,True,0.0,True,0.0,1.0
frozen,-1,accept_all,0.05,38,0,0.0,False,1.0,True,0.0,0.0
frozen,-1,accept_all,0.05,38,1,1.0,True,0.0,True,0.0,1.0
frozen,-1,accept_all,0.05,39,0,0.0,False,1.0,True,0.0,0.0
frozen,-1,accept_all,0.05,39,1,1.0,True,0.0,True,0.0,1.0
frozen,-1,accept_all,0.05,40,0,0.0,False,1.0,True,0.0,0.0
frozen,-1,accept_all,0.05,40,1,1.0,True,0.0,True,0.0,1.0
frozen,-1,accept_all,0.05,41,0,0.0,False,1.0,True,0.0,0.0
frozen,-1,accept_all,0.05,41,1,1.0,True,0.0,True,0.0,1.0
frozen,-1,accept_all,0.05,42,0,0.0,False,1.0,True,0.0,0.0
frozen,-1,accept_all,0.05,42,1,1.0,True,0.0,True,0.0,1.0
frozen,-1,accept_all,0.05,43,0,0.0,False,1.0,True,0.0,0.0
frozen,-1,accept_all,0.05,43,1,1.0,True,0.0,True,0.0,1.0
frozen,-1,accept_all,0.05,44,0,0.0,False,1.0,True,0.0,0.0
frozen,-1,accept_all,0.05,44,1,1.0,True,0.0,True,0.0,1.0
frozen,-1,accept_all,0.05,45,0,0.0,False,1.0,True,0.0,0.0
frozen,-1,accept_all,0.05,45,1,1.0,True,0.0,True,0.0,1.0
frozen,-1,accept_all,0.05,46,0,0.0,False,1.0,True,0.0,0.0
frozen,-1,accept_all,0.05,46,1,1.0,True,0.0,True,0.0,1.0
frozen,-1,accept_all,0.05,47,0,0.0,False,1.0,True,0.0,0.0
frozen,-1,accept_all,0.05,47,1,1.0,True,0.0,True,0.0,1.0
frozen,-1,accept_all,0.05,48,0,0.0,False,1.0,True,0.0,0.0
frozen,-1,accept_all,0.05,48,1,1.0,True,0.0,True,0.0,1.0
frozen,-1,accept_all,0.05,49,0,0.0,False,1.0,True,0.0,0.0
frozen,-1,accept_all,0.05,49,1,1.0,True,0.0,True,0.0,1.0
frozen,-1,accept_all,0.05,50,0,0.0,False,1.0,True,0.0,0.0
frozen,-1,accept_all,0.05,50,1,1.0,True,0.0,True,0.0,1.0
frozen,-1,accept_all,0.05,51,0,0.0,False,1.0,True,0.0,0.0
frozen,-1,accept_all,0.05,51,1,1.0,True,0.0,True,0.0,1.0
frozen,-1,accept_all,0.05,52,0,0.0,False,1.0,True,0.0,0.0
frozen,-1,accept_all,0.05,52,1,1.0,True,0.0,True,0.0,1.0
frozen,-1,accept_all,0.05,53,0,0.0,False,1.0,True,0.0,0.0
frozen,-1,accept_all,0.05,53,1,1.0,True,0.0,True,0.0,1.0
frozen,-1,accept_all,0.05,54,0,0.0,False,1.0,True,0.0,0.0
frozen,-1,accept_all,0.05,54,1,1.0,True,0.0,True,0.0,1.0
frozen,-1,accept_all,0.05,55,0,0.0,False,1.0,True,0.0,0.0
frozen,-1,accept_all,0.05,55,1,1.0,True,0.0,True,0.0,1.0
frozen,-1,accept_all,0.05,56,0,0.0,False,1.0,True,0.0,0.0
frozen,-1,accept_all,0.05,56,1,1.0,True,0.0,True,0.0,1.0
frozen,-1,accept_all,0.05,57,0,0.0,False,1.0,True,0.0,0.0
frozen,-1,accept_all,0.05,57,1,1.0,True,0.0,True,0.0,1.0
frozen,-1,accept_all,0.05,58,0,0.0,False,1.0,True,0.0,0.0
frozen,-1,accept_all,0.05,58,1,1.0,True,0.0,True,0.0,1.0
frozen,-1,accept_all,0.05,59,0,0.0,False,1.0,True,0.0,0.0
frozen,-1,accept_all,0.05,59,1,1.0,True,0.0,True,0.0,1.0
frozen,-1,accept_all,0.05,60,0,0.0,False,1.0,True,0.0,0.0
frozen,-1,accept_all,0.05,60,1,1.0,True,0.0,True,0.0,1.0
frozen,-1,accept_all,0.05,61,0,0.0,False,1.0,True,0.0,0.0
frozen,-1,accept_all,0.05,61,1,1.0,True,0.0,True,0.0,1.0
frozen,-1,accept_all,0.05,62,0,0.0,False,1.0,True,0.0,0.0
frozen,-1,accept_all,0.05,62,1,1.0,True,0.0,True,0.0,1.0
frozen,-1,accept_all,0.05,63,0,0.0,False,1.0,True,0.0,0.0
frozen,-1,accept_all,0.05,63,1,1.0,True,0.0,True,0.0,1.0
frozen,-1,accept_all,0.05,64,0,0.0,False,1.0,True,0.0,0.0
frozen,-1,accept_all,0.05,64,1,1.0,True,0.0,True,0.0,1.0
frozen,-1,accept_all,0.05,65,0,0.0,False,1.0,True,0.0,0.0
frozen,-1,accept_all,0.05,65,1,1.0,True,0.0,True,0.0,1.0
frozen,-1,accept_all,0.05,66,0,0.0,False,1.0,True,0.0,0.0
frozen,-1,accept_all,0.05,66,1,1.0,True,0.0,True,0.0,1.0
frozen,-1,accept_all,0.05,67,0,0.0,False,1.0,True,0.0,0.0
frozen,-1,accept_all,0.05,67,1,1.0,True,0.0,True,0.0,1.0
frozen,-1,accept_all,0.05,68,0,0.0,False,1.0,True,0.0,0.0
frozen,-1,accept_all,0.05,68,1,1.0,True,0.0,True,0.0,1.0
frozen,-1,accept_all,0.05,69,0,0.0,False,1.0,True,0.0,0.0
frozen,-1,accept_all,0.05,69,1,1.0,True,0.0,True,0.0,1.0
frozen,-1,accept_all,0.05,70,0,0.0,False,1.0,True,0.0,0.0
frozen,-1,accept_all,0.05,70,1,1.0,True,0.0,True,0.0,1.0
frozen,-1,accept_all,0.05,71,0,0.0,False,1.0,True,0.0,0.0
frozen,-1,accept_all,0.05,71,1,1.0,True,0.0,True,0.0,1.0
frozen,-1,accept_all,0.05,72,0,0.0,False,1.0,True,0.0,0.0
frozen,-1,accept_all,0.05,72,1,1.0,True,0.0,True,0.0,1.0
frozen,-1,accept_all,0.05,73,0,0.0,False,1.0,True,0.0,0.0
frozen,-1,accept_all,0.05,73,1,1.0,True,0.0,True,0.0,1.0
frozen,-1,accept_all,0.05,74,0,0.0,False,1.0,True,0.0,0.0
frozen,-1,accept_all,0.05,74,1,1.0,True,0.0,True,0.0,1.0
frozen,-1,accept_all,0.05,75,0,0.0,False,1.0,True,0.0,0.0
frozen,-1,accept_all,0.05,75,1,1.0,True,0.0,True,0.0,1.0
frozen,-1,accept_all,0.05,76,0,0.0,False,1.0,True,0.0,0.0
frozen,-1,accept_all,0.05,76,1,1.0,True,0.0,True,0.0,1.0
frozen,-1,accept_all,0.05,77,0,0.0,False,1.0,True,0.0,0.0
frozen,-1,accept_all,0.05,77,1,1.0,True,0.0,True,0.0,1.0
frozen,-1,accept_all,0.05,78,0,0.0,False,1.0,True,0.0,0.0
frozen,-1,accept_all,0.05,78,1,1.0,True,0.0,True,0.0,1.0
frozen,-1,accept_all,0.05,79,0,0.0,False,1.0,True,0.0,0.0
frozen,-1,accept_all,0.05,79,1,1.0,True,0.0,True,0.0,1.0
frozen,-1,accept_all,0.05,80,0,0.0,False,1.0,True,0.0,0.0
frozen,-1,accept_all,0.05,80,1,1.0,True,0.0,True,0.0,1.0
frozen,-1,reference_only,0.05,1,0,0.0,False,0.0,False,1.0,0.0
frozen,-1,reference_only,0.05,1,1,1.0,True,0.0,True,0.0,1.0
frozen,-1,reference_only,0.05,2,0,0.0,False,1.0,False,0.0,1.0
frozen,-1,reference_only,0.05,2,1,1.0,True,1.0,True,1.0,1.0
frozen,-1,reference_only,0.05,3,0,0.0,False,1.0,False,0.0,1.0
frozen,-1,reference_only,0.05,3,1,1.0,True,1.0,True,1.0,1.0
frozen,-1,reference_only,0.05,4,0,0.0,False,1.0,False,0.0,1.0
frozen,-1,reference_only,0.05,4,1,1.0,True,1.0,True,1.0,1.0
frozen,-1,reference_only,0.05,5,0,0.0,False,1.0,False,0.0,1.0
frozen,-1,reference_only,0.05,5,1,1.0,True,1.0,True,1.0,1.0
frozen,-1,reference_only,0.05,6,0,0.0,False,1.0,False,0.0,1.0
frozen,-1,reference_only,0.05,6,1,1.0,True,1.0,True,1.0,1.0
frozen,-1,reference_only,0.05,7,0,0.0,False,1.0,False,0.0,1.0
frozen,-1,reference_only,0.05,7,1,1.0,True,1.0,True,1.0,1.0
frozen,-1,reference_only,0.05,8,0,0.0,False,1.0,False,0.0,1.0
frozen,-1,reference_only,0.05,8,1,1.0,True,1.0,True,1.0,1.0
frozen,-1,reference_only,0.05,9,0,0.0,False,1.0,False,0.0,1.0
frozen,-1,reference_only,0.05,9,1,1.0,True,1.0,True,1.0,1.0
frozen,-1,reference_only,0.05,10,0,0.0,False,1.0,False,0.0,1.0
frozen,-1,reference_only,0.05,10,1,1.0,True,1.0,True,1.0,1.0
frozen,-1,reference_only,0.05,11,0,0.0,False,1.0,False,0.0,1.0
frozen,-1,reference_only,0.05,11,1,1.0,True,1.0,True,1.0,1.0
frozen,-1,reference_only,0.05,12,0,0.0,False,1.0,False,0.0,1.0
frozen,-1,reference_only,0.05,12,1,1.0,True,1.0,True,1.0,1.0
frozen,-1,reference_only,0.05,13,0,0.0,False,1.0,False,0.0,1.0
frozen,-1,reference_only,0.05,13,1,1.0,True,1.0,True,1.0,1.0
frozen,-1,reference_only,0.05,14,0,0.0,False,1.0,False,0.0,1.0
frozen,-1,reference_only,0.05,14,1,1.0,True,1.0,True,1.0,1.0
frozen,-1,reference_only,0.05,15,0,0.0,False,1.0,False,0.0,1.0
frozen,-1,reference_only,0.05,15,1,1.0,True,1.0,True,1.0,1.0
frozen,-1,reference_only,0.05,16,0,0.0,False,1.0,False,0.0,1.0
frozen,-1,reference_only,0.05,16,1,1.0,True,1.0,True,1.0,1.0
frozen,-1,reference_only,0.05,17,0,0.0,False,1.0,False,0.0,1.0
frozen,-1,reference_only,0.05,17,1,1.0,True,1.0,True,1.0,1.0
frozen,-1,reference_only,0.05,18,0,0.0,False,1.0,False,0.0,1.0
frozen,-1,reference_only,0.05,18,1,1.0,True,1.0,True,1.0,1.0
frozen,-1,reference_only,0.05,19,0,0.0,False,1.0,False,0.0,1.0
frozen,-1,reference_only,0.05,19,1,1.0,True,1.0,True,1.0,1.0
frozen,-1,reference_only,0.05,20,0,0.0,False,1.0,False,0.0,1.0
frozen,-1,reference_only,0.05,20,1,1.0,True,1.0,True,1.0,1.0
frozen,-1,reference_only,0.05,21,0,0.0,False,1.0,False,0.0,1.0
frozen,-1,reference_only,0.05,21,1,1.0,True,1.0,True,1.0,1.0
frozen,-1,reference_only,0.05,22,0,0.0,False,1.0,False,0.0,1.0
frozen,-1,reference_only,0.05,22,1,1.0,True,1.0,True,1.0,1.0
frozen,-1,reference_only,0.05,23,0,0.0,False,1.0,False,0.0,1.0
frozen,-1,reference_only,0.05,23,1,1.0,True,1.0,True,1.0,1.0
frozen,-1,reference_only,0.05,24,0,0.0,False,1.0,False,0.0,1.0
frozen,-1,reference_only,0.05,24,1,1.0,True,1.0,True,1.0,1.0
frozen,-1,reference_only,0.05,25,0,0.0,False,1.0,False,0.0,1.0
frozen,-1,reference_only,0.05,25,1,1.0,True,1.0,True,1.0,1.0
frozen,-1,reference_only,0.05,26,0,0.0,False,1.0,False,0.0,1.0
frozen,-1,reference_only,0.05,26,1,1.0,True,1.0,True,1.0,1.0
frozen,-1,reference_only,0.05,27,0,0.0,False,1.0,False,0.0,1.0
frozen,-1,reference_only,0.05,27,1,1.0,True,1.0,True,1.0,1.0
frozen,-1,reference_only,0.05,28,0,0.0,False,1.0,False,0.0,1.0
frozen,-1,reference_only,0.05,28,1,1.0,True,1.0,True,1.0,1.0
frozen,-1,reference_only,0.05,29,0,0.0,False,1.0,False,0.0,1.0
frozen,-1,reference_only,0.05,29,1,1.0,True,1.0,True,1.0,1.0
frozen,-1,reference_only,0.05,30,0,0.0,False,1.0,False,0.0,1.0
frozen,-1,reference_only,0.05,30,1,1.0,True,1.0,True,1.0,1.0
frozen,-1,reference_only,0.05,31,0,0.0,False,1.0,False,0.0,1.0
frozen,-1,reference_only,0.05,31,1,1.0,True,1.0,True,1.0,1.0
frozen,-1,reference_only,0.05,32,0,0.0,False,1.0,False,0.0,1.0
frozen,-1,reference_only,0.05,32,1,1.0,True,1.0,True,1.0,1.0
frozen,-1,reference_only,0.05,33,0,0.0,False,1.0,False,0.0,1.0
frozen,-1,reference_only,0.05,33,1,1.0,True,1.0,True,1.0,1.0
frozen,-1,reference_only,0.05,34,0,0.0,False,1.0,False,0.0,1.0
frozen,-1,reference_only,0.05,34,1,1.0,True,1.0,True,1.0,1.0
frozen,-1,reference_only,0.05,35,0,0.0,False,1.0,False,0.0,1.0
frozen,-1,reference_only,0.05,35,1,1.0,True,1.0,True,1.0,1.0
frozen,-1,reference_only,0.05,36,0,0.0,False,1.0,False,0.0,1.0
frozen,-1,reference_only,0.05,36,1,1.0,True,1.0,True,1.0,1.0
frozen,-1,reference_only,0.05,37,0,0.0,False,1.0,False,0.0,1.0
frozen,-1,reference_only,0.05,37,1,1.0,True,1.0,True,1.0,1.0
frozen,-1,reference_only,0.05,38,0,0.0,False,1.0,False,0.0,1.0
frozen,-1,reference_only,0.05,38,1,1.0,True,1.0,True,1.0,1.0
frozen,-1,reference_only,0.05,39,0,0.0,False,1.0,False,0.0,1.0
frozen,-1,reference_only,0.05,39,1,1.0,True,1.0,True,1.0,1.0
frozen,-1,reference_only,0.05,40,0,0.0,False,1.0,False,0.0,1.0
frozen,-1,reference_only,0.05,40,1,1.0,True,1.0,True,1.0,1.0
frozen,-1,reference_only,0.05,41,0,0.0,False,1.0,False,0.0,1.0
frozen,-1,reference_only,0.05,41,1,1.0,True,1.0,True,1.0,1.0
frozen,-1,reference_only,0.05,42,0,0.0,False,1.0,False,0.0,1.0
frozen,-1,reference_only,0.05,42,1,1.0,True,1.0,True,1.0,1.0
frozen,-1,reference_only,0.05,43,0,0.0,False,1.0,False,0.0,1.0
frozen,-1,reference_only,0.05,43,1,1.0,True,1.0,True,1.0,1.0
frozen,-1,reference_only,0.05,44,0,0.0,False,1.0,False,0.0,1.0
frozen,-1,reference_only,0.05,44,1,1.0,True,1.0,True,1.0,1.0
frozen,-1,reference_only,0.05,45,0,0.0,False,1.0,False,0.0,1.0
frozen,-1,reference_only,0.05,45,1,1.0,True,1.0,True,1.0,1.0
frozen,-1,reference_only,0.05,46,0,0.0,False,1.0,False,0.0,1.0
frozen,-1,reference_only,0.05,46,1,1.0,True,1.0,True,1.0,1.0
frozen,-1,reference_only,0.05,47,0,0.0,False,1.0,False,0.0,1.0
frozen,-1,reference_only,0.05,47,1,1.0,True,1.0,True,1.0,1.0
frozen,-1,reference_only,0.05,48,0,0.0,False,1.0,False,0.0,1.0
frozen,-1,reference_only,0.05,48,1,1.0,True,1.0,True,1.0,1.0
frozen,-1,reference_only,0.05,49,0,0.0,False,1.0,False,0.0,1.0
frozen,-1,reference_only,0.05,49,1,1.0,True,1.0,True,1.0,1.0
frozen,-1,reference_only,0.05,50,0,0.0,False,1.0,False,0.0,1.0
frozen,-1,reference_only,0.05,50,1,1.0,True,1.0,True,1.0,1.0
frozen,-1,reference_only,0.05,51,0,0.0,False,1.0,False,0.0,1.0
frozen,-1,reference_only,0.05,51,1,1.0,True,1.0,True,1.0,1.0
frozen,-1,reference_only,0.05,52,0,0.0,False,1.0,False,0.0,1.0
frozen,-1,reference_only,0.05,52,1,1.0,True,1.0,True,1.0,1.0
frozen,-1,reference_only,0.05,53,0,0.0,False,1.0,False,0.0,1.0
frozen,-1,reference_only,0.05,53,1,1.0,True,1.0,True,1.0,1.0
frozen,-1,reference_only,0.05,54,0,0.0,False,1.0,False,0.0,1.0
frozen,-1,reference_only,0.05,54,1,1.0,True,1.0,True,1.0,1.0
frozen,-1,reference_only,0.05,55,0,0.0,False,1.0,False,0.0,1.0
frozen,-1,reference_only,0.05,55,1,1.0,True,1.0,True,1.0,1.0
frozen,-1,reference_only,0.05,56,0,0.0,False,1.0,False,0.0,1.0
frozen,-1,reference_only,0.05,56,1,1.0,True,1.0,True,1.0,1.0
frozen,-1,reference_only,0.05,57,0,0.0,False,1.0,False,0.0,1.0
frozen,-1,reference_only,0.05,57,1,1.0,True,1.0,True,1.0,1.0
frozen,-1,reference_only,0.05,58,0,0.0,False,1.0,False,0.0,1.0
frozen,-1,reference_only,0.05,58,1,1.0,True,1.0,True,1.0,1.0
frozen,-1,reference_only,0.05,59,0,0.0,False,1.0,False,0.0,1.0
frozen,-1,reference_only,0.05,59,1,1.0,True,1.0,True,1.0,1.0
frozen,-1,reference_only,0.05,60,0,0.0,False,1.0,False,0.0,1.0
frozen,-1,reference_only,0.05,60,1,1.0,True,1.0,True,1.0,1.0
frozen,-1,reference_only,0.05,61,0,0.0,False,1.0,False,0.0,1.0
frozen,-1,reference_only,0.05,61,1,1.0,True,1.0,True,1.0,1.0
frozen,-1,reference_only,0.05,62,0,0.0,False,1.0,False,0.0,1.0
frozen,-1,reference_only,0.05,62,1,1.0,True,1.0,True,1.0,1.0
frozen,-1,reference_only,0.05,63,0,0.0,False,1.0,False,0.0,1.0
frozen,-1,reference_only,0.05,63,1,1.0,True,1.0,True,1.0,1.0
frozen,-1,reference_only,0.05,64,0,0.0,False,1.0,False,0.0,1.0
frozen,-1,reference_only,0.05,64,1,1.0,True,1.0,True,1.0,1.0
frozen,-1,reference_only,0.05,65,0,0.0,False,1.0,False,0.0,1.0
frozen,-1,reference_only,0.05,65,1,1.0,True,1.0,True,1.0,1.0
frozen,-1,reference_only,0.05,66,0,0.0,False,1.0,False,0.0,1.0
frozen,-1,reference_only,0.05,66,1,1.0,True,1.0,True,1.0,1.0
frozen,-1,reference_only,0.05,67,0,0.0,False,1.0,False,0.0,1.0
frozen,-1,reference_only,0.05,67,1,1.0,True,1.0,True,1.0,1.0
frozen,-1,reference_only,0.05,68,0,0.0,False,1.0,False,0.0,1.0
frozen,-1,reference_only,0.05,68,1,1.0,True,1.0,True,1.0,1.0
frozen,-1,reference_only,0.05,69,0,0.0,False,1.0,False,0.0,1.0
frozen,-1,reference_only,0.05,69,1,1.0,True,1.0,True,1.0,1.0
frozen,-1,reference_only,0.05,70,0,0.0,False,1.0,False,0.0,1.0
frozen,-1,reference_only,0.05,70,1,1.0,True,1.0,True,1.0,1.0
frozen,-1,reference_only,0.05,71,0,0.0,False,1.0,False,0.0,1.0
frozen,-1,reference_only,0.05,71,1,1.0,True,1.0,True,1.0,1.0
frozen,-1,reference_only,0.05,72,0,0.0,False,1.0,False,0.0,1.0
frozen,-1,reference_only,0.05,72,1,1.0,True,1.0,True,1.0,1.0
frozen,-1,reference_only,0.05,73,0,0.0,False,1.0,False,0.0,1.0
frozen,-1,reference_only,0.05,73,1,1.0,True,1.0,True,1.0,1.0
frozen,-1,reference_only,0.05,74,0,0.0,False,1.0,False,0.0,1.0
frozen,-1,reference_only,0.05,74,1,1.0,True,1.0,True,1.0,1.0
frozen,-1,reference_only,0.05,75,0,0.0,False,1.0,False,0.0,1.0
frozen,-1,reference_only,0.05,75,1,1.0,True,1.0,True,1.0,1.0
frozen,-1,reference_only,0.05,76,0,0.0,False,1.0,False,0.0,1.0
frozen,-1,reference_only,0.05,76,1,1.0,True,1.0,True,1.0,1.0
frozen,-1,reference_only,0.05,77,0,0.0,False,1.0,False,0.0,1.0
frozen,-1,reference_only,0.05,77,1,1.0,True,1.0,True,1.0,1.0
frozen,-1,reference_only,0.05,78,0,0.0,False,1.0,False,0.0,1.0
frozen,-1,reference_only,0.05,78,1,1.0,True,1.0,True,1.0,1.0
frozen,-1,reference_only,0.05,79,0,0.0,False,1.0,False,0.0,1.0
frozen,-1,reference_only,0.05,79,1,1.0,True,1.0,True,1.0,1.0
frozen,-1,reference_only,0.05,80,0,0.0,False,1.0,False,0.0,1.0
frozen,-1,reference_only,0.05,80,1,1.0,True,1.0,True,1.0,1.0
frozen,-1,gated,0.11,1,0,0.0,False,0.0,True,1.0,0.0
frozen,-1,gated,0.11,1,1,1.0,True,0.0,False,0.0,0.0
frozen,-1,gated,0.11,2,0,0.0,False,0.0,True,1.0,0.0
frozen,-1,gated,0.11,2,1,1.0,True,0.0,False,0.0,0.0
frozen,-1,gated,0.11,3,0,0.0,False,0.0,True,1.0,0.0
frozen,-1,gated,0.11,3,1,1.0,True,0.0,False,0.0,0.0
frozen,-1,gated,0.11,4,0,0.0,False,0.0,True,1.0,0.0
frozen,-1,gated,0.11,4,1,1.0,True,0.0,False,0.0,0.0
frozen,-1,gated,0.11,5,0,0.0,False,0.0,True,1.0,0.0
frozen,-1,gated,0.11,5,1,1.0,True,0.0,False,0.0,0.0
frozen,-1,gated,0.11,6,0,0.0,False,0.0,True,1.0,0.0
frozen,-1,gated,0.11,6,1,1.0,True,0.0,False,0.0,0.0
frozen,-1,gated,0.11,7,0,0.0,False,0.0,True,1.0,0.0
frozen,-1,gated,0.11,7,1,1.0,True,0.0,False,0.0,0.0
frozen,-1,gated,0.11,8,0,0.0,False,0.0,True,1.0,0.0
frozen,-1,gated,0.11,8,1,1.0,True,0.0,False,0.0,0.0
frozen,-1,gated,0.11,9,0,0.0,False,0.0,True,1.0,0.0
frozen,-1,gated,0.11,9,1,1.0,True,0.0,False,0.0,0.0
frozen,-1,gated,0.11,10,0,0.0,False,0.0,True,1.0,0.0
frozen,-1,gated,0.11,10,1,1.0,True,0.0,False,0.0,0.0
frozen,-1,gated,0.11,11,0,0.0,False,0.0,True,1.0,0.0
frozen,-1,gated,0.11,11,1,1.0,True,0.0,False,0.0,0.0
frozen,-1,gated,0.11,12,0,0.0,False,0.0,True,1.0,0.0
frozen,-1,gated,0.11,12,1,1.0,True,0.0,False,0.0,0.0
frozen,-1,gated,0.11,13,0,0.0,False,0.0,True,1.0,0.0
frozen,-1,gated,0.11,13,1,1.0,True,0.0,False,0.0,0.0
frozen,-1,gated,0.11,14,0,0.0,False,0.0,True,1.0,0.0
frozen,-1,gated,0.11,14,1,1.0,True,0.0,False,0.0,0.0
frozen,-1,gated,0.11,15,0,0.0,False,0.0,True,1.0,0.0
frozen,-1,gated,0.11,15,1,1.0,True,0.0,False,0.0,0.0
frozen,-1,gated,0.11,16,0,0.0,False,0.0,True,1.0,0.0
frozen,-1,gated,0.11,16,1,1.0,True,0.0,False,0.0,0.0
frozen,-1,gated,0.11,17,0,0.0,False,0.0,True,1.0,0.0
frozen,-1,gated,0.11,17,1,1.0,True,0.0,False,0.0,0.0
frozen,-1,gated,0.11,18,0,0.0,False,0.0,True,1.0,0.0
frozen,-1,gated,0.11,18,1,1.0,True,0.0,False,0.0,0.0
frozen,-1,gated,0.11,19,0,0.0,False,0.0,True,1.0,0.0
frozen,-1,gated,0.11,19,1,1.0,True,0.0,False,0.0,0.0
frozen,-1,gated,0.11,20,0,0.0,False,0.0,True,1.0,0.0
frozen,-1,gated,0.11,20,1,1.0,True,0.0,False,0.0,0.0
frozen,-1,gated,0.11,21,0,0.0,False,0.0,True,1.0,0.0
frozen,-1,gated,0.11,21,1,1.0,True,0.0,False,0.0,0.0
frozen,-1,gated,0.11,22,0,0.0,False,0.0,True,1.0,0.0
frozen,-1,gated,0.11,22,1,1.0,True,0.0,False,0.0,0.0
frozen,-1,gated,0.11,23,0,0.0,False,0.0,True,1.0,0.0
frozen,-1,gated,0.11,23,1,1.0,True,0.0,False,0.0,0.0
frozen,-1,gated,0.11,24,0,0.0,False,0.0,True,1.0,0.0
frozen,-1,gated,0.11,24,1,1.0,True,0.0,False,0.0,0.0
frozen,-1,gated,0.11,25,0,0.0,False,0.0,True,1.0,0.0
frozen,-1,gated,0.11,25,1,1.0,True,0.0,False,0.0,0.0
frozen,-1,gated,0.11,26,0,0.0,False,0.0,True,1.0,0.0
frozen,-1,gated,0.11,26,1,1.0,True,0.0,False,0.0,0.0
frozen,-1,gated,0.11,27,0,0.0,False,0.0,True,1.0,0.0
frozen,-1,gated,0.11,27,1,1.0,True,0.0,False,0.0,0.0
frozen,-1,gated,0.11,28,0,0.0,False,0.0,True,1.0,0.0
frozen,-1,gated,0.11,28,1,1.0,True,0.0,False,0.0,0.0
frozen,-1,gated,0.11,29,0,0.0,False,0.0,True,1.0,0.0
frozen,-1,gated,0.11,29,1,1.0,True,0.0,False,0.0,0.0
frozen,-1,gated,0.11,30,0,0.0,False,0.0,True,1.0,0.0
frozen,-1,gated,0.11,30,1,1.0,True,0.0,False,0.0,0.0
frozen,-1,gated,0.11,31,0,0.0,False,0.0,True,1.0,0.0
frozen,-1,gated,0.11,31,1,1.0,True,0.0,False,0.0,0.0
frozen,-1,gated,0.11,32,0,0.0,False,0.0,True,1.0,0.0
frozen,-1,gated,0.11,32,1,1.0,True,0.0,False,0.0,0.0
frozen,-1,gated,0.11,33,0,0.0,False,0.0,True,1.0,0.0
frozen,-1,gated,0.11,33,1,1.0,True,0.0,False,0.0,0.0
frozen,-1,gated,0.11,34,0,0.0,False,0.0,True,1.0,0.0
frozen,-1,gated,0.11,34,1,1.0,True,0.0,False,0.0,0.0
frozen,-1,gated,0.11,35,0,0.0,False,0.0,True,1.0,0.0
frozen,-1,gated,0.11,35,1,1.0,True,0.0,False,0.0,0.0
frozen,-1,gated,0.11,36,0,0.0,False,0.0,True,1.0,0.0
frozen,-1,gated,0.11,36,1,1.0,True,0.0,False,0.0,0.0
frozen,-1,gated,0.11,37,0,0.0,False,0.0,True,1.0,0.0
frozen,-1,gated,0.11,37,1,1.0,True,0.0,False,0.0,0.0
frozen,-1,gated,0.11,38,0,0.0,False,0.0,True,1.0,0.0
frozen,-1,gated,0.11,38,1,1.0,True,0.0,False,0.0,0.0
frozen,-1,gated,0.11,39,0,0.0,False,0.0,True,1.0,0.0
frozen,-1,gated,0.11,39,1,1.0,True,0.0,False,0.0,0.0
frozen,-1,gated,0.11,40,0,0.0,False,0.0,True,1.0,0.0
frozen,-1,gated,0.11,40,1,1.0,True,0.0,False,0.0,0.0
frozen,-1,gated,0.11,41,0,0.0,False,0.0,True,1.0,0.0
frozen,-1,gated,0.11,41,1,1.0,True,0.0,False,0.0,0.0
frozen,-1,gated,0.11,42,0,0.0,False,0.0,True,1.0,0.0
frozen,-1,gated,0.11,42,1,1.0,True,0.0,False,0.0,0.0
frozen,-1,gated,0.11,43,0,0.0,False,0.0,True,1.0,0.0
frozen,-1,gated,0.11,43,1,1.0,True,0.0,False,0.0,0.0
frozen,-1,gated,0.11,44,0,0.0,False,0.0,True,1.0,0.0
frozen,-1,gated,0.11,44,1,1.0,True,0.0,False,0.0,0.0
frozen,-1,gated,0.11,45,0,0.0,False,0.0,True,1.0,0.0
frozen,-1,gated,0.11,45,1,1.0,True,0.0,False,0.0,0.0
frozen,-1,gated,0.11,46,0,0.0,False,0.0,True,1.0,0.0
frozen,-1,gated,0.11,46,1,1.0,True,0.0,False,0.0,0.0
frozen,-1,gated,0.11,47,0,0.0,False,0.0,True,1.0,0.0
frozen,-1,gated,0.11,47,1,1.0,True,0.0,False,0.0,0.0
frozen,-1,gated,0.11,48,0,0.0,False,0.0,True,1.0,0.0
frozen,-1,gated,0.11,48,1,1.0,True,0.0,False,0.0,0.0
frozen,-1,gated,0.11,49,0,0.0,False,0.0,True,1.0,0.0
frozen,-1,gated,0.11,49,1,1.0,True,0.0,False,0.0,0.0
frozen,-1,gated,0.11,50,0,0.0,False,0.0,True,1.0,0.0
frozen,-1,gated,0.11,50,1,1.0,True,0.0,False,0.0,0.0
frozen,-1,gated,0.11,51,0,0.0,False,0.0,True,1.0,0.0
frozen,-1,gated,0.11,51,1,1.0,True,0.0,False,0.0,0.0
frozen,-1,gated,0.11,52,0,0.0,False,0.0,True,1.0,0.0
frozen,-1,gated,0.11,52,1,1.0,True,0.0,False,0.0,0.0
frozen,-1,gated,0.11,53,0,0.0,False,0.0,True,1.0,0.0
frozen,-1,gated,0.11,53,1,1.0,True,0.0,False,0.0,0.0
frozen,-1,gated,0.11,54,0,0.0,False,0.0,True,1.0,0.0
frozen,-1,gated,0.11,54,1,1.0,True,0.0,False,0.0,0.0
frozen,-1,gated,0.11,55,0,0.0,False,0.0,True,1.0,0.0
frozen,-1,gated,0.11,55,1,1.0,True,0.0,False,0.0,0.0
frozen,-1,gated,0.11,56,0,0.0,False,0.0,True,1.0,0.0
frozen,-1,gated,0.11,56,1,1.0,True,0.0,False,0.0,0.0
frozen,-1,gated,0.11,57,0,0.0,False,0.0,True,1.0,0.0
frozen,-1,gated,0.11,57,1,1.0,True,0.0,False,0.0,0.0
frozen,-1,gated,0.11,58,0,0.0,False,0.0,True,1.0,0.0
frozen,-1,gated,0.11,58,1,1.0,True,0.0,False,0.0,0.0
frozen,-1,gated,0.11,59,0,0.0,False,0.0,True,1.0,0.0
frozen,-1,gated,0.11,59,1,1.0,True,0.0,False,0.0,0.0
frozen,-1,gated,0.11,60,0,0.0,False,0.0,True,1.0,0.0
frozen,-1,gated,0.11,60,1,1.0,True,0.0,False,0.0,0.0
frozen,-1,gated,0.11,61,0,0.0,False,0.0,True,1.0,0.0
frozen,-1,gated,0.11,61,1,1.0,True,0.0,False,0.0,0.0
frozen,-1,gated,0.11,62,0,0.0,False,0.0,True,1.0,0.0
frozen,-1,gated,0.11,62,1,1.0,True,0.0,False,0.0,0.0
frozen,-1,gated,0.11,63,0,0.0,False,0.0,True,1.0,0.0
frozen,-1,gated,0.11,63,1,1.0,True,0.0,False,0.0,0.0
frozen,-1,gated,0.11,64,0,0.0,False,0.0,True,1.0,0.0
frozen,-1,gated,0.11,64,1,1.0,True,0.0,False,0.0,0.0
frozen,-1,gated,0.11,65,0,0.0,False,0.0,True,1.0,0.0
frozen,-1,gated,0.11,65,1,1.0,True,0.0,False,0.0,0.0
frozen,-1,gated,0.11,66,0,0.0,False,0.0,True,1.0,0.0
frozen,-1,gated,0.11,66,1,1.0,True,0.0,False,0.0,0.0
frozen,-1,gated,0.11,67,0,0.0,False,0.0,True,1.0,0.0
frozen,-1,gated,0.11,67,1,1.0,True,0.0,False,0.0,0.0
frozen,-1,gated,0.11,68,0,0.0,False,0.0,True,1.0,0.0
frozen,-1,gated,0.11,68,1,1.0,True,0.0,False,0.0,0.0
frozen,-1,gated,0.11,69,0,0.0,False,0.0,True,1.0,0.0
frozen,-1,gated,0.11,69,1,1.0,True,0.0,False,0.0,0.0
frozen,-1,gated,0.11,70,0,0.0,False,0.0,True,1.0,0.0
frozen,-1,gated,0.11,70,1,1.0,True,0.0,False,0.0,0.0
frozen,-1,gated,0.11,71,0,0.0,False,0.0,True,1.0,0.0
frozen,-1,gated,0.11,71,1,1.0,True,0.0,False,0.0,0.0
frozen,-1,gated,0.11,72,0,0.0,False,0.0,True,1.0,0.0
frozen,-1,gated,0.11,72,1,1.0,True,0.0,False,0.0,0.0
frozen,-1,gated,0.11,73,0,0.0,False,0.0,True,1.0,0.0
frozen,-1,gated,0.11,73,1,1.0,True,0.0,False,0.0,0.0
frozen,-1,gated,0.11,74,0,0.0,False,0.0,True,1.0,0.0
frozen,-1,gated,0.11,74,1,1.0,True,0.0,False,0.0,0.0
frozen,-1,gated,0.11,75,0,0.0,False,0.0,True,1.0,0.0
frozen,-1,gated,0.11,75,1,1.0,True,0.0,False,0.0,0.0
frozen,-1,gated,0.11,76,0,0.0,False,0.0,True,1.0,0.0
frozen,-1,gated,0.11,76,1,1.0,True,0.0,False,0.0,0.0
frozen,-1,gated,0.11,77,0,0.0,False,0.0,True,1.0,0.0
frozen,-1,gated,0.11,77,1,1.0,True,0.0,False,0.0,0.0
frozen,-1,gated,0.11,78,0,0.0,False,0.0,True,1.0,0.0
frozen,-1,gated,0.11,78,1,1.0,True,0.0,False,0.0,0.0
frozen,-1,gated,0.11,79,0,0.0,False,0.0,True,1.0,0.0
frozen,-1,gated,0.11,79,1,1.0,True,0.0,False,0.0,0.0
frozen,-1,gated,0.11,80,0,0.0,False,0.0,True,1.0,0.0
frozen,-1,gated,0.11,80,1,1.0,True,0.0,False,0.0,0.0
frozen,-1,accept_all,0.11,1,0,0.0,False,0.0,True,1.0,0.0
frozen,-1,accept_all,0.11,1,1,1.0,True,0.0,True,0.0,1.0
frozen,-1,accept_all,0.11,2,0,0.0,False,1.0,True,0.0,0.0
frozen,-1,accept_all,0.11,2,1,1.0,True,0.0,True,0.0,1.0
frozen,-1,accept_all,0.11,3,0,0.0,False,1.0,True,0.0,0.0
frozen,-1,accept_all,0.11,3,1,1.0,True,0.0,True,0.0,1.0
frozen,-1,accept_all,0.11,4,0,0.0,False,1.0,True,0.0,0.0
frozen,-1,accept_all,0.11,4,1,1.0,True,0.0,True,0.0,1.0
frozen,-1,accept_all,0.11,5,0,0.0,False,1.0,True,0.0,0.0
frozen,-1,accept_all,0.11,5,1,1.0,True,0.0,True,0.0,1.0
frozen,-1,accept_all,0.11,6,0,0.0,False,1.0,True,0.0,0.0
frozen,-1,accept_all,0.11,6,1,1.0,True,0.0,True,0.0,1.0
frozen,-1,accept_all,0.11,7,0,0.0,False,1.0,True,0.0,0.0
frozen,-1,accept_all,0.11,7,1,1.0,True,0.0,True,0.0,1.0
frozen,-1,accept_all,0.11,8,0,0.0,False,1.0,True,0.0,0.0
frozen,-1,accept_all,0.11,8,1,1.0,True,0.0,True,0.0,1.0
frozen,-1,accept_all,0.11,9,0,0.0,False,1.0,True,0.0,0.0
frozen,-1,accept_all,0.11,9,1,1.0,True,0.0,True,0.0,1.0
frozen,-1,accept_all,0.11,10,0,0.0,False,1.0,True,0.0,0.0
frozen,-1,accept_all,0.11,10,1,1.0,True,0.0,True,0.0,1.0
frozen,-1,accept_all,0.11,11,0,0.0,False,1.0,True,0.0,0.0
frozen,-1,accept_all,0.11,11,1,1.0,True,0.0,True,0.0,1.0
frozen,-1,accept_all,0.11,12,0,0.0,False,1.0,True,0.0,0.0
frozen,-1,accept_all,0.11,12,1,1.0,True,0.0,True,0.0,1.0
frozen,-1,accept_all,0.11,13,0,0.0,False,1.0,True,0.0,0.0
frozen,-1,accept_all,0.11,13,1,1.0,True,0.0,True,0.0,1.0
frozen,-1,accept_all,0.11,14,0,0.0,False,1.0,True,0.0,0.0
frozen,-1,accept_all,0.11,14,1,1.0,True,0.0,True,0.0,1.0
frozen,-1,accept_all,0.11,15,0,0.0,False,1.0,True,0.0,0.0
frozen,-1,accept_all,0.11,15,1,1.0,True,0.0,True,0.0,1.0
frozen,-1,accept_all,0.11,16,0,0.0,False,1.0,True,0.0,0.0
frozen,-1,accept_all,0.11,16,1,1.0,True,0.0,True,0.0,1.0
frozen,-1,accept_all,0.11,17,0,0.0,False,1.0,True,0.0,0.0
frozen,-1,accept_all,0.11,17,1,1.0,True,0.0,True,0.0,1.0
frozen,-1,accept_all,0.11,18,0,0.0,False,1.0,True,0.0,0.0
frozen,-1,accept_all,0.11,18,1,1.0,True,0.0,True,0.0,1.0
frozen,-1,accept_all,0.11,19,0,0.0,False,1.0,True,0.0,0.0
frozen,-1,accept_all,0.11,19,1,1.0,True,0.0,True,0.0,1.0
frozen,-1,accept_all,0.11,20,0,0.0,False,1.0,True,0.0,0.0
frozen,-1,accept_all,0.11,20,1,1.0,True,0.0,True,0.0,1.0
frozen,-1,accept_all,0.11,21,0,0.0,False,1.0,True,0.0,0.0
frozen,-1,accept_all,0.11,21,1,1.0,True,0.0,True,0.0,1.0
frozen,-1,accept_all,0.11,22,0,0.0,False,1.0,True,0.0,0.0
frozen,-1,accept_all,0.11,22,1,1.0,True,0.0,True,0.0,1.0
frozen,-1,accept_all,0.11,23,0,0.0,False,1.0,True,0.0,0.0
frozen,-1,accept_all,0.11,23,1,1.0,True,0.0,True,0.0,1.0
frozen,-1,accept_all,0.11,24,0,0.0,False,1.0,True,0.0,0.0
frozen,-1,accept_all,0.11,24,1,1.0,True,0.0,True,0.0,1.0
frozen,-1,accept_all,0.11,25,0,0.0,False,1.0,True,0.0,0.0
frozen,-1,accept_all,0.11,25,1,1.0,True,0.0,True,0.0,1.0
frozen,-1,accept_all,0.11,26,0,0.0,False,1.0,True,0.0,0.0
frozen,-1,accept_all,0.11,26,1,1.0,True,0.0,True,0.0,1.0
frozen,-1,accept_all,0.11,27,0,0.0,False,1.0,True,0.0,0.0
frozen,-1,accept_all,0.11,27,1,1.0,True,0.0,True,0.0,1.0
frozen,-1,accept_all,0.11,28,0,0.0,False,1.0,True,0.0,0.0
frozen,-1,accept_all,0.11,28,1,1.0,True,0.0,True,0.0,1.0
frozen,-1,accept_all,0.11,29,0,0.0,False,1.0,True,0.0,0.0
frozen,-1,accept_all,0.11,29,1,1.0,True,0.0,True,0.0,1.0
frozen,-1,accept_all,0.11,30,0,0.0,False,1.0,True,0.0,0.0
frozen,-1,accept_all,0.11,30,1,1.0,True,0.0,True,0.0,1.0
frozen,-1,accept_all,0.11,31,0,0.0,False,1.0,True,0.0,0.0
frozen,-1,accept_all,0.11,31,1,1.0,True,0.0,True,0.0,1.0
frozen,-1,accept_all,0.11,32,0,0.0,False,1.0,True,0.0,0.0
frozen,-1,accept_all,0.11,32,1,1.0,True,0.0,True,0.0,1.0
frozen,-1,accept_all,0.11,33,0,0.0,False,1.0,True,0.0,0.0
frozen,-1,accept_all,0.11,33,1,1.0,True,0.0,True,0.0,1.0
frozen,-1,accept_all,0.11,34,0,0.0,False,1.0,True,0.0,0.0
frozen,-1,accept_all,0.11,34,1,1.0,True,0.0,True,0.0,1.0
frozen,-1,accept_all,0.11,35,0,0.0,False,1.0,True,0.0,0.0
frozen,-1,accept_all,0.11,35,1,1.0,True,0.0,True,0.0,1.0
frozen,-1,accept_all,0.11,36,0,0.0,False,1.0,True,0.0,0.0
frozen,-1,accept_all,0.11,36,1,1.0,True,0.0,True,0.0,1.0
frozen,-1,accept_all,0.11,37,0,0.0,False,1.0,True,0.0,0.0
frozen,-1,accept_all,0.11,37,1,1.0,True,0.0,True,0.0,1.0
frozen,-1,accept_all,0.11,38,0,0.0,False,1.0,True,0.0,0.0
frozen,-1,accept_all,0.11,38,1,1.0,True,0.0,True,0.0,1.0
frozen,-1,accept_all,0.11,39,0,0.0,False,1.0,True,0.0,0.0
frozen,-1,accept_all,0.11,39,1,1.0,True,0.0,True,0.0,1.0
frozen,-1,accept_all,0.11,40,0,0.0,False,1.0,True,0.0,0.0
frozen,-1,accept_all,0.11,40,1,1.0,True,0.0,True,0.0,1.0
frozen,-1,accept_all,0.11,41,0,0.0,False,1.0,True,0.0,0.0
frozen,-1,accept_all,0.11,41,1,1.0,True,0.0,True,0.0,1.0
frozen,-1,accept_all,0.11,42,0,0.0,False,1.0,True,0.0,0.0
frozen,-1,accept_all,0.11,42,1,1.0,True,0.0,True,0.0,1.0
frozen,-1,accept_all,0.11,43,0,0.0,False,1.0,True,0.0,0.0
frozen,-1,accept_all,0.11,43,1,1.0,True,0.0,True,0.0,1.0
frozen,-1,accept_all,0.11,44,0,0.0,False,1.0,True,0.0,0.0
frozen,-1,accept_all,0.11,44,1,1.0,True,0.0,True,0.0,1.0
frozen,-1,accept_all,0.11,45,0,0.0,False,1.0,True,0.0,0.0
frozen,-1,accept_all,0.11,45,1,1.0,True,0.0,True,0.0,1.0
frozen,-1,accept_all,0.11,46,0,0.0,False,1.0,True,0.0,0.0
frozen,-1,accept_all,0.11,46,1,1.0,True,0.0,True,0.0,1.0
frozen,-1,accept_all,0.11,47,0,0.0,False,1.0,True,0.0,0.0
frozen,-1,accept_all,0.11,47,1,1.0,True,0.0,True,0.0,1.0
frozen,-1,accept_all,0.11,48,0,0.0,False,1.0,True,0.0,0.0
frozen,-1,accept_all,0.11,48,1,1.0,True,0.0,True,0.0,1.0
frozen,-1,accept_all,0.11,49,0,0.0,False,1.0,True,0.0,0.0
frozen,-1,accept_all,0.11,49,1,1.0,True,0.0,True,0.0,1.0
frozen,-1,accept_all,0.11,50,0,0.0,False,1.0,True,0.0,0.0
frozen,-1,accept_all,0.11,50,1,1.0,True,0.0,True,0.0,1.0
frozen,-1,accept_all,0.11,51,0,0.0,False,1.0,True,0.0,0.0
frozen,-1,accept_all,0.11,51,1,1.0,True,0.0,True,0.0,1.0
frozen,-1,accept_all,0.11,52,0,0.0,False,1.0,True,0.0,0.0
frozen,-1,accept_all,0.11,52,1,1.0,True,0.0,True,0.0,1.0
frozen,-1,accept_all,0.11,53,0,0.0,False,1.0,True,0.0,0.0
frozen,-1,accept_all,0.11,53,1,1.0,True,0.0,True,0.0,1.0
frozen,-1,accept_all,0.11,54,0,0.0,False,1.0,True,0.0,0.0
frozen,-1,accept_all,0.11,54,1,1.0,True,0.0,True,0.0,1.0
frozen,-1,accept_all,0.11,55,0,0.0,False,1.0,True,0.0,0.0
frozen,-1,accept_all,0.11,55,1,1.0,True,0.0,True,0.0,1.0
frozen,-1,accept_all,0.11,56,0,0.0,False,1.0,True,0.0,0.0
frozen,-1,accept_all,0.11,56,1,1.0,True,0.0,True,0.0,1.0
frozen,-1,accept_all,0.11,57,0,0.0,False,1.0,True,0.0,0.0
frozen,-1,accept_all,0.11,57,1,1.0,True,0.0,True,0.0,1.0
frozen,-1,accept_all,0.11,58,0,0.0,False,1.0,True,0.0,0.0
frozen,-1,accept_all,0.11,58,1,1.0,True,0.0,True,0.0,1.0
frozen,-1,accept_all,0.11,59,0,0.0,False,1.0,True,0.0,0.0
frozen,-1,accept_all,0.11,59,1,1.0,True,0.0,True,0.0,1.0
frozen,-1,accept_all,0.11,60,0,0.0,False,1.0,True,0.0,0.0
frozen,-1,accept_all,0.11,60,1,1.0,True,0.0,True,0.0,1.0
frozen,-1,accept_all,0.11,61,0,0.0,False,1.0,True,0.0,0.0
frozen,-1,accept_all,0.11,61,1,1.0,True,0.0,True,0.0,1.0
frozen,-1,accept_all,0.11,62,0,0.0,False,1.0,True,0.0,0.0
frozen,-1,accept_all,0.11,62,1,1.0,True,0.0,True,0.0,1.0
frozen,-1,accept_all,0.11,63,0,0.0,False,1.0,True,0.0,0.0
frozen,-1,accept_all,0.11,63,1,1.0,True,0.0,True,0.0,1.0
frozen,-1,accept_all,0.11,64,0,0.0,False,1.0,True,0.0,0.0
frozen,-1,accept_all,0.11,64,1,1.0,True,0.0,True,0.0,1.0
frozen,-1,accept_all,0.11,65,0,0.0,False,1.0,True,0.0,0.0
frozen,-1,accept_all,0.11,65,1,1.0,True,0.0,True,0.0,1.0
frozen,-1,accept_all,0.11,66,0,0.0,False,1.0,True,0.0,0.0
frozen,-1,accept_all,0.11,66,1,1.0,True,0.0,True,0.0,1.0
frozen,-1,accept_all,0.11,67,0,0.0,False,1.0,True,0.0,0.0
frozen,-1,accept_all,0.11,67,1,1.0,True,0.0,True,0.0,1.0
frozen,-1,accept_all,0.11,68,0,0.0,False,1.0,True,0.0,0.0
frozen,-1,accept_all,0.11,68,1,1.0,True,0.0,True,0.0,1.0
frozen,-1,accept_all,0.11,69,0,0.0,False,1.0,True,0.0,0.0
frozen,-1,accept_all,0.11,69,1,1.0,True,0.0,True,0.0,1.0
frozen,-1,accept_all,0.11,70,0,0.0,False,1.0,True,0.0,0.0
frozen,-1,accept_all,0.11,70,1,1.0,True,0.0,True,0.0,1.0
frozen,-1,accept_all,0.11,71,0,0.0,False,1.0,True,0.0,0.0
frozen,-1,accept_all,0.11,71,1,1.0,True,0.0,True,0.0,1.0
frozen,-1,accept_all,0.11,72,0,0.0,False,1.0,True,0.0,0.0
frozen,-1,accept_all,0.11,72,1,1.0,True,0.0,True,0.0,1.0
frozen,-1,accept_all,0.11,73,0,0.0,False,1.0,True,0.0,0.0
frozen,-1,accept_all,0.11,73,1,1.0,True,0.0,True,0.0,1.0
frozen,-1,accept_all,0.11,74,0,0.0,False,1.0,True,0.0,0.0
frozen,-1,accept_all,0.11,74,1,1.0,True,0.0,True,0.0,1.0
frozen,-1,accept_all,0.11,75,0,0.0,False,1.0,True,0.0,0.0
frozen,-1,accept_all,0.11,75,1,1.0,True,0.0,True,0.0,1.0
frozen,-1,accept_all,0.11,76,0,0.0,False,1.0,True,0.0,0.0
frozen,-1,accept_all,0.11,76,1,1.0,True,0.0,True,0.0,1.0
frozen,-1,accept_all,0.11,77,0,0.0,False,1.0,True,0.0,0.0
frozen,-1,accept_all,0.11,77,1,1.0,True,0.0,True,0.0,1.0
frozen,-1,accept_all,0.11,78,0,0.0,False,1.0,True,0.0,0.0
frozen,-1,accept_all,0.11,78,1,1.0,True,0.0,True,0.0,1.0
frozen,-1,accept_all,0.11,79,0,0.0,False,1.0,True,0.0,0.0
frozen,-1,accept_all,0.11,79,1,1.0,True,0.0,True,0.0,1.0
frozen,-1,accept_all,0.11,80,0,0.0,False,1.0,True,0.0,0.0
frozen,-1,accept_all,0.11,80,1,1.0,True,0.0,True,0.0,1.0
frozen,-1,reference_only,0.11,1,0,0.0,False,0.0,False,1.0,0.0
frozen,-1,reference_only,0.11,1,1,1.0,True,0.0,True,0.0,1.0
frozen,-1,reference_only,0.11,2,0,0.0,False,1.0,False,0.0,1.0
frozen,-1,reference_only,0.11,2,1,1.0,True,1.0,True,1.0,1.0
frozen,-1,reference_only,0.11,3,0,0.0,False,1.0,False,0.0,1.0
frozen,-1,reference_only,0.11,3,1,1.0,True,1.0,True,1.0,1.0
frozen,-1,reference_only,0.11,4,0,0.0,False,1.0,False,0.0,1.0
frozen,-1,reference_only,0.11,4,1,1.0,True,1.0,True,1.0,1.0
frozen,-1,reference_only,0.11,5,0,0.0,False,1.0,False,0.0,1.0
frozen,-1,reference_only,0.11,5,1,1.0,True,1.0,True,1.0,1.0
frozen,-1,reference_only,0.11,6,0,0.0,False,1.0,False,0.0,1.0
frozen,-1,reference_only,0.11,6,1,1.0,True,1.0,True,1.0,1.0
frozen,-1,reference_only,0.11,7,0,0.0,False,1.0,False,0.0,1.0
frozen,-1,reference_only,0.11,7,1,1.0,True,1.0,True,1.0,1.0
frozen,-1,reference_only,0.11,8,0,0.0,False,1.0,False,0.0,1.0
frozen,-1,reference_only,0.11,8,1,1.0,True,1.0,True,1.0,1.0
frozen,-1,reference_only,0.11,9,0,0.0,False,1.0,False,0.0,1.0
frozen,-1,reference_only,0.11,9,1,1.0,True,1.0,True,1.0,1.0
frozen,-1,reference_only,0.11,10,0,0.0,False,1.0,False,0.0,1.0
frozen,-1,reference_only,0.11,10,1,1.0,True,1.0,True,1.0,1.0
frozen,-1,reference_only,0.11,11,0,0.0,False,1.0,False,0.0,1.0
frozen,-1,reference_only,0.11,11,1,1.0,True,1.0,True,1.0,1.0
frozen,-1,reference_only,0.11,12,0,0.0,False,1.0,False,0.0,1.0
frozen,-1,reference_only,0.11,12,1,1.0,True,1.0,True,1.0,1.0
frozen,-1,reference_only,0.11,13,0,0.0,False,1.0,False,0.0,1.0
frozen,-1,reference_only,0.11,13,1,1.0,True,1.0,True,1.0,1.0
frozen,-1,reference_only,0.11,14,0,0.0,False,1.0,False,0.0,1.0
frozen,-1,reference_only,0.11,14,1,1.0,True,1.0,True,1.0,1.0
frozen,-1,reference_only,0.11,15,0,0.0,False,1.0,False,0.0,1.0
frozen,-1,reference_only,0.11,15,1,1.0,True,1.0,True,1.0,1.0
frozen,-1,reference_only,0.11,16,0,0.0,False,1.0,False,0.0,1.0
frozen,-1,reference_only,0.11,16,1,1.0,True,1.0,True,1.0,1.0
frozen,-1,reference_only,0.11,17,0,0.0,False,1.0,False,0.0,1.0
frozen,-1,reference_only,0.11,17,1,1.0,True,1.0,True,1.0,1.0
frozen,-1,reference_only,0.11,18,0,0.0,False,1.0,False,0.0,1.0
frozen,-1,reference_only,0.11,18,1,1.0,True,1.0,True,1.0,1.0
frozen,-1,reference_only,0.11,19,0,0.0,False,1.0,False,0.0,1.0
frozen,-1,reference_only,0.11,19,1,1.0,True,1.0,True,1.0,1.0
frozen,-1,reference_only,0.11,20,0,0.0,False,1.0,False,0.0,1.0
frozen,-1,reference_only,0.11,20,1,1.0,True,1.0,True,1.0,1.0
frozen,-1,reference_only,0.11,21,0,0.0,False,1.0,False,0.0,1.0
frozen,-1,reference_only,0.11,21,1,1.0,True,1.0,True,1.0,1.0
frozen,-1,reference_only,0.11,22,0,0.0,False,1.0,False,0.0,1.0
frozen,-1,reference_only,0.11,22,1,1.0,True,1.0,True,1.0,1.0
frozen,-1,reference_only,0.11,23,0,0.0,False,1.0,False,0.0,1.0
frozen,-1,reference_only,0.11,23,1,1.0,True,1.0,True,1.0,1.0
frozen,-1,reference_only,0.11,24,0,0.0,False,1.0,False,0.0,1.0
frozen,-1,reference_only,0.11,24,1,1.0,True,1.0,True,1.0,1.0
frozen,-1,reference_only,0.11,25,0,0.0,False,1.0,False,0.0,1.0
frozen,-1,reference_only,0.11,25,1,1.0,True,1.0,True,1.0,1.0
frozen,-1,reference_only,0.11,26,0,0.0,False,1.0,False,0.0,1.0
frozen,-1,reference_only,0.11,26,1,1.0,True,1.0,True,1.0,1.0
frozen,-1,reference_only,0.11,27,0,0.0,False,1.0,False,0.0,1.0
frozen,-1,reference_only,0.11,27,1,1.0,True,1.0,True,1.0,1.0
frozen,-1,reference_only,0.11,28,0,0.0,False,1.0,False,0.0,1.0
frozen,-1,reference_only,0.11,28,1,1.0,True,1.0,True,1.0,1.0
frozen,-1,reference_only,0.11,29,0,0.0,False,1.0,False,0.0,1.0
frozen,-1,reference_only,0.11,29,1,1.0,True,1.0,True,1.0,1.0
frozen,-1,reference_only,0.11,30,0,0.0,False,1.0,False,0.0,1.0
frozen,-1,reference_only,0.11,30,1,1.0,True,1.0,True,1.0,1.0
frozen,-1,reference_only,0.11,31,0,0.0,False,1.0,False,0.0,1.0
frozen,-1,reference_only,0.11,31,1,1.0,True,1.0,True,1.0,1.0
frozen,-1,reference_only,0.11,32,0,0.0,False,1.0,False,0.0,1.0
frozen,-1,reference_only,0.11,32,1,1.0,True,1.0,True,1.0,1.0
frozen,-1,reference_only,0.11,33,0,0.0,False,1.0,False,0.0,1.0
frozen,-1,reference_only,0.11,33,1,1.0,True,1.0,True,1.0,1.0
frozen,-1,reference_only,0.11,34,0,0.0,False,1.0,False,0.0,1.0
frozen,-1,reference_only,0.11,34,1,1.0,True,1.0,True,1.0,1.0
frozen,-1,reference_only,0.11,35,0,0.0,False,1.0,False,0.0,1.0
frozen,-1,reference_only,0.11,35,1,1.0,True,1.0,True,1.0,1.0
frozen,-1,reference_only,0.11,36,0,0.0,False,1.0,False,0.0,1.0
frozen,-1,reference_only,0.11,36,1,1.0,True,1.0,True,1.0,1.0
frozen,-1,reference_only,0.11,37,0,0.0,False,1.0,False,0.0,1.0
frozen,-1,reference_only,0.11,37,1,1.0,True,1.0,True,1.0,1.0
frozen,-1,reference_only,0.11,38,0,0.0,False,1.0,False,0.0,1.0
frozen,-1,reference_only,0.11,38,1,1.0,True,1.0,True,1.0,1.0
frozen,-1,reference_only,0.11,39,0,0.0,False,1.0,False,0.0,1.0
frozen,-1,reference_only,0.11,39,1,1.0,True,1.0,True,1.0,1.0
frozen,-1,reference_only,0.11,40,0,0.0,False,1.0,False,0.0,1.0
frozen,-1,reference_only,0.11,40,1,1.0,True,1.0,True,1.0,1.0
frozen,-1,reference_only,0.11,41,0,0.0,False,1.0,False,0.0,1.0
frozen,-1,reference_only,0.11,41,1,1.0,True,1.0,True,1.0,1.0
frozen,-1,reference_only,0.11,42,0,0.0,False,1.0,False,0.0,1.0
frozen,-1,reference_only,0.11,42,1,1.0,True,1.0,True,1.0,1.0
frozen,-1,reference_only,0.11,43,0,0.0,False,1.0,False,0.0,1.0
frozen,-1,reference_only,0.11,43,1,1.0,True,1.0,True,1.0,1.0
frozen,-1,reference_only,0.11,44,0,0.0,False,1.0,False,0.0,1.0
frozen,-1,reference_only,0.11,44,1,1.0,True,1.0,True,1.0,1.0
frozen,-1,reference_only,0.11,45,0,0.0,False,1.0,False,0.0,1.0
frozen,-1,reference_only,0.11,45,1,1.0,True,1.0,True,1.0,1.0
frozen,-1,reference_only,0.11,46,0,0.0,False,1.0,False,0.0,1.0
frozen,-1,reference_only,0.11,46,1,1.0,True,1.0,True,1.0,1.0
frozen,-1,reference_only,0.11,47,0,0.0,False,1.0,False,0.0,1.0
frozen,-1,reference_only,0.11,47,1,1.0,True,1.0,True,1.0,1.0
frozen,-1,reference_only,0.11,48,0,0.0,False,1.0,False,0.0,1.0
frozen,-1,reference_only,0.11,48,1,1.0,True,1.0,True,1.0,1.0
frozen,-1,reference_only,0.11,49,0,0.0,False,1.0,False,0.0,1.0
frozen,-1,reference_only,0.11,49,1,1.0,True,1.0,True,1.0,1.0
frozen,-1,reference_only,0.11,50,0,0.0,False,1.0,False,0.0,1.0
frozen,-1,reference_only,0.11,50,1,1.0,True,1.0,True,1.0,1.0
frozen,-1,reference_only,0.11,51,0,0.0,False,1.0,False,0.0,1.0
frozen,-1,reference_only,0.11,51,1,1.0,True,1.0,True,1.0,1.0
frozen,-1,reference_only,0.11,52,0,0.0,False,1.0,False,0.0,1.0
frozen,-1,reference_only,0.11,52,1,1.0,True,1.0,True,1.0,1.0
frozen,-1,reference_only,0.11,53,0,0.0,False,1.0,False,0.0,1.0
frozen,-1,reference_only,0.11,53,1,1.0,True,1.0,True,1.0,1.0
frozen,-1,reference_only,0.11,54,0,0.0,False,1.0,False,0.0,1.0
frozen,-1,reference_only,0.11,54,1,1.0,True,1.0,True,1.0,1.0
frozen,-1,reference_only,0.11,55,0,0.0,False,1.0,False,0.0,1.0
frozen,-1,reference_only,0.11,55,1,1.0,True,1.0,True,1.0,1.0
frozen,-1,reference_only,0.11,56,0,0.0,False,1.0,False,0.0,1.0
frozen,-1,reference_only,0.11,56,1,1.0,True,1.0,True,1.0,1.0
frozen,-1,reference_only,0.11,57,0,0.0,False,1.0,False,0.0,1.0
frozen,-1,reference_only,0.11,57,1,1.0,True,1.0,True,1.0,1.0
frozen,-1,reference_only,0.11,58,0,0.0,False,1.0,False,0.0,1.0
frozen,-1,reference_only,0.11,58,1,1.0,True,1.0,True,1.0,1.0
frozen,-1,reference_only,0.11,59,0,0.0,False,1.0,False,0.0,1.0
frozen,-1,reference_only,0.11,59,1,1.0,True,1.0,True,1.0,1.0
frozen,-1,reference_only,0.11,60,0,0.0,False,1.0,False,0.0,1.0
frozen,-1,reference_only,0.11,60,1,1.0,True,1.0,True,1.0,1.0
frozen,-1,reference_only,0.11,61,0,0.0,False,1.0,False,0.0,1.0
frozen,-1,reference_only,0.11,61,1,1.0,True,1.0,True,1.0,1.0
frozen,-1,reference_only,0.11,62,0,0.0,False,1.0,False,0.0,1.0
frozen,-1,reference_only,0.11,62,1,1.0,True,1.0,True,1.0,1.0
frozen,-1,reference_only,0.11,63,0,0.0,False,1.0,False,0.0,1.0
frozen,-1,reference_only,0.11,63,1,1.0,True,1.0,True,1.0,1.0
frozen,-1,reference_only,0.11,64,0,0.0,False,1.0,False,0.0,1.0
frozen,-1,reference_only,0.11,64,1,1.0,True,1.0,True,1.0,1.0
frozen,-1,reference_only,0.11,65,0,0.0,False,1.0,False,0.0,1.0
frozen,-1,reference_only,0.11,65,1,1.0,True,1.0,True,1.0,1.0
frozen,-1,reference_only,0.11,66,0,0.0,False,1.0,False,0.0,1.0
frozen,-1,reference_only,0.11,66,1,1.0,True,1.0,True,1.0,1.0
frozen,-1,reference_only,0.11,67,0,0.0,False,1.0,False,0.0,1.0
frozen,-1,reference_only,0.11,67,1,1.0,True,1.0,True,1.0,1.0
frozen,-1,reference_only,0.11,68,0,0.0,False,1.0,False,0.0,1.0
frozen,-1,reference_only,0.11,68,1,1.0,True,1.0,True,1.0,1.0
frozen,-1,reference_only,0.11,69,0,0.0,False,1.0,False,0.0,1.0
frozen,-1,reference_only,0.11,69,1,1.0,True,1.0,True,1.0,1.0
frozen,-1,reference_only,0.11,70,0,0.0,False,1.0,False,0.0,1.0
frozen,-1,reference_only,0.11,70,1,1.0,True,1.0,True,1.0,1.0
frozen,-1,reference_only,0.11,71,0,0.0,False,1.0,False,0.0,1.0
frozen,-1,reference_only,0.11,71,1,1.0,True,1.0,True,1.0,1.0
frozen,-1,reference_only,0.11,72,0,0.0,False,1.0,False,0.0,1.0
frozen,-1,reference_only,0.11,72,1,1.0,True,1.0,True,1.0,1.0
frozen,-1,reference_only,0.11,73,0,0.0,False,1.0,False,0.0,1.0
frozen,-1,reference_only,0.11,73,1,1.0,True,1.0,True,1.0,1.0
frozen,-1,reference_only,0.11,74,0,0.0,False,1.0,False,0.0,1.0
frozen,-1,reference_only,0.11,74,1,1.0,True,1.0,True,1.0,1.0
frozen,-1,reference_only,0.11,75,0,0.0,False,1.0,False,0.0,1.0
frozen,-1,reference_only,0.11,75,1,1.0,True,1.0,True,1.0,1.0
frozen,-1,reference_only,0.11,76,0,0.0,False,1.0,False,0.0,1.0
frozen,-1,reference_only,0.11,76,1,1.0,True,1.0,True,1.0,1.0
frozen,-1,reference_only,0.11,77,0,0.0,False,1.0,False,0.0,1.0
frozen,-1,reference_only,0.11,77,1,1.0,True,1.0,True,1.0,1.0
frozen,-1,reference_only,0.11,78,0,0.0,False,1.0,False,0.0,1.0
frozen,-1,reference_only,0.11,78,1,1.0,True,1.0,True,1.0,1.0
frozen,-1,reference_only,0.11,79,0,0.0,False,1.0,False,0.0,1.0
frozen,-1,reference_only,0.11,79,1,1.0,True,1.0,True,1.0,1.0
frozen,-1,reference_only,0.11,80,0,0.0,False,1.0,False,0.0,1.0
frozen,-1,reference_only,0.11,80,1,1.0,True,1.0,True,1.0,1.0
frozen,-1,gated,0.25,1,0,0.0,False,0.0,True,1.0,0.0
frozen,-1,gated,0.25,1,1,1.0,True,0.0,False,0.0,0.0
frozen,-1,gated,0.25,2,0,0.0,False,0.0,True,1.0,0.0
frozen,-1,gated,0.25,2,1,1.0,True,0.0,False,0.0,0.0
frozen,-1,gated,0.25,3,0,0.0,False,0.0,True,1.0,0.0
frozen,-1,gated,0.25,3,1,1.0,True,0.0,False,0.0,0.0
frozen,-1,gated,0.25,4,0,0.0,False,0.0,True,1.0,0.0
frozen,-1,gated,0.25,4,1,1.0,True,0.0,False,0.0,0.0
frozen,-1,gated,0.25,5,0,0.0,False,0.0,True,1.0,0.0
frozen,-1,gated,0.25,5,1,1.0,True,0.0,False,0.0,0.0
frozen,-1,gated,0.25,6,0,0.0,False,0.0,True,1.0,0.0
frozen,-1,gated,0.25,6,1,1.0,True,0.0,False,0.0,0.0
frozen,-1,gated,0.25,7,0,0.0,False,0.0,True,1.0,0.0
frozen,-1,gated,0.25,7,1,1.0,True,0.0,False,0.0,0.0
frozen,-1,gated,0.25,8,0,0.0,False,0.0,True,1.0,0.0
frozen,-1,gated,0.25,8,1,1.0,True,0.0,False,0.0,0.0
frozen,-1,gated,0.25,9,0,0.0,False,0.0,True,1.0,0.0
frozen,-1,gated,0.25,9,1,1.0,True,0.0,False,0.0,0.0
frozen,-1,gated,0.25,10,0,0.0,False,0.0,True,1.0,0.0
frozen,-1,gated,0.25,10,1,1.0,True,0.0,False,0.0,0.0
frozen,-1,gated,0.25,11,0,0.0,False,0.0,True,1.0,0.0
frozen,-1,gated,0.25,11,1,1.0,True,0.0,False,0.0,0.0
frozen,-1,gated,0.25,12,0,0.0,False,0.0,True,1.0,0.0
frozen,-1,gated,0.25,12,1,1.0,True,0.0,False,0.0,0.0
frozen,-1,gated,0.25,13,0,0.0,False,0.0,True,1.0,0.0
frozen,-1,gated,0.25,13,1,1.0,True,0.0,False,0.0,0.0
frozen,-1,gated,0.25,14,0,0.0,False,0.0,True,1.0,0.0
frozen,-1,gated,0.25,14,1,1.0,True,0.0,False,0.0,0.0
frozen,-1,gated,0.25,15,0,0.0,False,0.0,True,1.0,0.0
frozen,-1,gated,0.25,15,1,1.0,True,0.0,False,0.0,0.0
frozen,-1,gated,0.25,16,0,0.0,False,0.0,True,1.0,0.0
frozen,-1,gated,0.25,16,1,1.0,True,0.0,False,0.0,0.0
frozen,-1,gated,0.25,17,0,0.0,False,0.0,True,1.0,0.0
frozen,-1,gated,0.25,17,1,1.0,True,0.0,False,0.0,0.0
frozen,-1,gated,0.25,18,0,0.0,False,0.0,True,1.0,0.0
frozen,-1,gated,0.25,18,1,1.0,True,0.0,False,0.0,0.0
frozen,-1,gated,0.25,19,0,0.0,False,0.0,True,1.0,0.0
frozen,-1,gated,0.25,19,1,1.0,True,0.0,False,0.0,0.0
frozen,-1,gated,0.25,20,0,0.0,False,0.0,True,1.0,0.0
frozen,-1,gated,0.25,20,1,1.0,True,0.0,False,0.0,0.0
frozen,-1,gated,0.25,21,0,0.0,False,0.0,True,1.0,0.0
frozen,-1,gated,0.25,21,1,1.0,True,0.0,False,0.0,0.0
frozen,-1,gated,0.25,22,0,0.0,False,0.0,True,1.0,0.0
frozen,-1,gated,0.25,22,1,1.0,True,0.0,False,0.0,0.0
frozen,-1,gated,0.25,23,0,0.0,False,0.0,True,1.0,0.0
frozen,-1,gated,0.25,23,1,1.0,True,0.0,False,0.0,0.0
frozen,-1,gated,0.25,24,0,0.0,False,0.0,True,1.0,0.0
frozen,-1,gated,0.25,24,1,1.0,True,0.0,False,0.0,0.0
frozen,-1,gated,0.25,25,0,0.0,False,0.0,True,1.0,0.0
frozen,-1,gated,0.25,25,1,1.0,True,0.0,False,0.0,0.0
frozen,-1,gated,0.25,26,0,0.0,False,0.0,True,1.0,0.0
frozen,-1,gated,0.25,26,1,1.0,True,0.0,False,0.0,0.0
frozen,-1,gated,0.25,27,0,0.0,False,0.0,True,1.0,0.0
frozen,-1,gated,0.25,27,1,1.0,True,0.0,False,0.0,0.0
frozen,-1,gated,0.25,28,0,0.0,False,0.0,True,1.0,0.0
frozen,-1,gated,0.25,28,1,1.0,True,0.0,False,0.0,0.0
frozen,-1,gated,0.25,29,0,0.0,False,0.0,True,1.0,0.0
frozen,-1,gated,0.25,29,1,1.0,True,0.0,False,0.0,0.0
frozen,-1,gated,0.25,30,0,0.0,False,0.0,True,1.0,0.0
frozen,-1,gated,0.25,30,1,1.0,True,0.0,False,0.0,0.0
frozen,-1,gated,0.25,31,0,0.0,False,0.0,True,1.0,0.0
frozen,-1,gated,0.25,31,1,1.0,True,0.0,False,0.0,0.0
frozen,-1,gated,0.25,32,0,0.0,False,0.0,True,1.0,0.0
frozen,-1,gated,0.25,32,1,1.0,True,0.0,False,0.0,0.0
frozen,-1,gated,0.25,33,0,0.0,False,0.0,True,1.0,0.0
frozen,-1,gated,0.25,33,1,1.0,True,0.0,False,0.0,0.0
frozen,-1,gated,0.25,34,0,0.0,False,0.0,True,1.0,0.0
frozen,-1,gated,0.25,34,1,1.0,True,0.0,False,0.0,0.0
frozen,-1,gated,0.25,35,0,0.0,False,0.0,True,1.0,0.0
frozen,-1,gated,0.25,35,1,1.0,True,0.0,False,0.0,0.0
frozen,-1,gated,0.25,36,0,0.0,False,0.0,True,1.0,0.0
frozen,-1,gated,0.25,36,1,1.0,True,0.0,False,0.0,0.0
frozen,-1,gated,0.25,37,0,0.0,False,0.0,True,1.0,0.0
frozen,-1,gated,0.25,37,1,1.0,True,0.0,False,0.0,0.0
frozen,-1,gated,0.25,38,0,0.0,False,0.0,True,1.0,0.0
frozen,-1,gated,0.25,38,1,1.0,True,0.0,False,0.0,0.0
frozen,-1,gated,0.25,39,0,0.0,False,0.0,True,1.0,0.0
frozen,-1,gated,0.25,39,1,1.0,True,0.0,False,0.0,0.0
frozen,-1,gated,0.25,40,0,0.0,False,0.0,True,1.0,0.0
frozen,-1,gated,0.25,40,1,1.0,True,0.0,False,0.0,0.0
frozen,-1,gated,0.25,41,0,0.0,False,0.0,True,1.0,0.0
frozen,-1,gated,0.25,41,1,1.0,True,0.0,False,0.0,0.0
frozen,-1,gated,0.25,42,0,0.0,False,0.0,True,1.0,0.0
frozen,-1,gated,0.25,42,1,1.0,True,0.0,False,0.0,0.0
frozen,-1,gated,0.25,43,0,0.0,False,0.0,True,1.0,0.0
frozen,-1,gated,0.25,43,1,1.0,True,0.0,False,0.0,0.0
frozen,-1,gated,0.25,44,0,0.0,False,0.0,True,1.0,0.0
frozen,-1,gated,0.25,44,1,1.0,True,0.0,False,0.0,0.0
frozen,-1,gated,0.25,45,0,0.0,False,0.0,True,1.0,0.0
frozen,-1,gated,0.25,45,1,1.0,True,0.0,False,0.0,0.0
frozen,-1,gated,0.25,46,0,0.0,False,0.0,True,1.0,0.0
frozen,-1,gated,0.25,46,1,1.0,True,0.0,False,0.0,0.0
frozen,-1,gated,0.25,47,0,0.0,False,0.0,True,1.0,0.0
frozen,-1,gated,0.25,47,1,1.0,True,0.0,False,0.0,0.0
frozen,-1,gated,0.25,48,0,0.0,False,0.0,True,1.0,0.0
frozen,-1,gated,0.25,48,1,1.0,True,0.0,False,0.0,0.0
frozen,-1,gated,0.25,49,0,0.0,False,0.0,True,1.0,0.0
frozen,-1,gated,0.25,49,1,1.0,True,0.0,False,0.0,0.0
frozen,-1,gated,0.25,50,0,0.0,False,0.0,True,1.0,0.0
frozen,-1,gated,0.25,50,1,1.0,True,0.0,False,0.0,0.0
frozen,-1,gated,0.25,51,0,0.0,False,0.0,True,1.0,0.0
frozen,-1,gated,0.25,51,1,1.0,True,0.0,False,0.0,0.0
frozen,-1,gated,0.25,52,0,0.0,False,0.0,True,1.0,0.0
frozen,-1,gated,0.25,52,1,1.0,True,0.0,False,0.0,0.0
frozen,-1,gated,0.25,53,0,0.0,False,0.0,True,1.0,0.0
frozen,-1,gated,0.25,53,1,1.0,True,0.0,False,0.0,0.0
frozen,-1,gated,0.25,54,0,0.0,False,0.0,True,1.0,0.0
frozen,-1,gated,0.25,54,1,1.0,True,0.0,False,0.0,0.0
frozen,-1,gated,0.25,55,0,0.0,False,0.0,True,1.0,0.0
frozen,-1,gated,0.25,55,1,1.0,True,0.0,False,0.0,0.0
frozen,-1,gated,0.25,56,0,0.0,False,0.0,True,1.0,0.0
frozen,-1,gated,0.25,56,1,1.0,True,0.0,False,0.0,0.0
frozen,-1,gated,0.25,57,0,0.0,False,0.0,True,1.0,0.0
frozen,-1,gated,0.25,57,1,1.0,True,0.0,False,0.0,0.0
frozen,-1,gated,0.25,58,0,0.0,False,0.0,True,1.0,0.0
frozen,-1,gated,0.25,58,1,1.0,True,0.0,False,0.0,0.0
frozen,-1,gated,0.25,59,0,0.0,False,0.0,True,1.0,0.0
frozen,-1,gated,0.25,59,1,1.0,True,0.0,False,0.0,0.0
frozen,-1,gated,0.25,60,0,0.0,False,0.0,True,1.0,0.0
frozen,-1,gated,0.25,60,1,1.0,True,0.0,False,0.0,0.0
frozen,-1,gated,0.25,61,0,0.0,False,0.0,True,1.0,0.0
frozen,-1,gated,0.25,61,1,1.0,True,0.0,False,0.0,0.0
frozen,-1,gated,0.25,62,0,0.0,False,0.0,True,1.0,0.0
frozen,-1,gated,0.25,62,1,1.0,True,0.0,False,0.0,0.0
frozen,-1,gated,0.25,63,0,0.0,False,0.0,True,1.0,0.0
frozen,-1,gated,0.25,63,1,1.0,True,0.0,False,0.0,0.0
frozen,-1,gated,0.25,64,0,0.0,False,0.0,True,1.0,0.0
frozen,-1,gated,0.25,64,1,1.0,True,0.0,False,0.0,0.0
frozen,-1,gated,0.25,65,0,0.0,False,0.0,True,1.0,0.0
frozen,-1,gated,0.25,65,1,1.0,True,0.0,False,0.0,0.0
frozen,-1,gated,0.25,66,0,0.0,False,0.0,True,1.0,0.0
frozen,-1,gated,0.25,66,1,1.0,True,0.0,False,0.0,0.0
frozen,-1,gated,0.25,67,0,0.0,False,0.0,True,1.0,0.0
frozen,-1,gated,0.25,67,1,1.0,True,0.0,False,0.0,0.0
frozen,-1,gated,0.25,68,0,0.0,False,0.0,True,1.0,0.0
frozen,-1,gated,0.25,68,1,1.0,True,0.0,False,0.0,0.0
frozen,-1,gated,0.25,69,0,0.0,False,0.0,True,1.0,0.0
frozen,-1,gated,0.25,69,1,1.0,True,0.0,False,0.0,0.0
frozen,-1,gated,0.25,70,0,0.0,False,0.0,True,1.0,0.0
frozen,-1,gated,0.25,70,1,1.0,True,0.0,False,0.0,0.0
frozen,-1,gated,0.25,71,0,0.0,False,0.0,True,1.0,0.0
frozen,-1,gated,0.25,71,1,1.0,True,0.0,False,0.0,0.0
frozen,-1,gated,0.25,72,0,0.0,False,0.0,True,1.0,0.0
frozen,-1,gated,0.25,72,1,1.0,True,0.0,False,0.0,0.0
frozen,-1,gated,0.25,73,0,0.0,False,0.0,True,1.0,0.0
frozen,-1,gated,0.25,73,1,1.0,True,0.0,False,0.0,0.0
frozen,-1,gated,0.25,74,0,0.0,False,0.0,True,1.0,0.0
frozen,-1,gated,0.25,74,1,1.0,True,0.0,False,0.0,0.0
frozen,-1,gated,0.25,75,0,0.0,False,0.0,True,1.0,0.0
frozen,-1,gated,0.25,75,1,1.0,True,0.0,False,0.0,0.0
frozen,-1,gated,0.25,76,0,0.0,False,0.0,True,1.0,0.0
frozen,-1,gated,0.25,76,1,1.0,True,0.0,False,0.0,0.0
frozen,-1,gated,0.25,77,0,0.0,False,0.0,True,1.0,0.0
frozen,-1,gated,0.25,77,1,1.0,True,0.0,False,0.0,0.0
frozen,-1,gated,0.25,78,0,0.0,False,0.0,True,1.0,0.0
frozen,-1,gated,0.25,78,1,1.0,True,0.0,False,0.0,0.0
frozen,-1,gated,0.25,79,0,0.0,False,0.0,True,1.0,0.0
frozen,-1,gated,0.25,79,1,1.0,True,0.0,False,0.0,0.0
frozen,-1,gated,0.25,80,0,0.0,False,0.0,True,1.0,0.0
frozen,-1,gated,0.25,80,1,1.0,True,0.0,False,0.0,0.0
frozen,-1,accept_all,0.25,1,0,0.0,False,0.0,True,1.0,0.0
frozen,-1,accept_all,0.25,1,1,1.0,True,0.0,True,0.0,1.0
frozen,-1,accept_all,0.25,2,0,0.0,False,1.0,True,0.0,0.0
frozen,-1,accept_all,0.25,2,1,1.0,True,0.0,True,0.0,1.0
frozen,-1,accept_all,0.25,3,0,0.0,False,1.0,True,0.0,0.0
frozen,-1,accept_all,0.25,3,1,1.0,True,0.0,True,0.0,1.0
frozen,-1,accept_all,0.25,4,0,0.0,False,1.0,True,0.0,0.0
frozen,-1,accept_all,0.25,4,1,1.0,True,0.0,True,0.0,1.0
frozen,-1,accept_all,0.25,5,0,0.0,False,1.0,True,0.0,0.0
frozen,-1,accept_all,0.25,5,1,1.0,True,0.0,True,0.0,1.0
frozen,-1,accept_all,0.25,6,0,0.0,False,1.0,True,0.0,0.0
frozen,-1,accept_all,0.25,6,1,1.0,True,0.0,True,0.0,1.0
frozen,-1,accept_all,0.25,7,0,0.0,False,1.0,True,0.0,0.0
frozen,-1,accept_all,0.25,7,1,1.0,True,0.0,True,0.0,1.0
frozen,-1,accept_all,0.25,8,0,0.0,False,1.0,True,0.0,0.0
frozen,-1,accept_all,0.25,8,1,1.0,True,0.0,True,0.0,1.0
frozen,-1,accept_all,0.25,9,0,0.0,False,1.0,True,0.0,0.0
frozen,-1,accept_all,0.25,9,1,1.0,True,0.0,True,0.0,1.0
frozen,-1,accept_all,0.25,10,0,0.0,False,1.0,True,0.0,0.0
frozen,-1,accept_all,0.25,10,1,1.0,True,0.0,True,0.0,1.0
frozen,-1,accept_all,0.25,11,0,0.0,False,1.0,True,0.0,0.0
frozen,-1,accept_all,0.25,11,1,1.0,True,0.0,True,0.0,1.0
frozen,-1,accept_all,0.25,12,0,0.0,False,1.0,True,0.0,0.0
frozen,-1,accept_all,0.25,12,1,1.0,True,0.0,True,0.0,1.0
frozen,-1,accept_all,0.25,13,0,0.0,False,1.0,True,0.0,0.0
frozen,-1,accept_all,0.25,13,1,1.0,True,0.0,True,0.0,1.0
frozen,-1,accept_all,0.25,14,0,0.0,False,1.0,True,0.0,0.0
frozen,-1,accept_all,0.25,14,1,1.0,True,0.0,True,0.0,1.0
frozen,-1,accept_all,0.25,15,0,0.0,False,1.0,True,0.0,0.0
frozen,-1,accept_all,0.25,15,1,1.0,True,0.0,True,0.0,1.0
frozen,-1,accept_all,0.25,16,0,0.0,False,1.0,True,0.0,0.0
frozen,-1,accept_all,0.25,16,1,1.0,True,0.0,True,0.0,1.0
frozen,-1,accept_all,0.25,17,0,0.0,False,1.0,True,0.0,0.0
frozen,-1,accept_all,0.25,17,1,1.0,True,0.0,True,0.0,1.0
frozen,-1,accept_all,0.25,18,0,0.0,False,1.0,True,0.0,0.0
frozen,-1,accept_all,0.25,18,1,1.0,True,0.0,True,0.0,1.0
frozen,-1,accept_all,0.25,19,0,0.0,False,1.0,True,0.0,0.0
frozen,-1,accept_all,0.25,19,1,1.0,True,0.0,True,0.0,1.0
frozen,-1,accept_all,0.25,20,0,0.0,False,1.0,True,0.0,0.0
frozen,-1,accept_all,0.25,20,1,1.0,True,0.0,True,0.0,1.0
frozen,-1,accept_all,0.25,21,0,0.0,False,1.0,True,0.0,0.0
frozen,-1,accept_all,0.25,21,1,1.0,True,0.0,True,0.0,1.0
frozen,-1,accept_all,0.25,22,0,0.0,False,1.0,True,0.0,0.0
frozen,-1,accept_all,0.25,22,1,1.0,True,0.0,True,0.0,1.0
frozen,-1,accept_all,0.25,23,0,0.0,False,1.0,True,0.0,0.0
frozen,-1,accept_all,0.25,23,1,1.0,True,0.0,True,0.0,1.0
frozen,-1,accept_all,0.25,24,0,0.0,False,1.0,True,0.0,0.0
frozen,-1,accept_all,0.25,24,1,1.0,True,0.0,True,0.0,1.0
frozen,-1,accept_all,0.25,25,0,0.0,False,1.0,True,0.0,0.0
frozen,-1,accept_all,0.25,25,1,1.0,True,0.0,True,0.0,1.0
frozen,-1,accept_all,0.25,26,0,0.0,False,1.0,True,0.0,0.0
frozen,-1,accept_all,0.25,26,1,1.0,True,0.0,True,0.0,1.0
frozen,-1,accept_all,0.25,27,0,0.0,False,1.0,True,0.0,0.0
frozen,-1,accept_all,0.25,27,1,1.0,True,0.0,True,0.0,1.0
frozen,-1,accept_all,0.25,28,0,0.0,False,1.0,True,0.0,0.0
frozen,-1,accept_all,0.25,28,1,1.0,True,0.0,True,0.0,1.0
frozen,-1,accept_all,0.25,29,0,0.0,False,1.0,True,0.0,0.0
frozen,-1,accept_all,0.25,29,1,1.0,True,0.0,True,0.0,1.0
frozen,-1,accept_all,0.25,30,0,0.0,False,1.0,True,0.0,0.0
frozen,-1,accept_all,0.25,30,1,1.0,True,0.0,True,0.0,1.0
frozen,-1,accept_all,0.25,31,0,0.0,False,1.0,True,0.0,0.0
frozen,-1,accept_all,0.25,31,1,1.0,True,0.0,True,0.0,1.0
frozen,-1,accept_all,0.25,32,0,0.0,False,1.0,True,0.0,0.0
frozen,-1,accept_all,0.25,32,1,1.0,True,0.0,True,0.0,1.0
frozen,-1,accept_all,0.25,33,0,0.0,False,1.0,True,0.0,0.0
frozen,-1,accept_all,0.25,33,1,1.0,True,0.0,True,0.0,1.0
frozen,-1,accept_all,0.25,34,0,0.0,False,1.0,True,0.0,0.0
frozen,-1,accept_all,0.25,34,1,1.0,True,0.0,True,0.0,1.0
frozen,-1,accept_all,0.25,35,0,0.0,False,1.0,True,0.0,0.0
frozen,-1,accept_all,0.25,35,1,1.0,True,0.0,True,0.0,1.0
frozen,-1,accept_all,0.25,36,0,0.0,False,1.0,True,0.0,0.0
frozen,-1,accept_all,0.25,36,1,1.0,True,0.0,True,0.0,1.0
frozen,-1,accept_all,0.25,37,0,0.0,False,1.0,True,0.0,0.0
frozen,-1,accept_all,0.25,37,1,1.0,True,0.0,True,0.0,1.0
frozen,-1,accept_all,0.25,38,0,0.0,False,1.0,True,0.0,0.0
frozen,-1,accept_all,0.25,38,1,1.0,True,0.0,True,0.0,1.0
frozen,-1,accept_all,0.25,39,0,0.0,False,1.0,True,0.0,0.0
frozen,-1,accept_all,0.25,39,1,1.0,True,0.0,True,0.0,1.0
frozen,-1,accept_all,0.25,40,0,0.0,False,1.0,True,0.0,0.0
frozen,-1,accept_all,0.25,40,1,1.0,True,0.0,True,0.0,1.0
frozen,-1,accept_all,0.25,41,0,0.0,False,1.0,True,0.0,0.0
frozen,-1,accept_all,0.25,41,1,1.0,True,0.0,True,0.0,1.0
frozen,-1,accept_all,0.25,42,0,0.0,False,1.0,True,0.0,0.0
frozen,-1,accept_all,0.25,42,1,1.0,True,0.0,True,0.0,1.0
frozen,-1,accept_all,0.25,43,0,0.0,False,1.0,True,0.0,0.0
frozen,-1,accept_all,0.25,43,1,1.0,True,0.0,True,0.0,1.0
frozen,-1,accept_all,0.25,44,0,0.0,False,1.0,True,0.0,0.0
frozen,-1,accept_all,0.25,44,1,1.0,True,0.0,True,0.0,1.0
frozen,-1,accept_all,0.25,45,0,0.0,False,1.0,True,0.0,0.0
frozen,-1,accept_all,0.25,45,1,1.0,True,0.0,True,0.0,1.0
frozen,-1,accept_all,0.25,46,0,0.0,False,1.0,True,0.0,0.0
frozen,-1,accept_all,0.25,46,1,1.0,True,0.0,True,0.0,1.0
frozen,-1,accept_all,0.25,47,0,0.0,False,1.0,True,0.0,0.0
frozen,-1,accept_all,0.25,47,1,1.0,True,0.0,True,0.0,1.0
frozen,-1,accept_all,0.25,48,0,0.0,False,1.0,True,0.0,0.0
frozen,-1,accept_all,0.25,48,1,1.0,True,0.0,True,0.0,1.0
frozen,-1,accept_all,0.25,49,0,0.0,False,1.0,True,0.0,0.0
frozen,-1,accept_all,0.25,49,1,1.0,True,0.0,True,0.0,1.0
frozen,-1,accept_all,0.25,50,0,0.0,False,1.0,True,0.0,0.0
frozen,-1,accept_all,0.25,50,1,1.0,True,0.0,True,0.0,1.0
frozen,-1,accept_all,0.25,51,0,0.0,False,1.0,True,0.0,0.0
frozen,-1,accept_all,0.25,51,1,1.0,True,0.0,True,0.0,1.0
frozen,-1,accept_all,0.25,52,0,0.0,False,1.0,True,0.0,0.0
frozen,-1,accept_all,0.25,52,1,1.0,True,0.0,True,0.0,1.0
frozen,-1,accept_all,0.25,53,0,0.0,False,1.0,True,0.0,0.0
frozen,-1,accept_all,0.25,53,1,1.0,True,0.0,True,0.0,1.0
frozen,-1,accept_all,0.25,54,0,0.0,False,1.0,True,0.0,0.0
frozen,-1,accept_all,0.25,54,1,1.0,True,0.0,True,0.0,1.0
frozen,-1,accept_all,0.25,55,0,0.0,False,1.0,True,0.0,0.0
frozen,-1,accept_all,0.25,55,1,1.0,True,0.0,True,0.0,1.0
frozen,-1,accept_all,0.25,56,0,0.0,False,1.0,True,0.0,0.0
frozen,-1,accept_all,0.25,56,1,1.0,True,0.0,True,0.0,1.0
frozen,-1,accept_all,0.25,57,0,0.0,False,1.0,True,0.0,0.0
frozen,-1,accept_all,0.25,57,1,1.0,True,0.0,True,0.0,1.0
frozen,-1,accept_all,0.25,58,0,0.0,False,1.0,True,0.0,0.0
frozen,-1,accept_all,0.25,58,1,1.0,True,0.0,True,0.0,1.0
frozen,-1,accept_all,0.25,59,0,0.0,False,1.0,True,0.0,0.0
frozen,-1,accept_all,0.25,59,1,1.0,True,0.0,True,0.0,1.0
frozen,-1,accept_all,0.25,60,0,0.0,False,1.0,True,0.0,0.0
frozen,-1,accept_all,0.25,60,1,1.0,True,0.0,True,0.0,1.0
frozen,-1,accept_all,0.25,61,0,0.0,False,1.0,True,0.0,0.0
frozen,-1,accept_all,0.25,61,1,1.0,True,0.0,True,0.0,1.0
frozen,-1,accept_all,0.25,62,0,0.0,False,1.0,True,0.0,0.0
frozen,-1,accept_all,0.25,62,1,1.0,True,0.0,True,0.0,1.0
frozen,-1,accept_all,0.25,63,0,0.0,False,1.0,True,0.0,0.0
frozen,-1,accept_all,0.25,63,1,1.0,True,0.0,True,0.0,1.0
frozen,-1,accept_all,0.25,64,0,0.0,False,1.0,True,0.0,0.0
frozen,-1,accept_all,0.25,64,1,1.0,True,0.0,True,0.0,1.0
frozen,-1,accept_all,0.25,65,0,0.0,False,1.0,True,0.0,0.0
frozen,-1,accept_all,0.25,65,1,1.0,True,0.0,True,0.0,1.0
frozen,-1,accept_all,0.25,66,0,0.0,False,1.0,True,0.0,0.0
frozen,-1,accept_all,0.25,66,1,1.0,True,0.0,True,0.0,1.0
frozen,-1,accept_all,0.25,67,0,0.0,False,1.0,True,0.0,0.0
frozen,-1,accept_all,0.25,67,1,1.0,True,0.0,True,0.0,1.0
frozen,-1,accept_all,0.25,68,0,0.0,False,1.0,True,0.0,0.0
frozen,-1,accept_all,0.25,68,1,1.0,True,0.0,True,0.0,1.0
frozen,-1,accept_all,0.25,69,0,0.0,False,1.0,True,0.0,0.0
frozen,-1,accept_all,0.25,69,1,1.0,True,0.0,True,0.0,1.0
frozen,-1,accept_all,0.25,70,0,0.0,False,1.0,True,0.0,0.0
frozen,-1,accept_all,0.25,70,1,1.0,True,0.0,True,0.0,1.0
frozen,-1,accept_all,0.25,71,0,0.0,False,1.0,True,0.0,0.0
frozen,-1,accept_all,0.25,71,1,1.0,True,0.0,True,0.0,1.0
frozen,-1,accept_all,0.25,72,0,0.0,False,1.0,True,0.0,0.0
frozen,-1,accept_all,0.25,72,1,1.0,True,0.0,True,0.0,1.0
frozen,-1,accept_all,0.25,73,0,0.0,False,1.0,True,0.0,0.0
frozen,-1,accept_all,0.25,73,1,1.0,True,0.0,True,0.0,1.0
frozen,-1,accept_all,0.25,74,0,0.0,False,1.0,True,0.0,0.0
frozen,-1,accept_all,0.25,74,1,1.0,True,0.0,True,0.0,1.0
frozen,-1,accept_all,0.25,75,0,0.0,False,1.0,True,0.0,0.0
frozen,-1,accept_all,0.25,75,1,1.0,True,0.0,True,0.0,1.0
frozen,-1,accept_all,0.25,76,0,0.0,False,1.0,True,0.0,0.0
frozen,-1,accept_all,0.25,76,1,1.0,True,0.0,True,0.0,1.0
frozen,-1,accept_all,0.25,77,0,0.0,False,1.0,True,0.0,0.0
frozen,-1,accept_all,0.25,77,1,1.0,True,0.0,True,0.0,1.0
frozen,-1,accept_all,0.25,78,0,0.0,False,1.0,True,0.0,0.0
frozen,-1,accept_all,0.25,78,1,1.0,True,0.0,True,0.0,1.0
frozen,-1,accept_all,0.25,79,0,0.0,False,1.0,True,0.0,0.0
frozen,-1,accept_all,0.25,79,1,1.0,True,0.0,True,0.0,1.0
frozen,-1,accept_all,0.25,80,0,0.0,False,1.0,True,0.0,0.0
frozen,-1,accept_all,0.25,80,1,1.0,True,0.0,True,0.0,1.0
frozen,-1,reference_only,0.25,1,0,0.0,False,0.0,False,1.0,0.0
frozen,-1,reference_only,0.25,1,1,1.0,True,0.0,True,0.0,1.0
frozen,-1,reference_only,0.25,2,0,0.0,False,1.0,False,0.0,1.0
frozen,-1,reference_only,0.25,2,1,1.0,True,1.0,True,1.0,1.0
frozen,-1,reference_only,0.25,3,0,0.0,False,1.0,False,0.0,1.0
frozen,-1,reference_only,0.25,3,1,1.0,True,1.0,True,1.0,1.0
frozen,-1,reference_only,0.25,4,0,0.0,False,1.0,False,0.0,1.0
frozen,-1,reference_only,0.25,4,1,1.0,True,1.0,True,1.0,1.0
frozen,-1,reference_only,0.25,5,0,0.0,False,1.0,False,0.0,1.0
frozen,-1,reference_only,0.25,5,1,1.0,True,1.0,True,1.0,1.0
frozen,-1,reference_only,0.25,6,0,0.0,False,1.0,False,0.0,1.0
frozen,-1,reference_only,0.25,6,1,1.0,True,1.0,True,1.0,1.0
frozen,-1,reference_only,0.25,7,0,0.0,False,1.0,False,0.0,1.0
frozen,-1,reference_only,0.25,7,1,1.0,True,1.0,True,1.0,1.0
frozen,-1,reference_only,0.25,8,0,0.0,False,1.0,False,0.0,1.0
frozen,-1,reference_only,0.25,8,1,1.0,True,1.0,True,1.0,1.0
frozen,-1,reference_only,0.25,9,0,0.0,False,1.0,False,0.0,1.0
frozen,-1,reference_only,0.25,9,1,1.0,True,1.0,True,1.0,1.0
frozen,-1,reference_only,0.25,10,0,0.0,False,1.0,False,0.0,1.0
frozen,-1,reference_only,0.25,10,1,1.0,True,1.0,True,1.0,1.0
frozen,-1,reference_only,0.25,11,0,0.0,False,1.0,False,0.0,1.0
frozen,-1,reference_only,0.25,11,1,1.0,True,1.0,True,1.0,1.0
frozen,-1,reference_only,0.25,12,0,0.0,False,1.0,False,0.0,1.0
frozen,-1,reference_only,0.25,12,1,1.0,True,1.0,True,1.0,1.0
frozen,-1,reference_only,0.25,13,0,0.0,False,1.0,False,0.0,1.0
frozen,-1,reference_only,0.25,13,1,1.0,True,1.0,True,1.0,1.0
frozen,-1,reference_only,0.25,14,0,0.0,False,1.0,False,0.0,1.0
frozen,-1,reference_only,0.25,14,1,1.0,True,1.0,True,1.0,1.0
frozen,-1,reference_only,0.25,15,0,0.0,False,1.0,False,0.0,1.0
frozen,-1,reference_only,0.25,15,1,1.0,True,1.0,True,1.0,1.0
frozen,-1,reference_only,0.25,16,0,0.0,False,1.0,False,0.0,1.0
frozen,-1,reference_only,0.25,16,1,1.0,True,1.0,True,1.0,1.0
frozen,-1,reference_only,0.25,17,0,0.0,False,1.0,False,0.0,1.0
frozen,-1,reference_only,0.25,17,1,1.0,True,1.0,True,1.0,1.0
frozen,-1,reference_only,0.25,18,0,0.0,False,1.0,False,0.0,1.0
frozen,-1,reference_only,0.25,18,1,1.0,True,1.0,True,1.0,1.0
frozen,-1,reference_only,0.25,19,0,0.0,False,1.0,False,0.0,1.0
frozen,-1,reference_only,0.25,19,1,1.0,True,1.0,True,1.0,1.0
frozen,-1,reference_only,0.25,20,0,0.0,False,1.0,False,0.0,1.0
frozen,-1,reference_only,0.25,20,1,1.0,True,1.0,True,1.0,1.0
frozen,-1,reference_only,0.25,21,0,0.0,False,1.0,False,0.0,1.0
frozen,-1,reference_only,0.25,21,1,1.0,True,1.0,True,1.0,1.0
frozen,-1,reference_only,0.25,22,0,0.0,False,1.0,False,0.0,1.0
frozen,-1,reference_only,0.25,22,1,1.0,True,1.0,True,1.0,1.0
frozen,-1,reference_only,0.25,23,0,0.0,False,1.0,False,0.0,1.0
frozen,-1,reference_only,0.25,23,1,1.0,True,1.0,True,1.0,1.0
frozen,-1,reference_only,0.25,24,0,0.0,False,1.0,False,0.0,1.0
frozen,-1,reference_only,0.25,24,1,1.0,True,1.0,True,1.0,1.0
frozen,-1,reference_only,0.25,25,0,0.0,False,1.0,False,0.0,1.0
frozen,-1,reference_only,0.25,25,1,1.0,True,1.0,True,1.0,1.0
frozen,-1,reference_only,0.25,26,0,0.0,False,1.0,False,0.0,1.0
frozen,-1,reference_only,0.25,26,1,1.0,True,1.0,True,1.0,1.0
frozen,-1,reference_only,0.25,27,0,0.0,False,1.0,False,0.0,1.0
frozen,-1,reference_only,0.25,27,1,1.0,True,1.0,True,1.0,1.0
frozen,-1,reference_only,0.25,28,0,0.0,False,1.0,False,0.0,1.0
frozen,-1,reference_only,0.25,28,1,1.0,True,1.0,True,1.0,1.0
frozen,-1,reference_only,0.25,29,0,0.0,False,1.0,False,0.0,1.0
frozen,-1,reference_only,0.25,29,1,1.0,True,1.0,True,1.0,1.0
frozen,-1,reference_only,0.25,30,0,0.0,False,1.0,False,0.0,1.0
frozen,-1,reference_only,0.25,30,1,1.0,True,1.0,True,1.0,1.0
frozen,-1,reference_only,0.25,31,0,0.0,False,1.0,False,0.0,1.0
frozen,-1,reference_only,0.25,31,1,1.0,True,1.0,True,1.0,1.0
frozen,-1,reference_only,0.25,32,0,0.0,False,1.0,False,0.0,1.0
frozen,-1,reference_only,0.25,32,1,1.0,True,1.0,True,1.0,1.0
frozen,-1,reference_only,0.25,33,0,0.0,False,1.0,False,0.0,1.0
frozen,-1,reference_only,0.25,33,1,1.0,True,1.0,True,1.0,1.0
frozen,-1,reference_only,0.25,34,0,0.0,False,1.0,False,0.0,1.0
frozen,-1,reference_only,0.25,34,1,1.0,True,1.0,True,1.0,1.0
frozen,-1,reference_only,0.25,35,0,0.0,False,1.0,False,0.0,1.0
frozen,-1,reference_only,0.25,35,1,1.0,True,1.0,True,1.0,1.0
frozen,-1,reference_only,0.25,36,0,0.0,False,1.0,False,0.0,1.0
frozen,-1,reference_only,0.25,36,1,1.0,True,1.0,True,1.0,1.0
frozen,-1,reference_only,0.25,37,0,0.0,False,1.0,False,0.0,1.0
frozen,-1,reference_only,0.25,37,1,1.0,True,1.0,True,1.0,1.0
frozen,-1,reference_only,0.25,38,0,0.0,False,1.0,False,0.0,1.0
frozen,-1,reference_only,0.25,38,1,1.0,True,1.0,True,1.0,1.0
frozen,-1,reference_only,0.25,39,0,0.0,False,1.0,False,0.0,1.0
frozen,-1,reference_only,0.25,39,1,1.0,True,1.0,True,1.0,1.0
frozen,-1,reference_only,0.25,40,0,0.0,False,1.0,False,0.0,1.0
frozen,-1,reference_only,0.25,40,1,1.0,True,1.0,True,1.0,1.0
frozen,-1,reference_only,0.25,41,0,0.0,False,1.0,False,0.0,1.0
frozen,-1,reference_only,0.25,41,1,1.0,True,1.0,True,1.0,1.0
frozen,-1,reference_only,0.25,42,0,0.0,False,1.0,False,0.0,1.0
frozen,-1,reference_only,0.25,42,1,1.0,True,1.0,True,1.0,1.0
frozen,-1,reference_only,0.25,43,0,0.0,False,1.0,False,0.0,1.0
frozen,-1,reference_only,0.25,43,1,1.0,True,1.0,True,1.0,1.0
frozen,-1,reference_only,0.25,44,0,0.0,False,1.0,False,0.0,1.0
frozen,-1,reference_only,0.25,44,1,1.0,True,1.0,True,1.0,1.0
frozen,-1,reference_only,0.25,45,0,0.0,False,1.0,False,0.0,1.0
frozen,-1,reference_only,0.25,45,1,1.0,True,1.0,True,1.0,1.0
frozen,-1,reference_only,0.25,46,0,0.0,False,1.0,False,0.0,1.0
frozen,-1,reference_only,0.25,46,1,1.0,True,1.0,True,1.0,1.0
frozen,-1,reference_only,0.25,47,0,0.0,False,1.0,False,0.0,1.0
frozen,-1,reference_only,0.25,47,1,1.0,True,1.0,True,1.0,1.0
frozen,-1,reference_only,0.25,48,0,0.0,False,1.0,False,0.0,1.0
frozen,-1,reference_only,0.25,48,1,1.0,True,1.0,True,1.0,1.0
frozen,-1,reference_only,0.25,49,0,0.0,False,1.0,False,0.0,1.0
frozen,-1,reference_only,0.25,49,1,1.0,True,1.0,True,1.0,1.0
frozen,-1,reference_only,0.25,50,0,0.0,False,1.0,False,0.0,1.0
frozen,-1,reference_only,0.25,50,1,1.0,True,1.0,True,1.0,1.0
frozen,-1,reference_only,0.25,51,0,0.0,False,1.0,False,0.0,1.0
frozen,-1,reference_only,0.25,51,1,1.0,True,1.0,True,1.0,1.0
frozen,-1,reference_only,0.25,52,0,0.0,False,1.0,False,0.0,1.0
frozen,-1,reference_only,0.25,52,1,1.0,True,1.0,True,1.0,1.0
frozen,-1,reference_only,0.25,53,0,0.0,False,1.0,False,0.0,1.0
frozen,-1,reference_only,0.25,53,1,1.0,True,1.0,True,1.0,1.0
frozen,-1,reference_only,0.25,54,0,0.0,False,1.0,False,0.0,1.0
frozen,-1,reference_only,0.25,54,1,1.0,True,1.0,True,1.0,1.0
frozen,-1,reference_only,0.25,55,0,0.0,False,1.0,False,0.0,1.0
frozen,-1,reference_only,0.25,55,1,1.0,True,1.0,True,1.0,1.0
frozen,-1,reference_only,0.25,56,0,0.0,False,1.0,False,0.0,1.0
frozen,-1,reference_only,0.25,56,1,1.0,True,1.0,True,1.0,1.0
frozen,-1,reference_only,0.25,57,0,0.0,False,1.0,False,0.0,1.0
frozen,-1,reference_only,0.25,57,1,1.0,True,1.0,True,1.0,1.0
frozen,-1,reference_only,0.25,58,0,0.0,False,1.0,False,0.0,1.0
frozen,-1,reference_only,0.25,58,1,1.0,True,1.0,True,1.0,1.0
frozen,-1,reference_only,0.25,59,0,0.0,False,1.0,False,0.0,1.0
frozen,-1,reference_only,0.25,59,1,1.0,True,1.0,True,1.0,1.0
frozen,-1,reference_only,0.25,60,0,0.0,False,1.0,False,0.0,1.0
frozen,-1,reference_only,0.25,60,1,1.0,True,1.0,True,1.0,1.0
frozen,-1,reference_only,0.25,61,0,0.0,False,1.0,False,0.0,1.0
frozen,-1,reference_only,0.25,61,1,1.0,True,1.0,True,1.0,1.0
frozen,-1,reference_only,0.25,62,0,0.0,False,1.0,False,0.0,1.0
frozen,-1,reference_only,0.25,62,1,1.0,True,1.0,True,1.0,1.0
frozen,-1,reference_only,0.25,63,0,0.0,False,1.0,False,0.0,1.0
frozen,-1,reference_only,0.25,63,1,1.0,True,1.0,True,1.0,1.0
frozen,-1,reference_only,0.25,64,0,0.0,False,1.0,False,0.0,1.0
frozen,-1,reference_only,0.25,64,1,1.0,True,1.0,True,1.0,1.0
frozen,-1,reference_only,0.25,65,0,0.0,False,1.0,False,0.0,1.0
frozen,-1,reference_only,0.25,65,1,1.0,True,1.0,True,1.0,1.0
frozen,-1,reference_only,0.25,66,0,0.0,False,1.0,False,0.0,1.0
frozen,-1,reference_only,0.25,66,1,1.0,True,1.0,True,1.0,1.0
frozen,-1,reference_only,0.25,67,0,0.0,False,1.0,False,0.0,1.0
frozen,-1,reference_only,0.25,67,1,1.0,True,1.0,True,1.0,1.0
frozen,-1,reference_only,0.25,68,0,0.0,False,1.0,False,0.0,1.0
frozen,-1,reference_only,0.25,68,1,1.0,True,1.0,True,1.0,1.0
frozen,-1,reference_only,0.25,69,0,0.0,False,1.0,False,0.0,1.0
frozen,-1,reference_only,0.25,69,1,1.0,True,1.0,True,1.0,1.0
frozen,-1,reference_only,0.25,70,0,0.0,False,1.0,False,0.0,1.0
frozen,-1,reference_only,0.25,70,1,1.0,True,1.0,True,1.0,1.0
frozen,-1,reference_only,0.25,71,0,0.0,False,1.0,False,0.0,1.0
frozen,-1,reference_only,0.25,71,1,1.0,True,1.0,True,1.0,1.0
frozen,-1,reference_only,0.25,72,0,0.0,False,1.0,False,0.0,1.0
frozen,-1,reference_only,0.25,72,1,1.0,True,1.0,True,1.0,1.0
frozen,-1,reference_only,0.25,73,0,0.0,False,1.0,False,0.0,1.0
frozen,-1,reference_only,0.25,73,1,1.0,True,1.0,True,1.0,1.0
frozen,-1,reference_only,0.25,74,0,0.0,False,1.0,False,0.0,1.0
frozen,-1,reference_only,0.25,74,1,1.0,True,1.0,True,1.0,1.0
frozen,-1,reference_only,0.25,75,0,0.0,False,1.0,False,0.0,1.0
frozen,-1,reference_only,0.25,75,1,1.0,True,1.0,True,1.0,1.0
frozen,-1,reference_only,0.25,76,0,0.0,False,1.0,False,0.0,1.0
frozen,-1,reference_only,0.25,76,1,1.0,True,1.0,True,1.0,1.0
frozen,-1,reference_only,0.25,77,0,0.0,False,1.0,False,0.0,1.0
frozen,-1,reference_only,0.25,77,1,1.0,True,1.0,True,1.0,1.0
frozen,-1,reference_only,0.25,78,0,0.0,False,1.0,False,0.0,1.0
frozen,-1,reference_only,0.25,78,1,1.0,True,1.0,True,1.0,1.0
frozen,-1,reference_only,0.25,79,0,0.0,False,1.0,False,0.0,1.0
frozen,-1,reference_only,0.25,79,1,1.0,True,1.0,True,1.0,1.0
frozen,-1,reference_only,0.25,80,0,0.0,False,1.0,False,0.0,1.0
frozen,-1,reference_only,0.25,80,1,1.0,True,1.0,True,1.0,1.0
frozen,-1,gated,1.0,1,0,0.0,False,0.0,True,1.0,0.0
frozen,-1,gated,1.0,1,1,1.0,True,0.0,True,0.0,1.0
frozen,-1,gated,1.0,2,0,0.0,False,1.0,True,0.0,0.0
frozen,-1,gated,1.0,2,1,1.0,True,0.0,True,0.0,1.0
frozen,-1,gated,1.0,3,0,0.0,False,1.0,True,0.0,0.0
frozen,-1,gated,1.0,3,1,1.0,True,0.0,True,0.0,1.0
frozen,-1,gated,1.0,4,0,0.0,False,1.0,True,0.0,0.0
frozen,-1,gated,1.0,4,1,1.0,True,0.0,True,0.0,1.0
frozen,-1,gated,1.0,5,0,0.0,False,1.0,True,0.0,0.0
frozen,-1,gated,1.0,5,1,1.0,True,0.0,True,0.0,1.0
frozen,-1,gated,1.0,6,0,0.0,False,1.0,True,0.0,0.0
frozen,-1,gated,1.0,6,1,1.0,True,0.0,True,0.0,1.0
frozen,-1,gated,1.0,7,0,0.0,False,1.0,True,0.0,0.0
frozen,-1,gated,1.0,7,1,1.0,True,0.0,True,0.0,1.0
frozen,-1,gated,1.0,8,0,0.0,False,1.0,True,0.0,0.0
frozen,-1,gated,1.0,8,1,1.0,True,0.0,True,0.0,1.0
frozen,-1,gated,1.0,9,0,0.0,False,1.0,True,0.0,0.0
frozen,-1,gated,1.0,9,1,1.0,True,0.0,True,0.0,1.0
frozen,-1,gated,1.0,10,0,0.0,False,1.0,True,0.0,0.0
frozen,-1,gated,1.0,10,1,1.0,True,0.0,True,0.0,1.0
frozen,-1,gated,1.0,11,0,0.0,False,1.0,True,0.0,0.0
frozen,-1,gated,1.0,11,1,1.0,True,0.0,True,0.0,1.0
frozen,-1,gated,1.0,12,0,0.0,False,1.0,True,0.0,0.0
frozen,-1,gated,1.0,12,1,1.0,True,0.0,True,0.0,1.0
frozen,-1,gated,1.0,13,0,0.0,False,1.0,True,0.0,0.0
frozen,-1,gated,1.0,13,1,1.0,True,0.0,True,0.0,1.0
frozen,-1,gated,1.0,14,0,0.0,False,1.0,True,0.0,0.0
frozen,-1,gated,1.0,14,1,1.0,True,0.0,True,0.0,1.0
frozen,-1,gated,1.0,15,0,0.0,False,1.0,True,0.0,0.0
frozen,-1,gated,1.0,15,1,1.0,True,0.0,True,0.0,1.0
frozen,-1,gated,1.0,16,0,0.0,False,1.0,True,0.0,0.0
frozen,-1,gated,1.0,16,1,1.0,True,0.0,True,0.0,1.0
frozen,-1,gated,1.0,17,0,0.0,False,1.0,True,0.0,0.0
frozen,-1,gated,1.0,17,1,1.0,True,0.0,True,0.0,1.0
frozen,-1,gated,1.0,18,0,0.0,False,1.0,True,0.0,0.0
frozen,-1,gated,1.0,18,1,1.0,True,0.0,True,0.0,1.0
frozen,-1,gated,1.0,19,0,0.0,False,1.0,True,0.0,0.0
frozen,-1,gated,1.0,19,1,1.0,True,0.0,True,0.0,1.0
frozen,-1,gated,1.0,20,0,0.0,False,1.0,True,0.0,0.0
frozen,-1,gated,1.0,20,1,1.0,True,0.0,True,0.0,1.0
frozen,-1,gated,1.0,21,0,0.0,False,1.0,True,0.0,0.0
frozen,-1,gated,1.0,21,1,1.0,True,0.0,True,0.0,1.0
frozen,-1,gated,1.0,22,0,0.0,False,1.0,True,0.0,0.0
frozen,-1,gated,1.0,22,1,1.0,True,0.0,True,0.0,1.0
frozen,-1,gated,1.0,23,0,0.0,False,1.0,True,0.0,0.0
frozen,-1,gated,1.0,23,1,1.0,True,0.0,True,0.0,1.0
frozen,-1,gated,1.0,24,0,0.0,False,1.0,True,0.0,0.0
frozen,-1,gated,1.0,24,1,1.0,True,0.0,True,0.0,1.0
frozen,-1,gated,1.0,25,0,0.0,False,1.0,True,0.0,0.0
frozen,-1,gated,1.0,25,1,1.0,True,0.0,True,0.0,1.0
frozen,-1,gated,1.0,26,0,0.0,False,1.0,True,0.0,0.0
frozen,-1,gated,1.0,26,1,1.0,True,0.0,True,0.0,1.0
frozen,-1,gated,1.0,27,0,0.0,False,1.0,True,0.0,0.0
frozen,-1,gated,1.0,27,1,1.0,True,0.0,True,0.0,1.0
frozen,-1,gated,1.0,28,0,0.0,False,1.0,True,0.0,0.0
frozen,-1,gated,1.0,28,1,1.0,True,0.0,True,0.0,1.0
frozen,-1,gated,1.0,29,0,0.0,False,1.0,True,0.0,0.0
frozen,-1,gated,1.0,29,1,1.0,True,0.0,True,0.0,1.0
frozen,-1,gated,1.0,30,0,0.0,False,1.0,True,0.0,0.0
frozen,-1,gated,1.0,30,1,1.0,True,0.0,True,0.0,1.0
frozen,-1,gated,1.0,31,0,0.0,False,1.0,True,0.0,0.0
frozen,-1,gated,1.0,31,1,1.0,True,0.0,True,0.0,1.0
frozen,-1,gated,1.0,32,0,0.0,False,1.0,True,0.0,0.0
frozen,-1,gated,1.0,32,1,1.0,True,0.0,True,0.0,1.0
frozen,-1,gated,1.0,33,0,0.0,False,1.0,True,0.0,0.0
frozen,-1,gated,1.0,33,1,1.0,True,0.0,True,0.0,1.0
frozen,-1,gated,1.0,34,0,0.0,False,1.0,True,0.0,0.0
frozen,-1,gated,1.0,34,1,1.0,True,0.0,True,0.0,1.0
frozen,-1,gated,1.0,35,0,0.0,False,1.0,True,0.0,0.0
frozen,-1,gated,1.0,35,1,1.0,True,0.0,True,0.0,1.0
frozen,-1,gated,1.0,36,0,0.0,False,1.0,True,0.0,0.0
frozen,-1,gated,1.0,36,1,1.0,True,0.0,True,0.0,1.0
frozen,-1,gated,1.0,37,0,0.0,False,1.0,True,0.0,0.0
frozen,-1,gated,1.0,37,1,1.0,True,0.0,True,0.0,1.0
frozen,-1,gated,1.0,38,0,0.0,False,1.0,True,0.0,0.0
frozen,-1,gated,1.0,38,1,1.0,True,0.0,True,0.0,1.0
frozen,-1,gated,1.0,39,0,0.0,False,1.0,True,0.0,0.0
frozen,-1,gated,1.0,39,1,1.0,True,0.0,True,0.0,1.0
frozen,-1,gated,1.0,40,0,0.0,False,1.0,True,0.0,0.0
frozen,-1,gated,1.0,40,1,1.0,True,0.0,True,0.0,1.0
frozen,-1,gated,1.0,41,0,0.0,False,1.0,True,0.0,0.0
frozen,-1,gated,1.0,41,1,1.0,True,0.0,True,0.0,1.0
frozen,-1,gated,1.0,42,0,0.0,False,1.0,True,0.0,0.0
frozen,-1,gated,1.0,42,1,1.0,True,0.0,True,0.0,1.0
frozen,-1,gated,1.0,43,0,0.0,False,1.0,True,0.0,0.0
frozen,-1,gated,1.0,43,1,1.0,True,0.0,True,0.0,1.0
frozen,-1,gated,1.0,44,0,0.0,False,1.0,True,0.0,0.0
frozen,-1,gated,1.0,44,1,1.0,True,0.0,True,0.0,1.0
frozen,-1,gated,1.0,45,0,0.0,False,1.0,True,0.0,0.0
frozen,-1,gated,1.0,45,1,1.0,True,0.0,True,0.0,1.0
frozen,-1,gated,1.0,46,0,0.0,False,1.0,True,0.0,0.0
frozen,-1,gated,1.0,46,1,1.0,True,0.0,True,0.0,1.0
frozen,-1,gated,1.0,47,0,0.0,False,1.0,True,0.0,0.0
frozen,-1,gated,1.0,47,1,1.0,True,0.0,True,0.0,1.0
frozen,-1,gated,1.0,48,0,0.0,False,1.0,True,0.0,0.0
frozen,-1,gated,1.0,48,1,1.0,True,0.0,True,0.0,1.0
frozen,-1,gated,1.0,49,0,0.0,False,1.0,True,0.0,0.0
frozen,-1,gated,1.0,49,1,1.0,True,0.0,True,0.0,1.0
frozen,-1,gated,1.0,50,0,0.0,False,1.0,True,0.0,0.0
frozen,-1,gated,1.0,50,1,1.0,True,0.0,True,0.0,1.0
frozen,-1,gated,1.0,51,0,0.0,False,1.0,True,0.0,0.0
frozen,-1,gated,1.0,51,1,1.0,True,0.0,True,0.0,1.0
frozen,-1,gated,1.0,52,0,0.0,False,1.0,True,0.0,0.0
frozen,-1,gated,1.0,52,1,1.0,True,0.0,True,0.0,1.0
frozen,-1,gated,1.0,53,0,0.0,False,1.0,True,0.0,0.0
frozen,-1,gated,1.0,53,1,1.0,True,0.0,True,0.0,1.0
frozen,-1,gated,1.0,54,0,0.0,False,1.0,True,0.0,0.0
frozen,-1,gated,1.0,54,1,1.0,True,0.0,True,0.0,1.0
frozen,-1,gated,1.0,55,0,0.0,False,1.0,True,0.0,0.0
frozen,-1,gated,1.0,55,1,1.0,True,0.0,True,0.0,1.0
frozen,-1,gated,1.0,56,0,0.0,False,1.0,True,0.0,0.0
frozen,-1,gated,1.0,56,1,1.0,True,0.0,True,0.0,1.0
frozen,-1,gated,1.0,57,0,0.0,False,1.0,True,0.0,0.0
frozen,-1,gated,1.0,57,1,1.0,True,0.0,True,0.0,1.0
frozen,-1,gated,1.0,58,0,0.0,False,1.0,True,0.0,0.0
frozen,-1,gated,1.0,58,1,1.0,True,0.0,True,0.0,1.0
frozen,-1,gated,1.0,59,0,0.0,False,1.0,True,0.0,0.0
frozen,-1,gated,1.0,59,1,1.0,True,0.0,True,0.0,1.0
frozen,-1,gated,1.0,60,0,0.0,False,1.0,True,0.0,0.0
frozen,-1,gated,1.0,60,1,1.0,True,0.0,True,0.0,1.0
frozen,-1,gated,1.0,61,0,0.0,False,1.0,True,0.0,0.0
frozen,-1,gated,1.0,61,1,1.0,True,0.0,True,0.0,1.0
frozen,-1,gated,1.0,62,0,0.0,False,1.0,True,0.0,0.0
frozen,-1,gated,1.0,62,1,1.0,True,0.0,True,0.0,1.0
frozen,-1,gated,1.0,63,0,0.0,False,1.0,True,0.0,0.0
frozen,-1,gated,1.0,63,1,1.0,True,0.0,True,0.0,1.0
frozen,-1,gated,1.0,64,0,0.0,False,1.0,True,0.0,0.0
frozen,-1,gated,1.0,64,1,1.0,True,0.0,True,0.0,1.0
frozen,-1,gated,1.0,65,0,0.0,False,1.0,True,0.0,0.0
frozen,-1,gated,1.0,65,1,1.0,True,0.0,True,0.0,1.0
frozen,-1,gated,1.0,66,0,0.0,False,1.0,True,0.0,0.0
frozen,-1,gated,1.0,66,1,1.0,True,0.0,True,0.0,1.0
frozen,-1,gated,1.0,67,0,0.0,False,1.0,True,0.0,0.0
frozen,-1,gated,1.0,67,1,1.0,True,0.0,True,0.0,1.0
frozen,-1,gated,1.0,68,0,0.0,False,1.0,True,0.0,0.0
frozen,-1,gated,1.0,68,1,1.0,True,0.0,True,0.0,1.0
frozen,-1,gated,1.0,69,0,0.0,False,1.0,True,0.0,0.0
frozen,-1,gated,1.0,69,1,1.0,True,0.0,True,0.0,1.0
frozen,-1,gated,1.0,70,0,0.0,False,1.0,True,0.0,0.0
frozen,-1,gated,1.0,70,1,1.0,True,0.0,True,0.0,1.0
frozen,-1,gated,1.0,71,0,0.0,False,1.0,True,0.0,0.0
frozen,-1,gated,1.0,71,1,1.0,True,0.0,True,0.0,1.0
frozen,-1,gated,1.0,72,0,0.0,False,1.0,True,0.0,0.0
frozen,-1,gated,1.0,72,1,1.0,True,0.0,True,0.0,1.0
frozen,-1,gated,1.0,73,0,0.0,False,1.0,True,0.0,0.0
frozen,-1,gated,1.0,73,1,1.0,True,0.0,True,0.0,1.0
frozen,-1,gated,1.0,74,0,0.0,False,1.0,True,0.0,0.0
frozen,-1,gated,1.0,74,1,1.0,True,0.0,True,0.0,1.0
frozen,-1,gated,1.0,75,0,0.0,False,1.0,True,0.0,0.0
frozen,-1,gated,1.0,75,1,1.0,True,0.0,True,0.0,1.0
frozen,-1,gated,1.0,76,0,0.0,False,1.0,True,0.0,0.0
frozen,-1,gated,1.0,76,1,1.0,True,0.0,True,0.0,1.0
frozen,-1,gated,1.0,77,0,0.0,False,1.0,True,0.0,0.0
frozen,-1,gated,1.0,77,1,1.0,True,0.0,True,0.0,1.0
frozen,-1,gated,1.0,78,0,0.0,False,1.0,True,0.0,0.0
frozen,-1,gated,1.0,78,1,1.0,True,0.0,True,0.0,1.0
frozen,-1,gated,1.0,79,0,0.0,False,1.0,True,0.0,0.0
frozen,-1,gated,1.0,79,1,1.0,True,0.0,True,0.0,1.0
frozen,-1,gated,1.0,80,0,0.0,False,1.0,True,0.0,0.0
frozen,-1,gated,1.0,80,1,1.0,True,0.0,True,0.0,1.0
frozen,-1,accept_all,1.0,1,0,0.0,False,0.0,True,1.0,0.0
frozen,-1,accept_all,1.0,1,1,1.0,True,0.0,True,0.0,1.0
frozen,-1,accept_all,1.0,2,0,0.0,False,1.0,True,0.0,0.0
frozen,-1,accept_all,1.0,2,1,1.0,True,0.0,True,0.0,1.0
frozen,-1,accept_all,1.0,3,0,0.0,False,1.0,True,0.0,0.0
frozen,-1,accept_all,1.0,3,1,1.0,True,0.0,True,0.0,1.0
frozen,-1,accept_all,1.0,4,0,0.0,False,1.0,True,0.0,0.0
frozen,-1,accept_all,1.0,4,1,1.0,True,0.0,True,0.0,1.0
frozen,-1,accept_all,1.0,5,0,0.0,False,1.0,True,0.0,0.0
frozen,-1,accept_all,1.0,5,1,1.0,True,0.0,True,0.0,1.0
frozen,-1,accept_all,1.0,6,0,0.0,False,1.0,True,0.0,0.0
frozen,-1,accept_all,1.0,6,1,1.0,True,0.0,True,0.0,1.0
frozen,-1,accept_all,1.0,7,0,0.0,False,1.0,True,0.0,0.0
frozen,-1,accept_all,1.0,7,1,1.0,True,0.0,True,0.0,1.0
frozen,-1,accept_all,1.0,8,0,0.0,False,1.0,True,0.0,0.0
frozen,-1,accept_all,1.0,8,1,1.0,True,0.0,True,0.0,1.0
frozen,-1,accept_all,1.0,9,0,0.0,False,1.0,True,0.0,0.0
frozen,-1,accept_all,1.0,9,1,1.0,True,0.0,True,0.0,1.0
frozen,-1,accept_all,1.0,10,0,0.0,False,1.0,True,0.0,0.0
frozen,-1,accept_all,1.0,10,1,1.0,True,0.0,True,0.0,1.0
frozen,-1,accept_all,1.0,11,0,0.0,False,1.0,True,0.0,0.0
frozen,-1,accept_all,1.0,11,1,1.0,True,0.0,True,0.0,1.0
frozen,-1,accept_all,1.0,12,0,0.0,False,1.0,True,0.0,0.0
frozen,-1,accept_all,1.0,12,1,1.0,True,0.0,True,0.0,1.0
frozen,-1,accept_all,1.0,13,0,0.0,False,1.0,True,0.0,0.0
frozen,-1,accept_all,1.0,13,1,1.0,True,0.0,True,0.0,1.0
frozen,-1,accept_all,1.0,14,0,0.0,False,1.0,True,0.0,0.0
frozen,-1,accept_all,1.0,14,1,1.0,True,0.0,True,0.0,1.0
frozen,-1,accept_all,1.0,15,0,0.0,False,1.0,True,0.0,0.0
frozen,-1,accept_all,1.0,15,1,1.0,True,0.0,True,0.0,1.0
frozen,-1,accept_all,1.0,16,0,0.0,False,1.0,True,0.0,0.0
frozen,-1,accept_all,1.0,16,1,1.0,True,0.0,True,0.0,1.0
frozen,-1,accept_all,1.0,17,0,0.0,False,1.0,True,0.0,0.0
frozen,-1,accept_all,1.0,17,1,1.0,True,0.0,True,0.0,1.0
frozen,-1,accept_all,1.0,18,0,0.0,False,1.0,True,0.0,0.0
frozen,-1,accept_all,1.0,18,1,1.0,True,0.0,True,0.0,1.0
frozen,-1,accept_all,1.0,19,0,0.0,False,1.0,True,0.0,0.0
frozen,-1,accept_all,1.0,19,1,1.0,True,0.0,True,0.0,1.0
frozen,-1,accept_all,1.0,20,0,0.0,False,1.0,True,0.0,0.0
frozen,-1,accept_all,1.0,20,1,1.0,True,0.0,True,0.0,1.0
frozen,-1,accept_all,1.0,21,0,0.0,False,1.0,True,0.0,0.0
frozen,-1,accept_all,1.0,21,1,1.0,True,0.0,True,0.0,1.0
frozen,-1,accept_all,1.0,22,0,0.0,False,1.0,True,0.0,0.0
frozen,-1,accept_all,1.0,22,1,1.0,True,0.0,True,0.0,1.0
frozen,-1,accept_all,1.0,23,0,0.0,False,1.0,True,0.0,0.0
frozen,-1,accept_all,1.0,23,1,1.0,True,0.0,True,0.0,1.0
frozen,-1,accept_all,1.0,24,0,0.0,False,1.0,True,0.0,0.0
frozen,-1,accept_all,1.0,24,1,1.0,True,0.0,True,0.0,1.0
frozen,-1,accept_all,1.0,25,0,0.0,False,1.0,True,0.0,0.0
frozen,-1,accept_all,1.0,25,1,1.0,True,0.0,True,0.0,1.0
frozen,-1,accept_all,1.0,26,0,0.0,False,1.0,True,0.0,0.0
frozen,-1,accept_all,1.0,26,1,1.0,True,0.0,True,0.0,1.0
frozen,-1,accept_all,1.0,27,0,0.0,False,1.0,True,0.0,0.0
frozen,-1,accept_all,1.0,27,1,1.0,True,0.0,True,0.0,1.0
frozen,-1,accept_all,1.0,28,0,0.0,False,1.0,True,0.0,0.0
frozen,-1,accept_all,1.0,28,1,1.0,True,0.0,True,0.0,1.0
frozen,-1,accept_all,1.0,29,0,0.0,False,1.0,True,0.0,0.0
frozen,-1,accept_all,1.0,29,1,1.0,True,0.0,True,0.0,1.0
frozen,-1,accept_all,1.0,30,0,0.0,False,1.0,True,0.0,0.0
frozen,-1,accept_all,1.0,30,1,1.0,True,0.0,True,0.0,1.0
frozen,-1,accept_all,1.0,31,0,0.0,False,1.0,True,0.0,0.0
frozen,-1,accept_all,1.0,31,1,1.0,True,0.0,True,0.0,1.0
frozen,-1,accept_all,1.0,32,0,0.0,False,1.0,True,0.0,0.0
frozen,-1,accept_all,1.0,32,1,1.0,True,0.0,True,0.0,1.0
frozen,-1,accept_all,1.0,33,0,0.0,False,1.0,True,0.0,0.0
frozen,-1,accept_all,1.0,33,1,1.0,True,0.0,True,0.0,1.0
frozen,-1,accept_all,1.0,34,0,0.0,False,1.0,True,0.0,0.0
frozen,-1,accept_all,1.0,34,1,1.0,True,0.0,True,0.0,1.0
frozen,-1,accept_all,1.0,35,0,0.0,False,1.0,True,0.0,0.0
frozen,-1,accept_all,1.0,35,1,1.0,True,0.0,True,0.0,1.0
frozen,-1,accept_all,1.0,36,0,0.0,False,1.0,True,0.0,0.0
frozen,-1,accept_all,1.0,36,1,1.0,True,0.0,True,0.0,1.0
frozen,-1,accept_all,1.0,37,0,0.0,False,1.0,True,0.0,0.0
frozen,-1,accept_all,1.0,37,1,1.0,True,0.0,True,0.0,1.0
frozen,-1,accept_all,1.0,38,0,0.0,False,1.0,True,0.0,0.0
frozen,-1,accept_all,1.0,38,1,1.0,True,0.0,True,0.0,1.0
frozen,-1,accept_all,1.0,39,0,0.0,False,1.0,True,0.0,0.0
frozen,-1,accept_all,1.0,39,1,1.0,True,0.0,True,0.0,1.0
frozen,-1,accept_all,1.0,40,0,0.0,False,1.0,True,0.0,0.0
frozen,-1,accept_all,1.0,40,1,1.0,True,0.0,True,0.0,1.0
frozen,-1,accept_all,1.0,41,0,0.0,False,1.0,True,0.0,0.0
frozen,-1,accept_all,1.0,41,1,1.0,True,0.0,True,0.0,1.0
frozen,-1,accept_all,1.0,42,0,0.0,False,1.0,True,0.0,0.0
frozen,-1,accept_all,1.0,42,1,1.0,True,0.0,True,0.0,1.0
frozen,-1,accept_all,1.0,43,0,0.0,False,1.0,True,0.0,0.0
frozen,-1,accept_all,1.0,43,1,1.0,True,0.0,True,0.0,1.0
frozen,-1,accept_all,1.0,44,0,0.0,False,1.0,True,0.0,0.0
frozen,-1,accept_all,1.0,44,1,1.0,True,0.0,True,0.0,1.0
frozen,-1,accept_all,1.0,45,0,0.0,False,1.0,True,0.0,0.0
frozen,-1,accept_all,1.0,45,1,1.0,True,0.0,True,0.0,1.0
frozen,-1,accept_all,1.0,46,0,0.0,False,1.0,True,0.0,0.0
frozen,-1,accept_all,1.0,46,1,1.0,True,0.0,True,0.0,1.0
frozen,-1,accept_all,1.0,47,0,0.0,False,1.0,True,0.0,0.0
frozen,-1,accept_all,1.0,47,1,1.0,True,0.0,True,0.0,1.0
frozen,-1,accept_all,1.0,48,0,0.0,False,1.0,True,0.0,0.0
frozen,-1,accept_all,1.0,48,1,1.0,True,0.0,True,0.0,1.0
frozen,-1,accept_all,1.0,49,0,0.0,False,1.0,True,0.0,0.0
frozen,-1,accept_all,1.0,49,1,1.0,True,0.0,True,0.0,1.0
frozen,-1,accept_all,1.0,50,0,0.0,False,1.0,True,0.0,0.0
frozen,-1,accept_all,1.0,50,1,1.0,True,0.0,True,0.0,1.0
frozen,-1,accept_all,1.0,51,0,0.0,False,1.0,True,0.0,0.0
frozen,-1,accept_all,1.0,51,1,1.0,True,0.0,True,0.0,1.0
frozen,-1,accept_all,1.0,52,0,0.0,False,1.0,True,0.0,0.0
frozen,-1,accept_all,1.0,52,1,1.0,True,0.0,True,0.0,1.0
frozen,-1,accept_all,1.0,53,0,0.0,False,1.0,True,0.0,0.0
frozen,-1,accept_all,1.0,53,1,1.0,True,0.0,True,0.0,1.0
frozen,-1,accept_all,1.0,54,0,0.0,False,1.0,True,0.0,0.0
frozen,-1,accept_all,1.0,54,1,1.0,True,0.0,True,0.0,1.0
frozen,-1,accept_all,1.0,55,0,0.0,False,1.0,True,0.0,0.0
frozen,-1,accept_all,1.0,55,1,1.0,True,0.0,True,0.0,1.0
frozen,-1,accept_all,1.0,56,0,0.0,False,1.0,True,0.0,0.0
frozen,-1,accept_all,1.0,56,1,1.0,True,0.0,True,0.0,1.0
frozen,-1,accept_all,1.0,57,0,0.0,False,1.0,True,0.0,0.0
frozen,-1,accept_all,1.0,57,1,1.0,True,0.0,True,0.0,1.0
frozen,-1,accept_all,1.0,58,0,0.0,False,1.0,True,0.0,0.0
frozen,-1,accept_all,1.0,58,1,1.0,True,0.0,True,0.0,1.0
frozen,-1,accept_all,1.0,59,0,0.0,False,1.0,True,0.0,0.0
frozen,-1,accept_all,1.0,59,1,1.0,True,0.0,True,0.0,1.0
frozen,-1,accept_all,1.0,60,0,0.0,False,1.0,True,0.0,0.0
frozen,-1,accept_all,1.0,60,1,1.0,True,0.0,True,0.0,1.0
frozen,-1,accept_all,1.0,61,0,0.0,False,1.0,True,0.0,0.0
frozen,-1,accept_all,1.0,61,1,1.0,True,0.0,True,0.0,1.0
frozen,-1,accept_all,1.0,62,0,0.0,False,1.0,True,0.0,0.0
frozen,-1,accept_all,1.0,62,1,1.0,True,0.0,True,0.0,1.0
frozen,-1,accept_all,1.0,63,0,0.0,False,1.0,True,0.0,0.0
frozen,-1,accept_all,1.0,63,1,1.0,True,0.0,True,0.0,1.0
frozen,-1,accept_all,1.0,64,0,0.0,False,1.0,True,0.0,0.0
frozen,-1,accept_all,1.0,64,1,1.0,True,0.0,True,0.0,1.0
frozen,-1,accept_all,1.0,65,0,0.0,False,1.0,True,0.0,0.0
frozen,-1,accept_all,1.0,65,1,1.0,True,0.0,True,0.0,1.0
frozen,-1,accept_all,1.0,66,0,0.0,False,1.0,True,0.0,0.0
frozen,-1,accept_all,1.0,66,1,1.0,True,0.0,True,0.0,1.0
frozen,-1,accept_all,1.0,67,0,0.0,False,1.0,True,0.0,0.0
frozen,-1,accept_all,1.0,67,1,1.0,True,0.0,True,0.0,1.0
frozen,-1,accept_all,1.0,68,0,0.0,False,1.0,True,0.0,0.0
frozen,-1,accept_all,1.0,68,1,1.0,True,0.0,True,0.0,1.0
frozen,-1,accept_all,1.0,69,0,0.0,False,1.0,True,0.0,0.0
frozen,-1,accept_all,1.0,69,1,1.0,True,0.0,True,0.0,1.0
frozen,-1,accept_all,1.0,70,0,0.0,False,1.0,True,0.0,0.0
frozen,-1,accept_all,1.0,70,1,1.0,True,0.0,True,0.0,1.0
frozen,-1,accept_all,1.0,71,0,0.0,False,1.0,True,0.0,0.0
frozen,-1,accept_all,1.0,71,1,1.0,True,0.0,True,0.0,1.0
frozen,-1,accept_all,1.0,72,0,0.0,False,1.0,True,0.0,0.0
frozen,-1,accept_all,1.0,72,1,1.0,True,0.0,True,0.0,1.0
frozen,-1,accept_all,1.0,73,0,0.0,False,1.0,True,0.0,0.0
frozen,-1,accept_all,1.0,73,1,1.0,True,0.0,True,0.0,1.0
frozen,-1,accept_all,1.0,74,0,0.0,False,1.0,True,0.0,0.0
frozen,-1,accept_all,1.0,74,1,1.0,True,0.0,True,0.0,1.0
frozen,-1,accept_all,1.0,75,0,0.0,False,1.0,True,0.0,0.0
frozen,-1,accept_all,1.0,75,1,1.0,True,0.0,True,0.0,1.0
frozen,-1,accept_all,1.0,76,0,0.0,False,1.0,True,0.0,0.0
frozen,-1,accept_all,1.0,76,1,1.0,True,0.0,True,0.0,1.0
frozen,-1,accept_all,1.0,77,0,0.0,False,1.0,True,0.0,0.0
frozen,-1,accept_all,1.0,77,1,1.0,True,0.0,True,0.0,1.0
frozen,-1,accept_all,1.0,78,0,0.0,False,1.0,True,0.0,0.0
frozen,-1,accept_all,1.0,78,1,1.0,True,0.0,True,0.0,1.0
frozen,-1,accept_all,1.0,79,0,0.0,False,1.0,True,0.0,0.0
frozen,-1,accept_all,1.0,79,1,1.0,True,0.0,True,0.0,1.0
frozen,-1,accept_all,1.0,80,0,0.0,False,1.0,True,0.0,0.0
frozen,-1,accept_all,1.0,80,1,1.0,True,0.0,True,0.0,1.0
frozen,-1,reference_only,1.0,1,0,0.0,False,0.0,False,1.0,0.0
frozen,-1,reference_only,1.0,1,1,1.0,True,0.0,True,0.0,1.0
frozen,-1,reference_only,1.0,2,0,0.0,False,1.0,False,0.0,1.0
frozen,-1,reference_only,1.0,2,1,1.0,True,1.0,True,1.0,1.0
frozen,-1,reference_only,1.0,3,0,0.0,False,1.0,False,0.0,1.0
frozen,-1,reference_only,1.0,3,1,1.0,True,1.0,True,1.0,1.0
frozen,-1,reference_only,1.0,4,0,0.0,False,1.0,False,0.0,1.0
frozen,-1,reference_only,1.0,4,1,1.0,True,1.0,True,1.0,1.0
frozen,-1,reference_only,1.0,5,0,0.0,False,1.0,False,0.0,1.0
frozen,-1,reference_only,1.0,5,1,1.0,True,1.0,True,1.0,1.0
frozen,-1,reference_only,1.0,6,0,0.0,False,1.0,False,0.0,1.0
frozen,-1,reference_only,1.0,6,1,1.0,True,1.0,True,1.0,1.0
frozen,-1,reference_only,1.0,7,0,0.0,False,1.0,False,0.0,1.0
frozen,-1,reference_only,1.0,7,1,1.0,True,1.0,True,1.0,1.0
frozen,-1,reference_only,1.0,8,0,0.0,False,1.0,False,0.0,1.0
frozen,-1,reference_only,1.0,8,1,1.0,True,1.0,True,1.0,1.0
frozen,-1,reference_only,1.0,9,0,0.0,False,1.0,False,0.0,1.0
frozen,-1,reference_only,1.0,9,1,1.0,True,1.0,True,1.0,1.0
frozen,-1,reference_only,1.0,10,0,0.0,False,1.0,False,0.0,1.0
frozen,-1,reference_only,1.0,10,1,1.0,True,1.0,True,1.0,1.0
frozen,-1,reference_only,1.0,11,0,0.0,False,1.0,False,0.0,1.0
frozen,-1,reference_only,1.0,11,1,1.0,True,1.0,True,1.0,1.0
frozen,-1,reference_only,1.0,12,0,0.0,False,1.0,False,0.0,1.0
frozen,-1,reference_only,1.0,12,1,1.0,True,1.0,True,1.0,1.0
frozen,-1,reference_only,1.0,13,0,0.0,False,1.0,False,0.0,1.0
frozen,-1,reference_only,1.0,13,1,1.0,True,1.0,True,1.0,1.0
frozen,-1,reference_only,1.0,14,0,0.0,False,1.0,False,0.0,1.0
frozen,-1,reference_only,1.0,14,1,1.0,True,1.0,True,1.0,1.0
frozen,-1,reference_only,1.0,15,0,0.0,False,1.0,False,0.0,1.0
frozen,-1,reference_only,1.0,15,1,1.0,True,1.0,True,1.0,1.0
frozen,-1,reference_only,1.0,16,0,0.0,False,1.0,False,0.0,1.0
frozen,-1,reference_only,1.0,16,1,1.0,True,1.0,True,1.0,1.0
frozen,-1,reference_only,1.0,17,0,0.0,False,1.0,False,0.0,1.0
frozen,-1,reference_only,1.0,17,1,1.0,True,1.0,True,1.0,1.0
frozen,-1,reference_only,1.0,18,0,0.0,False,1.0,False,0.0,1.0
frozen,-1,reference_only,1.0,18,1,1.0,True,1.0,True,1.0,1.0
frozen,-1,reference_only,1.0,19,0,0.0,False,1.0,False,0.0,1.0
frozen,-1,reference_only,1.0,19,1,1.0,True,1.0,True,1.0,1.0
frozen,-1,reference_only,1.0,20,0,0.0,False,1.0,False,0.0,1.0
frozen,-1,reference_only,1.0,20,1,1.0,True,1.0,True,1.0,1.0
frozen,-1,reference_only,1.0,21,0,0.0,False,1.0,False,0.0,1.0
frozen,-1,reference_only,1.0,21,1,1.0,True,1.0,True,1.0,1.0
frozen,-1,reference_only,1.0,22,0,0.0,False,1.0,False,0.0,1.0
frozen,-1,reference_only,1.0,22,1,1.0,True,1.0,True,1.0,1.0
frozen,-1,reference_only,1.0,23,0,0.0,False,1.0,False,0.0,1.0
frozen,-1,reference_only,1.0,23,1,1.0,True,1.0,True,1.0,1.0
frozen,-1,reference_only,1.0,24,0,0.0,False,1.0,False,0.0,1.0
frozen,-1,reference_only,1.0,24,1,1.0,True,1.0,True,1.0,1.0
frozen,-1,reference_only,1.0,25,0,0.0,False,1.0,False,0.0,1.0
frozen,-1,reference_only,1.0,25,1,1.0,True,1.0,True,1.0,1.0
frozen,-1,reference_only,1.0,26,0,0.0,False,1.0,False,0.0,1.0
frozen,-1,reference_only,1.0,26,1,1.0,True,1.0,True,1.0,1.0
frozen,-1,reference_only,1.0,27,0,0.0,False,1.0,False,0.0,1.0
frozen,-1,reference_only,1.0,27,1,1.0,True,1.0,True,1.0,1.0
frozen,-1,reference_only,1.0,28,0,0.0,False,1.0,False,0.0,1.0
frozen,-1,reference_only,1.0,28,1,1.0,True,1.0,True,1.0,1.0
frozen,-1,reference_only,1.0,29,0,0.0,False,1.0,False,0.0,1.0
frozen,-1,reference_only,1.0,29,1,1.0,True,1.0,True,1.0,1.0
frozen,-1,reference_only,1.0,30,0,0.0,False,1.0,False,0.0,1.0
frozen,-1,reference_only,1.0,30,1,1.0,True,1.0,True,1.0,1.0
frozen,-1,reference_only,1.0,31,0,0.0,False,1.0,False,0.0,1.0
frozen,-1,reference_only,1.0,31,1,1.0,True,1.0,True,1.0,1.0
frozen,-1,reference_only,1.0,32,0,0.0,False,1.0,False,0.0,1.0
frozen,-1,reference_only,1.0,32,1,1.0,True,1.0,True,1.0,1.0
frozen,-1,reference_only,1.0,33,0,0.0,False,1.0,False,0.0,1.0
frozen,-1,reference_only,1.0,33,1,1.0,True,1.0,True,1.0,1.0
frozen,-1,reference_only,1.0,34,0,0.0,False,1.0,False,0.0,1.0
frozen,-1,reference_only,1.0,34,1,1.0,True,1.0,True,1.0,1.0
frozen,-1,reference_only,1.0,35,0,0.0,False,1.0,False,0.0,1.0
frozen,-1,reference_only,1.0,35,1,1.0,True,1.0,True,1.0,1.0
frozen,-1,reference_only,1.0,36,0,0.0,False,1.0,False,0.0,1.0
frozen,-1,reference_only,1.0,36,1,1.0,True,1.0,True,1.0,1.0
frozen,-1,reference_only,1.0,37,0,0.0,False,1.0,False,0.0,1.0
frozen,-1,reference_only,1.0,37,1,1.0,True,1.0,True,1.0,1.0
frozen,-1,reference_only,1.0,38,0,0.0,False,1.0,False,0.0,1.0
frozen,-1,reference_only,1.0,38,1,1.0,True,1.0,True,1.0,1.0
frozen,-1,reference_only,1.0,39,0,0.0,False,1.0,False,0.0,1.0
frozen,-1,reference_only,1.0,39,1,1.0,True,1.0,True,1.0,1.0
frozen,-1,reference_only,1.0,40,0,0.0,False,1.0,False,0.0,1.0
frozen,-1,reference_only,1.0,40,1,1.0,True,1.0,True,1.0,1.0
frozen,-1,reference_only,1.0,41,0,0.0,False,1.0,False,0.0,1.0
frozen,-1,reference_only,1.0,41,1,1.0,True,1.0,True,1.0,1.0
frozen,-1,reference_only,1.0,42,0,0.0,False,1.0,False,0.0,1.0
frozen,-1,reference_only,1.0,42,1,1.0,True,1.0,True,1.0,1.0
frozen,-1,reference_only,1.0,43,0,0.0,False,1.0,False,0.0,1.0
frozen,-1,reference_only,1.0,43,1,1.0,True,1.0,True,1.0,1.0
frozen,-1,reference_only,1.0,44,0,0.0,False,1.0,False,0.0,1.0
frozen,-1,reference_only,1.0,44,1,1.0,True,1.0,True,1.0,1.0
frozen,-1,reference_only,1.0,45,0,0.0,False,1.0,False,0.0,1.0
frozen,-1,reference_only,1.0,45,1,1.0,True,1.0,True,1.0,1.0
frozen,-1,reference_only,1.0,46,0,0.0,False,1.0,False,0.0,1.0
frozen,-1,reference_only,1.0,46,1,1.0,True,1.0,True,1.0,1.0
frozen,-1,reference_only,1.0,47,0,0.0,False,1.0,False,0.0,1.0
frozen,-1,reference_only,1.0,47,1,1.0,True,1.0,True,1.0,1.0
frozen,-1,reference_only,1.0,48,0,0.0,False,1.0,False,0.0,1.0
frozen,-1,reference_only,1.0,48,1,1.0,True,1.0,True,1.0,1.0
frozen,-1,reference_only,1.0,49,0,0.0,False,1.0,False,0.0,1.0
frozen,-1,reference_only,1.0,49,1,1.0,True,1.0,True,1.0,1.0
frozen,-1,reference_only,1.0,50,0,0.0,False,1.0,False,0.0,1.0
frozen,-1,reference_only,1.0,50,1,1.0,True,1.0,True,1.0,1.0
frozen,-1,reference_only,1.0,51,0,0.0,False,1.0,False,0.0,1.0
frozen,-1,reference_only,1.0,51,1,1.0,True,1.0,True,1.0,1.0
frozen,-1,reference_only,1.0,52,0,0.0,False,1.0,False,0.0,1.0
frozen,-1,reference_only,1.0,52,1,1.0,True,1.0,True,1.0,1.0
frozen,-1,reference_only,1.0,53,0,0.0,False,1.0,False,0.0,1.0
frozen,-1,reference_only,1.0,53,1,1.0,True,1.0,True,1.0,1.0
frozen,-1,reference_only,1.0,54,0,0.0,False,1.0,False,0.0,1.0
frozen,-1,reference_only,1.0,54,1,1.0,True,1.0,True,1.0,1.0
frozen,-1,reference_only,1.0,55,0,0.0,False,1.0,False,0.0,1.0
frozen,-1,reference_only,1.0,55,1,1.0,True,1.0,True,1.0,1.0
frozen,-1,reference_only,1.0,56,0,0.0,False,1.0,False,0.0,1.0
frozen,-1,reference_only,1.0,56,1,1.0,True,1.0,True,1.0,1.0
frozen,-1,reference_only,1.0,57,0,0.0,False,1.0,False,0.0,1.0
frozen,-1,reference_only,1.0,57,1,1.0,True,1.0,True,1.0,1.0
frozen,-1,reference_only,1.0,58,0,0.0,False,1.0,False,0.0,1.0
frozen,-1,reference_only,1.0,58,1,1.0,True,1.0,True,1.0,1.0
frozen,-1,reference_only,1.0,59,0,0.0,False,1.0,False,0.0,1.0
frozen,-1,reference_only,1.0,59,1,1.0,True,1.0,True,1.0,1.0
frozen,-1,reference_only,1.0,60,0,0.0,False,1.0,False,0.0,1.0
frozen,-1,reference_only,1.0,60,1,1.0,True,1.0,True,1.0,1.0
frozen,-1,reference_only,1.0,61,0,0.0,False,1.0,False,0.0,1.0
frozen,-1,reference_only,1.0,61,1,1.0,True,1.0,True,1.0,1.0
frozen,-1,reference_only,1.0,62,0,0.0,False,1.0,False,0.0,1.0
frozen,-1,reference_only,1.0,62,1,1.0,True,1.0,True,1.0,1.0
frozen,-1,reference_only,1.0,63,0,0.0,False,1.0,False,0.0,1.0
frozen,-1,reference_only,1.0,63,1,1.0,True,1.0,True,1.0,1.0
frozen,-1,reference_only,1.0,64,0,0.0,False,1.0,False,0.0,1.0
frozen,-1,reference_only,1.0,64,1,1.0,True,1.0,True,1.0,1.0
frozen,-1,reference_only,1.0,65,0,0.0,False,1.0,False,0.0,1.0
frozen,-1,reference_only,1.0,65,1,1.0,True,1.0,True,1.0,1.0
frozen,-1,reference_only,1.0,66,0,0.0,False,1.0,False,0.0,1.0
frozen,-1,reference_only,1.0,66,1,1.0,True,1.0,True,1.0,1.0
frozen,-1,reference_only,1.0,67,0,0.0,False,1.0,False,0.0,1.0
frozen,-1,reference_only,1.0,67,1,1.0,True,1.0,True,1.0,1.0
frozen,-1,reference_only,1.0,68,0,0.0,False,1.0,False,0.0,1.0
frozen,-1,reference_only,1.0,68,1,1.0,True,1.0,True,1.0,1.0
frozen,-1,reference_only,1.0,69,0,0.0,False,1.0,False,0.0,1.0
frozen,-1,reference_only,1.0,69,1,1.0,True,1.0,True,1.0,1.0
frozen,-1,reference_only,1.0,70,0,0.0,False,1.0,False,0.0,1.0
frozen,-1,reference_only,1.0,70,1,1.0,True,1.0,True,1.0,1.0
frozen,-1,reference_only,1.0,71,0,0.0,False,1.0,False,0.0,1.0
frozen,-1,reference_only,1.0,71,1,1.0,True,1.0,True,1.0,1.0
frozen,-1,reference_only,1.0,72,0,0.0,False,1.0,False,0.0,1.0
frozen,-1,reference_only,1.0,72,1,1.0,True,1.0,True,1.0,1.0
frozen,-1,reference_only,1.0,73,0,0.0,False,1.0,False,0.0,1.0
frozen,-1,reference_only,1.0,73,1,1.0,True,1.0,True,1.0,1.0
frozen,-1,reference_only,1.0,74,0,0.0,False,1.0,False,0.0,1.0
frozen,-1,reference_only,1.0,74,1,1.0,True,1.0,True,1.0,1.0
frozen,-1,reference_only,1.0,75,0,0.0,False,1.0,False,0.0,1.0
frozen,-1,reference_only,1.0,75,1,1.0,True,1.0,True,1.0,1.0
frozen,-1,reference_only,1.0,76,0,0.0,False,1.0,False,0.0,1.0
frozen,-1,reference_only,1.0,76,1,1.0,True,1.0,True,1.0,1.0
frozen,-1,reference_only,1.0,77,0,0.0,False,1.0,False,0.0,1.0
frozen,-1,reference_only,1.0,77,1,1.0,True,1.0,True,1.0,1.0
frozen,-1,reference_only,1.0,78,0,0.0,False,1.0,False,0.0,1.0
frozen,-1,reference_only,1.0,78,1,1.0,True,1.0,True,1.0,1.0
frozen,-1,reference_only,1.0,79,0,0.0,False,1.0,False,0.0,1.0
frozen,-1,reference_only,1.0,79,1,1.0,True,1.0,True,1.0,1.0
frozen,-1,reference_only,1.0,80,0,0.0,False,1.0,False,0.0,1.0
frozen,-1,reference_only,1.0,80,1,1.0,True,1.0,True,1.0,1.0
bridge,-1,gated,0.0,1,0,0.025,False,0.0,False,0.975,0.0
bridge,-1,gated,0.0,2,0,0.05,False,0.0,False,0.95,0.0
bridge,-1,gated,0.0,3,0,0.075,False,0.0,False,0.925,0.0
bridge,-1,gated,0.0,4,0,0.1,False,0.0,False,0.9,0.0
bridge,-1,gated,0.0,5,0,0.125,False,0.0,False,0.875,0.0
bridge,-1,gated,0.0,6,0,0.15,False,0.0,False,0.85,0.0
bridge,-1,gated,0.0,7,0,0.175,False,0.0,False,0.825,0.0
bridge,-1,gated,0.0,8,0,0.2,False,0.0,False,0.8,0.0
bridge,-1,gated,0.0,9,0,0.225,False,0.0,False,0.775,0.0
bridge,-1,gated,0.0,10,0,0.25,False,0.0,False,0.75,0.0
bridge,-1,gated,0.0,11,0,0.275,False,0.0,False,0.725,0.0
bridge,-1,gated,0.0,12,0,0.3,False,0.0,False,0.7,0.0
bridge,-1,gated,0.0,13,0,0.325,False,0.0,False,0.675,0.0
bridge,-1,gated,0.0,14,0,0.35,False,0.0,False,0.65,0.0
bridge,-1,gated,0.0,15,0,0.375,False,0.0,False,0.625,0.0
bridge,-1,gated,0.0,16,0,0.4,False,0.0,False,0.6,0.0
bridge,-1,gated,0.0,17,0,0.425,False,0.0,False,0.575,0.0
bridge,-1,gated,0.0,18,0,0.45,False,0.0,False,0.55,0.0
bridge,-1,gated,0.0,19,0,0.475,False,0.0,False,0.525,0.0
bridge,-1,gated,0.0,20,0,0.5,False,0.0,False,0.5,0.0
bridge,-1,gated,0.0,21,0,0.525,False,0.0,False,0.475,0.0
bridge,-1,gated,0.0,22,0,0.55,False,0.0,False,0.44999999999999996,0.0
bridge,-1,gated,0.0,23,0,0.575,False,0.0,False,0.42500000000000004,0.0
bridge,-1,gated,0.0,24,0,0.6,False,0.0,False,0.4,0.0
bridge,-1,gated,0.0,25,0,0.625,False,0.0,False,0.375,0.0
bridge,-1,gated,0.0,26,0,0.65,False,0.0,False,0.35,0.0
bridge,-1,gated,0.0,27,0,0.675,False,0.0,False,0.32499999999999996,0.0
bridge,-1,gated,0.0,28,0,0.7,False,0.0,False,0.30000000000000004,0.0
bridge,-1,gated,0.0,29,0,0.725,False,0.0,False,0.275,0.0
bridge,-1,gated,0.0,30,0,0.75,False,0.0,False,0.25,0.0
bridge,-1,gated,0.0,31,0,0.775,False,0.0,False,0.22499999999999998,0.0
bridge,-1,gated,0.0,32,0,0.8,False,0.0,False,0.19999999999999996,0.0
bridge,-1,gated,0.0,33,0,0.825,False,0.0,False,0.17500000000000004,0.0
bridge,-1,gated,0.0,34,0,0.85,False,0.0,False,0.15000000000000002,0.0
bridge,-1,gated,0.0,35,0,0.875,False,0.0,False,0.125,0.0
bridge,-1,gated,0.0,36,0,0.9,False,0.0,False,0.09999999999999998,0.0
bridge,-1,gated,0.0,37,0,0.925,False,0.0,False,0.07499999999999996,0.0
bridge,-1,gated,0.0,38,0,0.95,False,0.0,False,0.050000000000000044,0.0
bridge,-1,gated,0.0,39,0,0.975,False,0.0,False,0.025000000000000022,0.0
bridge,-1,gated,0.0,40,0,1.0,True,0.0,False,0.0,0.0
bridge,-1,gated,0.0,41,0,1.0,True,0.0,False,0.0,0.0
bridge,-1,gated,0.0,42,0,1.0,True,0.0,False,0.0,0.0
bridge,-1,gated,0.0,43,0,1.0,True,0.0,False,0.0,0.0
bridge,-1,gated,0.0,44,0,1.0,True,0.0,False,0.0,0.0
bridge,-1,gated,0.0,45,0,1.0,True,0.0,False,0.0,0.0
bridge,-1,gated,0.0,46,0,1.0,True,0.0,False,0.0,0.0
bridge,-1,gated,0.0,47,0,1.0,True,0.0,False,0.0,0.0
bridge,-1,gated,0.0,48,0,1.0,True,0.0,False,0.0,0.0
bridge,-1,gated,0.0,49,0,1.0,True,0.0,False,0.0,0.0
bridge,-1,gated,0.0,50,0,1.0,True,0.0,False,0.0,0.0
bridge,-1,gated,0.0,51,0,1.0,True,0.0,False,0.0,0.0
bridge,-1,gated,0.0,52,0,1.0,True,0.0,False,0.0,0.0
bridge,-1,gated,0.0,53,0,1.0,True,0.0,False,0.0,0.0
bridge,-1,gated,0.0,54,0,1.0,True,0.0,False,0.0,0.0
bridge,-1,gated,0.0,55,0,1.0,True,0.0,False,0.0,0.0
bridge,-1,gated,0.0,56,0,1.0,True,0.0,False,0.0,0.0
bridge,-1,gated,0.0,57,0,1.0,True,0.0,False,0.0,0.0
bridge,-1,gated,0.0,58,0,1.0,True,0.0,False,0.0,0.0
bridge,-1,gated,0.0,59,0,1.0,True,0.0,False,0.0,0.0
bridge,-1,gated,0.0,60,0,1.0,True,0.0,False,0.0,0.0
bridge,-1,gated,0.0,61,0,1.0,True,0.0,False,0.0,0.0
bridge,-1,gated,0.0,62,0,1.0,True,0.0,False,0.0,0.0
bridge,-1,gated,0.0,63,0,1.0,True,0.0,False,0.0,0.0
bridge,-1,gated,0.0,64,0,1.0,True,0.0,False,0.0,0.0
bridge,-1,gated,0.0,65,0,1.0,True,0.0,False,0.0,0.0
bridge,-1,gated,0.0,66,0,1.0,True,0.0,False,0.0,0.0
bridge,-1,gated,0.0,67,0,1.0,True,0.0,False,0.0,0.0
bridge,-1,gated,0.0,68,0,1.0,True,0.0,False,0.0,0.0
bridge,-1,gated,0.0,69,0,1.0,True,0.0,False,0.0,0.0
bridge,-1,gated,0.0,70,0,1.0,True,0.0,False,0.0,0.0
bridge,-1,gated,0.0,71,0,1.0,True,0.0,False,0.0,0.0
bridge,-1,gated,0.0,72,0,1.0,True,0.0,False,0.0,0.0
bridge,-1,gated,0.0,73,0,1.0,True,0.0,False,0.0,0.0
bridge,-1,gated,0.0,74,0,1.0,True,0.0,False,0.0,0.0
bridge,-1,gated,0.0,75,0,1.0,True,0.0,False,0.0,0.0
bridge,-1,gated,0.0,76,0,1.0,True,0.0,False,0.0,0.0
bridge,-1,gated,0.0,77,0,1.0,True,0.0,False,0.0,0.0
bridge,-1,gated,0.0,78,0,1.0,True,0.0,False,0.0,0.0
bridge,-1,gated,0.0,79,0,1.0,True,0.0,False,0.0,0.0
bridge,-1,gated,0.0,80,0,1.0,True,0.0,False,0.0,0.0
bridge,-1,accept_all,0.0,1,0,0.025,False,0.0,True,0.975,0.025
bridge,-1,accept_all,0.0,2,0,0.05,False,0.025,True,0.975,0.05
bridge,-1,accept_all,0.0,3,0,0.075,False,0.05,True,0.975,0.075
bridge,-1,accept_all,0.0,4,0,0.1,False,0.075,True,0.975,0.1
bridge,-1,accept_all,0.0,5,0,0.125,False,0.1,True,0.975,0.125
bridge,-1,accept_all,0.0,6,0,0.15,False,0.125,True,0.975,0.15
bridge,-1,accept_all,0.0,7,0,0.175,False,0.15,True,0.975,0.175
bridge,-1,accept_all,0.0,8,0,0.2,False,0.175,True,0.975,0.2
bridge,-1,accept_all,0.0,9,0,0.225,False,0.2,True,0.975,0.225
bridge,-1,accept_all,0.0,10,0,0.25,False,0.225,True,0.975,0.25
bridge,-1,accept_all,0.0,11,0,0.275,False,0.25,True,0.975,0.275
bridge,-1,accept_all,0.0,12,0,0.3,False,0.275,True,0.9750000000000001,0.3
bridge,-1,accept_all,0.0,13,0,0.325,False,0.3,True,0.975,0.325
bridge,-1,accept_all,0.0,14,0,0.35,False,0.325,True,0.9750000000000001,0.35
bridge,-1,accept_all,0.0,15,0,0.375,False,0.35,True,0.975,0.375
bridge,-1,accept_all,0.0,16,0,0.4,False,0.375,True,0.975,0.4
bridge,-1,accept_all,0.0,17,0,0.425,False,0.4,True,0.9750000000000001,0.425
bridge,-1,accept_all,0.0,18,0,0.45,False,0.425,True,0.975,0.45
bridge,-1,accept_all,0.0,19,0,0.475,False,0.45,True,0.9750000000000001,0.475
bridge,-1,accept_all,0.0,20,0,0.5,False,0.475,True,0.975,0.5
bridge,-1,accept_all,0.0,21,0,0.525,False,0.5,True,0.975,0.525
bridge,-1,accept_all,0.0,22,0,0.55,False,0.525,True,0.975,0.55
bridge,-1,accept_all,0.0,23,0,0.575,False,0.55,True,0.9750000000000001,0.575
bridge,-1,accept_all,0.0,24,0,0.6,False,0.575,True,0.975,0.6
bridge,-1,accept_all,0.0,25,0,0.625,False,0.6,True,0.975,0.625
bridge,-1,accept_all,0.0,26,0,0.65,False,0.625,True,0.975,0.65
bridge,-1,accept_all,0.0,27,0,0.675,False,0.65,True,0.975,0.675
bridge,-1,accept_all,0.0,28,0,0.7,False,0.675,True,0.9750000000000001,0.7
bridge,-1,accept_all,0.0,29,0,0.725,False,0.7,True,0.975,0.725
bridge,-1,accept_all,0.0,30,0,0.75,False,0.725,True,0.975,0.75
bridge,-1,accept_all,0.0,31,0,0.775,False,0.75,True,0.975,0.775
bridge,-1,accept_all,0.0,32,0,0.8,False,0.775,True,0.975,0.8
bridge,-1,accept_all,0.0,33,0,0.825,False,0.8,True,0.9750000000000001,0.825
bridge,-1,accept_all,0.0,34,0,0.85,False,0.825,True,0.975,0.85
bridge,-1,accept_all,0.0,35,0,0.875,False,0.85,True,0.975,0.875
bridge,-1,accept_all,0.0,36,0,0.9,False,0.875,True,0.975,0.9
bridge,-1,accept_all,0.0,37,0,0.925,False,0.9,True,0.975,0.925
bridge,-1,accept_all,0.0,38,0,0.95,False,0.925,True,0.9750000000000001,0.95
bridge,-1,accept_all,0.0,39,0,0.975,False,0.95,True,0.975,0.975
bridge,-1,accept_all,0.0,40,0,1.0,True,0.975,True,0.975,1.0
bridge,-1,accept_all,0.0,41,0,1.0,True,1.0,True,1.0,1.0
bridge,-1,accept_all,0.0,42,0,1.0,True,1.0,True,1.0,1.0
bridge,-1,accept_all,0.0,43,0,1.0,True,1.0,True,1.0,1.0
bridge,-1,accept_all,0.0,44,0,1.0,True,1.0,True,1.0,1.0
bridge,-1,accept_all,0.0,45,0,1.0,True,1.0,True,1.0,1.0
bridge,-1,accept_all,0.0,46,0,1.0,True,1.0,True,1.0,1.0
bridge,-1,accept_all,0.0,47,0,1.0,True,1.0,True,1.0,1.0
bridge,-1,accept_all,0.0,48,0,1.0,True,1.0,True,1.0,1.0
bridge,-1,accept_all,0.0,49,0,1.0,True,1.0,True,1.0,1.0
bridge,-1,accept_all,0.0,50,0,1.0,True,1.0,True,1.0,1.0
bridge,-1,accept_all,0.0,51,0,1.0,True,1.0,True,1.0,1.0
bridge,-1,accept_all,0.0,52,0,1.0,True,1.0,True,1.0,1.0
bridge,-1,accept_all,0.0,53,0,1.0,True,1.0,True,1.0,1.0
bridge,-1,accept_all,0.0,54,0,1.0,True,1.0,True,1.0,1.0
bridge,-1,accept_all,0.0,55,0,1.0,True,1.0,True,1.0,1.0
bridge,-1,accept_all,0.0,56,0,1.0,True,1.0,True,1.0,1.0
bridge,-1,accept_all,0.0,57,0,1.0,True,1.0,True,1.0,1.0
bridge,-1,accept_all,0.0,58,0,1.0,True,1.0,True,1.0,1.0
bridge,-1,accept_all,0.0,59,0,1.0,True,1.0,True,1.0,1.0
bridge,-1,accept_all,0.0,60,0,1.0,True,1.0,True,1.0,1.0
bridge,-1,accept_all,0.0,61,0,1.0,True,1.0,True,1.0,1.0
bridge,-1,accept_all,0.0,62,0,1.0,True,1.0,True,1.0,1.0
bridge,-1,accept_all,0.0,63,0,1.0,True,1.0,True,1.0,1.0
bridge,-1,accept_all,0.0,64,0,1.0,True,1.0,True,1.0,1.0
bridge,-1,accept_all,0.0,65,0,1.0,True,1.0,True,1.0,1.0
bridge,-1,accept_all,0.0,66,0,1.0,True,1.0,True,1.0,1.0
bridge,-1,accept_all,0.0,67,0,1.0,True,1.0,True,1.0,1.0
bridge,-1,accept_all,0.0,68,0,1.0,True,1.0,True,1.0,1.0
bridge,-1,accept_all,0.0,69,0,1.0,True,1.0,True,1.0,1.0
bridge,-1,accept_all,0.0,70,0,1.0,True,1.0,True,1.0,1.0
bridge,-1,accept_all,0.0,71,0,1.0,True,1.0,True,1.0,1.0
bridge,-1,accept_all,0.0,72,0,1.0,True,1.0,True,1.0,1.0
bridge,-1,accept_all,0.0,73,0,1.0,True,1.0,True,1.0,1.0
bridge,-1,accept_all,0.0,74,0,1.0,True,1.0,True,1.0,1.0
bridge,-1,accept_all,0.0,75,0,1.0,True,1.0,True,1.0,1.0
bridge,-1,accept_all,0.0,76,0,1.0,True,1.0,True,1.0,1.0
bridge,-1,accept_all,0.0,77,0,1.0,True,1.0,True,1.0,1.0
bridge,-1,accept_all,0.0,78,0,1.0,True,1.0,True,1.0,1.0
bridge,-1,accept_all,0.0,79,0,1.0,True,1.0,True,1.0,1.0
bridge,-1,accept_all,0.0,80,0,1.0,True,1.0,True,1.0,1.0
bridge,-1,reference_only,0.0,1,0,0.025,False,0.0,False,0.975,0.0
bridge,-1,reference_only,0.0,2,0,0.05,False,0.0,False,0.95,0.0
bridge,-1,reference_only,0.0,3,0,0.075,False,0.0,False,0.925,0.0
bridge,-1,reference_only,0.0,4,0,0.1,False,0.0,False,0.9,0.0
bridge,-1,reference_only,0.0,5,0,0.125,False,0.0,False,0.875,0.0
bridge,-1,reference_only,0.0,6,0,0.15,False,0.0,False,0.85,0.0
bridge,-1,reference_only,0.0,7,0,0.175,False,0.0,False,0.825,0.0
bridge,-1,reference_only,0.0,8,0,0.2,False,0.0,False,0.8,0.0
bridge,-1,reference_only,0.0,9,0,0.225,False,0.0,False,0.775,0.0
bridge,-1,reference_only,0.0,10,0,0.25,False,0.0,False,0.75,0.0
bridge,-1,reference_only,0.0,11,0,0.275,False,0.0,False,0.725,0.0
bridge,-1,reference_only,0.0,12,0,0.3,False,0.0,False,0.7,0.0
bridge,-1,reference_only,0.0,13,0,0.325,False,0.0,False,0.675,0.0
bridge,-1,reference_only,0.0,14,0,0.35,False,0.0,False,0.65,0.0
bridge,-1,reference_only,0.0,15,0,0.375,False,0.0,False,0.625,0.0
bridge,-1,reference_only,0.0,16,0,0.4,False,0.0,False,0.6,0.0
bridge,-1,reference_only,0.0,17,0,0.425,False,0.0,False,0.575,0.0
bridge,-1,reference_only,0.0,18,0,0.45,False,0.0,False,0.55,0.0
bridge,-1,reference_only,0.0,19,0,0.475,False,0.0,False,0.525,0.0
bridge,-1,reference_only,0.0,20,0,0.5,False,0.0,False,0.5,0.0
bridge,-1,reference_only,0.0,21,0,0.525,False,0.0,False,0.475,0.0
bridge,-1,reference_only,0.0,22,0,0.55,False,0.0,False,0.44999999999999996,0.0
bridge,-1,reference_only,0.0,23,0,0.575,False,0.0,False,0.42500000000000004,0.0
bridge,-1,reference_only,0.0,24,0,0.6,False,0.0,False,0.4,0.0
bridge,-1,reference_only,0.0,25,0,0.625,False,0.0,False,0.375,0.0
bridge,-1,reference_only,0.0,26,0,0.65,False,0.0,False,0.35,0.0
bridge,-1,reference_only,0.0,27,0,0.675,False,0.0,False,0.32499999999999996,0.0
bridge,-1,reference_only,0.0,28,0,0.7,False,0.0,False,0.30000000000000004,0.0
bridge,-1,reference_only,0.0,29,0,0.725,False,0.0,False,0.275,0.0
bridge,-1,reference_only,0.0,30,0,0.75,False,0.0,False,0.25,0.0
bridge,-1,reference_only,0.0,31,0,0.775,False,0.0,False,0.22499999999999998,0.0
bridge,-1,reference_only,0.0,32,0,0.8,False,0.0,False,0.19999999999999996,0.0
bridge,-1,reference_only,0.0,33,0,0.825,False,0.0,False,0.17500000000000004,0.0
bridge,-1,reference_only,0.0,34,0,0.85,False,0.0,False,0.15000000000000002,0.0
bridge,-1,reference_only,0.0,35,0,0.875,False,0.0,False,0.125,0.0
bridge,-1,reference_only,0.0,36,0,0.9,False,0.0,False,0.09999999999999998,0.0
bridge,-1,reference_only,0.0,37,0,0.925,False,0.0,False,0.07499999999999996,0.0
bridge,-1,reference_only,0.0,38,0,0.95,False,0.0,False,0.050000000000000044,0.0
bridge,-1,reference_only,0.0,39,0,0.975,False,0.0,False,0.025000000000000022,0.0
bridge,-1,reference_only,0.0,40,0,1.0,True,0.0,True,0.0,1.0
bridge,-1,reference_only,0.0,41,0,1.0,True,1.0,True,1.0,1.0
bridge,-1,reference_only,0.0,42,0,1.0,True,1.0,True,1.0,1.0
bridge,-1,reference_only,0.0,43,0,1.0,True,1.0,True,1.0,1.0
bridge,-1,reference_only,0.0,44,0,1.0,True,1.0,True,1.0,1.0
bridge,-1,reference_only,0.0,45,0,1.0,True,1.0,True,1.0,1.0
bridge,-1,reference_only,0.0,46,0,1.0,True,1.0,True,1.0,1.0
bridge,-1,reference_only,0.0,47,0,1.0,True,1.0,True,1.0,1.0
bridge,-1,reference_only,0.0,48,0,1.0,True,1.0,True,1.0,1.0
bridge,-1,reference_only,0.0,49,0,1.0,True,1.0,True,1.0,1.0
bridge,-1,reference_only,0.0,50,0,1.0,True,1.0,True,1.0,1.0
bridge,-1,reference_only,0.0,51,0,1.0,True,1.0,True,1.0,1.0
bridge,-1,reference_only,0.0,52,0,1.0,True,1.0,True,1.0,1.0
bridge,-1,reference_only,0.0,53,0,1.0,True,1.0,True,1.0,1.0
bridge,-1,reference_only,0.0,54,0,1.0,True,1.0,True,1.0,1.0
bridge,-1,reference_only,0.0,55,0,1.0,True,1.0,True,1.0,1.0
bridge,-1,reference_only,0.0,56,0,1.0,True,1.0,True,1.0,1.0
bridge,-1,reference_only,0.0,57,0,1.0,True,1.0,True,1.0,1.0
bridge,-1,reference_only,0.0,58,0,1.0,True,1.0,True,1.0,1.0
bridge,-1,reference_only,0.0,59,0,1.0,True,1.0,True,1.0,1.0
bridge,-1,reference_only,0.0,60,0,1.0,True,1.0,True,1.0,1.0
bridge,-1,reference_only,0.0,61,0,1.0,True,1.0,True,1.0,1.0
bridge,-1,reference_only,0.0,62,0,1.0,True,1.0,True,1.0,1.0
bridge,-1,reference_only,0.0,63,0,1.0,True,1.0,True,1.0,1.0
bridge,-1,reference_only,0.0,64,0,1.0,True,1.0,True,1.0,1.0
bridge,-1,reference_only,0.0,65,0,1.0,True,1.0,True,1.0,1.0
bridge,-1,reference_only,0.0,66,0,1.0,True,1.0,True,1.0,1.0
bridge,-1,reference_only,0.0,67,0,1.0,True,1.0,True,1.0,1.0
bridge,-1,reference_only,0.0,68,0,1.0,True,1.0,True,1.0,1.0
bridge,-1,reference_only,0.0,69,0,1.0,True,1.0,True,1.0,1.0
bridge,-1,reference_only,0.0,70,0,1.0,True,1.0,True,1.0,1.0
bridge,-1,reference_only,0.0,71,0,1.0,True,1.0,True,1.0,1.0
bridge,-1,reference_only,0.0,72,0,1.0,True,1.0,True,1.0,1.0
bridge,-1,reference_only,0.0,73,0,1.0,True,1.0,True,1.0,1.0
bridge,-1,reference_only,0.0,74,0,1.0,True,1.0,True,1.0,1.0
bridge,-1,reference_only,0.0,75,0,1.0,True,1.0,True,1.0,1.0
bridge,-1,reference_only,0.0,76,0,1.0,True,1.0,True,1.0,1.0
bridge,-1,reference_only,0.0,77,0,1.0,True,1.0,True,1.0,1.0
bridge,-1,reference_only,0.0,78,0,1.0,True,1.0,True,1.0,1.0
bridge,-1,reference_only,0.0,79,0,1.0,True,1.0,True,1.0,1.0
bridge,-1,reference_only,0.0,80,0,1.0,True,1.0,True,1.0,1.0
bridge,-1,gated,0.01,1,0,0.025,False,0.0,False,0.975,0.0
bridge,-1,gated,0.01,2,0,0.05,False,0.0,False,0.95,0.0
bridge,-1,gated,0.01,3,0,0.075,False,0.0,False,0.925,0.0
bridge,-1,gated,0.01,4,0,0.1,False,0.0,False,0.9,0.0
bridge,-1,gated,0.01,5,0,0.125,False,0.0,False,0.875,0.0
bridge,-1,gated,0.01,6,0,0.15,False,0.0,False,0.85,0.0
bridge,-1,gated,0.01,7,0,0.175,False,0.0,False,0.825,0.0
bridge,-1,gated,0.01,8,0,0.2,False,0.0,False,0.8,0.0
bridge,-1,gated,0.01,9,0,0.225,False,0.0,False,0.775,0.0
bridge,-1,gated,0.01,10,0,0.25,False,0.0,False,0.75,0.0
bridge,-1,gated,0.01,11,0,0.275,False,0.0,False,0.725,0.0
bridge,-1,gated,0.01,12,0,0.3,False,0.0,False,0.7,0.0
bridge,-1,gated,0.01,13,0,0.325,False,0.0,False,0.675,0.0
bridge,-1,gated,0.01,14,0,0.35,False,0.0,False,0.65,0.0
bridge,-1,gated,0.01,15,0,0.375,False,0.0,False,0.625,0.0
bridge,-1,gated,0.01,16,0,0.4,False,0.0,False,0.6,0.0
bridge,-1,gated,0.01,17,0,0.425,False,0.0,False,0.575,0.0
bridge,-1,gated,0.01,18,0,0.45,False,0.0,False,0.55,0.0
bridge,-1,gated,0.01,19,0,0.475,False,0.0,False,0.525,0.0
bridge,-1,gated,0.01,20,0,0.5,False,0.0,False,0.5,0.0
bridge,-1,gated,0.01,21,0,0.525,False,0.0,False,0.475,0.0
bridge,-1,gated,0.01,22,0,0.55,False,0.0,False,0.44999999999999996,0.0
bridge,-1,gated,0.01,23,0,0.575,False,0.0,False,0.42500000000000004,0.0
bridge,-1,gated,0.01,24,0,0.6,False,0.0,False,0.4,0.0
bridge,-1,gated,0.01,25,0,0.625,False,0.0,False,0.375,0.0
bridge,-1,gated,0.01,26,0,0.65,False,0.0,False,0.35,0.0
bridge,-1,gated,0.01,27,0,0.675,False,0.0,False,0.32499999999999996,0.0
bridge,-1,gated,0.01,28,0,0.7,False,0.0,False,0.30000000000000004,0.0
bridge,-1,gated,0.01,29,0,0.725,False,0.0,False,0.275,0.0
bridge,-1,gated,0.01,30,0,0.75,False,0.0,False,0.25,0.0
bridge,-1,gated,0.01,31,0,0.775,False,0.0,False,0.22499999999999998,0.0
bridge,-1,gated,0.01,32,0,0.8,False,0.0,False,0.19999999999999996,0.0
bridge,-1,gated,0.01,33,0,0.825,False,0.0,False,0.17500000000000004,0.0
bridge,-1,gated,0.01,34,0,0.85,False,0.0,False,0.15000000000000002,0.0
bridge,-1,gated,0.01,35,0,0.875,False,0.0,False,0.125,0.0
bridge,-1,gated,0.01,36,0,0.9,False,0.0,False,0.09999999999999998,0.0
bridge,-1,gated,0.01,37,0,0.925,False,0.0,False,0.07499999999999996,0.0
bridge,-1,gated,0.01,38,0,0.95,False,0.0,False,0.050000000000000044,0.0
bridge,-1,gated,0.01,39,0,0.975,False,0.0,False,0.025000000000000022,0.0
bridge,-1,gated,0.01,40,0,1.0,True,0.0,False,0.0,0.0
bridge,-1,gated,0.01,41,0,1.0,True,0.0,False,0.0,0.0
bridge,-1,gated,0.01,42,0,1.0,True,0.0,False,0.0,0.0
bridge,-1,gated,0.01,43,0,1.0,True,0.0,False,0.0,0.0
bridge,-1,gated,0.01,44,0,1.0,True,0.0,False,0.0,0.0
bridge,-1,gated,0.01,45,0,1.0,True,0.0,False,0.0,0.0
bridge,-1,gated,0.01,46,0,1.0,True,0.0,False,0.0,0.0
bridge,-1,gated,0.01,47,0,1.0,True,0.0,False,0.0,0.0
bridge,-1,gated,0.01,48,0,1.0,True,0.0,False,0.0,0.0
bridge,-1,gated,0.01,49,0,1.0,True,0.0,False,0.0,0.0
bridge,-1,gated,0.01,50,0,1.0,True,0.0,False,0.0,0.0
bridge,-1,gated,0.01,51,0,1.0,True,0.0,False,0.0,0.0
bridge,-1,gated,0.01,52,0,1.0,True,0.0,False,0.0,0.0
bridge,-1,gated,0.01,53,0,1.0,True,0.0,False,0.0,0.0
bridge,-1,gated,0.01,54,0,1.0,True,0.0,False,0.0,0.0
bridge,-1,gated,0.01,55,0,1.0,True,0.0,False,0.0,0.0
bridge,-1,gated,0.01,56,0,1.0,True,0.0,False,0.0,0.0
bridge,-1,gated,0.01,57,0,1.0,True,0.0,False,0.0,0.0
bridge,-1,gated,0.01,58,0,1.0,True,0.0,False,0.0,0.0
bridge,-1,gated,0.01,59,0,1.0,True,0.0,False,0.0,0.0
bridge,-1,gated,0.01,60,0,1.0,True,0.0,False,0.0,0.0
bridge,-1,gated,0.01,61,0,1.0,True,0.0,False,0.0,0.0
bridge,-1,gated,0.01,62,0,1.0,True,0.0,False,0.0,0.0
bridge,-1,gated,0.01,63,0,1.0,True,0.0,False,0.0,0.0
bridge,-1,gated,0.01,64,0,1.0,True,0.0,False,0.0,0.0
bridge,-1,gated,0.01,65,0,1.0,True,0.0,False,0.0,0.0
bridge,-1,gated,0.01,66,0,1.0,True,0.0,False,0.0,0.0
bridge,-1,gated,0.01,67,0,1.0,True,0.0,False,0.0,0.0
bridge,-1,gated,0.01,68,0,1.0,True,0.0,False,0.0,0.0
bridge,-1,gated,0.01,69,0,1.0,True,0.0,False,0.0,0.0
bridge,-1,gated,0.01,70,0,1.0,True,0.0,False,0.0,0.0
bridge,-1,gated,0.01,71,0,1.0,True,0.0,False,0.0,0.0
bridge,-1,gated,0.01,72,0,1.0,True,0.0,False,0.0,0.0
bridge,-1,gated,0.01,73,0,1.0,True,0.0,False,0.0,0.0
bridge,-1,gated,0.01,74,0,1.0,True,0.0,False,0.0,0.0
bridge,-1,gated,0.01,75,0,1.0,True,0.0,False,0.0,0.0
bridge,-1,gated,0.01,76,0,1.0,True,0.0,False,0.0,0.0
bridge,-1,gated,0.01,77,0,1.0,True,0.0,False,0.0,0.0
bridge,-1,gated,0.01,78,0,1.0,True,0.0,False,0.0,0.0
bridge,-1,gated,0.01,79,0,1.0,True,0.0,False,0.0,0.0
bridge,-1,gated,0.01,80,0,1.0,True,0.0,False,0.0,0.0
bridge,-1,accept_all,0.01,1,0,0.025,False,0.0,True,0.975,0.025
bridge,-1,accept_all,0.01,2,0,0.05,False,0.025,True,0.975,0.05
bridge,-1,accept_all,0.01,3,0,0.075,False,0.05,True,0.975,0.075
bridge,-1,accept_all,0.01,4,0,0.1,False,0.075,True,0.975,0.1
bridge,-1,accept_all,0.01,5,0,0.125,False,0.1,True,0.975,0.125
bridge,-1,accept_all,0.01,6,0,0.15,False,0.125,True,0.975,0.15
bridge,-1,accept_all,0.01,7,0,0.175,False,0.15,True,0.975,0.175
bridge,-1,accept_all,0.01,8,0,0.2,False,0.175,True,0.975,0.2
bridge,-1,accept_all,0.01,9,0,0.225,False,0.2,True,0.975,0.225
bridge,-1,accept_all,0.01,10,0,0.25,False,0.225,True,0.975,0.25
bridge,-1,accept_all,0.01,11,0,0.275,False,0.25,True,0.975,0.275
bridge,-1,accept_all,0.01,12,0,0.3,False,0.275,True,0.9750000000000001,0.3
bridge,-1,accept_all,0.01,13,0,0.325,False,0.3,True,0.975,0.325
bridge,-1,accept_all,0.01,14,0,0.35,False,0.325,True,0.9750000000000001,0.35
bridge,-1,accept_all,0.01,15,0,0.375,False,0.35,True,0.975,0.375
bridge,-1,accept_all,0.01,16,0,0.4,False,0.375,True,0.975,0.4
bridge,-1,accept_all,0.01,17,0,0.425,False,0.4,True,0.9750000000000001,0.425
bridge,-1,accept_all,0.01,18,0,0.45,False,0.425,True,0.975,0.45
bridge,-1,accept_all,0.01,19,0,0.475,False,0.45,True,0.9750000000000001,0.475
bridge,-1,accept_all,0.01,20,0,0.5,False,0.475,True,0.975,0.5
bridge,-1,accept_all,0.01,21,0,0.525,False,0.5,True,0.975,0.525
bridge,-1,accept_all,0.01,22,0,0.55,False,0.525,True,0.975,0.55
bridge,-1,accept_all,0.01,23,0,0.575,False,0.55,True,0.9750000000000001,0.575
bridge,-1,accept_all,0.01,24,0,0.6,False,0.575,True,0.975,0.6
bridge,-1,accept_all,0.01,25,0,0.625,False,0.6,True,0.975,0.625
bridge,-1,accept_all,0.01,26,0,0.65,False,0.625,True,0.975,0.65
bridge,-1,accept_all,0.01,27,0,0.675,False,0.65,True,0.975,0.675
bridge,-1,accept_all,0.01,28,0,0.7,False,0.675,True,0.9750000000000001,0.7
bridge,-1,accept_all,0.01,29,0,0.725,False,0.7,True,0.975,0.725
bridge,-1,accept_all,0.01,30,0,0.75,False,0.725,True,0.975,0.75
bridge,-1,accept_all,0.01,31,0,0.775,False,0.75,True,0.975,0.775
bridge,-1,accept_all,0.01,32,0,0.8,False,0.775,True,0.975,0.8
bridge,-1,accept_all,0.01,33,0,0.825,False,0.8,True,0.9750000000000001,0.825
bridge,-1,accept_all,0.01,34,0,0.85,False,0.825,True,0.975,0.85
bridge,-1,accept_all,0.01,35,0,0.875,False,0.85,True,0.975,0.875
bridge,-1,accept_all,0.01,36,0,0.9,False,0.875,True,0.975,0.9
bridge,-1,accept_all,0.01,37,0,0.925,False,0.9,True,0.975,0.925
bridge,-1,accept_all,0.01,38,0,0.95,False,0.925,True,0.9750000000000001,0.95
bridge,-1,accept_all,0.01,39,0,0.975,False,0.95,True,0.975,0.975
bridge,-1,accept_all,0.01,40,0,1.0,True,0.975,True,0.975,1.0
bridge,-1,accept_all,0.01,41,0,1.0,True,1.0,True,1.0,1.0
bridge,-1,accept_all,0.01,42,0,1.0,True,1.0,True,1.0,1.0
bridge,-1,accept_all,0.01,43,0,1.0,True,1.0,True,1.0,1.0
bridge,-1,accept_all,0.01,44,0,1.0,True,1.0,True,1.0,1.0
bridge,-1,accept_all,0.01,45,0,1.0,True,1.0,True,1.0,1.0
bridge,-1,accept_all,0.01,46,0,1.0,True,1.0,True,1.0,1.0
bridge,-1,accept_all,0.01,47,0,1.0,True,1.0,True,1.0,1.0
bridge,-1,accept_all,0.01,48,0,1.0,True,1.0,True,1.0,1.0
bridge,-1,accept_all,0.01,49,0,1.0,True,1.0,True,1.0,1.0
bridge,-1,accept_all,0.01,50,0,1.0,True,1.0,True,1.0,1.0
bridge,-1,accept_all,0.01,51,0,1.0,True,1.0,True,1.0,1.0
bridge,-1,accept_all,0.01,52,0,1.0,True,1.0,True,1.0,1.0
bridge,-1,accept_all,0.01,53,0,1.0,True,1.0,True,1.0,1.0
bridge,-1,accept_all,0.01,54,0,1.0,True,1.0,True,1.0,1.0
bridge,-1,accept_all,0.01,55,0,1.0,True,1.0,True,1.0,1.0
bridge,-1,accept_all,0.01,56,0,1.0,True,1.0,True,1.0,1.0
bridge,-1,accept_all,0.01,57,0,1.0,True,1.0,True,1.0,1.0
bridge,-1,accept_all,0.01,58,0,1.0,True,1.0,True,1.0,1.0
bridge,-1,accept_all,0.01,59,0,1.0,True,1.0,True,1.0,1.0
bridge,-1,accept_all,0.01,60,0,1.0,True,1.0,True,1.0,1.0
bridge,-1,accept_all,0.01,61,0,1.0,True,1.0,True,1.0,1.0
bridge,-1,accept_all,0.01,62,0,1.0,True,1.0,True,1.0,1.0
bridge,-1,accept_all,0.01,63,0,1.0,True,1.0,True,1.0,1.0
bridge,-1,accept_all,0.01,64,0,1.0,True,1.0,True,1.0,1.0
bridge,-1,accept_all,0.01,65,0,1.0,True,1.0,True,1.0,1.0
bridge,-1,accept_all,0.01,66,0,1.0,True,1.0,True,1.0,1.0
bridge,-1,accept_all,0.01,67,0,1.0,True,1.0,True,1.0,1.0
bridge,-1,accept_all,0.01,68,0,1.0,True,1.0,True,1.0,1.0
bridge,-1,accept_all,0.01,69,0,1.0,True,1.0,True,1.0,1.0
bridge,-1,accept_all,0.01,70,0,1.0,True,1.0,True,1.0,1.0
bridge,-1,accept_all,0.01,71,0,1.0,True,1.0,True,1.0,1.0
bridge,-1,accept_all,0.01,72,0,1.0,True,1.0,True,1.0,1.0
bridge,-1,accept_all,0.01,73,0,1.0,True,1.0,True,1.0,1.0
bridge,-1,accept_all,0.01,74,0,1.0,True,1.0,True,1.0,1.0
bridge,-1,accept_all,0.01,75,0,1.0,True,1.0,True,1.0,1.0
bridge,-1,accept_all,0.01,76,0,1.0,True,1.0,True,1.0,1.0
bridge,-1,accept_all,0.01,77,0,1.0,True,1.0,True,1.0,1.0
bridge,-1,accept_all,0.01,78,0,1.0,True,1.0,True,1.0,1.0
bridge,-1,accept_all,0.01,79,0,1.0,True,1.0,True,1.0,1.0
bridge,-1,accept_all,0.01,80,0,1.0,True,1.0,True,1.0,1.0
bridge,-1,reference_only,0.01,1,0,0.025,False,0.0,False,0.975,0.0
bridge,-1,reference_only,0.01,2,0,0.05,False,0.0,False,0.95,0.0
bridge,-1,reference_only,0.01,3,0,0.075,False,0.0,False,0.925,0.0
bridge,-1,reference_only,0.01,4,0,0.1,False,0.0,False,0.9,0.0
bridge,-1,reference_only,0.01,5,0,0.125,False,0.0,False,0.875,0.0
bridge,-1,reference_only,0.01,6,0,0.15,False,0.0,False,0.85,0.0
bridge,-1,reference_only,0.01,7,0,0.175,False,0.0,False,0.825,0.0
bridge,-1,reference_only,0.01,8,0,0.2,False,0.0,False,0.8,0.0
bridge,-1,reference_only,0.01,9,0,0.225,False,0.0,False,0.775,0.0
bridge,-1,reference_only,0.01,10,0,0.25,False,0.0,False,0.75,0.0
bridge,-1,reference_only,0.01,11,0,0.275,False,0.0,False,0.725,0.0
bridge,-1,reference_only,0.01,12,0,0.3,False,0.0,False,0.7,0.0
bridge,-1,reference_only,0.01,13,0,0.325,False,0.0,False,0.675,0.0
bridge,-1,reference_only,0.01,14,0,0.35,False,0.0,False,0.65,0.0
bridge,-1,reference_only,0.01,15,0,0.375,False,0.0,False,0.625,0.0
bridge,-1,reference_only,0.01,16,0,0.4,False,0.0,False,0.6,0.0
bridge,-1,reference_only,0.01,17,0,0.425,False,0.0,False,0.575,0.0
bridge,-1,reference_only,0.01,18,0,0.45,False,0.0,False,0.55,0.0
bridge,-1,reference_only,0.01,19,0,0.475,False,0.0,False,0.525,0.0
bridge,-1,reference_only,0.01,20,0,0.5,False,0.0,False,0.5,0.0
bridge,-1,reference_only,0.01,21,0,0.525,False,0.0,False,0.475,0.0
bridge,-1,reference_only,0.01,22,0,0.55,False,0.0,False,0.44999999999999996,0.0
bridge,-1,reference_only,0.01,23,0,0.575,False,0.0,False,0.42500000000000004,0.0
bridge,-1,reference_only,0.01,24,0,0.6,False,0.0,False,0.4,0.0
bridge,-1,reference_only,0.01,25,0,0.625,False,0.0,False,0.375,0.0
bridge,-1,reference_only,0.01,26,0,0.65,False,0.0,False,0.35,0.0
bridge,-1,reference_only,0.01,27,0,0.675,False,0.0,False,0.32499999999999996,0.0
bridge,-1,reference_only,0.01,28,0,0.7,False,0.0,False,0.30000000000000004,0.0
bridge,-1,reference_only,0.01,29,0,0.725,False,0.0,False,0.275,0.0
bridge,-1,reference_only,0.01,30,0,0.75,False,0.0,False,0.25,0.0
bridge,-1,reference_only,0.01,31,0,0.775,False,0.0,False,0.22499999999999998,0.0
bridge,-1,reference_only,0.01,32,0,0.8,False,0.0,False,0.19999999999999996,0.0
bridge,-1,reference_only,0.01,33,0,0.825,False,0.0,False,0.17500000000000004,0.0
bridge,-1,reference_only,0.01,34,0,0.85,False,0.0,False,0.15000000000000002,0.0
bridge,-1,reference_only,0.01,35,0,0.875,False,0.0,False,0.125,0.0
bridge,-1,reference_only,0.01,36,0,0.9,False,0.0,False,0.09999999999999998,0.0
bridge,-1,reference_only,0.01,37,0,0.925,False,0.0,False,0.07499999999999996,0.0
bridge,-1,reference_only,0.01,38,0,0.95,False,0.0,False,0.050000000000000044,0.0
bridge,-1,reference_only,0.01,39,0,0.975,False,0.0,False,0.025000000000000022,0.0
bridge,-1,reference_only,0.01,40,0,1.0,True,0.0,True,0.0,1.0
bridge,-1,reference_only,0.01,41,0,1.0,True,1.0,True,1.0,1.0
bridge,-1,reference_only,0.01,42,0,1.0,True,1.0,True,1.0,1.0
bridge,-1,reference_only,0.01,43,0,1.0,True,1.0,True,1.0,1.0
bridge,-1,reference_only,0.01,44,0,1.0,True,1.0,True,1.0,1.0
bridge,-1,reference_only,0.01,45,0,1.0,True,1.0,True,1.0,1.0
bridge,-1,reference_only,0.01,46,0,1.0,True,1.0,True,1.0,1.0
bridge,-1,reference_only,0.01,47,0,1.0,True,1.0,True,1.0,1.0
bridge,-1,reference_only,0.01,48,0,1.0,True,1.0,True,1.0,1.0
bridge,-1,reference_only,0.01,49,0,1.0,True,1.0,True,1.0,1.0
bridge,-1,reference_only,0.01,50,0,1.0,True,1.0,True,1.0,1.0
bridge,-1,reference_only,0.01,51,0,1.0,True,1.0,True,1.0,1.0
bridge,-1,reference_only,0.01,52,0,1.0,True,1.0,True,1.0,1.0
bridge,-1,reference_only,0.01,53,0,1.0,True,1.0,True,1.0,1.0
bridge,-1,reference_only,0.01,54,0,1.0,True,1.0,True,1.0,1.0
bridge,-1,reference_only,0.01,55,0,1.0,True,1.0,True,1.0,1.0
bridge,-1,reference_only,0.01,56,0,1.0,True,1.0,True,1.0,1.0
bridge,-1,reference_only,0.01,57,0,1.0,True,1.0,True,1.0,1.0
bridge,-1,reference_only,0.01,58,0,1.0,True,1.0,True,1.0,1.0
bridge,-1,reference_only,0.01,59,0,1.0,True,1.0,True,1.0,1.0
bridge,-1,reference_only,0.01,60,0,1.0,True,1.0,True,1.0,1.0
bridge,-1,reference_only,0.01,61,0,1.0,True,1.0,True,1.0,1.0
bridge,-1,reference_only,0.01,62,0,1.0,True,1.0,True,1.0,1.0
bridge,-1,reference_only,0.01,63,0,1.0,True,1.0,True,1.0,1.0
bridge,-1,reference_only,0.01,64,0,1.0,True,1.0,True,1.0,1.0
bridge,-1,reference_only,0.01,65,0,1.0,True,1.0,True,1.0,1.0
bridge,-1,reference_only,0.01,66,0,1.0,True,1.0,True,1.0,1.0
bridge,-1,reference_only,0.01,67,0,1.0,True,1.0,True,1.0,1.0
bridge,-1,reference_only,0.01,68,0,1.0,True,1.0,True,1.0,1.0
bridge,-1,reference_only,0.01,69,0,1.0,True,1.0,True,1.0,1.0
bridge,-1,reference_only,0.01,70,0,1.0,True,1.0,True,1.0,1.0
bridge,-1,reference_only,0.01,71,0,1.0,True,1.0,True,1.0,1.0
bridge,-1,reference_only,0.01,72,0,1.0,True,1.0,True,1.0,1.0
bridge,-1,reference_only,0.01,73,0,1.0,True,1.0,True,1.0,1.0
bridge,-1,reference_only,0.01,74,0,1.0,True,1.0,True,1.0,1.0
bridge,-1,reference_only,0.01,75,0,1.0,True,1.0,True,1.0,1.0
bridge,-1,reference_only,0.01,76,0,1.0,True,1.0,True,1.0,1.0
bridge,-1,reference_only,0.01,77,0,1.0,True,1.0,True,1.0,1.0
bridge,-1,reference_only,0.01,78,0,1.0,True,1.0,True,1.0,1.0
bridge,-1,reference_only,0.01,79,0,1.0,True,1.0,True,1.0,1.0
bridge,-1,reference_only,0.01,80,0,1.0,True,1.0,True,1.0,1.0
bridge,-1,gated,0.024,1,0,0.025,False,0.0,False,0.975,0.0
bridge,-1,gated,0.024,2,0,0.05,False,0.0,False,0.95,0.0
bridge,-1,gated,0.024,3,0,0.075,False,0.0,False,0.925,0.0
bridge,-1,gated,0.024,4,0,0.1,False,0.0,False,0.9,0.0
bridge,-1,gated,0.024,5,0,0.125,False,0.0,False,0.875,0.0
bridge,-1,gated,0.024,6,0,0.15,False,0.0,False,0.85,0.0
bridge,-1,gated,0.024,7,0,0.175,False,0.0,False,0.825,0.0
bridge,-1,gated,0.024,8,0,0.2,False,0.0,False,0.8,0.0
bridge,-1,gated,0.024,9,0,0.225,False,0.0,False,0.775,0.0
bridge,-1,gated,0.024,10,0,0.25,False,0.0,False,0.75,0.0
bridge,-1,gated,0.024,11,0,0.275,False,0.0,False,0.725,0.0
bridge,-1,gated,0.024,12,0,0.3,False,0.0,False,0.7,0.0
bridge,-1,gated,0.024,13,0,0.325,False,0.0,False,0.675,0.0
bridge,-1,gated,0.024,14,0,0.35,False,0.0,False,0.65,0.0
bridge,-1,gated,0.024,15,0,0.375,False,0.0,False,0.625,0.0
bridge,-1,gated,0.024,16,0,0.4,False,0.0,False,0.6,0.0
bridge,-1,gated,0.024,17,0,0.425,False,0.0,False,0.575,0.0
bridge,-1,gated,0.024,18,0,0.45,False,0.0,False,0.55,0.0
bridge,-1,gated,0.024,19,0,0.475,False,0.0,False,0.525,0.0
bridge,-1,gated,0.024,20,0,0.5,False,0.0,False,0.5,0.0
bridge,-1,gated,0.024,21,0,0.525,False,0.0,False,0.475,0.0
bridge,-1,gated,0.024,22,0,0.55,False,0.0,False,0.44999999999999996,0.0
bridge,-1,gated,0.024,23,0,0.575,False,0.0,False,0.42500000000000004,0.0
bridge,-1,gated,0.024,24,0,0.6,False,0.0,False,0.4,0.0
bridge,-1,gated,0.024,25,0,0.625,False,0.0,False,0.375,0.0
bridge,-1,gated,0.024,26,0,0.65,False,0.0,False,0.35,0.0
bridge,-1,gated,0.024,27,0,0.675,False,0.0,False,0.32499999999999996,0.0
bridge,-1,gated,0.024,28,0,0.7,False,0.0,False,0.30000000000000004,0.0
bridge,-1,gated,0.024,29,0,0.725,False,0.0,False,0.275,0.0
bridge,-1,gated,0.024,30,0,0.75,False,0.0,False,0.25,0.0
bridge,-1,gated,0.024,31,0,0.775,False,0.0,False,0.22499999999999998,0.0
bridge,-1,gated,0.024,32,0,0.8,False,0.0,False,0.19999999999999996,0.0
bridge,-1,gated,0.024,33,0,0.825,False,0.0,False,0.17500000000000004,0.0
bridge,-1,gated,0.024,34,0,0.85,False,0.0,False,0.15000000000000002,0.0
bridge,-1,gated,0.024,35,0,0.875,False,0.0,False,0.125,0.0
bridge,-1,gated,0.024,36,0,0.9,False,0.0,False,0.09999999999999998,0.0
bridge,-1,gated,0.024,37,0,0.925,False,0.0,False,0.07499999999999996,0.0
bridge,-1,gated,0.024,38,0,0.95,False,0.0,False,0.050000000000000044,0.0
bridge,-1,gated,0.024,39,0,0.975,False,0.0,False,0.025000000000000022,0.0
bridge,-1,gated,0.024,40,0,1.0,True,0.0,False,0.0,0.0
bridge,-1,gated,0.024,41,0,1.0,True,0.0,False,0.0,0.0
bridge,-1,gated,0.024,42,0,1.0,True,0.0,False,0.0,0.0
bridge,-1,gated,0.024,43,0,1.0,True,0.0,False,0.0,0.0
bridge,-1,gated,0.024,44,0,1.0,True,0.0,False,0.0,0.0
bridge,-1,gated,0.024,45,0,1.0,True,0.0,False,0.0,0.0
bridge,-1,gated,0.024,46,0,1.0,True,0.0,False,0.0,0.0
bridge,-1,gated,0.024,47,0,1.0,True,0.0,False,0.0,0.0
bridge,-1,gated,0.024,48,0,1.0,True,0.0,False,0.0,0.0
bridge,-1,gated,0.024,49,0,1.0,True,0.0,False,0.0,0.0
bridge,-1,gated,0.024,50,0,1.0,True,0.0,False,0.0,0.0
bridge,-1,gated,0.024,51,0,1.0,True,0.0,False,0.0,0.0
bridge,-1,gated,0.024,52,0,1.0,True,0.0,False,0.0,0.0
bridge,-1,gated,0.024,53,0,1.0,True,0.0,False,0.0,0.0
bridge,-1,gated,0.024,54,0,1.0,True,0.0,False,0.0,0.0
bridge,-1,gated,0.024,55,0,1.0,True,0.0,False,0.0,0.0
bridge,-1,gated,0.024,56,0,1.0,True,0.0,False,0.0,0.0
bridge,-1,gated,0.024,57,0,1.0,True,0.0,False,0.0,0.0
bridge,-1,gated,0.024,58,0,1.0,True,0.0,False,0.0,0.0
bridge,-1,gated,0.024,59,0,1.0,True,0.0,False,0.0,0.0
bridge,-1,gated,0.024,60,0,1.0,True,0.0,False,0.0,0.0
bridge,-1,gated,0.024,61,0,1.0,True,0.0,False,0.0,0.0
bridge,-1,gated,0.024,62,0,1.0,True,0.0,False,0.0,0.0
bridge,-1,gated,0.024,63,0,1.0,True,0.0,False,0.0,0.0
bridge,-1,gated,0.024,64,0,1.0,True,0.0,False,0.0,0.0
bridge,-1,gated,0.024,65,0,1.0,True,0.0,False,0.0,0.0
bridge,-1,gated,0.024,66,0,1.0,True,0.0,False,0.0,0.0
bridge,-1,gated,0.024,67,0,1.0,True,0.0,False,0.0,0.0
bridge,-1,gated,0.024,68,0,1.0,True,0.0,False,0.0,0.0
bridge,-1,gated,0.024,69,0,1.0,True,0.0,False,0.0,0.0
bridge,-1,gated,0.024,70,0,1.0,True,0.0,False,0.0,0.0
bridge,-1,gated,0.024,71,0,1.0,True,0.0,False,0.0,0.0
bridge,-1,gated,0.024,72,0,1.0,True,0.0,False,0.0,0.0
bridge,-1,gated,0.024,73,0,1.0,True,0.0,False,0.0,0.0
bridge,-1,gated,0.024,74,0,1.0,True,0.0,False,0.0,0.0
bridge,-1,gated,0.024,75,0,1.0,True,0.0,False,0.0,0.0
bridge,-1,gated,0.024,76,0,1.0,True,0.0,False,0.0,0.0
bridge,-1,gated,0.024,77,0,1.0,True,0.0,False,0.0,0.0
bridge,-1,gated,0.024,78,0,1.0,True,0.0,False,0.0,0.0
bridge,-1,gated,0.024,79,0,1.0,True,0.0,False,0.0,0.0
bridge,-1,gated,0.024,80,0,1.0,True,0.0,False,0.0,0.0
bridge,-1,accept_all,0.024,1,0,0.025,False,0.0,True,0.975,0.025
bridge,-1,accept_all,0.024,2,0,0.05,False,0.025,True,0.975,0.05
bridge,-1,accept_all,0.024,3,0,0.075,False,0.05,True,0.975,0.075
bridge,-1,accept_all,0.024,4,0,0.1,False,0.075,True,0.975,0.1
bridge,-1,accept_all,0.024,5,0,0.125,False,0.1,True,0.975,0.125
bridge,-1,accept_all,0.024,6,0,0.15,False,0.125,True,0.975,0.15
bridge,-1,accept_all,0.024,7,0,0.175,False,0.15,True,0.975,0.175
bridge,-1,accept_all,0.024,8,0,0.2,False,0.175,True,0.975,0.2
bridge,-1,accept_all,0.024,9,0,0.225,False,0.2,True,0.975,0.225
bridge,-1,accept_all,0.024,10,0,0.25,False,0.225,True,0.975,0.25
bridge,-1,accept_all,0.024,11,0,0.275,False,0.25,True,0.975,0.275
bridge,-1,accept_all,0.024,12,0,0.3,False,0.275,True,0.9750000000000001,0.3
bridge,-1,accept_all,0.024,13,0,0.325,False,0.3,True,0.975,0.325
bridge,-1,accept_all,0.024,14,0,0.35,False,0.325,True,0.9750000000000001,0.35
bridge,-1,accept_all,0.024,15,0,0.375,False,0.35,True,0.975,0.375
bridge,-1,accept_all,0.024,16,0,0.4,False,0.375,True,0.975,0.4
bridge,-1,accept_all,0.024,17,0,0.425,False,0.4,True,0.9750000000000001,0.425
bridge,-1,accept_all,0.024,18,0,0.45,False,0.425,True,0.975,0.45
bridge,-1,accept_all,0.024,19,0,0.475,False,0.45,True,0.9750000000000001,0.475
bridge,-1,accept_all,0.024,20,0,0.5,False,0.475,True,0.975,0.5
bridge,-1,accept_all,0.024,21,0,0.525,False,0.5,True,0.975,0.525
bridge,-1,accept_all,0.024,22,0,0.55,False,0.525,True,0.975,0.55
bridge,-1,accept_all,0.024,23,0,0.575,False,0.55,True,0.9750000000000001,0.575
bridge,-1,accept_all,0.024,24,0,0.6,False,0.575,True,0.975,0.6
bridge,-1,accept_all,0.024,25,0,0.625,False,0.6,True,0.975,0.625
bridge,-1,accept_all,0.024,26,0,0.65,False,0.625,True,0.975,0.65
bridge,-1,accept_all,0.024,27,0,0.675,False,0.65,True,0.975,0.675
bridge,-1,accept_all,0.024,28,0,0.7,False,0.675,True,0.9750000000000001,0.7
bridge,-1,accept_all,0.024,29,0,0.725,False,0.7,True,0.975,0.725
bridge,-1,accept_all,0.024,30,0,0.75,False,0.725,True,0.975,0.75
bridge,-1,accept_all,0.024,31,0,0.775,False,0.75,True,0.975,0.775
bridge,-1,accept_all,0.024,32,0,0.8,False,0.775,True,0.975,0.8
bridge,-1,accept_all,0.024,33,0,0.825,False,0.8,True,0.9750000000000001,0.825
bridge,-1,accept_all,0.024,34,0,0.85,False,0.825,True,0.975,0.85
bridge,-1,accept_all,0.024,35,0,0.875,False,0.85,True,0.975,0.875
bridge,-1,accept_all,0.024,36,0,0.9,False,0.875,True,0.975,0.9
bridge,-1,accept_all,0.024,37,0,0.925,False,0.9,True,0.975,0.925
bridge,-1,accept_all,0.024,38,0,0.95,False,0.925,True,0.9750000000000001,0.95
bridge,-1,accept_all,0.024,39,0,0.975,False,0.95,True,0.975,0.975
bridge,-1,accept_all,0.024,40,0,1.0,True,0.975,True,0.975,1.0
bridge,-1,accept_all,0.024,41,0,1.0,True,1.0,True,1.0,1.0
bridge,-1,accept_all,0.024,42,0,1.0,True,1.0,True,1.0,1.0
bridge,-1,accept_all,0.024,43,0,1.0,True,1.0,True,1.0,1.0
bridge,-1,accept_all,0.024,44,0,1.0,True,1.0,True,1.0,1.0
bridge,-1,accept_all,0.024,45,0,1.0,True,1.0,True,1.0,1.0
bridge,-1,accept_all,0.024,46,0,1.0,True,1.0,True,1.0,1.0
bridge,-1,accept_all,0.024,47,0,1.0,True,1.0,True,1.0,1.0
bridge,-1,accept_all,0.024,48,0,1.0,True,1.0,True,1.0,1.0
bridge,-1,accept_all,0.024,49,0,1.0,True,1.0,True,1.0,1.0
bridge,-1,accept_all,0.024,50,0,1.0,True,1.0,True,1.0,1.0
bridge,-1,accept_all,0.024,51,0,1.0,True,1.0,True,1.0,1.0
bridge,-1,accept_all,0.024,52,0,1.0,True,1.0,True,1.0,1.0
bridge,-1,accept_all,0.024,53,0,1.0,True,1.0,True,1.0,1.0
bridge,-1,accept_all,0.024,54,0,1.0,True,1.0,True,1.0,1.0
bridge,-1,accept_all,0.024,55,0,1.0,True,1.0,True,1.0,1.0
bridge,-1,accept_all,0.024,56,0,1.0,True,1.0,True,1.0,1.0
bridge,-1,accept_all,0.024,57,0,1.0,True,1.0,True,1.0,1.0
bridge,-1,accept_all,0.024,58,0,1.0,True,1.0,True,1.0,1.0
bridge,-1,accept_all,0.024,59,0,1.0,True,1.0,True,1.0,1.0
bridge,-1,accept_all,0.024,60,0,1.0,True,1.0,True,1.0,1.0
bridge,-1,accept_all,0.024,61,0,1.0,True,1.0,True,1.0,1.0
bridge,-1,accept_all,0.024,62,0,1.0,True,1.0,True,1.0,1.0
bridge,-1,accept_all,0.024,63,0,1.0,True,1.0,True,1.0,1.0
bridge,-1,accept_all,0.024,64,0,1.0,True,1.0,True,1.0,1.0
bridge,-1,accept_all,0.024,65,0,1.0,True,1.0,True,1.0,1.0
bridge,-1,accept_all,0.024,66,0,1.0,True,1.0,True,1.0,1.0
bridge,-1,accept_all,0.024,67,0,1.0,True,1.0,True,1.0,1.0
bridge,-1,accept_all,0.024,68,0,1.0,True,1.0,True,1.0,1.0
bridge,-1,accept_all,0.024,69,0,1.0,True,1.0,True,1.0,1.0
bridge,-1,accept_all,0.024,70,0,1.0,True,1.0,True,1.0,1.0
bridge,-1,accept_all,0.024,71,0,1.0,True,1.0,True,1.0,1.0
bridge,-1,accept_all,0.024,72,0,1.0,True,1.0,True,1.0,1.0
bridge,-1,accept_all,0.024,73,0,1.0,True,1.0,True,1.0,1.0
bridge,-1,accept_all,0.024,74,0,1.0,True,1.0,True,1.0,1.0
bridge,-1,accept_all,0.024,75,0,1.0,True,1.0,True,1.0,1.0
bridge,-1,accept_all,0.024,76,0,1.0,True,1.0,True,1.0,1.0
bridge,-1,accept_all,0.024,77,0,1.0,True,1.0,True,1.0,1.0
bridge,-1,accept_all,0.024,78,0,1.0,True,1.0,True,1.0,1.0
bridge,-1,accept_all,0.024,79,0,1.0,True,1.0,True,1.0,1.0
bridge,-1,accept_all,0.024,80,0,1.0,True,1.0,True,1.0,1.0
bridge,-1,reference_only,0.024,1,0,0.025,False,0.0,False,0.975,0.0
bridge,-1,reference_only,0.024,2,0,0.05,False,0.0,False,0.95,0.0
bridge,-1,reference_only,0.024,3,0,0.075,False,0.0,False,0.925,0.0
bridge,-1,reference_only,0.024,4,0,0.1,False,0.0,False,0.9,0.0
bridge,-1,reference_only,0.024,5,0,0.125,False,0.0,False,0.875,0.0
bridge,-1,reference_only,0.024,6,0,0.15,False,0.0,False,0.85,0.0
bridge,-1,reference_only,0.024,7,0,0.175,False,0.0,False,0.825,0.0
bridge,-1,reference_only,0.024,8,0,0.2,False,0.0,False,0.8,0.0
bridge,-1,reference_only,0.024,9,0,0.225,False,0.0,False,0.775,0.0
bridge,-1,reference_only,0.024,10,0,0.25,False,0.0,False,0.75,0.0
bridge,-1,reference_only,0.024,11,0,0.275,False,0.0,False,0.725,0.0
bridge,-1,reference_only,0.024,12,0,0.3,False,0.0,False,0.7,0.0
bridge,-1,reference_only,0.024,13,0,0.325,False,0.0,False,0.675,0.0
bridge,-1,reference_only,0.024,14,0,0.35,False,0.0,False,0.65,0.0
bridge,-1,reference_only,0.024,15,0,0.375,False,0.0,False,0.625,0.0
bridge,-1,reference_only,0.024,16,0,0.4,False,0.0,False,0.6,0.0
bridge,-1,reference_only,0.024,17,0,0.425,False,0.0,False,0.575,0.0
bridge,-1,reference_only,0.024,18,0,0.45,False,0.0,False,0.55,0.0
bridge,-1,reference_only,0.024,19,0,0.475,False,0.0,False,0.525,0.0
bridge,-1,reference_only,0.024,20,0,0.5,False,0.0,False,0.5,0.0
bridge,-1,reference_only,0.024,21,0,0.525,False,0.0,False,0.475,0.0
bridge,-1,reference_only,0.024,22,0,0.55,False,0.0,False,0.44999999999999996,0.0
bridge,-1,reference_only,0.024,23,0,0.575,False,0.0,False,0.42500000000000004,0.0
bridge,-1,reference_only,0.024,24,0,0.6,False,0.0,False,0.4,0.0
bridge,-1,reference_only,0.024,25,0,0.625,False,0.0,False,0.375,0.0
bridge,-1,reference_only,0.024,26,0,0.65,False,0.0,False,0.35,0.0
bridge,-1,reference_only,0.024,27,0,0.675,False,0.0,False,0.32499999999999996,0.0
bridge,-1,reference_only,0.024,28,0,0.7,False,0.0,False,0.30000000000000004,0.0
bridge,-1,reference_only,0.024,29,0,0.725,False,0.0,False,0.275,0.0
bridge,-1,reference_only,0.024,30,0,0.75,False,0.0,False,0.25,0.0
bridge,-1,reference_only,0.024,31,0,0.775,False,0.0,False,0.22499999999999998,0.0
bridge,-1,reference_only,0.024,32,0,0.8,False,0.0,False,0.19999999999999996,0.0
bridge,-1,reference_only,0.024,33,0,0.825,False,0.0,False,0.17500000000000004,0.0
bridge,-1,reference_only,0.024,34,0,0.85,False,0.0,False,0.15000000000000002,0.0
bridge,-1,reference_only,0.024,35,0,0.875,False,0.0,False,0.125,0.0
bridge,-1,reference_only,0.024,36,0,0.9,False,0.0,False,0.09999999999999998,0.0
bridge,-1,reference_only,0.024,37,0,0.925,False,0.0,False,0.07499999999999996,0.0
bridge,-1,reference_only,0.024,38,0,0.95,False,0.0,False,0.050000000000000044,0.0
bridge,-1,reference_only,0.024,39,0,0.975,False,0.0,False,0.025000000000000022,0.0
bridge,-1,reference_only,0.024,40,0,1.0,True,0.0,True,0.0,1.0
bridge,-1,reference_only,0.024,41,0,1.0,True,1.0,True,1.0,1.0
bridge,-1,reference_only,0.024,42,0,1.0,True,1.0,True,1.0,1.0
bridge,-1,reference_only,0.024,43,0,1.0,True,1.0,True,1.0,1.0
bridge,-1,reference_only,0.024,44,0,1.0,True,1.0,True,1.0,1.0
bridge,-1,reference_only,0.024,45,0,1.0,True,1.0,True,1.0,1.0
bridge,-1,reference_only,0.024,46,0,1.0,True,1.0,True,1.0,1.0
bridge,-1,reference_only,0.024,47,0,1.0,True,1.0,True,1.0,1.0
bridge,-1,reference_only,0.024,48,0,1.0,True,1.0,True,1.0,1.0
bridge,-1,reference_only,0.024,49,0,1.0,True,1.0,True,1.0,1.0
bridge,-1,reference_only,0.024,50,0,1.0,True,1.0,True,1.0,1.0
bridge,-1,reference_only,0.024,51,0,1.0,True,1.0,True,1.0,1.0
bridge,-1,reference_only,0.024,52,0,1.0,True,1.0,True,1.0,1.0
bridge,-1,reference_only,0.024,53,0,1.0,True,1.0,True,1.0,1.0
bridge,-1,reference_only,0.024,54,0,1.0,True,1.0,True,1.0,1.0
bridge,-1,reference_only,0.024,55,0,1.0,True,1.0,True,1.0,1.0
bridge,-1,reference_only,0.024,56,0,1.0,True,1.0,True,1.0,1.0
bridge,-1,reference_only,0.024,57,0,1.0,True,1.0,True,1.0,1.0
bridge,-1,reference_only,0.024,58,0,1.0,True,1.0,True,1.0,1.0
bridge,-1,reference_only,0.024,59,0,1.0,True,1.0,True,1.0,1.0
bridge,-1,reference_only,0.024,60,0,1.0,True,1.0,True,1.0,1.0
bridge,-1,reference_only,0.024,61,0,1.0,True,1.0,True,1.0,1.0
bridge,-1,reference_only,0.024,62,0,1.0,True,1.0,True,1.0,1.0
bridge,-1,reference_only,0.024,63,0,1.0,True,1.0,True,1.0,1.0
bridge,-1,reference_only,0.024,64,0,1.0,True,1.0,True,1.0,1.0
bridge,-1,reference_only,0.024,65,0,1.0,True,1.0,True,1.0,1.0
bridge,-1,reference_only,0.024,66,0,1.0,True,1.0,True,1.0,1.0
bridge,-1,reference_only,0.024,67,0,1.0,True,1.0,True,1.0,1.0
bridge,-1,reference_only,0.024,68,0,1.0,True,1.0,True,1.0,1.0
bridge,-1,reference_only,0.024,69,0,1.0,True,1.0,True,1.0,1.0
bridge,-1,reference_only,0.024,70,0,1.0,True,1.0,True,1.0,1.0
bridge,-1,reference_only,0.024,71,0,1.0,True,1.0,True,1.0,1.0
bridge,-1,reference_only,0.024,72,0,1.0,True,1.0,True,1.0,1.0
bridge,-1,reference_only,0.024,73,0,1.0,True,1.0,True,1.0,1.0
bridge,-1,reference_only,0.024,74,0,1.0,True,1.0,True,1.0,1.0
bridge,-1,reference_only,0.024,75,0,1.0,True,1.0,True,1.0,1.0
bridge,-1,reference_only,0.024,76,0,1.0,True,1.0,True,1.0,1.0
bridge,-1,reference_only,0.024,77,0,1.0,True,1.0,True,1.0,1.0
bridge,-1,reference_only,0.024,78,0,1.0,True,1.0,True,1.0,1.0
bridge,-1,reference_only,0.024,79,0,1.0,True,1.0,True,1.0,1.0
bridge,-1,reference_only,0.024,80,0,1.0,True,1.0,True,1.0,1.0
bridge,-1,gated,0.026,1,0,0.025,False,0.0,True,0.975,0.025
bridge,-1,gated,0.026,2,0,0.05,False,0.025,True,0.975,0.05
bridge,-1,gated,0.026,3,0,0.075,False,0.05,True,0.975,0.075
bridge,-1,gated,0.026,4,0,0.1,False,0.075,True,0.975,0.1
bridge,-1,gated,0.026,5,0,0.125,False,0.1,True,0.975,0.125
bridge,-1,gated,0.026,6,0,0.15,False,0.125,True,0.975,0.15
bridge,-1,gated,0.026,7,0,0.175,False,0.15,True,0.975,0.175
bridge,-1,gated,0.026,8,0,0.2,False,0.175,True,0.975,0.2
bridge,-1,gated,0.026,9,0,0.225,False,0.2,True,0.975,0.225
bridge,-1,gated,0.026,10,0,0.25,False,0.225,True,0.975,0.25
bridge,-1,gated,0.026,11,0,0.275,False,0.25,True,0.975,0.275
bridge,-1,gated,0.026,12,0,0.3,False,0.275,True,0.9750000000000001,0.3
bridge,-1,gated,0.026,13,0,0.325,False,0.3,True,0.975,0.325
bridge,-1,gated,0.026,14,0,0.35,False,0.325,True,0.9750000000000001,0.35
bridge,-1,gated,0.026,15,0,0.375,False,0.35,True,0.975,0.375
bridge,-1,gated,0.026,16,0,0.4,False,0.375,True,0.975,0.4
bridge,-1,gated,0.026,17,0,0.425,False,0.4,True,0.9750000000000001,0.425
bridge,-1,gated,0.026,18,0,0.45,False,0.425,True,0.975,0.45
bridge,-1,gated,0.026,19,0,0.475,False,0.45,True,0.9750000000000001,0.475
bridge,-1,gated,0.026,20,0,0.5,False,0.475,True,0.975,0.5
bridge,-1,gated,0.026,21,0,0.525,False,0.5,True,0.975,0.525
bridge,-1,gated,0.026,22,0,0.55,False,0.525,True,0.975,0.55
bridge,-1,gated,0.026,23,0,0.575,False,0.55,True,0.9750000000000001,0.575
bridge,-1,gated,0.026,24,0,0.6,False,0.575,True,0.975,0.6
bridge,-1,gated,0.026,25,0,0.625,False,0.6,True,0.975,0.625
bridge,-1,gated,0.026,26,0,0.65,False,0.625,True,0.975,0.65
bridge,-1,gated,0.026,27,0,0.675,False,0.65,True,0.975,0.675
bridge,-1,gated,0.026,28,0,0.7,False,0.675,True,0.9750000000000001,0.7
bridge,-1,gated,0.026,29,0,0.725,False,0.7,True,0.975,0.725
bridge,-1,gated,0.026,30,0,0.75,False,0.725,True,0.975,0.75
bridge,-1,gated,0.026,31,0,0.775,False,0.75,True,0.975,0.775
bridge,-1,gated,0.026,32,0,0.8,False,0.775,True,0.975,0.8
bridge,-1,gated,0.026,33,0,0.825,False,0.8,True,0.9750000000000001,0.825
bridge,-1,gated,0.026,34,0,0.85,False,0.825,True,0.975,0.85
bridge,-1,gated,0.026,35,0,0.875,False,0.85,True,0.975,0.875
bridge,-1,gated,0.026,36,0,0.9,False,0.875,True,0.975,0.9
bridge,-1,gated,0.026,37,0,0.925,False,0.9,True,0.975,0.925
bridge,-1,gated,0.026,38,0,0.95,False,0.925,True,0.9750000000000001,0.95
bridge,-1,gated,0.026,39,0,0.975,False,0.95,True,0.975,0.975
bridge,-1,gated,0.026,40,0,1.0,True,0.975,True,0.975,1.0
bridge,-1,gated,0.026,41,0,1.0,True,1.0,True,1.0,1.0
bridge,-1,gated,0.026,42,0,1.0,True,1.0,True,1.0,1.0
bridge,-1,gated,0.026,43,0,1.0,True,1.0,True,1.0,1.0
bridge,-1,gated,0.026,44,0,1.0,True,1.0,True,1.0,1.0
bridge,-1,gated,0.026,45,0,1.0,True,1.0,True,1.0,1.0
bridge,-1,gated,0.026,46,0,1.0,True,1.0,True,1.0,1.0
bridge,-1,gated,0.026,47,0,1.0,True,1.0,True,1.0,1.0
bridge,-1,gated,0.026,48,0,1.0,True,1.0,True,1.0,1.0
bridge,-1,gated,0.026,49,0,1.0,True,1.0,True,1.0,1.0
bridge,-1,gated,0.026,50,0,1.0,True,1.0,True,1.0,1.0
bridge,-1,gated,0.026,51,0,1.0,True,1.0,True,1.0,1.0
bridge,-1,gated,0.026,52,0,1.0,True,1.0,True,1.0,1.0
bridge,-1,gated,0.026,53,0,1.0,True,1.0,True,1.0,1.0
bridge,-1,gated,0.026,54,0,1.0,True,1.0,True,1.0,1.0
bridge,-1,gated,0.026,55,0,1.0,True,1.0,True,1.0,1.0
bridge,-1,gated,0.026,56,0,1.0,True,1.0,True,1.0,1.0
bridge,-1,gated,0.026,57,0,1.0,True,1.0,True,1.0,1.0
bridge,-1,gated,0.026,58,0,1.0,True,1.0,True,1.0,1.0
bridge,-1,gated,0.026,59,0,1.0,True,1.0,True,1.0,1.0
bridge,-1,gated,0.026,60,0,1.0,True,1.0,True,1.0,1.0
bridge,-1,gated,0.026,61,0,1.0,True,1.0,True,1.0,1.0
bridge,-1,gated,0.026,62,0,1.0,True,1.0,True,1.0,1.0
bridge,-1,gated,0.026,63,0,1.0,True,1.0,True,1.0,1.0
bridge,-1,gated,0.026,64,0,1.0,True,1.0,True,1.0,1.0
bridge,-1,gated,0.026,65,0,1.0,True,1.0,True,1.0,1.0
bridge,-1,gated,0.026,66,0,1.0,True,1.0,True,1.0,1.0
bridge,-1,gated,0.026,67,0,1.0,True,1.0,True,1.0,1.0
bridge,-1,gated,0.026,68,0,1.0,True,1.0,True,1.0,1.0
bridge,-1,gated,0.026,69,0,1.0,True,1.0,True,1.0,1.0
bridge,-1,gated,0.026,70,0,1.0,True,1.0,True,1.0,1.0
bridge,-1,gated,0.026,71,0,1.0,True,1.0,True,1.0,1.0
bridge,-1,gated,0.026,72,0,1.0,True,1.0,True,1.0,1.0
bridge,-1,gated,0.026,73,0,1.0,True,1.0,True,1.0,1.0
bridge,-1,gated,0.026,74,0,1.0,True,1.0,True,1.0,1.0
bridge,-1,gated,0.026,75,0,1.0,True,1.0,True,1.0,1.0
bridge,-1,gated,0.026,76,0,1.0,True,1.0,True,1.0,1.0
bridge,-1,gated,0.026,77,0,1.0,True,1.0,True,1.0,1.0
bridge,-1,gated,0.026,78,0,1.0,True,1.0,True,1.0,1.0
bridge,-1,gated,0.026,79,0,1.0,True,1.0,True,1.0,1.0
bridge,-1,gated,0.026,80,0,1.0,True,1.0,True,1.0,1.0
bridge,-1,accept_all,0.026,1,0,0.025,False,0.0,True,0.975,0.025
bridge,-1,accept_all,0.026,2,0,0.05,False,0.025,True,0.975,0.05
bridge,-1,accept_all,0.026,3,0,0.075,False,0.05,True,0.975,0.075
bridge,-1,accept_all,0.026,4,0,0.1,False,0.075,True,0.975,0.1
bridge,-1,accept_all,0.026,5,0,0.125,False,0.1,True,0.975,0.125
bridge,-1,accept_all,0.026,6,0,0.15,False,0.125,True,0.975,0.15
bridge,-1,accept_all,0.026,7,0,0.175,False,0.15,True,0.975,0.175
bridge,-1,accept_all,0.026,8,0,0.2,False,0.175,True,0.975,0.2
bridge,-1,accept_all,0.026,9,0,0.225,False,0.2,True,0.975,0.225
bridge,-1,accept_all,0.026,10,0,0.25,False,0.225,True,0.975,0.25
bridge,-1,accept_all,0.026,11,0,0.275,False,0.25,True,0.975,0.275
bridge,-1,accept_all,0.026,12,0,0.3,False,0.275,True,0.9750000000000001,0.3
bridge,-1,accept_all,0.026,13,0,0.325,False,0.3,True,0.975,0.325
bridge,-1,accept_all,0.026,14,0,0.35,False,0.325,True,0.9750000000000001,0.35
bridge,-1,accept_all,0.026,15,0,0.375,False,0.35,True,0.975,0.375
bridge,-1,accept_all,0.026,16,0,0.4,False,0.375,True,0.975,0.4
bridge,-1,accept_all,0.026,17,0,0.425,False,0.4,True,0.9750000000000001,0.425
bridge,-1,accept_all,0.026,18,0,0.45,False,0.425,True,0.975,0.45
bridge,-1,accept_all,0.026,19,0,0.475,False,0.45,True,0.9750000000000001,0.475
bridge,-1,accept_all,0.026,20,0,0.5,False,0.475,True,0.975,0.5
bridge,-1,accept_all,0.026,21,0,0.525,False,0.5,True,0.975,0.525
bridge,-1,accept_all,0.026,22,0,0.55,False,0.525,True,0.975,0.55
bridge,-1,accept_all,0.026,23,0,0.575,False,0.55,True,0.9750000000000001,0.575
bridge,-1,accept_all,0.026,24,0,0.6,False,0.575,True,0.975,0.6
bridge,-1,accept_all,0.026,25,0,0.625,False,0.6,True,0.975,0.625
bridge,-1,accept_all,0.026,26,0,0.65,False,0.625,True,0.975,0.65
bridge,-1,accept_all,0.026,27,0,0.675,False,0.65,True,0.975,0.675
bridge,-1,accept_all,0.026,28,0,0.7,False,0.675,True,0.9750000000000001,0.7
bridge,-1,accept_all,0.026,29,0,0.725,False,0.7,True,0.975,0.725
bridge,-1,accept_all,0.026,30,0,0.75,False,0.725,True,0.975,0.75
bridge,-1,accept_all,0.026,31,0,0.775,False,0.75,True,0.975,0.775
bridge,-1,accept_all,0.026,32,0,0.8,False,0.775,True,0.975,0.8
bridge,-1,accept_all,0.026,33,0,0.825,False,0.8,True,0.9750000000000001,0.825
bridge,-1,accept_all,0.026,34,0,0.85,False,0.825,True,0.975,0.85
bridge,-1,accept_all,0.026,35,0,0.875,False,0.85,True,0.975,0.875
bridge,-1,accept_all,0.026,36,0,0.9,False,0.875,True,0.975,0.9
bridge,-1,accept_all,0.026,37,0,0.925,False,0.9,True,0.975,0.925
bridge,-1,accept_all,0.026,38,0,0.95,False,0.925,True,0.9750000000000001,0.95
bridge,-1,accept_all,0.026,39,0,0.975,False,0.95,True,0.975,0.975
bridge,-1,accept_all,0.026,40,0,1.0,True,0.975,True,0.975,1.0
bridge,-1,accept_all,0.026,41,0,1.0,True,1.0,True,1.0,1.0
bridge,-1,accept_all,0.026,42,0,1.0,True,1.0,True,1.0,1.0
bridge,-1,accept_all,0.026,43,0,1.0,True,1.0,True,1.0,1.0
bridge,-1,accept_all,0.026,44,0,1.0,True,1.0,True,1.0,1.0
bridge,-1,accept_all,0.026,45,0,1.0,True,1.0,True,1.0,1.0
bridge,-1,accept_all,0.026,46,0,1.0,True,1.0,True,1.0,1.0
bridge,-1,accept_all,0.026,47,0,1.0,True,1.0,True,1.0,1.0
bridge,-1,accept_all,0.026,48,0,1.0,True,1.0,True,1.0,1.0
bridge,-1,accept_all,0.026,49,0,1.0,True,1.0,True,1.0,1.0
bridge,-1,accept_all,0.026,50,0,1.0,True,1.0,True,1.0,1.0
bridge,-1,accept_all,0.026,51,0,1.0,True,1.0,True,1.0,1.0
bridge,-1,accept_all,0.026,52,0,1.0,True,1.0,True,1.0,1.0
bridge,-1,accept_all,0.026,53,0,1.0,True,1.0,True,1.0,1.0
bridge,-1,accept_all,0.026,54,0,1.0,True,1.0,True,1.0,1.0
bridge,-1,accept_all,0.026,55,0,1.0,True,1.0,True,1.0,1.0
bridge,-1,accept_all,0.026,56,0,1.0,True,1.0,True,1.0,1.0
bridge,-1,accept_all,0.026,57,0,1.0,True,1.0,True,1.0,1.0
bridge,-1,accept_all,0.026,58,0,1.0,True,1.0,True,1.0,1.0
bridge,-1,accept_all,0.026,59,0,1.0,True,1.0,True,1.0,1.0
bridge,-1,accept_all,0.026,60,0,1.0,True,1.0,True,1.0,1.0
bridge,-1,accept_all,0.026,61,0,1.0,True,1.0,True,1.0,1.0
bridge,-1,accept_all,0.026,62,0,1.0,True,1.0,True,1.0,1.0
bridge,-1,accept_all,0.026,63,0,1.0,True,1.0,True,1.0,1.0
bridge,-1,accept_all,0.026,64,0,1.0,True,1.0,True,1.0,1.0
bridge,-1,accept_all,0.026,65,0,1.0,True,1.0,True,1.0,1.0
bridge,-1,accept_all,0.026,66,0,1.0,True,1.0,True,1.0,1.0
bridge,-1,accept_all,0.026,67,0,1.0,True,1.0,True,1.0,1.0
bridge,-1,accept_all,0.026,68,0,1.0,True,1.0,True,1.0,1.0
bridge,-1,accept_all,0.026,69,0,1.0,True,1.0,True,1.0,1.0
bridge,-1,accept_all,0.026,70,0,1.0,True,1.0,True,1.0,1.0
bridge,-1,accept_all,0.026,71,0,1.0,True,1.0,True,1.0,1.0
bridge,-1,accept_all,0.026,72,0,1.0,True,1.0,True,1.0,1.0
bridge,-1,accept_all,0.026,73,0,1.0,True,1.0,True,1.0,1.0
bridge,-1,accept_all,0.026,74,0,1.0,True,1.0,True,1.0,1.0
bridge,-1,accept_all,0.026,75,0,1.0,True,1.0,True,1.0,1.0
bridge,-1,accept_all,0.026,76,0,1.0,True,1.0,True,1.0,1.0
bridge,-1,accept_all,0.026,77,0,1.0,True,1.0,True,1.0,1.0
bridge,-1,accept_all,0.026,78,0,1.0,True,1.0,True,1.0,1.0
bridge,-1,accept_all,0.026,79,0,1.0,True,1.0,True,1.0,1.0
bridge,-1,accept_all,0.026,80,0,1.0,True,1.0,True,1.0,1.0
bridge,-1,reference_only,0.026,1,0,0.025,False,0.0,False,0.975,0.0
bridge,-1,reference_only,0.026,2,0,0.05,False,0.0,False,0.95,0.0
bridge,-1,reference_only,0.026,3,0,0.075,False,0.0,False,0.925,0.0
bridge,-1,reference_only,0.026,4,0,0.1,False,0.0,False,0.9,0.0
bridge,-1,reference_only,0.026,5,0,0.125,False,0.0,False,0.875,0.0
bridge,-1,reference_only,0.026,6,0,0.15,False,0.0,False,0.85,0.0
bridge,-1,reference_only,0.026,7,0,0.175,False,0.0,False,0.825,0.0
bridge,-1,reference_only,0.026,8,0,0.2,False,0.0,False,0.8,0.0
bridge,-1,reference_only,0.026,9,0,0.225,False,0.0,False,0.775,0.0
bridge,-1,reference_only,0.026,10,0,0.25,False,0.0,False,0.75,0.0
bridge,-1,reference_only,0.026,11,0,0.275,False,0.0,False,0.725,0.0
bridge,-1,reference_only,0.026,12,0,0.3,False,0.0,False,0.7,0.0
bridge,-1,reference_only,0.026,13,0,0.325,False,0.0,False,0.675,0.0
bridge,-1,reference_only,0.026,14,0,0.35,False,0.0,False,0.65,0.0
bridge,-1,reference_only,0.026,15,0,0.375,False,0.0,False,0.625,0.0
bridge,-1,reference_only,0.026,16,0,0.4,False,0.0,False,0.6,0.0
bridge,-1,reference_only,0.026,17,0,0.425,False,0.0,False,0.575,0.0
bridge,-1,reference_only,0.026,18,0,0.45,False,0.0,False,0.55,0.0
bridge,-1,reference_only,0.026,19,0,0.475,False,0.0,False,0.525,0.0
bridge,-1,reference_only,0.026,20,0,0.5,False,0.0,False,0.5,0.0
bridge,-1,reference_only,0.026,21,0,0.525,False,0.0,False,0.475,0.0
bridge,-1,reference_only,0.026,22,0,0.55,False,0.0,False,0.44999999999999996,0.0
bridge,-1,reference_only,0.026,23,0,0.575,False,0.0,False,0.42500000000000004,0.0
bridge,-1,reference_only,0.026,24,0,0.6,False,0.0,False,0.4,0.0
bridge,-1,reference_only,0.026,25,0,0.625,False,0.0,False,0.375,0.0
bridge,-1,reference_only,0.026,26,0,0.65,False,0.0,False,0.35,0.0
bridge,-1,reference_only,0.026,27,0,0.675,False,0.0,False,0.32499999999999996,0.0
bridge,-1,reference_only,0.026,28,0,0.7,False,0.0,False,0.30000000000000004,0.0
bridge,-1,reference_only,0.026,29,0,0.725,False,0.0,False,0.275,0.0
bridge,-1,reference_only,0.026,30,0,0.75,False,0.0,False,0.25,0.0
bridge,-1,reference_only,0.026,31,0,0.775,False,0.0,False,0.22499999999999998,0.0
bridge,-1,reference_only,0.026,32,0,0.8,False,0.0,False,0.19999999999999996,0.0
bridge,-1,reference_only,0.026,33,0,0.825,False,0.0,False,0.17500000000000004,0.0
bridge,-1,reference_only,0.026,34,0,0.85,False,0.0,False,0.15000000000000002,0.0
bridge,-1,reference_only,0.026,35,0,0.875,False,0.0,False,0.125,0.0
bridge,-1,reference_only,0.026,36,0,0.9,False,0.0,False,0.09999999999999998,0.0
bridge,-1,reference_only,0.026,37,0,0.925,False,0.0,False,0.07499999999999996,0.0
bridge,-1,reference_only,0.026,38,0,0.95,False,0.0,False,0.050000000000000044,0.0
bridge,-1,reference_only,0.026,39,0,0.975,False,0.0,False,0.025000000000000022,0.0
bridge,-1,reference_only,0.026,40,0,1.0,True,0.0,True,0.0,1.0
bridge,-1,reference_only,0.026,41,0,1.0,True,1.0,True,1.0,1.0
bridge,-1,reference_only,0.026,42,0,1.0,True,1.0,True,1.0,1.0
bridge,-1,reference_only,0.026,43,0,1.0,True,1.0,True,1.0,1.0
bridge,-1,reference_only,0.026,44,0,1.0,True,1.0,True,1.0,1.0
bridge,-1,reference_only,0.026,45,0,1.0,True,1.0,True,1.0,1.0
bridge,-1,reference_only,0.026,46,0,1.0,True,1.0,True,1.0,1.0
bridge,-1,reference_only,0.026,47,0,1.0,True,1.0,True,1.0,1.0
bridge,-1,reference_only,0.026,48,0,1.0,True,1.0,True,1.0,1.0
bridge,-1,reference_only,0.026,49,0,1.0,True,1.0,True,1.0,1.0
bridge,-1,reference_only,0.026,50,0,1.0,True,1.0,True,1.0,1.0
bridge,-1,reference_only,0.026,51,0,1.0,True,1.0,True,1.0,1.0
bridge,-1,reference_only,0.026,52,0,1.0,True,1.0,True,1.0,1.0
bridge,-1,reference_only,0.026,53,0,1.0,True,1.0,True,1.0,1.0
bridge,-1,reference_only,0.026,54,0,1.0,True,1.0,True,1.0,1.0
bridge,-1,reference_only,0.026,55,0,1.0,True,1.0,True,1.0,1.0
bridge,-1,reference_only,0.026,56,0,1.0,True,1.0,True,1.0,1.0
bridge,-1,reference_only,0.026,57,0,1.0,True,1.0,True,1.0,1.0
bridge,-1,reference_only,0.026,58,0,1.0,True,1.0,True,1.0,1.0
bridge,-1,reference_only,0.026,59,0,1.0,True,1.0,True,1.0,1.0
bridge,-1,reference_only,0.026,60,0,1.0,True,1.0,True,1.0,1.0
bridge,-1,reference_only,0.026,61,0,1.0,True,1.0,True,1.0,1.0
bridge,-1,reference_only,0.026,62,0,1.0,True,1.0,True,1.0,1.0
bridge,-1,reference_only,0.026,63,0,1.0,True,1.0,True,1.0,1.0
bridge,-1,reference_only,0.026,64,0,1.0,True,1.0,True,1.0,1.0
bridge,-1,reference_only,0.026,65,0,1.0,True,1.0,True,1.0,1.0
bridge,-1,reference_only,0.026,66,0,1.0,True,1.0,True,1.0,1.0
bridge,-1,reference_only,0.026,67,0,1.0,True,1.0,True,1.0,1.0
bridge,-1,reference_only,0.026,68,0,1.0,True,1.0,True,1.0,1.0
bridge,-1,reference_only,0.026,69,0,1.0,True,1.0,True,1.0,1.0
bridge,-1,reference_only,0.026,70,0,1.0,True,1.0,True,1.0,1.0
bridge,-1,reference_only,0.026,71,0,1.0,True,1.0,True,1.0,1.0
bridge,-1,reference_only,0.026,72,0,1.0,True,1.0,True,1.0,1.0
bridge,-1,reference_only,0.026,73,0,1.0,True,1.0,True,1.0,1.0
bridge,-1,reference_only,0.026,74,0,1.0,True,1.0,True,1.0,1.0
bridge,-1,reference_only,0.026,75,0,1.0,True,1.0,True,1.0,1.0
bridge,-1,reference_only,0.026,76,0,1.0,True,1.0,True,1.0,1.0
bridge,-1,reference_only,0.026,77,0,1.0,True,1.0,True,1.0,1.0
bridge,-1,reference_only,0.026,78,0,1.0,True,1.0,True,1.0,1.0
bridge,-1,reference_only,0.026,79,0,1.0,True,1.0,True,1.0,1.0
bridge,-1,reference_only,0.026,80,0,1.0,True,1.0,True,1.0,1.0
bridge,-1,gated,0.05,1,0,0.025,False,0.0,True,0.975,0.025
bridge,-1,gated,0.05,2,0,0.05,False,0.025,True,0.975,0.05
bridge,-1,gated,0.05,3,0,0.075,False,0.05,True,0.975,0.075
bridge,-1,gated,0.05,4,0,0.1,False,0.075,True,0.975,0.1
bridge,-1,gated,0.05,5,0,0.125,False,0.1,True,0.975,0.125
bridge,-1,gated,0.05,6,0,0.15,False,0.125,True,0.975,0.15
bridge,-1,gated,0.05,7,0,0.175,False,0.15,True,0.975,0.175
bridge,-1,gated,0.05,8,0,0.2,False,0.175,True,0.975,0.2
bridge,-1,gated,0.05,9,0,0.225,False,0.2,True,0.975,0.225
bridge,-1,gated,0.05,10,0,0.25,False,0.225,True,0.975,0.25
bridge,-1,gated,0.05,11,0,0.275,False,0.25,True,0.975,0.275
bridge,-1,gated,0.05,12,0,0.3,False,0.275,True,0.9750000000000001,0.3
bridge,-1,gated,0.05,13,0,0.325,False,0.3,True,0.975,0.325
bridge,-1,gated,0.05,14,0,0.35,False,0.325,True,0.9750000000000001,0.35
bridge,-1,gated,0.05,15,0,0.375,False,0.35,True,0.975,0.375
bridge,-1,gated,0.05,16,0,0.4,False,0.375,True,0.975,0.4
bridge,-1,gated,0.05,17,0,0.425,False,0.4,True,0.9750000000000001,0.425
bridge,-1,gated,0.05,18,0,0.45,False,0.425,True,0.975,0.45
bridge,-1,gated,0.05,19,0,0.475,False,0.45,True,0.9750000000000001,0.475
bridge,-1,gated,0.05,20,0,0.5,False,0.475,True,0.975,0.5
bridge,-1,gated,0.05,21,0,0.525,False,0.5,True,0.975,0.525
bridge,-1,gated,0.05,22,0,0.55,False,0.525,True,0.975,0.55
bridge,-1,gated,0.05,23,0,0.575,False,0.55,True,0.9750000000000001,0.575
bridge,-1,gated,0.05,24,0,0.6,False,0.575,True,0.975,0.6
bridge,-1,gated,0.05,25,0,0.625,False,0.6,True,0.975,0.625
bridge,-1,gated,0.05,26,0,0.65,False,0.625,True,0.975,0.65
bridge,-1,gated,0.05,27,0,0.675,False,0.65,True,0.975,0.675
bridge,-1,gated,0.05,28,0,0.7,False,0.675,True,0.9750000000000001,0.7
bridge,-1,gated,0.05,29,0,0.725,False,0.7,True,0.975,0.725
bridge,-1,gated,0.05,30,0,0.75,False,0.725,True,0.975,0.75
bridge,-1,gated,0.05,31,0,0.775,False,0.75,True,0.975,0.775
bridge,-1,gated,0.05,32,0,0.8,False,0.775,True,0.975,0.8
bridge,-1,gated,0.05,33,0,0.825,False,0.8,True,0.9750000000000001,0.825
bridge,-1,gated,0.05,34,0,0.85,False,0.825,True,0.975,0.85
bridge,-1,gated,0.05,35,0,0.875,False,0.85,True,0.975,0.875
bridge,-1,gated,0.05,36,0,0.9,False,0.875,True,0.975,0.9
bridge,-1,gated,0.05,37,0,0.925,False,0.9,True,0.975,0.925
bridge,-1,gated,0.05,38,0,0.95,False,0.925,True,0.9750000000000001,0.95
bridge,-1,gated,0.05,39,0,0.975,False,0.95,True,0.975,0.975
bridge,-1,gated,0.05,40,0,1.0,True,0.975,True,0.975,1.0
bridge,-1,gated,0.05,41,0,1.0,True,1.0,True,1.0,1.0
bridge,-1,gated,0.05,42,0,1.0,True,1.0,True,1.0,1.0
bridge,-1,gated,0.05,43,0,1.0,True,1.0,True,1.0,1.0
bridge,-1,gated,0.05,44,0,1.0,True,1.0,True,1.0,1.0
bridge,-1,gated,0.05,45,0,1.0,True,1.0,True,1.0,1.0
bridge,-1,gated,0.05,46,0,1.0,True,1.0,True,1.0,1.0
bridge,-1,gated,0.05,47,0,1.0,True,1.0,True,1.0,1.0
bridge,-1,gated,0.05,48,0,1.0,True,1.0,True,1.0,1.0
bridge,-1,gated,0.05,49,0,1.0,True,1.0,True,1.0,1.0
bridge,-1,gated,0.05,50,0,1.0,True,1.0,True,1.0,1.0
bridge,-1,gated,0.05,51,0,1.0,True,1.0,True,1.0,1.0
bridge,-1,gated,0.05,52,0,1.0,True,1.0,True,1.0,1.0
bridge,-1,gated,0.05,53,0,1.0,True,1.0,True,1.0,1.0
bridge,-1,gated,0.05,54,0,1.0,True,1.0,True,1.0,1.0
bridge,-1,gated,0.05,55,0,1.0,True,1.0,True,1.0,1.0
bridge,-1,gated,0.05,56,0,1.0,True,1.0,True,1.0,1.0
bridge,-1,gated,0.05,57,0,1.0,True,1.0,True,1.0,1.0
bridge,-1,gated,0.05,58,0,1.0,True,1.0,True,1.0,1.0
bridge,-1,gated,0.05,59,0,1.0,True,1.0,True,1.0,1.0
bridge,-1,gated,0.05,60,0,1.0,True,1.0,True,1.0,1.0
bridge,-1,gated,0.05,61,0,1.0,True,1.0,True,1.0,1.0
bridge,-1,gated,0.05,62,0,1.0,True,1.0,True,1.0,1.0
bridge,-1,gated,0.05,63,0,1.0,True,1.0,True,1.0,1.0
bridge,-1,gated,0.05,64,0,1.0,True,1.0,True,1.0,1.0
bridge,-1,gated,0.05,65,0,1.0,True,1.0,True,1.0,1.0
bridge,-1,gated,0.05,66,0,1.0,True,1.0,True,1.0,1.0
bridge,-1,gated,0.05,67,0,1.0,True,1.0,True,1.0,1.0
bridge,-1,gated,0.05,68,0,1.0,True,1.0,True,1.0,1.0
bridge,-1,gated,0.05,69,0,1.0,True,1.0,True,1.0,1.0
bridge,-1,gated,0.05,70,0,1.0,True,1.0,True,1.0,1.0
bridge,-1,gated,0.05,71,0,1.0,True,1.0,True,1.0,1.0
bridge,-1,gated,0.05,72,0,1.0,True,1.0,True,1.0,1.0
bridge,-1,gated,0.05,73,0,1.0,True,1.0,True,1.0,1.0
bridge,-1,gated,0.05,74,0,1.0,True,1.0,True,1.0,1.0
bridge,-1,gated,0.05,75,0,1.0,True,1.0,True,1.0,1.0
bridge,-1,gated,0.05,76,0,1.0,True,1.0,True,1.0,1.0
bridge,-1,gated,0.05,77,0,1.0,True,1.0,True,1.0,1.0
bridge,-1,gated,0.05,78,0,1.0,True,1.0,True,1.0,1.0
bridge,-1,gated,0.05,79,0,1.0,True,1.0,True,1.0,1.0
bridge,-1,gated,0.05,80,0,1.0,True,1.0,True,1.0,1.0
bridge,-1,accept_all,0.05,1,0,0.025,False,0.0,True,0.975,0.025
bridge,-1,accept_all,0.05,2,0,0.05,False,0.025,True,0.975,0.05
bridge,-1,accept_all,0.05,3,0,0.075,False,0.05,True,0.975,0.075
bridge,-1,accept_all,0.05,4,0,0.1,False,0.075,True,0.975,0.1
bridge,-1,accept_all,0.05,5,0,0.125,False,0.1,True,0.975,0.125
bridge,-1,accept_all,0.05,6,0,0.15,False,0.125,True,0.975,0.15
bridge,-1,accept_all,0.05,7,0,0.175,False,0.15,True,0.975,0.175
bridge,-1,accept_all,0.05,8,0,0.2,False,0.175,True,0.975,0.2
bridge,-1,accept_all,0.05,9,0,0.225,False,0.2,True,0.975,0.225
bridge,-1,accept_all,0.05,10,0,0.25,False,0.225,True,0.975,0.25
bridge,-1,accept_all,0.05,11,0,0.275,False,0.25,True,0.975,0.275
bridge,-1,accept_all,0.05,12,0,0.3,False,0.275,True,0.9750000000000001,0.3
bridge,-1,accept_all,0.05,13,0,0.325,False,0.3,True,0.975,0.325
bridge,-1,accept_all,0.05,14,0,0.35,False,0.325,True,0.9750000000000001,0.35
bridge,-1,accept_all,0.05,15,0,0.375,False,0.35,True,0.975,0.375
bridge,-1,accept_all,0.05,16,0,0.4,False,0.375,True,0.975,0.4
bridge,-1,accept_all,0.05,17,0,0.425,False,0.4,True,0.9750000000000001,0.425
bridge,-1,accept_all,0.05,18,0,0.45,False,0.425,True,0.975,0.45
bridge,-1,accept_all,0.05,19,0,0.475,False,0.45,True,0.9750000000000001,0.475
bridge,-1,accept_all,0.05,20,0,0.5,False,0.475,True,0.975,0.5
bridge,-1,accept_all,0.05,21,0,0.525,False,0.5,True,0.975,0.525
bridge,-1,accept_all,0.05,22,0,0.55,False,0.525,True,0.975,0.55
bridge,-1,accept_all,0.05,23,0,0.575,False,0.55,True,0.9750000000000001,0.575
bridge,-1,accept_all,0.05,24,0,0.6,False,0.575,True,0.975,0.6
bridge,-1,accept_all,0.05,25,0,0.625,False,0.6,True,0.975,0.625
bridge,-1,accept_all,0.05,26,0,0.65,False,0.625,True,0.975,0.65
bridge,-1,accept_all,0.05,27,0,0.675,False,0.65,True,0.975,0.675
bridge,-1,accept_all,0.05,28,0,0.7,False,0.675,True,0.9750000000000001,0.7
bridge,-1,accept_all,0.05,29,0,0.725,False,0.7,True,0.975,0.725
bridge,-1,accept_all,0.05,30,0,0.75,False,0.725,True,0.975,0.75
bridge,-1,accept_all,0.05,31,0,0.775,False,0.75,True,0.975,0.775
bridge,-1,accept_all,0.05,32,0,0.8,False,0.775,True,0.975,0.8
bridge,-1,accept_all,0.05,33,0,0.825,False,0.8,True,0.9750000000000001,0.825
bridge,-1,accept_all,0.05,34,0,0.85,False,0.825,True,0.975,0.85
bridge,-1,accept_all,0.05,35,0,0.875,False,0.85,True,0.975,0.875
bridge,-1,accept_all,0.05,36,0,0.9,False,0.875,True,0.975,0.9
bridge,-1,accept_all,0.05,37,0,0.925,False,0.9,True,0.975,0.925
bridge,-1,accept_all,0.05,38,0,0.95,False,0.925,True,0.9750000000000001,0.95
bridge,-1,accept_all,0.05,39,0,0.975,False,0.95,True,0.975,0.975
bridge,-1,accept_all,0.05,40,0,1.0,True,0.975,True,0.975,1.0
bridge,-1,accept_all,0.05,41,0,1.0,True,1.0,True,1.0,1.0
bridge,-1,accept_all,0.05,42,0,1.0,True,1.0,True,1.0,1.0
bridge,-1,accept_all,0.05,43,0,1.0,True,1.0,True,1.0,1.0
bridge,-1,accept_all,0.05,44,0,1.0,True,1.0,True,1.0,1.0
bridge,-1,accept_all,0.05,45,0,1.0,True,1.0,True,1.0,1.0
bridge,-1,accept_all,0.05,46,0,1.0,True,1.0,True,1.0,1.0
bridge,-1,accept_all,0.05,47,0,1.0,True,1.0,True,1.0,1.0
bridge,-1,accept_all,0.05,48,0,1.0,True,1.0,True,1.0,1.0
bridge,-1,accept_all,0.05,49,0,1.0,True,1.0,True,1.0,1.0
bridge,-1,accept_all,0.05,50,0,1.0,True,1.0,True,1.0,1.0
bridge,-1,accept_all,0.05,51,0,1.0,True,1.0,True,1.0,1.0
bridge,-1,accept_all,0.05,52,0,1.0,True,1.0,True,1.0,1.0
bridge,-1,accept_all,0.05,53,0,1.0,True,1.0,True,1.0,1.0
bridge,-1,accept_all,0.05,54,0,1.0,True,1.0,True,1.0,1.0
bridge,-1,accept_all,0.05,55,0,1.0,True,1.0,True,1.0,1.0
bridge,-1,accept_all,0.05,56,0,1.0,True,1.0,True,1.0,1.0
bridge,-1,accept_all,0.05,57,0,1.0,True,1.0,True,1.0,1.0
bridge,-1,accept_all,0.05,58,0,1.0,True,1.0,True,1.0,1.0
bridge,-1,accept_all,0.05,59,0,1.0,True,1.0,True,1.0,1.0
bridge,-1,accept_all,0.05,60,0,1.0,True,1.0,True,1.0,1.0
bridge,-1,accept_all,0.05,61,0,1.0,True,1.0,True,1.0,1.0
bridge,-1,accept_all,0.05,62,0,1.0,True,1.0,True,1.0,1.0
bridge,-1,accept_all,0.05,63,0,1.0,True,1.0,True,1.0,1.0
bridge,-1,accept_all,0.05,64,0,1.0,True,1.0,True,1.0,1.0
bridge,-1,accept_all,0.05,65,0,1.0,True,1.0,True,1.0,1.0
bridge,-1,accept_all,0.05,66,0,1.0,True,1.0,True,1.0,1.0
bridge,-1,accept_all,0.05,67,0,1.0,True,1.0,True,1.0,1.0
bridge,-1,accept_all,0.05,68,0,1.0,True,1.0,True,1.0,1.0
bridge,-1,accept_all,0.05,69,0,1.0,True,1.0,True,1.0,1.0
bridge,-1,accept_all,0.05,70,0,1.0,True,1.0,True,1.0,1.0
bridge,-1,accept_all,0.05,71,0,1.0,True,1.0,True,1.0,1.0
bridge,-1,accept_all,0.05,72,0,1.0,True,1.0,True,1.0,1.0
bridge,-1,accept_all,0.05,73,0,1.0,True,1.0,True,1.0,1.0
bridge,-1,accept_all,0.05,74,0,1.0,True,1.0,True,1.0,1.0
bridge,-1,accept_all,0.05,75,0,1.0,True,1.0,True,1.0,1.0
bridge,-1,accept_all,0.05,76,0,1.0,True,1.0,True,1.0,1.0
bridge,-1,accept_all,0.05,77,0,1.0,True,1.0,True,1.0,1.0
bridge,-1,accept_all,0.05,78,0,1.0,True,1.0,True,1.0,1.0
bridge,-1,accept_all,0.05,79,0,1.0,True,1.0,True,1.0,1.0
bridge,-1,accept_all,0.05,80,0,1.0,True,1.0,True,1.0,1.0
bridge,-1,reference_only,0.05,1,0,0.025,False,0.0,False,0.975,0.0
bridge,-1,reference_only,0.05,2,0,0.05,False,0.0,False,0.95,0.0
bridge,-1,reference_only,0.05,3,0,0.075,False,0.0,False,0.925,0.0
bridge,-1,reference_only,0.05,4,0,0.1,False,0.0,False,0.9,0.0
bridge,-1,reference_only,0.05,5,0,0.125,False,0.0,False,0.875,0.0
bridge,-1,reference_only,0.05,6,0,0.15,False,0.0,False,0.85,0.0
bridge,-1,reference_only,0.05,7,0,0.175,False,0.0,False,0.825,0.0
bridge,-1,reference_only,0.05,8,0,0.2,False,0.0,False,0.8,0.0
bridge,-1,reference_only,0.05,9,0,0.225,False,0.0,False,0.775,0.0
bridge,-1,reference_only,0.05,10,0,0.25,False,0.0,False,0.75,0.0
bridge,-1,reference_only,0.05,11,0,0.275,False,0.0,False,0.725,0.0
bridge,-1,reference_only,0.05,12,0,0.3,False,0.0,False,0.7,0.0
bridge,-1,reference_only,0.05,13,0,0.325,False,0.0,False,0.675,0.0
bridge,-1,reference_only,0.05,14,0,0.35,False,0.0,False,0.65,0.0
bridge,-1,reference_only,0.05,15,0,0.375,False,0.0,False,0.625,0.0
bridge,-1,reference_only,0.05,16,0,0.4,False,0.0,False,0.6,0.0
bridge,-1,reference_only,0.05,17,0,0.425,False,0.0,False,0.575,0.0
bridge,-1,reference_only,0.05,18,0,0.45,False,0.0,False,0.55,0.0
bridge,-1,reference_only,0.05,19,0,0.475,False,0.0,False,0.525,0.0
bridge,-1,reference_only,0.05,20,0,0.5,False,0.0,False,0.5,0.0
bridge,-1,reference_only,0.05,21,0,0.525,False,0.0,False,0.475,0.0
bridge,-1,reference_only,0.05,22,0,0.55,False,0.0,False,0.44999999999999996,0.0
bridge,-1,reference_only,0.05,23,0,0.575,False,0.0,False,0.42500000000000004,0.0
bridge,-1,reference_only,0.05,24,0,0.6,False,0.0,False,0.4,0.0
bridge,-1,reference_only,0.05,25,0,0.625,False,0.0,False,0.375,0.0
bridge,-1,reference_only,0.05,26,0,0.65,False,0.0,False,0.35,0.0
bridge,-1,reference_only,0.05,27,0,0.675,False,0.0,False,0.32499999999999996,0.0
bridge,-1,reference_only,0.05,28,0,0.7,False,0.0,False,0.30000000000000004,0.0
bridge,-1,reference_only,0.05,29,0,0.725,False,0.0,False,0.275,0.0
bridge,-1,reference_only,0.05,30,0,0.75,False,0.0,False,0.25,0.0
bridge,-1,reference_only,0.05,31,0,0.775,False,0.0,False,0.22499999999999998,0.0
bridge,-1,reference_only,0.05,32,0,0.8,False,0.0,False,0.19999999999999996,0.0
bridge,-1,reference_only,0.05,33,0,0.825,False,0.0,False,0.17500000000000004,0.0
bridge,-1,reference_only,0.05,34,0,0.85,False,0.0,False,0.15000000000000002,0.0
bridge,-1,reference_only,0.05,35,0,0.875,False,0.0,False,0.125,0.0
bridge,-1,reference_only,0.05,36,0,0.9,False,0.0,False,0.09999999999999998,0.0
bridge,-1,reference_only,0.05,37,0,0.925,False,0.0,False,0.07499999999999996,0.0
bridge,-1,reference_only,0.05,38,0,0.95,False,0.0,False,0.050000000000000044,0.0
bridge,-1,reference_only,0.05,39,0,0.975,False,0.0,False,0.025000000000000022,0.0
bridge,-1,reference_only,0.05,40,0,1.0,True,0.0,True,0.0,1.0
bridge,-1,reference_only,0.05,41,0,1.0,True,1.0,True,1.0,1.0
bridge,-1,reference_only,0.05,42,0,1.0,True,1.0,True,1.0,1.0
bridge,-1,reference_only,0.05,43,0,1.0,True,1.0,True,1.0,1.0
bridge,-1,reference_only,0.05,44,0,1.0,True,1.0,True,1.0,1.0
bridge,-1,reference_only,0.05,45,0,1.0,True,1.0,True,1.0,1.0
bridge,-1,reference_only,0.05,46,0,1.0,True,1.0,True,1.0,1.0
bridge,-1,reference_only,0.05,47,0,1.0,True,1.0,True,1.0,1.0
bridge,-1,reference_only,0.05,48,0,1.0,True,1.0,True,1.0,1.0
bridge,-1,reference_only,0.05,49,0,1.0,True,1.0,True,1.0,1.0
bridge,-1,reference_only,0.05,50,0,1.0,True,1.0,True,1.0,1.0
bridge,-1,reference_only,0.05,51,0,1.0,True,1.0,True,1.0,1.0
bridge,-1,reference_only,0.05,52,0,1.0,True,1.0,True,1.0,1.0
bridge,-1,reference_only,0.05,53,0,1.0,True,1.0,True,1.0,1.0
bridge,-1,reference_only,0.05,54,0,1.0,True,1.0,True,1.0,1.0
bridge,-1,reference_only,0.05,55,0,1.0,True,1.0,True,1.0,1.0
bridge,-1,reference_only,0.05,56,0,1.0,True,1.0,True,1.0,1.0
bridge,-1,reference_only,0.05,57,0,1.0,True,1.0,True,1.0,1.0
bridge,-1,reference_only,0.05,58,0,1.0,True,1.0,True,1.0,1.0
bridge,-1,reference_only,0.05,59,0,1.0,True,1.0,True,1.0,1.0
bridge,-1,reference_only,0.05,60,0,1.0,True,1.0,True,1.0,1.0
bridge,-1,reference_only,0.05,61,0,1.0,True,1.0,True,1.0,1.0
bridge,-1,reference_only,0.05,62,0,1.0,True,1.0,True,1.0,1.0
bridge,-1,reference_only,0.05,63,0,1.0,True,1.0,True,1.0,1.0
bridge,-1,reference_only,0.05,64,0,1.0,True,1.0,True,1.0,1.0
bridge,-1,reference_only,0.05,65,0,1.0,True,1.0,True,1.0,1.0
bridge,-1,reference_only,0.05,66,0,1.0,True,1.0,True,1.0,1.0
bridge,-1,reference_only,0.05,67,0,1.0,True,1.0,True,1.0,1.0
bridge,-1,reference_only,0.05,68,0,1.0,True,1.0,True,1.0,1.0
bridge,-1,reference_only,0.05,69,0,1.0,True,1.0,True,1.0,1.0
bridge,-1,reference_only,0.05,70,0,1.0,True,1.0,True,1.0,1.0
bridge,-1,reference_only,0.05,71,0,1.0,True,1.0,True,1.0,1.0
bridge,-1,reference_only,0.05,72,0,1.0,True,1.0,True,1.0,1.0
bridge,-1,reference_only,0.05,73,0,1.0,True,1.0,True,1.0,1.0
bridge,-1,reference_only,0.05,74,0,1.0,True,1.0,True,1.0,1.0
bridge,-1,reference_only,0.05,75,0,1.0,True,1.0,True,1.0,1.0
bridge,-1,reference_only,0.05,76,0,1.0,True,1.0,True,1.0,1.0
bridge,-1,reference_only,0.05,77,0,1.0,True,1.0,True,1.0,1.0
bridge,-1,reference_only,0.05,78,0,1.0,True,1.0,True,1.0,1.0
bridge,-1,reference_only,0.05,79,0,1.0,True,1.0,True,1.0,1.0
bridge,-1,reference_only,0.05,80,0,1.0,True,1.0,True,1.0,1.0
bridge,-1,gated,0.11,1,0,0.025,False,0.0,True,0.975,0.025
bridge,-1,gated,0.11,2,0,0.05,False,0.025,True,0.975,0.05
bridge,-1,gated,0.11,3,0,0.075,False,0.05,True,0.975,0.075
bridge,-1,gated,0.11,4,0,0.1,False,0.075,True,0.975,0.1
bridge,-1,gated,0.11,5,0,0.125,False,0.1,True,0.975,0.125
bridge,-1,gated,0.11,6,0,0.15,False,0.125,True,0.975,0.15
bridge,-1,gated,0.11,7,0,0.175,False,0.15,True,0.975,0.175
bridge,-1,gated,0.11,8,0,0.2,False,0.175,True,0.975,0.2
bridge,-1,gated,0.11,9,0,0.225,False,0.2,True,0.975,0.225
bridge,-1,gated,0.11,10,0,0.25,False,0.225,True,0.975,0.25
bridge,-1,gated,0.11,11,0,0.275,False,0.25,True,0.975,0.275
bridge,-1,gated,0.11,12,0,0.3,False,0.275,True,0.9750000000000001,0.3
bridge,-1,gated,0.11,13,0,0.325,False,0.3,True,0.975,0.325
bridge,-1,gated,0.11,14,0,0.35,False,0.325,True,0.9750000000000001,0.35
bridge,-1,gated,0.11,15,0,0.375,False,0.35,True,0.975,0.375
bridge,-1,gated,0.11,16,0,0.4,False,0.375,True,0.975,0.4
bridge,-1,gated,0.11,17,0,0.425,False,0.4,True,0.9750000000000001,0.425
bridge,-1,gated,0.11,18,0,0.45,False,0.425,True,0.975,0.45
bridge,-1,gated,0.11,19,0,0.475,False,0.45,True,0.9750000000000001,0.475
bridge,-1,gated,0.11,20,0,0.5,False,0.475,True,0.975,0.5
bridge,-1,gated,0.11,21,0,0.525,False,0.5,True,0.975,0.525
bridge,-1,gated,0.11,22,0,0.55,False,0.525,True,0.975,0.55
bridge,-1,gated,0.11,23,0,0.575,False,0.55,True,0.9750000000000001,0.575
bridge,-1,gated,0.11,24,0,0.6,False,0.575,True,0.975,0.6
bridge,-1,gated,0.11,25,0,0.625,False,0.6,True,0.975,0.625
bridge,-1,gated,0.11,26,0,0.65,False,0.625,True,0.975,0.65
bridge,-1,gated,0.11,27,0,0.675,False,0.65,True,0.975,0.675
bridge,-1,gated,0.11,28,0,0.7,False,0.675,True,0.9750000000000001,0.7
bridge,-1,gated,0.11,29,0,0.725,False,0.7,True,0.975,0.725
bridge,-1,gated,0.11,30,0,0.75,False,0.725,True,0.975,0.75
bridge,-1,gated,0.11,31,0,0.775,False,0.75,True,0.975,0.775
bridge,-1,gated,0.11,32,0,0.8,False,0.775,True,0.975,0.8
bridge,-1,gated,0.11,33,0,0.825,False,0.8,True,0.9750000000000001,0.825
bridge,-1,gated,0.11,34,0,0.85,False,0.825,True,0.975,0.85
bridge,-1,gated,0.11,35,0,0.875,False,0.85,True,0.975,0.875
bridge,-1,gated,0.11,36,0,0.9,False,0.875,True,0.975,0.9
bridge,-1,gated,0.11,37,0,0.925,False,0.9,True,0.975,0.925
bridge,-1,gated,0.11,38,0,0.95,False,0.925,True,0.9750000000000001,0.95
bridge,-1,gated,0.11,39,0,0.975,False,0.95,True,0.975,0.975
bridge,-1,gated,0.11,40,0,1.0,True,0.975,True,0.975,1.0
bridge,-1,gated,0.11,41,0,1.0,True,1.0,True,1.0,1.0
bridge,-1,gated,0.11,42,0,1.0,True,1.0,True,1.0,1.0
bridge,-1,gated,0.11,43,0,1.0,True,1.0,True,1.0,1.0
bridge,-1,gated,0.11,44,0,1.0,True,1.0,True,1.0,1.0
bridge,-1,gated,0.11,45,0,1.0,True,1.0,True,1.0,1.0
bridge,-1,gated,0.11,46,0,1.0,True,1.0,True,1.0,1.0
bridge,-1,gated,0.11,47,0,1.0,True,1.0,True,1.0,1.0
bridge,-1,gated,0.11,48,0,1.0,True,1.0,True,1.0,1.0
bridge,-1,gated,0.11,49,0,1.0,True,1.0,True,1.0,1.0
bridge,-1,gated,0.11,50,0,1.0,True,1.0,True,1.0,1.0
bridge,-1,gated,0.11,51,0,1.0,True,1.0,True,1.0,1.0
bridge,-1,gated,0.11,52,0,1.0,True,1.0,True,1.0,1.0
bridge,-1,gated,0.11,53,0,1.0,True,1.0,True,1.0,1.0
bridge,-1,gated,0.11,54,0,1.0,True,1.0,True,1.0,1.0
bridge,-1,gated,0.11,55,0,1.0,True,1.0,True,1.0,1.0
bridge,-1,gated,0.11,56,0,1.0,True,1.0,True,1.0,1.0
bridge,-1,gated,0.11,57,0,1.0,True,1.0,True,1.0,1.0
bridge,-1,gated,0.11,58,0,1.0,True,1.0,True,1.0,1.0
bridge,-1,gated,0.11,59,0,1.0,True,1.0,True,1.0,1.0
bridge,-1,gated,0.11,60,0,1.0,True,1.0,True,1.0,1.0
bridge,-1,gated,0.11,61,0,1.0,True,1.0,True,1.0,1.0
bridge,-1,gated,0.11,62,0,1.0,True,1.0,True,1.0,1.0
bridge,-1,gated,0.11,63,0,1.0,True,1.0,True,1.0,1.0
bridge,-1,gated,0.11,64,0,1.0,True,1.0,True,1.0,1.0
bridge,-1,gated,0.11,65,0,1.0,True,1.0,True,1.0,1.0
bridge,-1,gated,0.11,66,0,1.0,True,1.0,True,1.0,1.0
bridge,-1,gated,0.11,67,0,1.0,True,1.0,True,1.0,1.0
bridge,-1,gated,0.11,68,0,1.0,True,1.0,True,1.0,1.0
bridge,-1,gated,0.11,69,0,1.0,True,1.0,True,1.0,1.0
bridge,-1,gated,0.11,70,0,1.0,True,1.0,True,1.0,1.0
bridge,-1,gated,0.11,71,0,1.0,True,1.0,True,1.0,1.0
bridge,-1,gated,0.11,72,0,1.0,True,1.0,True,1.0,1.0
bridge,-1,gated,0.11,73,0,1.0,True,1.0,True,1.0,1.0
bridge,-1,gated,0.11,74,0,1.0,True,1.0,True,1.0,1.0
bridge,-1,gated,0.11,75,0,1.0,True,1.0,True,1.0,1.0
bridge,-1,gated,0.11,76,0,1.0,True,1.0,True,1.0,1.0
bridge,-1,gated,0.11,77,0,1.0,True,1.0,True,1.0,1.0
bridge,-1,gated,0.11,78,0,1.0,True,1.0,True,1.0,1.0
bridge,-1,gated,0.11,79,0,1.0,True,1.0,True,1.0,1.0
bridge,-1,gated,0.11,80,0,1.0,True,1.0,True,1.0,1.0
bridge,-1,accept_all,0.11,1,0,0.025,False,0.0,True,0.975,0.025
bridge,-1,accept_all,0.11,2,0,0.05,False,0.025,True,0.975,0.05
bridge,-1,accept_all,0.11,3,0,0.075,False,0.05,True,0.975,0.075
bridge,-1,accept_all,0.11,4,0,0.1,False,0.075,True,0.975,0.1
bridge,-1,accept_all,0.11,5,0,0.125,False,0.1,True,0.975,0.125
bridge,-1,accept_all,0.11,6,0,0.15,False,0.125,True,0.975,0.15
bridge,-1,accept_all,0.11,7,0,0.175,False,0.15,True,0.975,0.175
bridge,-1,accept_all,0.11,8,0,0.2,False,0.175,True,0.975,0.2
bridge,-1,accept_all,0.11,9,0,0.225,False,0.2,True,0.975,0.225
bridge,-1,accept_all,0.11,10,0,0.25,False,0.225,True,0.975,0.25
bridge,-1,accept_all,0.11,11,0,0.275,False,0.25,True,0.975,0.275
bridge,-1,accept_all,0.11,12,0,0.3,False,0.275,True,0.9750000000000001,0.3
bridge,-1,accept_all,0.11,13,0,0.325,False,0.3,True,0.975,0.325
bridge,-1,accept_all,0.11,14,0,0.35,False,0.325,True,0.9750000000000001,0.35
bridge,-1,accept_all,0.11,15,0,0.375,False,0.35,True,0.975,0.375
bridge,-1,accept_all,0.11,16,0,0.4,False,0.375,True,0.975,0.4
bridge,-1,accept_all,0.11,17,0,0.425,False,0.4,True,0.9750000000000001,0.425
bridge,-1,accept_all,0.11,18,0,0.45,False,0.425,True,0.975,0.45
bridge,-1,accept_all,0.11,19,0,0.475,False,0.45,True,0.9750000000000001,0.475
bridge,-1,accept_all,0.11,20,0,0.5,False,0.475,True,0.975,0.5
bridge,-1,accept_all,0.11,21,0,0.525,False,0.5,True,0.975,0.525
bridge,-1,accept_all,0.11,22,0,0.55,False,0.525,True,0.975,0.55
bridge,-1,accept_all,0.11,23,0,0.575,False,0.55,True,0.9750000000000001,0.575
bridge,-1,accept_all,0.11,24,0,0.6,False,0.575,True,0.975,0.6
bridge,-1,accept_all,0.11,25,0,0.625,False,0.6,True,0.975,0.625
bridge,-1,accept_all,0.11,26,0,0.65,False,0.625,True,0.975,0.65
bridge,-1,accept_all,0.11,27,0,0.675,False,0.65,True,0.975,0.675
bridge,-1,accept_all,0.11,28,0,0.7,False,0.675,True,0.9750000000000001,0.7
bridge,-1,accept_all,0.11,29,0,0.725,False,0.7,True,0.975,0.725
bridge,-1,accept_all,0.11,30,0,0.75,False,0.725,True,0.975,0.75
bridge,-1,accept_all,0.11,31,0,0.775,False,0.75,True,0.975,0.775
bridge,-1,accept_all,0.11,32,0,0.8,False,0.775,True,0.975,0.8
bridge,-1,accept_all,0.11,33,0,0.825,False,0.8,True,0.9750000000000001,0.825
bridge,-1,accept_all,0.11,34,0,0.85,False,0.825,True,0.975,0.85
bridge,-1,accept_all,0.11,35,0,0.875,False,0.85,True,0.975,0.875
bridge,-1,accept_all,0.11,36,0,0.9,False,0.875,True,0.975,0.9
bridge,-1,accept_all,0.11,37,0,0.925,False,0.9,True,0.975,0.925
bridge,-1,accept_all,0.11,38,0,0.95,False,0.925,True,0.9750000000000001,0.95
bridge,-1,accept_all,0.11,39,0,0.975,False,0.95,True,0.975,0.975
bridge,-1,accept_all,0.11,40,0,1.0,True,0.975,True,0.975,1.0
bridge,-1,accept_all,0.11,41,0,1.0,True,1.0,True,1.0,1.0
bridge,-1,accept_all,0.11,42,0,1.0,True,1.0,True,1.0,1.0
bridge,-1,accept_all,0.11,43,0,1.0,True,1.0,True,1.0,1.0
bridge,-1,accept_all,0.11,44,0,1.0,True,1.0,True,1.0,1.0
bridge,-1,accept_all,0.11,45,0,1.0,True,1.0,True,1.0,1.0
bridge,-1,accept_all,0.11,46,0,1.0,True,1.0,True,1.0,1.0
bridge,-1,accept_all,0.11,47,0,1.0,True,1.0,True,1.0,1.0
bridge,-1,accept_all,0.11,48,0,1.0,True,1.0,True,1.0,1.0
bridge,-1,accept_all,0.11,49,0,1.0,True,1.0,True,1.0,1.0
bridge,-1,accept_all,0.11,50,0,1.0,True,1.0,True,1.0,1.0
bridge,-1,accept_all,0.11,51,0,1.0,True,1.0,True,1.0,1.0
bridge,-1,accept_all,0.11,52,0,1.0,True,1.0,True,1.0,1.0
bridge,-1,accept_all,0.11,53,0,1.0,True,1.0,True,1.0,1.0
bridge,-1,accept_all,0.11,54,0,1.0,True,1.0,True,1.0,1.0
bridge,-1,accept_all,0.11,55,0,1.0,True,1.0,True,1.0,1.0
bridge,-1,accept_all,0.11,56,0,1.0,True,1.0,True,1.0,1.0
bridge,-1,accept_all,0.11,57,0,1.0,True,1.0,True,1.0,1.0
bridge,-1,accept_all,0.11,58,0,1.0,True,1.0,True,1.0,1.0
bridge,-1,accept_all,0.11,59,0,1.0,True,1.0,True,1.0,1.0
bridge,-1,accept_all,0.11,60,0,1.0,True,1.0,True,1.0,1.0
bridge,-1,accept_all,0.11,61,0,1.0,True,1.0,True,1.0,1.0
bridge,-1,accept_all,0.11,62,0,1.0,True,1.0,True,1.0,1.0
bridge,-1,accept_all,0.11,63,0,1.0,True,1.0,True,1.0,1.0
bridge,-1,accept_all,0.11,64,0,1.0,True,1.0,True,1.0,1.0
bridge,-1,accept_all,0.11,65,0,1.0,True,1.0,True,1.0,1.0
bridge,-1,accept_all,0.11,66,0,1.0,True,1.0,True,1.0,1.0
bridge,-1,accept_all,0.11,67,0,1.0,True,1.0,True,1.0,1.0
bridge,-1,accept_all,0.11,68,0,1.0,True,1.0,True,1.0,1.0
bridge,-1,accept_all,0.11,69,0,1.0,True,1.0,True,1.0,1.0
bridge,-1,accept_all,0.11,70,0,1.0,True,1.0,True,1.0,1.0
bridge,-1,accept_all,0.11,71,0,1.0,True,1.0,True,1.0,1.0
bridge,-1,accept_all,0.11,72,0,1.0,True,1.0,True,1.0,1.0
bridge,-1,accept_all,0.11,73,0,1.0,True,1.0,True,1.0,1.0
bridge,-1,accept_all,0.11,74,0,1.0,True,1.0,True,1.0,1.0
bridge,-1,accept_all,0.11,75,0,1.0,True,1.0,True,1.0,1.0
bridge,-1,accept_all,0.11,76,0,1.0,True,1.0,True,1.0,1.0
bridge,-1,accept_all,0.11,77,0,1.0,True,1.0,True,1.0,1.0
bridge,-1,accept_all,0.11,78,0,1.0,True,1.0,True,1.0,1.0
bridge,-1,accept_all,0.11,79,0,1.0,True,1.0,True,1.0,1.0
bridge,-1,accept_all,0.11,80,0,1.0,True,1.0,True,1.0,1.0
bridge,-1,reference_only,0.11,1,0,0.025,False,0.0,False,0.975,0.0
bridge,-1,reference_only,0.11,2,0,0.05,False,0.0,False,0.95,0.0
bridge,-1,reference_only,0.11,3,0,0.075,False,0.0,False,0.925,0.0
bridge,-1,reference_only,0.11,4,0,0.1,False,0.0,False,0.9,0.0
bridge,-1,reference_only,0.11,5,0,0.125,False,0.0,False,0.875,0.0
bridge,-1,reference_only,0.11,6,0,0.15,False,0.0,False,0.85,0.0
bridge,-1,reference_only,0.11,7,0,0.175,False,0.0,False,0.825,0.0
bridge,-1,reference_only,0.11,8,0,0.2,False,0.0,False,0.8,0.0
bridge,-1,reference_only,0.11,9,0,0.225,False,0.0,False,0.775,0.0
bridge,-1,reference_only,0.11,10,0,0.25,False,0.0,False,0.75,0.0
bridge,-1,reference_only,0.11,11,0,0.275,False,0.0,False,0.725,0.0
bridge,-1,reference_only,0.11,12,0,0.3,False,0.0,False,0.7,0.0
bridge,-1,reference_only,0.11,13,0,0.325,False,0.0,False,0.675,0.0
bridge,-1,reference_only,0.11,14,0,0.35,False,0.0,False,0.65,0.0
bridge,-1,reference_only,0.11,15,0,0.375,False,0.0,False,0.625,0.0
bridge,-1,reference_only,0.11,16,0,0.4,False,0.0,False,0.6,0.0
bridge,-1,reference_only,0.11,17,0,0.425,False,0.0,False,0.575,0.0
bridge,-1,reference_only,0.11,18,0,0.45,False,0.0,False,0.55,0.0
bridge,-1,reference_only,0.11,19,0,0.475,False,0.0,False,0.525,0.0
bridge,-1,reference_only,0.11,20,0,0.5,False,0.0,False,0.5,0.0
bridge,-1,reference_only,0.11,21,0,0.525,False,0.0,False,0.475,0.0
bridge,-1,reference_only,0.11,22,0,0.55,False,0.0,False,0.44999999999999996,0.0
bridge,-1,reference_only,0.11,23,0,0.575,False,0.0,False,0.42500000000000004,0.0
bridge,-1,reference_only,0.11,24,0,0.6,False,0.0,False,0.4,0.0
bridge,-1,reference_only,0.11,25,0,0.625,False,0.0,False,0.375,0.0
bridge,-1,reference_only,0.11,26,0,0.65,False,0.0,False,0.35,0.0
bridge,-1,reference_only,0.11,27,0,0.675,False,0.0,False,0.32499999999999996,0.0
bridge,-1,reference_only,0.11,28,0,0.7,False,0.0,False,0.30000000000000004,0.0
bridge,-1,reference_only,0.11,29,0,0.725,False,0.0,False,0.275,0.0
bridge,-1,reference_only,0.11,30,0,0.75,False,0.0,False,0.25,0.0
bridge,-1,reference_only,0.11,31,0,0.775,False,0.0,False,0.22499999999999998,0.0
bridge,-1,reference_only,0.11,32,0,0.8,False,0.0,False,0.19999999999999996,0.0
bridge,-1,reference_only,0.11,33,0,0.825,False,0.0,False,0.17500000000000004,0.0
bridge,-1,reference_only,0.11,34,0,0.85,False,0.0,False,0.15000000000000002,0.0
bridge,-1,reference_only,0.11,35,0,0.875,False,0.0,False,0.125,0.0
bridge,-1,reference_only,0.11,36,0,0.9,False,0.0,False,0.09999999999999998,0.0
bridge,-1,reference_only,0.11,37,0,0.925,False,0.0,False,0.07499999999999996,0.0
bridge,-1,reference_only,0.11,38,0,0.95,False,0.0,False,0.050000000000000044,0.0
bridge,-1,reference_only,0.11,39,0,0.975,False,0.0,False,0.025000000000000022,0.0
bridge,-1,reference_only,0.11,40,0,1.0,True,0.0,True,0.0,1.0
bridge,-1,reference_only,0.11,41,0,1.0,True,1.0,True,1.0,1.0
bridge,-1,reference_only,0.11,42,0,1.0,True,1.0,True,1.0,1.0
bridge,-1,reference_only,0.11,43,0,1.0,True,1.0,True,1.0,1.0
bridge,-1,reference_only,0.11,44,0,1.0,True,1.0,True,1.0,1.0
bridge,-1,reference_only,0.11,45,0,1.0,True,1.0,True,1.0,1.0
bridge,-1,reference_only,0.11,46,0,1.0,True,1.0,True,1.0,1.0
bridge,-1,reference_only,0.11,47,0,1.0,True,1.0,True,1.0,1.0
bridge,-1,reference_only,0.11,48,0,1.0,True,1.0,True,1.0,1.0
bridge,-1,reference_only,0.11,49,0,1.0,True,1.0,True,1.0,1.0
bridge,-1,reference_only,0.11,50,0,1.0,True,1.0,True,1.0,1.0
bridge,-1,reference_only,0.11,51,0,1.0,True,1.0,True,1.0,1.0
bridge,-1,reference_only,0.11,52,0,1.0,True,1.0,True,1.0,1.0
bridge,-1,reference_only,0.11,53,0,1.0,True,1.0,True,1.0,1.0
bridge,-1,reference_only,0.11,54,0,1.0,True,1.0,True,1.0,1.0
bridge,-1,reference_only,0.11,55,0,1.0,True,1.0,True,1.0,1.0
bridge,-1,reference_only,0.11,56,0,1.0,True,1.0,True,1.0,1.0
bridge,-1,reference_only,0.11,57,0,1.0,True,1.0,True,1.0,1.0
bridge,-1,reference_only,0.11,58,0,1.0,True,1.0,True,1.0,1.0
bridge,-1,reference_only,0.11,59,0,1.0,True,1.0,True,1.0,1.0
bridge,-1,reference_only,0.11,60,0,1.0,True,1.0,True,1.0,1.0
bridge,-1,reference_only,0.11,61,0,1.0,True,1.0,True,1.0,1.0
bridge,-1,reference_only,0.11,62,0,1.0,True,1.0,True,1.0,1.0
bridge,-1,reference_only,0.11,63,0,1.0,True,1.0,True,1.0,1.0
bridge,-1,reference_only,0.11,64,0,1.0,True,1.0,True,1.0,1.0
bridge,-1,reference_only,0.11,65,0,1.0,True,1.0,True,1.0,1.0
bridge,-1,reference_only,0.11,66,0,1.0,True,1.0,True,1.0,1.0
bridge,-1,reference_only,0.11,67,0,1.0,True,1.0,True,1.0,1.0
bridge,-1,reference_only,0.11,68,0,1.0,True,1.0,True,1.0,1.0
bridge,-1,reference_only,0.11,69,0,1.0,True,1.0,True,1.0,1.0
bridge,-1,reference_only,0.11,70,0,1.0,True,1.0,True,1.0,1.0
bridge,-1,reference_only,0.11,71,0,1.0,True,1.0,True,1.0,1.0
bridge,-1,reference_only,0.11,72,0,1.0,True,1.0,True,1.0,1.0
bridge,-1,reference_only,0.11,73,0,1.0,True,1.0,True,1.0,1.0
bridge,-1,reference_only,0.11,74,0,1.0,True,1.0,True,1.0,1.0
bridge,-1,reference_only,0.11,75,0,1.0,True,1.0,True,1.0,1.0
bridge,-1,reference_only,0.11,76,0,1.0,True,1.0,True,1.0,1.0
bridge,-1,reference_only,0.11,77,0,1.0,True,1.0,True,1.0,1.0
bridge,-1,reference_only,0.11,78,0,1.0,True,1.0,True,1.0,1.0
bridge,-1,reference_only,0.11,79,0,1.0,True,1.0,True,1.0,1.0
bridge,-1,reference_only,0.11,80,0,1.0,True,1.0,True,1.0,1.0
bridge,-1,gated,0.25,1,0,0.025,False,0.0,True,0.975,0.025
bridge,-1,gated,0.25,2,0,0.05,False,0.025,True,0.975,0.05
bridge,-1,gated,0.25,3,0,0.075,False,0.05,True,0.975,0.075
bridge,-1,gated,0.25,4,0,0.1,False,0.075,True,0.975,0.1
bridge,-1,gated,0.25,5,0,0.125,False,0.1,True,0.975,0.125
bridge,-1,gated,0.25,6,0,0.15,False,0.125,True,0.975,0.15
bridge,-1,gated,0.25,7,0,0.175,False,0.15,True,0.975,0.175
bridge,-1,gated,0.25,8,0,0.2,False,0.175,True,0.975,0.2
bridge,-1,gated,0.25,9,0,0.225,False,0.2,True,0.975,0.225
bridge,-1,gated,0.25,10,0,0.25,False,0.225,True,0.975,0.25
bridge,-1,gated,0.25,11,0,0.275,False,0.25,True,0.975,0.275
bridge,-1,gated,0.25,12,0,0.3,False,0.275,True,0.9750000000000001,0.3
bridge,-1,gated,0.25,13,0,0.325,False,0.3,True,0.975,0.325
bridge,-1,gated,0.25,14,0,0.35,False,0.325,True,0.9750000000000001,0.35
bridge,-1,gated,0.25,15,0,0.375,False,0.35,True,0.975,0.375
bridge,-1,gated,0.25,16,0,0.4,False,0.375,True,0.975,0.4
bridge,-1,gated,0.25,17,0,0.425,False,0.4,True,0.9750000000000001,0.425
bridge,-1,gated,0.25,18,0,0.45,False,0.425,True,0.975,0.45
bridge,-1,gated,0.25,19,0,0.475,False,0.45,True,0.9750000000000001,0.475
bridge,-1,gated,0.25,20,0,0.5,False,0.475,True,0.975,0.5
bridge,-1,gated,0.25,21,0,0.525,False,0.5,True,0.975,0.525
bridge,-1,gated,0.25,22,0,0.55,False,0.525,True,0.975,0.55
bridge,-1,gated,0.25,23,0,0.575,False,0.55,True,0.9750000000000001,0.575
bridge,-1,gated,0.25,24,0,0.6,False,0.575,True,0.975,0.6
bridge,-1,gated,0.25,25,0,0.625,False,0.6,True,0.975,0.625
bridge,-1,gated,0.25,26,0,0.65,False,0.625,True,0.975,0.65
bridge,-1,gated,0.25,27,0,0.675,False,0.65,True,0.975,0.675
bridge,-1,gated,0.25,28,0,0.7,False,0.675,True,0.9750000000000001,0.7
bridge,-1,gated,0.25,29,0,0.725,False,0.7,True,0.975,0.725
bridge,-1,gated,0.25,30,0,0.75,False,0.725,True,0.975,0.75
bridge,-1,gated,0.25,31,0,0.775,False,0.75,True,0.975,0.775
bridge,-1,gated,0.25,32,0,0.8,False,0.775,True,0.975,0.8
bridge,-1,gated,0.25,33,0,0.825,False,0.8,True,0.9750000000000001,0.825
bridge,-1,gated,0.25,34,0,0.85,False,0.825,True,0.975,0.85
bridge,-1,gated,0.25,35,0,0.875,False,0.85,True,0.975,0.875
bridge,-1,gated,0.25,36,0,0.9,False,0.875,True,0.975,0.9
bridge,-1,gated,0.25,37,0,0.925,False,0.9,True,0.975,0.925
bridge,-1,gated,0.25,38,0,0.95,False,0.925,True,0.9750000000000001,0.95
bridge,-1,gated,0.25,39,0,0.975,False,0.95,True,0.975,0.975
bridge,-1,gated,0.25,40,0,1.0,True,0.975,True,0.975,1.0
bridge,-1,gated,0.25,41,0,1.0,True,1.0,True,1.0,1.0
bridge,-1,gated,0.25,42,0,1.0,True,1.0,True,1.0,1.0
bridge,-1,gated,0.25,43,0,1.0,True,1.0,True,1.0,1.0
bridge,-1,gated,0.25,44,0,1.0,True,1.0,True,1.0,1.0
bridge,-1,gated,0.25,45,0,1.0,True,1.0,True,1.0,1.0
bridge,-1,gated,0.25,46,0,1.0,True,1.0,True,1.0,1.0
bridge,-1,gated,0.25,47,0,1.0,True,1.0,True,1.0,1.0
bridge,-1,gated,0.25,48,0,1.0,True,1.0,True,1.0,1.0
bridge,-1,gated,0.25,49,0,1.0,True,1.0,True,1.0,1.0
bridge,-1,gated,0.25,50,0,1.0,True,1.0,True,1.0,1.0
bridge,-1,gated,0.25,51,0,1.0,True,1.0,True,1.0,1.0
bridge,-1,gated,0.25,52,0,1.0,True,1.0,True,1.0,1.0
bridge,-1,gated,0.25,53,0,1.0,True,1.0,True,1.0,1.0
bridge,-1,gated,0.25,54,0,1.0,True,1.0,True,1.0,1.0
bridge,-1,gated,0.25,55,0,1.0,True,1.0,True,1.0,1.0
bridge,-1,gated,0.25,56,0,1.0,True,1.0,True,1.0,1.0
bridge,-1,gated,0.25,57,0,1.0,True,1.0,True,1.0,1.0
bridge,-1,gated,0.25,58,0,1.0,True,1.0,True,1.0,1.0
bridge,-1,gated,0.25,59,0,1.0,True,1.0,True,1.0,1.0
bridge,-1,gated,0.25,60,0,1.0,True,1.0,True,1.0,1.0
bridge,-1,gated,0.25,61,0,1.0,True,1.0,True,1.0,1.0
bridge,-1,gated,0.25,62,0,1.0,True,1.0,True,1.0,1.0
bridge,-1,gated,0.25,63,0,1.0,True,1.0,True,1.0,1.0
bridge,-1,gated,0.25,64,0,1.0,True,1.0,True,1.0,1.0
bridge,-1,gated,0.25,65,0,1.0,True,1.0,True,1.0,1.0
bridge,-1,gated,0.25,66,0,1.0,True,1.0,True,1.0,1.0
bridge,-1,gated,0.25,67,0,1.0,True,1.0,True,1.0,1.0
bridge,-1,gated,0.25,68,0,1.0,True,1.0,True,1.0,1.0
bridge,-1,gated,0.25,69,0,1.0,True,1.0,True,1.0,1.0
bridge,-1,gated,0.25,70,0,1.0,True,1.0,True,1.0,1.0
bridge,-1,gated,0.25,71,0,1.0,True,1.0,True,1.0,1.0
bridge,-1,gated,0.25,72,0,1.0,True,1.0,True,1.0,1.0
bridge,-1,gated,0.25,73,0,1.0,True,1.0,True,1.0,1.0
bridge,-1,gated,0.25,74,0,1.0,True,1.0,True,1.0,1.0
bridge,-1,gated,0.25,75,0,1.0,True,1.0,True,1.0,1.0
bridge,-1,gated,0.25,76,0,1.0,True,1.0,True,1.0,1.0
bridge,-1,gated,0.25,77,0,1.0,True,1.0,True,1.0,1.0
bridge,-1,gated,0.25,78,0,1.0,True,1.0,True,1.0,1.0
bridge,-1,gated,0.25,79,0,1.0,True,1.0,True,1.0,1.0
bridge,-1,gated,0.25,80,0,1.0,True,1.0,True,1.0,1.0
bridge,-1,accept_all,0.25,1,0,0.025,False,0.0,True,0.975,0.025
bridge,-1,accept_all,0.25,2,0,0.05,False,0.025,True,0.975,0.05
bridge,-1,accept_all,0.25,3,0,0.075,False,0.05,True,0.975,0.075
bridge,-1,accept_all,0.25,4,0,0.1,False,0.075,True,0.975,0.1
bridge,-1,accept_all,0.25,5,0,0.125,False,0.1,True,0.975,0.125
bridge,-1,accept_all,0.25,6,0,0.15,False,0.125,True,0.975,0.15
bridge,-1,accept_all,0.25,7,0,0.175,False,0.15,True,0.975,0.175
bridge,-1,accept_all,0.25,8,0,0.2,False,0.175,True,0.975,0.2
bridge,-1,accept_all,0.25,9,0,0.225,False,0.2,True,0.975,0.225
bridge,-1,accept_all,0.25,10,0,0.25,False,0.225,True,0.975,0.25
bridge,-1,accept_all,0.25,11,0,0.275,False,0.25,True,0.975,0.275
bridge,-1,accept_all,0.25,12,0,0.3,False,0.275,True,0.9750000000000001,0.3
bridge,-1,accept_all,0.25,13,0,0.325,False,0.3,True,0.975,0.325
bridge,-1,accept_all,0.25,14,0,0.35,False,0.325,True,0.9750000000000001,0.35
bridge,-1,accept_all,0.25,15,0,0.375,False,0.35,True,0.975,0.375
bridge,-1,accept_all,0.25,16,0,0.4,False,0.375,True,0.975,0.4
bridge,-1,accept_all,0.25,17,0,0.425,False,0.4,True,0.9750000000000001,0.425
bridge,-1,accept_all,0.25,18,0,0.45,False,0.425,True,0.975,0.45
bridge,-1,accept_all,0.25,19,0,0.475,False,0.45,True,0.9750000000000001,0.475
bridge,-1,accept_all,0.25,20,0,0.5,False,0.475,True,0.975,0.5
bridge,-1,accept_all,0.25,21,0,0.525,False,0.5,True,0.975,0.525
bridge,-1,accept_all,0.25,22,0,0.55,False,0.525,True,0.975,0.55
bridge,-1,accept_all,0.25,23,0,0.575,False,0.55,True,0.9750000000000001,0.575
bridge,-1,accept_all,0.25,24,0,0.6,False,0.575,True,0.975,0.6
bridge,-1,accept_all,0.25,25,0,0.625,False,0.6,True,0.975,0.625
bridge,-1,accept_all,0.25,26,0,0.65,False,0.625,True,0.975,0.65
bridge,-1,accept_all,0.25,27,0,0.675,False,0.65,True,0.975,0.675
bridge,-1,accept_all,0.25,28,0,0.7,False,0.675,True,0.9750000000000001,0.7
bridge,-1,accept_all,0.25,29,0,0.725,False,0.7,True,0.975,0.725
bridge,-1,accept_all,0.25,30,0,0.75,False,0.725,True,0.975,0.75
bridge,-1,accept_all,0.25,31,0,0.775,False,0.75,True,0.975,0.775
bridge,-1,accept_all,0.25,32,0,0.8,False,0.775,True,0.975,0.8
bridge,-1,accept_all,0.25,33,0,0.825,False,0.8,True,0.9750000000000001,0.825
bridge,-1,accept_all,0.25,34,0,0.85,False,0.825,True,0.975,0.85
bridge,-1,accept_all,0.25,35,0,0.875,False,0.85,True,0.975,0.875
bridge,-1,accept_all,0.25,36,0,0.9,False,0.875,True,0.975,0.9
bridge,-1,accept_all,0.25,37,0,0.925,False,0.9,True,0.975,0.925
bridge,-1,accept_all,0.25,38,0,0.95,False,0.925,True,0.9750000000000001,0.95
bridge,-1,accept_all,0.25,39,0,0.975,False,0.95,True,0.975,0.975
bridge,-1,accept_all,0.25,40,0,1.0,True,0.975,True,0.975,1.0
bridge,-1,accept_all,0.25,41,0,1.0,True,1.0,True,1.0,1.0
bridge,-1,accept_all,0.25,42,0,1.0,True,1.0,True,1.0,1.0
bridge,-1,accept_all,0.25,43,0,1.0,True,1.0,True,1.0,1.0
bridge,-1,accept_all,0.25,44,0,1.0,True,1.0,True,1.0,1.0
bridge,-1,accept_all,0.25,45,0,1.0,True,1.0,True,1.0,1.0
bridge,-1,accept_all,0.25,46,0,1.0,True,1.0,True,1.0,1.0
bridge,-1,accept_all,0.25,47,0,1.0,True,1.0,True,1.0,1.0
bridge,-1,accept_all,0.25,48,0,1.0,True,1.0,True,1.0,1.0
bridge,-1,accept_all,0.25,49,0,1.0,True,1.0,True,1.0,1.0
bridge,-1,accept_all,0.25,50,0,1.0,True,1.0,True,1.0,1.0
bridge,-1,accept_all,0.25,51,0,1.0,True,1.0,True,1.0,1.0
bridge,-1,accept_all,0.25,52,0,1.0,True,1.0,True,1.0,1.0
bridge,-1,accept_all,0.25,53,0,1.0,True,1.0,True,1.0,1.0
bridge,-1,accept_all,0.25,54,0,1.0,True,1.0,True,1.0,1.0
bridge,-1,accept_all,0.25,55,0,1.0,True,1.0,True,1.0,1.0
bridge,-1,accept_all,0.25,56,0,1.0,True,1.0,True,1.0,1.0
bridge,-1,accept_all,0.25,57,0,1.0,True,1.0,True,1.0,1.0
bridge,-1,accept_all,0.25,58,0,1.0,True,1.0,True,1.0,1.0
bridge,-1,accept_all,0.25,59,0,1.0,True,1.0,True,1.0,1.0
bridge,-1,accept_all,0.25,60,0,1.0,True,1.0,True,1.0,1.0
bridge,-1,accept_all,0.25,61,0,1.0,True,1.0,True,1.0,1.0
bridge,-1,accept_all,0.25,62,0,1.0,True,1.0,True,1.0,1.0
bridge,-1,accept_all,0.25,63,0,1.0,True,1.0,True,1.0,1.0
bridge,-1,accept_all,0.25,64,0,1.0,True,1.0,True,1.0,1.0
bridge,-1,accept_all,0.25,65,0,1.0,True,1.0,True,1.0,1.0
bridge,-1,accept_all,0.25,66,0,1.0,True,1.0,True,1.0,1.0
bridge,-1,accept_all,0.25,67,0,1.0,True,1.0,True,1.0,1.0
bridge,-1,accept_all,0.25,68,0,1.0,True,1.0,True,1.0,1.0
bridge,-1,accept_all,0.25,69,0,1.0,True,1.0,True,1.0,1.0
bridge,-1,accept_all,0.25,70,0,1.0,True,1.0,True,1.0,1.0
bridge,-1,accept_all,0.25,71,0,1.0,True,1.0,True,1.0,1.0
bridge,-1,accept_all,0.25,72,0,1.0,True,1.0,True,1.0,1.0
bridge,-1,accept_all,0.25,73,0,1.0,True,1.0,True,1.0,1.0
bridge,-1,accept_all,0.25,74,0,1.0,True,1.0,True,1.0,1.0
bridge,-1,accept_all,0.25,75,0,1.0,True,1.0,True,1.0,1.0
bridge,-1,accept_all,0.25,76,0,1.0,True,1.0,True,1.0,1.0
bridge,-1,accept_all,0.25,77,0,1.0,True,1.0,True,1.0,1.0
bridge,-1,accept_all,0.25,78,0,1.0,True,1.0,True,1.0,1.0
bridge,-1,accept_all,0.25,79,0,1.0,True,1.0,True,1.0,1.0
bridge,-1,accept_all,0.25,80,0,1.0,True,1.0,True,1.0,1.0
bridge,-1,reference_only,0.25,1,0,0.025,False,0.0,False,0.975,0.0
bridge,-1,reference_only,0.25,2,0,0.05,False,0.0,False,0.95,0.0
bridge,-1,reference_only,0.25,3,0,0.075,False,0.0,False,0.925,0.0
bridge,-1,reference_only,0.25,4,0,0.1,False,0.0,False,0.9,0.0
bridge,-1,reference_only,0.25,5,0,0.125,False,0.0,False,0.875,0.0
bridge,-1,reference_only,0.25,6,0,0.15,False,0.0,False,0.85,0.0
bridge,-1,reference_only,0.25,7,0,0.175,False,0.0,False,0.825,0.0
bridge,-1,reference_only,0.25,8,0,0.2,False,0.0,False,0.8,0.0
bridge,-1,reference_only,0.25,9,0,0.225,False,0.0,False,0.775,0.0
bridge,-1,reference_only,0.25,10,0,0.25,False,0.0,False,0.75,0.0
bridge,-1,reference_only,0.25,11,0,0.275,False,0.0,False,0.725,0.0
bridge,-1,reference_only,0.25,12,0,0.3,False,0.0,False,0.7,0.0
bridge,-1,reference_only,0.25,13,0,0.325,False,0.0,False,0.675,0.0
bridge,-1,reference_only,0.25,14,0,0.35,False,0.0,False,0.65,0.0
bridge,-1,reference_only,0.25,15,0,0.375,False,0.0,False,0.625,0.0
bridge,-1,reference_only,0.25,16,0,0.4,False,0.0,False,0.6,0.0
bridge,-1,reference_only,0.25,17,0,0.425,False,0.0,False,0.575,0.0
bridge,-1,reference_only,0.25,18,0,0.45,False,0.0,False,0.55,0.0
bridge,-1,reference_only,0.25,19,0,0.475,False,0.0,False,0.525,0.0
bridge,-1,reference_only,0.25,20,0,0.5,False,0.0,False,0.5,0.0
bridge,-1,reference_only,0.25,21,0,0.525,False,0.0,False,0.475,0.0
bridge,-1,reference_only,0.25,22,0,0.55,False,0.0,False,0.44999999999999996,0.0
bridge,-1,reference_only,0.25,23,0,0.575,False,0.0,False,0.42500000000000004,0.0
bridge,-1,reference_only,0.25,24,0,0.6,False,0.0,False,0.4,0.0
bridge,-1,reference_only,0.25,25,0,0.625,False,0.0,False,0.375,0.0
bridge,-1,reference_only,0.25,26,0,0.65,False,0.0,False,0.35,0.0
bridge,-1,reference_only,0.25,27,0,0.675,False,0.0,False,0.32499999999999996,0.0
bridge,-1,reference_only,0.25,28,0,0.7,False,0.0,False,0.30000000000000004,0.0
bridge,-1,reference_only,0.25,29,0,0.725,False,0.0,False,0.275,0.0
bridge,-1,reference_only,0.25,30,0,0.75,False,0.0,False,0.25,0.0
bridge,-1,reference_only,0.25,31,0,0.775,False,0.0,False,0.22499999999999998,0.0
bridge,-1,reference_only,0.25,32,0,0.8,False,0.0,False,0.19999999999999996,0.0
bridge,-1,reference_only,0.25,33,0,0.825,False,0.0,False,0.17500000000000004,0.0
bridge,-1,reference_only,0.25,34,0,0.85,False,0.0,False,0.15000000000000002,0.0
bridge,-1,reference_only,0.25,35,0,0.875,False,0.0,False,0.125,0.0
bridge,-1,reference_only,0.25,36,0,0.9,False,0.0,False,0.09999999999999998,0.0
bridge,-1,reference_only,0.25,37,0,0.925,False,0.0,False,0.07499999999999996,0.0
bridge,-1,reference_only,0.25,38,0,0.95,False,0.0,False,0.050000000000000044,0.0
bridge,-1,reference_only,0.25,39,0,0.975,False,0.0,False,0.025000000000000022,0.0
bridge,-1,reference_only,0.25,40,0,1.0,True,0.0,True,0.0,1.0
bridge,-1,reference_only,0.25,41,0,1.0,True,1.0,True,1.0,1.0
bridge,-1,reference_only,0.25,42,0,1.0,True,1.0,True,1.0,1.0
bridge,-1,reference_only,0.25,43,0,1.0,True,1.0,True,1.0,1.0
bridge,-1,reference_only,0.25,44,0,1.0,True,1.0,True,1.0,1.0
bridge,-1,reference_only,0.25,45,0,1.0,True,1.0,True,1.0,1.0
bridge,-1,reference_only,0.25,46,0,1.0,True,1.0,True,1.0,1.0
bridge,-1,reference_only,0.25,47,0,1.0,True,1.0,True,1.0,1.0
bridge,-1,reference_only,0.25,48,0,1.0,True,1.0,True,1.0,1.0
bridge,-1,reference_only,0.25,49,0,1.0,True,1.0,True,1.0,1.0
bridge,-1,reference_only,0.25,50,0,1.0,True,1.0,True,1.0,1.0
bridge,-1,reference_only,0.25,51,0,1.0,True,1.0,True,1.0,1.0
bridge,-1,reference_only,0.25,52,0,1.0,True,1.0,True,1.0,1.0
bridge,-1,reference_only,0.25,53,0,1.0,True,1.0,True,1.0,1.0
bridge,-1,reference_only,0.25,54,0,1.0,True,1.0,True,1.0,1.0
bridge,-1,reference_only,0.25,55,0,1.0,True,1.0,True,1.0,1.0
bridge,-1,reference_only,0.25,56,0,1.0,True,1.0,True,1.0,1.0
bridge,-1,reference_only,0.25,57,0,1.0,True,1.0,True,1.0,1.0
bridge,-1,reference_only,0.25,58,0,1.0,True,1.0,True,1.0,1.0
bridge,-1,reference_only,0.25,59,0,1.0,True,1.0,True,1.0,1.0
bridge,-1,reference_only,0.25,60,0,1.0,True,1.0,True,1.0,1.0
bridge,-1,reference_only,0.25,61,0,1.0,True,1.0,True,1.0,1.0
bridge,-1,reference_only,0.25,62,0,1.0,True,1.0,True,1.0,1.0
bridge,-1,reference_only,0.25,63,0,1.0,True,1.0,True,1.0,1.0
bridge,-1,reference_only,0.25,64,0,1.0,True,1.0,True,1.0,1.0
bridge,-1,reference_only,0.25,65,0,1.0,True,1.0,True,1.0,1.0
bridge,-1,reference_only,0.25,66,0,1.0,True,1.0,True,1.0,1.0
bridge,-1,reference_only,0.25,67,0,1.0,True,1.0,True,1.0,1.0
bridge,-1,reference_only,0.25,68,0,1.0,True,1.0,True,1.0,1.0
bridge,-1,reference_only,0.25,69,0,1.0,True,1.0,True,1.0,1.0
bridge,-1,reference_only,0.25,70,0,1.0,True,1.0,True,1.0,1.0
bridge,-1,reference_only,0.25,71,0,1.0,True,1.0,True,1.0,1.0
bridge,-1,reference_only,0.25,72,0,1.0,True,1.0,True,1.0,1.0
bridge,-1,reference_only,0.25,73,0,1.0,True,1.0,True,1.0,1.0
bridge,-1,reference_only,0.25,74,0,1.0,True,1.0,True,1.0,1.0
bridge,-1,reference_only,0.25,75,0,1.0,True,1.0,True,1.0,1.0
bridge,-1,reference_only,0.25,76,0,1.0,True,1.0,True,1.0,1.0
bridge,-1,reference_only,0.25,77,0,1.0,True,1.0,True,1.0,1.0
bridge,-1,reference_only,0.25,78,0,1.0,True,1.0,True,1.0,1.0
bridge,-1,reference_only,0.25,79,0,1.0,True,1.0,True,1.0,1.0
bridge,-1,reference_only,0.25,80,0,1.0,True,1.0,True,1.0,1.0
bridge,-1,gated,1.0,1,0,0.025,False,0.0,True,0.975,0.025
bridge,-1,gated,1.0,2,0,0.05,False,0.025,True,0.975,0.05
bridge,-1,gated,1.0,3,0,0.075,False,0.05,True,0.975,0.075
bridge,-1,gated,1.0,4,0,0.1,False,0.075,True,0.975,0.1
bridge,-1,gated,1.0,5,0,0.125,False,0.1,True,0.975,0.125
bridge,-1,gated,1.0,6,0,0.15,False,0.125,True,0.975,0.15
bridge,-1,gated,1.0,7,0,0.175,False,0.15,True,0.975,0.175
bridge,-1,gated,1.0,8,0,0.2,False,0.175,True,0.975,0.2
bridge,-1,gated,1.0,9,0,0.225,False,0.2,True,0.975,0.225
bridge,-1,gated,1.0,10,0,0.25,False,0.225,True,0.975,0.25
bridge,-1,gated,1.0,11,0,0.275,False,0.25,True,0.975,0.275
bridge,-1,gated,1.0,12,0,0.3,False,0.275,True,0.9750000000000001,0.3
bridge,-1,gated,1.0,13,0,0.325,False,0.3,True,0.975,0.325
bridge,-1,gated,1.0,14,0,0.35,False,0.325,True,0.9750000000000001,0.35
bridge,-1,gated,1.0,15,0,0.375,False,0.35,True,0.975,0.375
bridge,-1,gated,1.0,16,0,0.4,False,0.375,True,0.975,0.4
bridge,-1,gated,1.0,17,0,0.425,False,0.4,True,0.9750000000000001,0.425
bridge,-1,gated,1.0,18,0,0.45,False,0.425,True,0.975,0.45
bridge,-1,gated,1.0,19,0,0.475,False,0.45,True,0.9750000000000001,0.475
bridge,-1,gated,1.0,20,0,0.5,False,0.475,True,0.975,0.5
bridge,-1,gated,1.0,21,0,0.525,False,0.5,True,0.975,0.525
bridge,-1,gated,1.0,22,0,0.55,False,0.525,True,0.975,0.55
bridge,-1,gated,1.0,23,0,0.575,False,0.55,True,0.9750000000000001,0.575
bridge,-1,gated,1.0,24,0,0.6,False,0.575,True,0.975,0.6
bridge,-1,gated,1.0,25,0,0.625,False,0.6,True,0.975,0.625
bridge,-1,gated,1.0,26,0,0.65,False,0.625,True,0.975,0.65
bridge,-1,gated,1.0,27,0,0.675,False,0.65,True,0.975,0.675
bridge,-1,gated,1.0,28,0,0.7,False,0.675,True,0.9750000000000001,0.7
bridge,-1,gated,1.0,29,0,0.725,False,0.7,True,0.975,0.725
bridge,-1,gated,1.0,30,0,0.75,False,0.725,True,0.975,0.75
bridge,-1,gated,1.0,31,0,0.775,False,0.75,True,0.975,0.775
bridge,-1,gated,1.0,32,0,0.8,False,0.775,True,0.975,0.8
bridge,-1,gated,1.0,33,0,0.825,False,0.8,True,0.9750000000000001,0.825
bridge,-1,gated,1.0,34,0,0.85,False,0.825,True,0.975,0.85
bridge,-1,gated,1.0,35,0,0.875,False,0.85,True,0.975,0.875
bridge,-1,gated,1.0,36,0,0.9,False,0.875,True,0.975,0.9
bridge,-1,gated,1.0,37,0,0.925,False,0.9,True,0.975,0.925
bridge,-1,gated,1.0,38,0,0.95,False,0.925,True,0.9750000000000001,0.95
bridge,-1,gated,1.0,39,0,0.975,False,0.95,True,0.975,0.975
bridge,-1,gated,1.0,40,0,1.0,True,0.975,True,0.975,1.0
bridge,-1,gated,1.0,41,0,1.0,True,1.0,True,1.0,1.0
bridge,-1,gated,1.0,42,0,1.0,True,1.0,True,1.0,1.0
bridge,-1,gated,1.0,43,0,1.0,True,1.0,True,1.0,1.0
bridge,-1,gated,1.0,44,0,1.0,True,1.0,True,1.0,1.0
bridge,-1,gated,1.0,45,0,1.0,True,1.0,True,1.0,1.0
bridge,-1,gated,1.0,46,0,1.0,True,1.0,True,1.0,1.0
bridge,-1,gated,1.0,47,0,1.0,True,1.0,True,1.0,1.0
bridge,-1,gated,1.0,48,0,1.0,True,1.0,True,1.0,1.0
bridge,-1,gated,1.0,49,0,1.0,True,1.0,True,1.0,1.0
bridge,-1,gated,1.0,50,0,1.0,True,1.0,True,1.0,1.0
bridge,-1,gated,1.0,51,0,1.0,True,1.0,True,1.0,1.0
bridge,-1,gated,1.0,52,0,1.0,True,1.0,True,1.0,1.0
bridge,-1,gated,1.0,53,0,1.0,True,1.0,True,1.0,1.0
bridge,-1,gated,1.0,54,0,1.0,True,1.0,True,1.0,1.0
bridge,-1,gated,1.0,55,0,1.0,True,1.0,True,1.0,1.0
bridge,-1,gated,1.0,56,0,1.0,True,1.0,True,1.0,1.0
bridge,-1,gated,1.0,57,0,1.0,True,1.0,True,1.0,1.0
bridge,-1,gated,1.0,58,0,1.0,True,1.0,True,1.0,1.0
bridge,-1,gated,1.0,59,0,1.0,True,1.0,True,1.0,1.0
bridge,-1,gated,1.0,60,0,1.0,True,1.0,True,1.0,1.0
bridge,-1,gated,1.0,61,0,1.0,True,1.0,True,1.0,1.0
bridge,-1,gated,1.0,62,0,1.0,True,1.0,True,1.0,1.0
bridge,-1,gated,1.0,63,0,1.0,True,1.0,True,1.0,1.0
bridge,-1,gated,1.0,64,0,1.0,True,1.0,True,1.0,1.0
bridge,-1,gated,1.0,65,0,1.0,True,1.0,True,1.0,1.0
bridge,-1,gated,1.0,66,0,1.0,True,1.0,True,1.0,1.0
bridge,-1,gated,1.0,67,0,1.0,True,1.0,True,1.0,1.0
bridge,-1,gated,1.0,68,0,1.0,True,1.0,True,1.0,1.0
bridge,-1,gated,1.0,69,0,1.0,True,1.0,True,1.0,1.0
bridge,-1,gated,1.0,70,0,1.0,True,1.0,True,1.0,1.0
bridge,-1,gated,1.0,71,0,1.0,True,1.0,True,1.0,1.0
bridge,-1,gated,1.0,72,0,1.0,True,1.0,True,1.0,1.0
bridge,-1,gated,1.0,73,0,1.0,True,1.0,True,1.0,1.0
bridge,-1,gated,1.0,74,0,1.0,True,1.0,True,1.0,1.0
bridge,-1,gated,1.0,75,0,1.0,True,1.0,True,1.0,1.0
bridge,-1,gated,1.0,76,0,1.0,True,1.0,True,1.0,1.0
bridge,-1,gated,1.0,77,0,1.0,True,1.0,True,1.0,1.0
bridge,-1,gated,1.0,78,0,1.0,True,1.0,True,1.0,1.0
bridge,-1,gated,1.0,79,0,1.0,True,1.0,True,1.0,1.0
bridge,-1,gated,1.0,80,0,1.0,True,1.0,True,1.0,1.0
bridge,-1,accept_all,1.0,1,0,0.025,False,0.0,True,0.975,0.025
bridge,-1,accept_all,1.0,2,0,0.05,False,0.025,True,0.975,0.05
bridge,-1,accept_all,1.0,3,0,0.075,False,0.05,True,0.975,0.075
bridge,-1,accept_all,1.0,4,0,0.1,False,0.075,True,0.975,0.1
bridge,-1,accept_all,1.0,5,0,0.125,False,0.1,True,0.975,0.125
bridge,-1,accept_all,1.0,6,0,0.15,False,0.125,True,0.975,0.15
bridge,-1,accept_all,1.0,7,0,0.175,False,0.15,True,0.975,0.175
bridge,-1,accept_all,1.0,8,0,0.2,False,0.175,True,0.975,0.2
bridge,-1,accept_all,1.0,9,0,0.225,False,0.2,True,0.975,0.225
bridge,-1,accept_all,1.0,10,0,0.25,False,0.225,True,0.975,0.25
bridge,-1,accept_all,1.0,11,0,0.275,False,0.25,True,0.975,0.275
bridge,-1,accept_all,1.0,12,0,0.3,False,0.275,True,0.9750000000000001,0.3
bridge,-1,accept_all,1.0,13,0,0.325,False,0.3,True,0.975,0.325
bridge,-1,accept_all,1.0,14,0,0.35,False,0.325,True,0.9750000000000001,0.35
bridge,-1,accept_all,1.0,15,0,0.375,False,0.35,True,0.975,0.375
bridge,-1,accept_all,1.0,16,0,0.4,False,0.375,True,0.975,0.4
bridge,-1,accept_all,1.0,17,0,0.425,False,0.4,True,0.9750000000000001,0.425
bridge,-1,accept_all,1.0,18,0,0.45,False,0.425,True,0.975,0.45
bridge,-1,accept_all,1.0,19,0,0.475,False,0.45,True,0.9750000000000001,0.475
bridge,-1,accept_all,1.0,20,0,0.5,False,0.475,True,0.975,0.5
bridge,-1,accept_all,1.0,21,0,0.525,False,0.5,True,0.975,0.525
bridge,-1,accept_all,1.0,22,0,0.55,False,0.525,True,0.975,0.55
bridge,-1,accept_all,1.0,23,0,0.575,False,0.55,True,0.9750000000000001,0.575
bridge,-1,accept_all,1.0,24,0,0.6,False,0.575,True,0.975,0.6
bridge,-1,accept_all,1.0,25,0,0.625,False,0.6,True,0.975,0.625
bridge,-1,accept_all,1.0,26,0,0.65,False,0.625,True,0.975,0.65
bridge,-1,accept_all,1.0,27,0,0.675,False,0.65,True,0.975,0.675
bridge,-1,accept_all,1.0,28,0,0.7,False,0.675,True,0.9750000000000001,0.7
bridge,-1,accept_all,1.0,29,0,0.725,False,0.7,True,0.975,0.725
bridge,-1,accept_all,1.0,30,0,0.75,False,0.725,True,0.975,0.75
bridge,-1,accept_all,1.0,31,0,0.775,False,0.75,True,0.975,0.775
bridge,-1,accept_all,1.0,32,0,0.8,False,0.775,True,0.975,0.8
bridge,-1,accept_all,1.0,33,0,0.825,False,0.8,True,0.9750000000000001,0.825
bridge,-1,accept_all,1.0,34,0,0.85,False,0.825,True,0.975,0.85
bridge,-1,accept_all,1.0,35,0,0.875,False,0.85,True,0.975,0.875
bridge,-1,accept_all,1.0,36,0,0.9,False,0.875,True,0.975,0.9
bridge,-1,accept_all,1.0,37,0,0.925,False,0.9,True,0.975,0.925
bridge,-1,accept_all,1.0,38,0,0.95,False,0.925,True,0.9750000000000001,0.95
bridge,-1,accept_all,1.0,39,0,0.975,False,0.95,True,0.975,0.975
bridge,-1,accept_all,1.0,40,0,1.0,True,0.975,True,0.975,1.0
bridge,-1,accept_all,1.0,41,0,1.0,True,1.0,True,1.0,1.0
bridge,-1,accept_all,1.0,42,0,1.0,True,1.0,True,1.0,1.0
bridge,-1,accept_all,1.0,43,0,1.0,True,1.0,True,1.0,1.0
bridge,-1,accept_all,1.0,44,0,1.0,True,1.0,True,1.0,1.0
bridge,-1,accept_all,1.0,45,0,1.0,True,1.0,True,1.0,1.0
bridge,-1,accept_all,1.0,46,0,1.0,True,1.0,True,1.0,1.0
bridge,-1,accept_all,1.0,47,0,1.0,True,1.0,True,1.0,1.0
bridge,-1,accept_all,1.0,48,0,1.0,True,1.0,True,1.0,1.0
bridge,-1,accept_all,1.0,49,0,1.0,True,1.0,True,1.0,1.0
bridge,-1,accept_all,1.0,50,0,1.0,True,1.0,True,1.0,1.0
bridge,-1,accept_all,1.0,51,0,1.0,True,1.0,True,1.0,1.0
bridge,-1,accept_all,1.0,52,0,1.0,True,1.0,True,1.0,1.0
bridge,-1,accept_all,1.0,53,0,1.0,True,1.0,True,1.0,1.0
bridge,-1,accept_all,1.0,54,0,1.0,True,1.0,True,1.0,1.0
bridge,-1,accept_all,1.0,55,0,1.0,True,1.0,True,1.0,1.0
bridge,-1,accept_all,1.0,56,0,1.0,True,1.0,True,1.0,1.0
bridge,-1,accept_all,1.0,57,0,1.0,True,1.0,True,1.0,1.0
bridge,-1,accept_all,1.0,58,0,1.0,True,1.0,True,1.0,1.0
bridge,-1,accept_all,1.0,59,0,1.0,True,1.0,True,1.0,1.0
bridge,-1,accept_all,1.0,60,0,1.0,True,1.0,True,1.0,1.0
bridge,-1,accept_all,1.0,61,0,1.0,True,1.0,True,1.0,1.0
bridge,-1,accept_all,1.0,62,0,1.0,True,1.0,True,1.0,1.0
bridge,-1,accept_all,1.0,63,0,1.0,True,1.0,True,1.0,1.0
bridge,-1,accept_all,1.0,64,0,1.0,True,1.0,True,1.0,1.0
bridge,-1,accept_all,1.0,65,0,1.0,True,1.0,True,1.0,1.0
bridge,-1,accept_all,1.0,66,0,1.0,True,1.0,True,1.0,1.0
bridge,-1,accept_all,1.0,67,0,1.0,True,1.0,True,1.0,1.0
bridge,-1,accept_all,1.0,68,0,1.0,True,1.0,True,1.0,1.0
bridge,-1,accept_all,1.0,69,0,1.0,True,1.0,True,1.0,1.0
bridge,-1,accept_all,1.0,70,0,1.0,True,1.0,True,1.0,1.0
bridge,-1,accept_all,1.0,71,0,1.0,True,1.0,True,1.0,1.0
bridge,-1,accept_all,1.0,72,0,1.0,True,1.0,True,1.0,1.0
bridge,-1,accept_all,1.0,73,0,1.0,True,1.0,True,1.0,1.0
bridge,-1,accept_all,1.0,74,0,1.0,True,1.0,True,1.0,1.0
bridge,-1,accept_all,1.0,75,0,1.0,True,1.0,True,1.0,1.0
bridge,-1,accept_all,1.0,76,0,1.0,True,1.0,True,1.0,1.0
bridge,-1,accept_all,1.0,77,0,1.0,True,1.0,True,1.0,1.0
bridge,-1,accept_all,1.0,78,0,1.0,True,1.0,True,1.0,1.0
bridge,-1,accept_all,1.0,79,0,1.0,True,1.0,True,1.0,1.0
bridge,-1,accept_all,1.0,80,0,1.0,True,1.0,True,1.0,1.0
bridge,-1,reference_only,1.0,1,0,0.025,False,0.0,False,0.975,0.0
bridge,-1,reference_only,1.0,2,0,0.05,False,0.0,False,0.95,0.0
bridge,-1,reference_only,1.0,3,0,0.075,False,0.0,False,0.925,0.0
bridge,-1,reference_only,1.0,4,0,0.1,False,0.0,False,0.9,0.0
bridge,-1,reference_only,1.0,5,0,0.125,False,0.0,False,0.875,0.0
bridge,-1,reference_only,1.0,6,0,0.15,False,0.0,False,0.85,0.0
bridge,-1,reference_only,1.0,7,0,0.175,False,0.0,False,0.825,0.0
bridge,-1,reference_only,1.0,8,0,0.2,False,0.0,False,0.8,0.0
bridge,-1,reference_only,1.0,9,0,0.225,False,0.0,False,0.775,0.0
bridge,-1,reference_only,1.0,10,0,0.25,False,0.0,False,0.75,0.0
bridge,-1,reference_only,1.0,11,0,0.275,False,0.0,False,0.725,0.0
bridge,-1,reference_only,1.0,12,0,0.3,False,0.0,False,0.7,0.0
bridge,-1,reference_only,1.0,13,0,0.325,False,0.0,False,0.675,0.0
bridge,-1,reference_only,1.0,14,0,0.35,False,0.0,False,0.65,0.0
bridge,-1,reference_only,1.0,15,0,0.375,False,0.0,False,0.625,0.0
bridge,-1,reference_only,1.0,16,0,0.4,False,0.0,False,0.6,0.0
bridge,-1,reference_only,1.0,17,0,0.425,False,0.0,False,0.575,0.0
bridge,-1,reference_only,1.0,18,0,0.45,False,0.0,False,0.55,0.0
bridge,-1,reference_only,1.0,19,0,0.475,False,0.0,False,0.525,0.0
bridge,-1,reference_only,1.0,20,0,0.5,False,0.0,False,0.5,0.0
bridge,-1,reference_only,1.0,21,0,0.525,False,0.0,False,0.475,0.0
bridge,-1,reference_only,1.0,22,0,0.55,False,0.0,False,0.44999999999999996,0.0
bridge,-1,reference_only,1.0,23,0,0.575,False,0.0,False,0.42500000000000004,0.0
bridge,-1,reference_only,1.0,24,0,0.6,False,0.0,False,0.4,0.0
bridge,-1,reference_only,1.0,25,0,0.625,False,0.0,False,0.375,0.0
bridge,-1,reference_only,1.0,26,0,0.65,False,0.0,False,0.35,0.0
bridge,-1,reference_only,1.0,27,0,0.675,False,0.0,False,0.32499999999999996,0.0
bridge,-1,reference_only,1.0,28,0,0.7,False,0.0,False,0.30000000000000004,0.0
bridge,-1,reference_only,1.0,29,0,0.725,False,0.0,False,0.275,0.0
bridge,-1,reference_only,1.0,30,0,0.75,False,0.0,False,0.25,0.0
bridge,-1,reference_only,1.0,31,0,0.775,False,0.0,False,0.22499999999999998,0.0
bridge,-1,reference_only,1.0,32,0,0.8,False,0.0,False,0.19999999999999996,0.0
bridge,-1,reference_only,1.0,33,0,0.825,False,0.0,False,0.17500000000000004,0.0
bridge,-1,reference_only,1.0,34,0,0.85,False,0.0,False,0.15000000000000002,0.0
bridge,-1,reference_only,1.0,35,0,0.875,False,0.0,False,0.125,0.0
bridge,-1,reference_only,1.0,36,0,0.9,False,0.0,False,0.09999999999999998,0.0
bridge,-1,reference_only,1.0,37,0,0.925,False,0.0,False,0.07499999999999996,0.0
bridge,-1,reference_only,1.0,38,0,0.95,False,0.0,False,0.050000000000000044,0.0
bridge,-1,reference_only,1.0,39,0,0.975,False,0.0,False,0.025000000000000022,0.0
bridge,-1,reference_only,1.0,40,0,1.0,True,0.0,True,0.0,1.0
bridge,-1,reference_only,1.0,41,0,1.0,True,1.0,True,1.0,1.0
bridge,-1,reference_only,1.0,42,0,1.0,True,1.0,True,1.0,1.0
bridge,-1,reference_only,1.0,43,0,1.0,True,1.0,True,1.0,1.0
bridge,-1,reference_only,1.0,44,0,1.0,True,1.0,True,1.0,1.0
bridge,-1,reference_only,1.0,45,0,1.0,True,1.0,True,1.0,1.0
bridge,-1,reference_only,1.0,46,0,1.0,True,1.0,True,1.0,1.0
bridge,-1,reference_only,1.0,47,0,1.0,True,1.0,True,1.0,1.0
bridge,-1,reference_only,1.0,48,0,1.0,True,1.0,True,1.0,1.0
bridge,-1,reference_only,1.0,49,0,1.0,True,1.0,True,1.0,1.0
bridge,-1,reference_only,1.0,50,0,1.0,True,1.0,True,1.0,1.0
bridge,-1,reference_only,1.0,51,0,1.0,True,1.0,True,1.0,1.0
bridge,-1,reference_only,1.0,52,0,1.0,True,1.0,True,1.0,1.0
bridge,-1,reference_only,1.0,53,0,1.0,True,1.0,True,1.0,1.0
bridge,-1,reference_only,1.0,54,0,1.0,True,1.0,True,1.0,1.0
bridge,-1,reference_only,1.0,55,0,1.0,True,1.0,True,1.0,1.0
bridge,-1,reference_only,1.0,56,0,1.0,True,1.0,True,1.0,1.0
bridge,-1,reference_only,1.0,57,0,1.0,True,1.0,True,1.0,1.0
bridge,-1,reference_only,1.0,58,0,1.0,True,1.0,True,1.0,1.0
bridge,-1,reference_only,1.0,59,0,1.0,True,1.0,True,1.0,1.0
bridge,-1,reference_only,1.0,60,0,1.0,True,1.0,True,1.0,1.0
bridge,-1,reference_only,1.0,61,0,1.0,True,1.0,True,1.0,1.0
bridge,-1,reference_only,1.0,62,0,1.0,True,1.0,True,1.0,1.0
bridge,-1,reference_only,1.0,63,0,1.0,True,1.0,True,1.0,1.0
bridge,-1,reference_only,1.0,64,0,1.0,True,1.0,True,1.0,1.0
bridge,-1,reference_only,1.0,65,0,1.0,True,1.0,True,1.0,1.0
bridge,-1,reference_only,1.0,66,0,1.0,True,1.0,True,1.0,1.0
bridge,-1,reference_only,1.0,67,0,1.0,True,1.0,True,1.0,1.0
bridge,-1,reference_only,1.0,68,0,1.0,True,1.0,True,1.0,1.0
bridge,-1,reference_only,1.0,69,0,1.0,True,1.0,True,1.0,1.0
bridge,-1,reference_only,1.0,70,0,1.0,True,1.0,True,1.0,1.0
bridge,-1,reference_only,1.0,71,0,1.0,True,1.0,True,1.0,1.0
bridge,-1,reference_only,1.0,72,0,1.0,True,1.0,True,1.0,1.0
bridge,-1,reference_only,1.0,73,0,1.0,True,1.0,True,1.0,1.0
bridge,-1,reference_only,1.0,74,0,1.0,True,1.0,True,1.0,1.0
bridge,-1,reference_only,1.0,75,0,1.0,True,1.0,True,1.0,1.0
bridge,-1,reference_only,1.0,76,0,1.0,True,1.0,True,1.0,1.0
bridge,-1,reference_only,1.0,77,0,1.0,True,1.0,True,1.0,1.0
bridge,-1,reference_only,1.0,78,0,1.0,True,1.0,True,1.0,1.0
bridge,-1,reference_only,1.0,79,0,1.0,True,1.0,True,1.0,1.0
bridge,-1,reference_only,1.0,80,0,1.0,True,1.0,True,1.0,1.0
drift_away,-1,gated,0.0,1,0,0.36193496721438384,False,0.4,False,0.9619349672143838,0.4
drift_away,-1,gated,0.0,1,1,1.0,True,0.4,False,0.4,0.4
drift_away,-1,gated,0.0,2,0,0.3274923012311928,False,0.4,False,0.9274923012311928,0.4
drift_away,-1,gated,0.0,2,1,1.0,True,0.4,False,0.4,0.4
drift_away,-1,gated,0.0,3,0,0.2963272882726872,False,0.4,False,0.8963272882726872,0.4
drift_away,-1,gated,0.0,3,1,1.0,True,0.4,False,0.4,0.4
drift_away,-1,gated,0.0,4,0,0.26812801841425576,False,0.4,False,0.8681280184142557,0.4
drift_away,-1,gated,0.0,4,1,1.0,True,0.4,False,0.4,0.4
drift_away,-1,gated,0.0,5,0,0.2426122638850534,False,0.4,False,0.8426122638850534,0.4
drift_away,-1,gated,0.0,5,1,1.0,True,0.4,False,0.4,0.4
drift_away,-1,gated,0.0,6,0,0.21952465443761057,False,0.4,False,0.8195246544376106,0.4
drift_away,-1,gated,0.0,6,1,1.0,True,0.4,False,0.4,0.4
drift_away,-1,gated,0.0,7,0,0.19863412151656382,False,0.4,False,0.7986341215165638,0.4
drift_away,-1,gated,0.0,7,1,1.0,True,0.4,False,0.4,0.4
drift_away,-1,gated,0.0,8,0,0.17973158564688863,False,0.4,False,0.7797315856468886,0.4
drift_away,-1,gated,0.0,8,1,1.0,True,0.4,False,0.4,0.4
drift_away,-1,gated,0.0,9,0,0.16262786389623965,False,0.4,False,0.7626278638962396,0.4
drift_away,-1,gated,0.0,9,1,1.0,True,0.4,False,0.4,0.4
drift_away,-1,gated,0.0,10,0,0.14715177646857694,False,0.4,False,0.7471517764685769,0.4
drift_away,-1,gated,0.0,10,1,1.0,True,0.4,False,0.4,0.4
drift_away,-1,gated,0.0,11,0,0.13314843347923183,False,0.4,False,0.7331484334792318,0.4
drift_away,-1,gated,0.0,11,1,1.0,True,0.4,False,0.4,0.4
drift_away,-1,gated,0.0,12,0,0.12047768476488085,False,0.4,False,0.7204776847648808,0.4
drift_away,-1,gated,0.0,12,1,1.0,True,0.4,False,0.4,0.4
drift_away,-1,gated,0.0,13,0,0.10901271721360505,False,0.4,False,0.709012717213605,0.4
drift_away,-1,gated,0.0,13,1,1.0,True,0.4,False,0.4,0.4
drift_away,-1,gated,0.0,14,0,0.0986387855766426,False,0.4,False,0.6986387855766426,0.4
drift_away,-1,gated,0.0,14,1,1.0,True,0.4,False,0.4,0.4
drift_away,-1,gated,0.0,15,0,0.08925206405937193,False,0.4,False,0.6892520640593719,0.4
drift_away,-1,gated,0.0,15,1,1.0,True,0.4,False,0.4,0.4
drift_away,-1,gated,0.0,16,0,0.08075860719786215,False,0.4,False,0.6807586071978622,0.4
drift_away,-1,gated,0.0,16,1,1.0,True,0.4,False,0.4,0.4
drift_away,-1,gated,0.0,17,0,0.07307340962109386,False,0.4,False,0.6730734096210939,0.4
drift_away,-1,gated,0.0,17,1,1.0,True,0.4,False,0.4,0.4
drift_away,-1,gated,0.0,18,0,0.06611955528863461,False,0.4,False,0.6661195552886345,0.4
drift_away,-1,gated,0.0,18,1,1.0,True,0.4,False,0.4,0.4
drift_away,-1,gated,0.0,19,0,0.05982744768905403,False,0.4,False,0.659827447689054,0.4
drift_away,-1,gated,0.0,19,1,1.0,True,0.4,False,0.4,0.4
drift_away,-1,gated,0.0,20,0,0.054134113294645084,False,0.4,False,0.654134113294645,0.4
drift_away,-1,gated,0.0,20,1,1.0,True,0.4,False,0.4,0.4
drift_away,-1,gated,0.0,21,0,0.04898257130119277,False,0.4,False,0.6489825713011927,0.4
drift_away,-1,gated,0.0,21,1,1.0,True,0.4,False,0.4,0.4
drift_away,-1,gated,0.0,22,0,0.044321263344933554,False,0.4,False,0.6443212633449336,0.4
drift_away,-1,gated,0.0,22,1,1.0,True,0.4,False,0.4,0.4
drift_away,-1,gated,0.0,23,0,0.0401035374891215,False,0.4,False,0.6401035374891215,0.4
drift_away,-1,gated,0.0,23,1,1.0,True,0.4,False,0.4,0.4
drift_away,-1,gated,0.0,24,0,0.036287181315765006,False,0.4,False,0.636287181315765,0.4
drift_away,-1,gated,0.0,24,1,1.0,True,0.4,False,0.4,0.4
drift_away,-1,gated,0.0,25,0,0.032833999449559524,False,0.4,False,0.6328339994495595,0.4
drift_away,-1,gated,0.0,25,1,1.0,True,0.4,False,0.4,0.4
drift_away,-1,gated,0.0,26,0,0.029709431285733553,False,0.4,False,0.6297094312857335,0.4
drift_away,-1,gated,0.0,26,1,1.0,True,0.4,False,0.4,0.4
drift_away,-1,gated,0.0,27,0,0.026882205095899905,False,0.4,False,0.6268822050958999,0.4
drift_away,-1,gated,0.0,27,1,1.0,True,0.4,False,0.4,0.4
drift_away,-1,gated,0.0,28,0,0.02432402505008719,False,0.4,False,0.6243240250500872,0.4
drift_away,-1,gated,0.0,28,1,1.0,True,0.4,False,0.4,0.4
drift_away,-1,gated,0.0,29,0,0.022009288022562894,False,0.4,False,0.622009288022563,0.4
drift_away,-1,gated,0.0,29,1,1.0,True,0.4,False,0.4,0.4
drift_away,-1,gated,0.0,30,0,0.01991482734714558,False,0.4,False,0.6199148273471455,0.4
drift_away,-1,gated,0.0,30,1,1.0,True,0.4,False,0.4,0.4
drift_away,-1,gated,0.0,31,0,0.01801968095742312,False,0.4,False,0.6180196809574231,0.4
drift_away,-1,gated,0.0,31,1,1.0,True,0.4,False,0.4,0.4
drift_away,-1,gated,0.0,32,0,0.016304881591346486,False,0.4,False,0.6163048815913464,0.4
drift_away,-1,gated,0.0,32,1,1.0,True,0.4,False,0.4,0.4
drift_away,-1,gated,0.0,33,0,0.014753266960496007,False,0.4,False,0.614753266960496,0.4
drift_away,-1,gated,0.0,33,1,1.0,True,0.4,False,0.4,0.4
drift_away,-1,gated,0.0,34,0,0.013349307984130433,False,0.4,False,0.6133493079841303,0.4
drift_away,-1,gated,0.0,34,1,1.0,True,0.4,False,0.4,0.4
drift_away,-1,gated,0.0,35,0,0.0120789533689274,False,0.4,False,0.6120789533689274,0.4
drift_away,-1,gated,0.0,35,1,1.0,True,0.4,False,0.4,0.4
drift_away,-1,gated,0.0,36,0,0.010929488978917025,False,0.4,False,0.610929488978917,0.4
drift_away,-1,gated,0.0,36,1,1.0,True,0.4,False,0.4,0.4
drift_away,-1,gated,0.0,37,0,0.009889410588135757,False,0.4,False,0.6098894105881357,0.4
drift_away,-1,gated,0.0,37,1,1.0,True,0.4,False,0.4,0.4
drift_away,-1,gated,0.0,38,0,0.008948308742466242,False,0.4,False,0.6089483087424662,0.4
drift_away,-1,gated,0.0,38,1,1.0,True,0.4,False,0.4,0.4
drift_away,-1,gated,0.0,39,0,0.008096764578321756,False,0.4,False,0.6080967645783217,0.4
drift_away,-1,gated,0.0,39,1,1.0,True,0.4,False,0.4,0.4
drift_away,-1,gated,0.0,40,0,0.007326255555493672,False,0.4,False,0.6073262555554937,0.4
drift_away,-1,gated,0.0,40,1,1.0,True,0.4,False,0.4,0.4
drift_away,-1,gated,0.0,41,0,0.006629070160704503,False,0.4,False,0.6066290701607044,0.4
drift_away,-1,gated,0.0,41,1,1.0,True,0.4,False,0.4,0.4
drift_away,-1,gated,0.0,42,0,0.0059982307281910814,False,0.4,False,0.605998230728191,0.4
drift_away,-1,gated,0.0,42,1,1.0,True,0.4,False,0.4,0.4
drift_away,-1,gated,0.0,43,0,0.005427423604880374,False,0.4,False,0.6054274236048803,0.4
drift_away,-1,gated,0.0,43,1,1.0,True,0.4,False,0.4,0.4
drift_away,-1,gated,0.0,44,0,0.0049109359612273746,False,0.4,False,0.6049109359612274,0.4
drift_away,-1,gated,0.0,44,1,1.0,True,0.4,False,0.4,0.4
drift_away,-1,gated,0.0,45,0,0.004443598615296923,False,0.4,False,0.604443598615297,0.4
drift_away,-1,gated,0.0,45,1,1.0,True,0.4,False,0.4,0.4
drift_away,-1,gated,0.0,46,0,0.004020734297853434,False,0.4,False,0.6040207342978534,0.4
drift_away,-1,gated,0.0,46,1,1.0,True,0.4,False,0.4,0.4
drift_away,-1,gated,0.0,47,0,0.0036381108406783264,False,0.4,False,0.6036381108406783,0.4
drift_away,-1,gated,0.0,47,1,1.0,True,0.4,False,0.4,0.4
drift_away,-1,gated,0.0,48,0,0.0032918988196080122,False,0.4,False,0.603291898819608,0.4
drift_away,-1,gated,0.0,48,1,1.0,True,0.4,False,0.4,0.4
drift_away,-1,gated,0.0,49,0,0.0029786332283697355,False,0.4,False,0.6029786332283698,0.4
drift_away,-1,gated,0.0,49,1,1.0,True,0.4,False,0.4,0.4
drift_away,-1,gated,0.0,50,0,0.002695178799634187,False,0.4,False,0.6026951787996342,0.4
drift_away,-1,gated,0.0,50,1,1.0,True,0.4,False,0.4,0.4
drift_away,-1,gated,0.0,51,0,0.0024386986262062552,False,0.4,False,0.6024386986262062,0.4
drift_away,-1,gated,0.0,51,1,1.0,True,0.4,False,0.4,0.4
drift_away,-1,gated,0.0,52,0,0.002206625768304309,False,0.4,False,0.6022066257683043,0.4
drift_away,-1,gated,0.0,52,1,1.0,True,0.4,False,0.4,0.4
drift_away,-1,gated,0.0,53,0,0.001996637562764087,False,0.4,False,0.6019966375627641,0.4
drift_away,-1,gated,0.0,53,1,1.0,True,0.4,False,0.4,0.4
drift_away,-1,gated,0.0,54,0,0.0018066323770450665,False,0.4,False,0.601806632377045,0.4
drift_away,-1,gated,0.0,54,1,1.0,True,0.4,False,0.4,0.4
drift_away,-1,gated,0.0,55,0,0.0016347085753856266,False,0.4,False,0.6016347085753856,0.4
drift_away,-1,gated,0.0,55,1,1.0,True,0.4,False,0.4,0.4
drift_away,-1,gated,0.0,56,0,0.001479145486593173,False,0.4,False,0.6014791454865931,0.4
drift_away,-1,gated,0.0,56,1,1.0,True,0.4,False,0.4,0.4
drift_away,-1,gated,0.0,57,0,0.001338386182988509,False,0.4,False,0.6013383861829884,0.4
drift_away,-1,gated,0.0,57,1,1.0,True,0.4,False,0.4,0.4
drift_away,-1,gated,0.0,58,0,0.0012110218981503263,False,0.4,False,0.6012110218981503,0.4
drift_away,-1,gated,0.0,58,1,1.0,True,0.4,False,0.4,0.4
drift_away,-1,gated,0.0,59,0,0.0010957779275073474,False,0.4,False,0.6010957779275073,0.4
drift_away,-1,gated,0.0,59,1,1.0,True,0.4,False,0.4,0.4
drift_away,-1,gated,0.0,60,0,0.0009915008706665434,False,0.4,False,0.6009915008706666,0.4
drift_away,-1,gated,0.0,60,1,1.0,True,0.4,False,0.4,0.4
drift_away,-1,gated,0.0,61,0,0.0008971470877943213,False,0.4,False,0.6008971470877943,0.4
drift_away,-1,gated,0.0,61,1,1.0,True,0.4,False,0.4,0.4
drift_away,-1,gated,0.0,62,0,0.0008117722545182937,False,0.4,False,0.6008117722545183,0.4
drift_away,-1,gated,0.0,62,1,1.0,True,0.4,False,0.4,0.4
drift_away,-1,gated,0.0,63,0,0.0007345219108115629,False,0.4,False,0.6007345219108116,0.4
drift_away,-1,gated,0.0,63,1,1.0,True,0.4,False,0.4,0.4
drift_away,-1,gated,0.0,64,0,0.0006646229092695736,False,0.4,False,0.6006646229092696,0.4
drift_away,-1,gated,0.0,64,1,1.0,True,0.4,False,0.4,0.4
drift_away,-1,gated,0.0,65,0,0.000601375677191029,False,0.4,False,0.6006013756771911,0.4
drift_away,-1,gated,0.0,65,1,1.0,True,0.4,False,0.4,0.4
drift_away,-1,gated,0.0,66,0,0.0005441472150191576,False,0.4,False,0.6005441472150191,0.4
drift_away,-1,gated,0.0,66,1,1.0,True,0.4,False,0.4,0.4
drift_away,-1,gated,0.0,67,0,0.0004923647610693924,False,0.4,False,0.6004923647610694,0.4
drift_away,-1,gated,0.0,67,1,1.0,True,0.4,False,0.4,0.4
drift_away,-1,gated,0.0,68,0,0.0004455100591379213,False,0.4,False,0.6004455100591379,0.4
drift_away,-1,gated,0.0,68,1,1.0,True,0.4,False,0.4,0.4
drift_away,-1,gated,0.0,69,0,0.0004031141716194042,False,0.4,False,0.6004031141716194,0.4
drift_away,-1,gated,0.0,69,1,1.0,True,0.4,False,0.4,0.4
drift_away,-1,gated,0.0,70,0,0.0003647527862218065,False,0.4,False,0.6003647527862218,0.4
drift_away,-1,gated,0.0,70,1,1.0,True,0.4,False,0.4,0.4
drift_away,-1,gated,0.0,71,0,0.00033004196930636184,False,0.4,False,0.6003300419693063,0.4
drift_away,-1,gated,0.0,71,1,1.0,True,0.4,False,0.4,0.4
drift_away,-1,gated,0.0,72,0,0.0002986343233506717,False,0.4,False,0.6002986343233507,0.4
drift_away,-1,gated,0.0,72,1,1.0,True,0.4,False,0.4,0.4
drift_away,-1,gated,0.0,73,0,0.00027021551007753774,False,0.4,False,0.6002702155100775,0.4
drift_away,-1,gated,0.0,73,1,1.0,True,0.4,False,0.4,0.4
drift_away,-1,gated,0.0,74,0,0.0002445011044518289,False,0.4,False,0.6002445011044518,0.4
drift_away,-1,gated,0.0,74,1,1.0,True,0.4,False,0.4,0.4
drift_away,-1,gated,0.0,75,0,0.00022123374805913345,False,0.4,False,0.6002212337480591,0.4
drift_away,-1,gated,0.0,75,1,1.0,True,0.4,False,0.4,0.4
drift_away,-1,gated,0.0,76,0,0.00020018057337624435,False,0.4,False,0.6002001805733762,0.4
drift_away,-1,gated,0.0,76,1,1.0,True,0.4,False,0.4,0.4
drift_away,-1,gated,0.0,77,0,0.0001811308731547188,False,0.4,False,0.6001811308731547,0.4
drift_away,-1,gated,0.0,77,1,1.0,True,0.4,False,0.4,0.4
drift_away,-1,gated,0.0,78,0,0.00016389399159191472,False,0.4,False,0.6001638939915919,0.4
drift_away,-1,gated,0.0,78,1,1.0,True,0.4,False,0.4,0.4
drift_away,-1,gated,0.0,79,0,0.0001482974161836353,False,0.4,False,0.6001482974161836,0.4
drift_away,-1,gated,0.0,79,1,1.0,True,0.4,False,0.4,0.4
drift_away,-1,gated,0.0,80,0,0.00013418505116100476,False,0.4,False,0.600134185051161,0.4
drift_away,-1,gated,0.0,80,1,1.0,True,0.4,False,0.4,0.4
drift_away,-1,accept_all,0.0,1,0,0.36193496721438384,False,0.4,True,0.9619349672143838,0.36193496721438384
drift_away,-1,accept_all,0.0,1,1,1.0,True,0.36193496721438384,True,0.3619349672143839,1.0
drift_away,-1,accept_all,0.0,2,0,0.3274923012311928,False,1.0,True,0.3274923012311928,0.3274923012311928
drift_away,-1,accept_all,0.0,2,1,1.0,True,0.3274923012311928,True,0.3274923012311928,1.0
drift_away,-1,accept_all,0.0,3,0,0.2963272882726872,False,1.0,True,0.2963272882726872,0.2963272882726872
drift_away,-1,accept_all,0.0,3,1,1.0,True,0.2963272882726872,True,0.2963272882726872,1.0
drift_away,-1,accept_all,0.0,4,0,0.26812801841425576,False,1.0,True,0.2681280184142558,0.26812801841425576
drift_away,-1,accept_all,0.0,4,1,1.0,True,0.26812801841425576,True,0.2681280184142558,1.0
drift_away,-1,accept_all,0.0,5,0,0.2426122638850534,False,1.0,True,0.24261226388505341,0.2426122638850534
drift_away,-1,accept_all,0.0,5,1,1.0,True,0.2426122638850534,True,0.24261226388505341,1.0
drift_away,-1,accept_all,0.0,6,0,0.21952465443761057,False,1.0,True,0.2195246544376106,0.21952465443761057
drift_away,-1,accept_all,0.0,6,1,1.0,True,0.21952465443761057,True,0.2195246544376106,1.0
drift_away,-1,accept_all,0.0,7,0,0.19863412151656382,False,1.0,True,0.1986341215165638,0.19863412151656382
drift_away,-1,accept_all,0.0,7,1,1.0,True,0.19863412151656382,True,0.1986341215165638,1.0
drift_away,-1,accept_all,0.0,8,0,0.17973158564688863,False,1.0,True,0.17973158564688863,0.17973158564688863
drift_away,-1,accept_all,0.0,8,1,1.0,True,0.17973158564688863,True,0.17973158564688863,1.0
drift_away,-1,accept_all,0.0,9,0,0.16262786389623965,False,1.0,True,0.16262786389623962,0.16262786389623965
drift_away,-1,accept_all,0.0,9,1,1.0,True,0.16262786389623965,True,0.16262786389623962,1.0
drift_away,-1,accept_all,0.0,10,0,0.14715177646857694,False,1.0,True,0.1471517764685769,0.14715177646857694
drift_away,-1,accept_all,0.0,10,1,1.0,True,0.14715177646857694,True,0.1471517764685769,1.0
drift_away,-1,accept_all,0.0,11,0,0.13314843347923183,False,1.0,True,0.1331484334792319,0.13314843347923183
drift_away,-1,accept_all,0.0,11,1,1.0,True,0.13314843347923183,True,0.1331484334792319,1.0
drift_away,-1,accept_all,0.0,12,0,0.12047768476488085,False,1.0,True,0.12047768476488085,0.12047768476488085
drift_away,-1,accept_all,0.0,12,1,1.0,True,0.12047768476488085,True,0.12047768476488085,1.0
drift_away,-1,accept_all,0.0,13,0,0.10901271721360505,False,1.0,True,0.10901271721360506,0.10901271721360505
drift_away,-1,accept_all,0.0,13,1,1.0,True,0.10901271721360505,True,0.10901271721360506,1.0
drift_away,-1,accept_all,0.0,14,0,0.0986387855766426,False,1.0,True,0.09863878557664263,0.0986387855766426
drift_away,-1,accept_all,0.0,14,1,1.0,True,0.0986387855766426,True,0.09863878557664263,1.0
drift_away,-1,accept_all,0.0,15,0,0.08925206405937193,False,1.0,True,0.08925206405937192,0.08925206405937193
drift_away,-1,accept_all,0.0,15,1,1.0,True,0.08925206405937193,True,0.08925206405937192,1.0
drift_away,-1,accept_all,0.0,16,0,0.08075860719786215,False,1.0,True,0.0807586071978621,0.08075860719786215
drift_away,-1,accept_all,0.0,16,1,1.0,True,0.08075860719786215,True,0.0807586071978621,1.0
drift_away,-1,accept_all,0.0,17,0,0.07307340962109386,False,1.0,True,0.07307340962109388,0.07307340962109386
drift_away,-1,accept_all,0.0,17,1,1.0,True,0.07307340962109386,True,0.07307340962109388,1.0
drift_away,-1,accept_all,0.0,18,0,0.06611955528863461,False,1.0,True,0.06611955528863467,0.06611955528863461
drift_away,-1,accept_all,0.0,18,1,1.0,True,0.06611955528863461,True,0.06611955528863467,1.0
drift_away,-1,accept_all,0.0,19,0,0.05982744768905403,False,1.0,True,0.059827447689054014,0.05982744768905403
drift_away,-1,accept_all,0.0,19,1,1.0,True,0.05982744768905403,True,0.059827447689054014,1.0
drift_away,-1,accept_all,0.0,20,0,0.054134113294645084,False,1.0,True,0.054134113294645125,0.054134113294645084
drift_away,-1,accept_all,0.0,20,1,1.0,True,0.054134113294645084,True,0.054134113294645125,1.0
drift_away,-1,accept_all,0.0,21,0,0.04898257130119277,False,1.0,True,0.04898257130119277,0.04898257130119277
drift_away,-1,accept_all,0.0,21,1,1.0,True,0.04898257130119277,True,0.04898257130119277,1.0
drift_away,-1,accept_all,0.0,22,0,0.044321263344933554,False,1.0,True,0.04432126334493358,0.044321263344933554
drift_away,-1,accept_all,0.0,22,1,1.0,True,0.044321263344933554,True,0.04432126334493358,1.0
drift_away,-1,accept_all,0.0,23,0,0.0401035374891215,False,1.0,True,0.040103537489121543,0.0401035374891215
drift_away,-1,accept_all,0.0,23,1,1.0,True,0.0401035374891215,True,0.040103537489121543,1.0
drift_away,-1,accept_all,0.0,24,0,0.036287181315765006,False,1.0,True,0.03628718131576503,0.036287181315765006
drift_away,-1,accept_all,0.0,24,1,1.0,True,0.036287181315765006,True,0.03628718131576503,1.0
drift_away,-1,accept_all,0.0,25,0,0.032833999449559524,False,1.0,True,0.03283399944955956,0.032833999449559524
drift_away,-1,accept_all,0.0,25,1,1.0,True,0.032833999449559524,True,0.03283399944955956,1.0
drift_away,-1,accept_all,0.0,26,0,0.029709431285733553,False,1.0,True,0.029709431285733556,0.029709431285733553
drift_away,-1,accept_all,0.0,26,1,1.0,True,0.029709431285733553,True,0.029709431285733556,1.0
drift_away,-1,accept_all,0.0,27,0,0.026882205095899905,False,1.0,True,0.02688220509589989,0.026882205095899905
drift_away,-1,accept_all,0.0,27,1,1.0,True,0.026882205095899905,True,0.02688220509589989,1.0
drift_away,-1,accept_all,0.0,28,0,0.02432402505008719,False,1.0,True,0.02432402505008724,0.02432402505008719
drift_away,-1,accept_all,0.0,28,1,1.0,True,0.02432402505008719,True,0.02432402505008724,1.0
drift_away,-1,accept_all,0.0,29,0,0.022009288022562894,False,1.0,True,0.022009288022562856,0.022009288022562894
drift_away,-1,accept_all,0.0,29,1,1.0,True,0.022009288022562894,True,0.022009288022562856,1.0
drift_away,-1,accept_all,0.0,30,0,0.01991482734714558,False,1.0,True,0.01991482734714556,0.01991482734714558
drift_away,-1,accept_all,0.0,30,1,1.0,True,0.01991482734714558,True,0.01991482734714556,1.0
drift_away,-1,accept_all,0.0,31,0,0.01801968095742312,False,1.0,True,0.018019680957423123,0.01801968095742312
drift_away,-1,accept_all,0.0,31,1,1.0,True,0.01801968095742312,True,0.018019680957423123,1.0
drift_away,-1,accept_all,0.0,32,0,0.016304881591346486,False,1.0,True,0.016304881591346465,0.016304881591346486
drift_away,-1,accept_all,0.0,32,1,1.0,True,0.016304881591346486,True,0.016304881591346465,1.0
drift_away,-1,accept_all,0.0,33,0,0.014753266960496007,False,1.0,True,0.014753266960496059,0.014753266960496007
drift_away,-1,accept_all,0.0,33,1,1.0,True,0.014753266960496007,True,0.014753266960496059,1.0
drift_away,-1,accept_all,0.0,34,0,0.013349307984130433,False,1.0,True,0.013349307984130476,0.013349307984130433
drift_away,-1,accept_all,0.0,34,1,1.0,True,0.013349307984130433,True,0.013349307984130476,1.0
drift_away,-1,accept_all,0.0,35,0,0.0120789533689274,False,1.0,True,0.012078953368927392,0.0120789533689274
drift_away,-1,accept_all,0.0,35,1,1.0,True,0.0120789533689274,True,0.012078953368927392,1.0
drift_away,-1,accept_all,0.0,36,0,0.010929488978917025,False,1.0,True,0.01092948897891699,0.010929488978917025
drift_away,-1,accept_all,0.0,36,1,1.0,True,0.010929488978917025,True,0.01092948897891699,1.0
drift_away,-1,accept_all,0.0,37,0,0.009889410588135757,False,1.0,True,0.00988941058813575,0.009889410588135757
drift_away,-1,accept_all,0.0,37,1,1.0,True,0.009889410588135757,True,0.00988941058813575,1.0
drift_away,-1,accept_all,0.0,38,0,0.008948308742466242,False,1.0,True,0.008948308742466216,0.008948308742466242
drift_away,-1,accept_all,0.0,38,1,1.0,True,0.008948308742466242,True,0.008948308742466216,1.0
drift_away,-1,accept_all,0.0,39,0,0.008096764578321756,False,1.0,True,0.008096764578321758,0.008096764578321756
drift_away,-1,accept_all,0.0,39,1,1.0,True,0.008096764578321756,True,0.008096764578321758,1.0
drift_away,-1,accept_all,0.0,40,0,0.007326255555493672,False,1.0,True,0.00732625555549371,0.007326255555493672
drift_away,-1,accept_all,0.0,40,1,1.0,True,0.007326255555493672,True,0.00732625555549371,1.0
drift_away,-1,accept_all,0.0,41,0,0.006629070160704503,False,1.0,True,0.006629070160704464,0.006629070160704503
drift_away,-1,accept_all,0.0,41,1,1.0,True,0.006629070160704503,True,0.006629070160704464,1.0
drift_away,-1,accept_all,0.0,42,0,0.0059982307281910814,False,1.0,True,0.005998230728191056,0.0059982307281910814
drift_away,-1,accept_all,0.0,42,1,1.0,True,0.0059982307281910814,True,0.005998230728191056,1.0
drift_away,-1,accept_all,0.0,43,0,0.005427423604880374,False,1.0,True,0.005427423604880355,0.005427423604880374
drift_away,-1,accept_all,0.0,43,1,1.0,True,0.005427423604880374,True,0.005427423604880355,1.0
drift_away,-1,accept_all,0.0,44,0,0.0049109359612273746,False,1.0,True,0.004910935961227381,0.0049109359612273746
drift_away,-1,accept_all,0.0,44,1,1.0,True,0.0049109359612273746,True,0.004910935961227381,1.0
drift_away,-1,accept_all,0.0,45,0,0.004443598615296923,False,1.0,True,0.004443598615296973,0.004443598615296923
drift_away,-1,accept_all,0.0,45,1,1.0,True,0.004443598615296923,True,0.004443598615296973,1.0
drift_away,-1,accept_all,0.0,46,0,0.004020734297853434,False,1.0,True,0.004020734297853434,0.004020734297853434
drift_away,-1,accept_all,0.0,46,1,1.0,True,0.004020734297853434,True,0.004020734297853434,1.0
drift_away,-1,accept_all,0.0,47,0,0.0036381108406783264,False,1.0,True,0.0036381108406783325,0.0036381108406783264
drift_away,-1,accept_all,0.0,47,1,1.0,True,0.0036381108406783264,True,0.0036381108406783325,1.0
drift_away,-1,accept_all,0.0,48,0,0.0032918988196080122,False,1.0,True,0.003291898819608008,0.0032918988196080122
drift_away,-1,accept_all,0.0,48,1,1.0,True,0.0032918988196080122,True,0.003291898819608008,1.0
drift_away,-1,accept_all,0.0,49,0,0.0029786332283697355,False,1.0,True,0.002978633228369776,0.0029786332283697355
drift_away,-1,accept_all,0.0,49,1,1.0,True,0.0029786332283697355,True,0.002978633228369776,1.0
drift_away,-1,accept_all,0.0,50,0,0.002695178799634187,False,1.0,True,0.0026951787996342125,0.002695178799634187
drift_away,-1,accept_all,0.0,50,1,1.0,True,0.002695178799634187,True,0.0026951787996342125,1.0
drift_away,-1,accept_all,0.0,51,0,0.0024386986262062552,False,1.0,True,0.0024386986262062704,0.0024386986262062552
drift_away,-1,accept_all,0.0,51,1,1.0,True,0.0024386986262062552,True,0.0024386986262062704,1.0
drift_away,-1,accept_all,0.0,52,0,0.002206625768304309,False,1.0,True,0.0022066257683043267,0.002206625768304309
drift_away,-1,accept_all,0.0,52,1,1.0,True,0.002206625768304309,True,0.0022066257683043267,1.0
drift_away,-1,accept_all,0.0,53,0,0.001996637562764087,False,1.0,True,0.0019966375627641364,0.001996637562764087
drift_away,-1,accept_all,0.0,53,1,1.0,True,0.001996637562764087,True,0.0019966375627641364,1.0
drift_away,-1,accept_all,0.0,54,0,0.0018066323770450665,False,1.0,True,0.0018066323770450365,0.0018066323770450665
drift_away,-1,accept_all,0.0,54,1,1.0,True,0.0018066323770450665,True,0.0018066323770450365,1.0
drift_away,-1,accept_all,0.0,55,0,0.0016347085753856266,False,1.0,True,0.0016347085753856128,0.0016347085753856266
drift_away,-1,accept_all,0.0,55,1,1.0,True,0.0016347085753856266,True,0.0016347085753856128,1.0
drift_away,-1,accept_all,0.0,56,0,0.001479145486593173,False,1.0,True,0.0014791454865932252,0.001479145486593173
drift_away,-1,accept_all,0.0,56,1,1.0,True,0.001479145486593173,True,0.0014791454865932252,1.0
drift_away,-1,accept_all,0.0,57,0,0.001338386182988509,False,1.0,True,0.001338386182988538,0.001338386182988509
drift_away,-1,accept_all,0.0,57,1,1.0,True,0.001338386182988509,True,0.001338386182988538,1.0
drift_away,-1,accept_all,0.0,58,0,0.0012110218981503263,False,1.0,True,0.0012110218981503662,0.0012110218981503263
drift_away,-1,accept_all,0.0,58,1,1.0,True,0.0012110218981503263,True,0.0012110218981503662,1.0
drift_away,-1,accept_all,0.0,59,0,0.0010957779275073474,False,1.0,True,0.0010957779275073687,0.0010957779275073474
drift_away,-1,accept_all,0.0,59,1,1.0,True,0.0010957779275073474,True,0.0010957779275073687,1.0
drift_away,-1,accept_all,0.0,60,0,0.0009915008706665434,False,1.0,True,0.0009915008706665729,0.0009915008706665434
drift_away,-1,accept_all,0.0,60,1,1.0,True,0.0009915008706665434,True,0.0009915008706665729,1.0
drift_away,-1,accept_all,0.0,61,0,0.0008971470877943213,False,1.0,True,0.0008971470877943144,0.0008971470877943213
drift_away,-1,accept_all,0.0,61,1,1.0,True,0.0008971470877943213,True,0.0008971470877943144,1.0
drift_away,-1,accept_all,0.0,62,0,0.0008117722545182937,False,1.0,True,0.0008117722545183392,0.0008117722545182937
drift_away,-1,accept_all,0.0,62,1,1.0,True,0.0008117722545182937,True,0.0008117722545183392,1.0
drift_away,-1,accept_all,0.0,63,0,0.0007345219108115629,False,1.0,True,0.0007345219108115808,0.0007345219108115629
drift_away,-1,accept_all,0.0,63,1,1.0,True,0.0007345219108115629,True,0.0007345219108115808,1.0
drift_away,-1,accept_all,0.0,64,0,0.0006646229092695736,False,1.0,True,0.0006646229092696077,0.0006646229092695736
drift_away,-1,accept_all,0.0,64,1,1.0,True,0.0006646229092695736,True,0.0006646229092696077,1.0
drift_away,-1,accept_all,0.0,65,0,0.000601375677191029,False,1.0,True,0.0006013756771909851,0.000601375677191029
drift_away,-1,accept_all,0.0,65,1,1.0,True,0.000601375677191029,True,0.0006013756771909851,1.0
drift_away,-1,accept_all,0.0,66,0,0.0005441472150191576,False,1.0,True,0.000544147215019164,0.0005441472150191576
drift_away,-1,accept_all,0.0,66,1,1.0,True,0.0005441472150191576,True,0.000544147215019164,1.0
drift_away,-1,accept_all,0.0,67,0,0.0004923647610693924,False,1.0,True,0.0004923647610693971,0.0004923647610693924
drift_away,-1,accept_all,0.0,67,1,1.0,True,0.0004923647610693924,True,0.0004923647610693971,1.0
drift_away,-1,accept_all,0.0,68,0,0.0004455100591379213,False,1.0,True,0.0004455100591379546,0.0004455100591379213
drift_away,-1,accept_all,0.0,68,1,1.0,True,0.0004455100591379213,True,0.0004455100591379546,1.0
drift_away,-1,accept_all,0.0,69,0,0.0004031141716194042,False,1.0,True,0.0004031141716194231,0.0004031141716194042
drift_away,-1,accept_all,0.0,69,1,1.0,True,0.0004031141716194042,True,0.0004031141716194231,1.0
drift_away,-1,accept_all,0.0,70,0,0.0003647527862218065,False,1.0,True,0.0003647527862218336,0.0003647527862218065
drift_away,-1,accept_all,0.0,70,1,1.0,True,0.0003647527862218065,True,0.0003647527862218336,1.0
drift_away,-1,accept_all,0.0,71,0,0.00033004196930636184,False,1.0,True,0.00033004196930641605,0.00033004196930636184
drift_away,-1,accept_all,0.0,71,1,1.0,True,0.00033004196930636184,True,0.00033004196930641605,1.0
drift_away,-1,accept_all,0.0,72,0,0.0002986343233506717,False,1.0,True,0.0002986343233506439,0.0002986343233506717
drift_away,-1,accept_all,0.0,72,1,1.0,True,0.0002986343233506717,True,0.0002986343233506439,1.0
drift_away,-1,accept_all,0.0,73,0,0.00027021551007753774,False,1.0,True,0.00027021551007755384,0.00027021551007753774
drift_away,-1,accept_all,0.0,73,1,1.0,True,0.00027021551007753774,True,0.00027021551007755384,1.0
drift_away,-1,accept_all,0.0,74,0,0.0002445011044518289,False,1.0,True,0.00024450110445184414,0.0002445011044518289
drift_away,-1,accept_all,0.0,74,1,1.0,True,0.0002445011044518289,True,0.00024450110445184414,1.0
drift_away,-1,accept_all,0.0,75,0,0.00022123374805913345,False,1.0,True,0.00022123374805915752,0.00022123374805913345
drift_away,-1,accept_all,0.0,75,1,1.0,True,0.00022123374805913345,True,0.00022123374805915752,1.0
drift_away,-1,accept_all,0.0,76,0,0.00020018057337624435,False,1.0,True,0.00020018057337622963,0.00020018057337624435
drift_away,-1,accept_all,0.0,76,1,1.0,True,0.00020018057337624435,True,0.00020018057337622963,1.0
drift_away,-1,accept_all,0.0,77,0,0.0001811308731547188,False,1.0,True,0.00018113087315474452,0.0001811308731547188
drift_away,-1,accept_all,0.0,77,1,1.0,True,0.0001811308731547188,True,0.00018113087315474452,1.0
drift_away,-1,accept_all,0.0,78,0,0.00016389399159191472,False,1.0,True,0.00016389399159189022,0.00016389399159191472
drift_away,-1,accept_all,0.0,78,1,1.0,True,0.00016389399159191472,True,0.00016389399159189022,1.0
drift_away,-1,accept_all,0.0,79,0,0.0001482974161836353,False,1.0,True,0.00014829741618360703,0.0001482974161836353
drift_away,-1,accept_all,0.0,79,1,1.0,True,0.0001482974161836353,True,0.00014829741618360703,1.0
drift_away,-1,accept_all,0.0,80,0,0.00013418505116100476,False,1.0,True,0.00013418505116102875,0.00013418505116100476
drift_away,-1,accept_all,0.0,80,1,1.0,True,0.00013418505116100476,True,0.00013418505116102875,1.0
drift_away,-1,reference_only,0.0,1,0,0.36193496721438384,False,0.4,False,0.9619349672143838,0.4
drift_away,-1,reference_only,0.0,1,1,1.0,True,0.4,True,0.4,1.0
drift_away,-1,reference_only,0.0,2,0,0.3274923012311928,False,1.0,False,0.3274923012311928,1.0
drift_away,-1,reference_only,0.0,2,1,1.0,True,1.0,True,1.0,1.0
drift_away,-1,reference_only,0.0,3,0,0.2963272882726872,False,1.0,False,0.2963272882726872,1.0
drift_away,-1,reference_only,0.0,3,1,1.0,True,1.0,True,1.0,1.0
drift_away,-1,reference_only,0.0,4,0,0.26812801841425576,False,1.0,False,0.2681280184142558,1.0
drift_away,-1,reference_only,0.0,4,1,1.0,True,1.0,True,1.0,1.0
drift_away,-1,reference_only,0.0,5,0,0.2426122638850534,False,1.0,False,0.24261226388505341,1.0
drift_away,-1,reference_only,0.0,5,1,1.0,True,1.0,True,1.0,1.0
drift_away,-1,reference_only,0.0,6,0,0.21952465443761057,False,1.0,False,0.2195246544376106,1.0
drift_away,-1,reference_only,0.0,6,1,1.0,True,1.0,True,1.0,1.0
drift_away,-1,reference_only,0.0,7,0,0.19863412151656382,False,1.0,False,0.1986341215165638,1.0
drift_away,-1,reference_only,0.0,7,1,1.0,True,1.0,True,1.0,1.0
drift_away,-1,reference_only,0.0,8,0,0.17973158564688863,False,1.0,False,0.17973158564688863,1.0
drift_away,-1,reference_only,0.0,8,1,1.0,True,1.0,True,1.0,1.0
drift_away,-1,reference_only,0.0,9,0,0.16262786389623965,False,1.0,False,0.16262786389623962,1.0
drift_away,-1,reference_only,0.0,9,1,1.0,True,1.0,True,1.0,1.0
drift_away,-1,reference_only,0.0,10,0,0.14715177646857694,False,1.0,False,0.1471517764685769,1.0
drift_away,-1,reference_only,0.0,10,1,1.0,True,1.0,True,1.0,1.0
drift_away,-1,reference_only,0.0,11,0,0.13314843347923183,False,1.0,False,0.1331484334792319,1.0
drift_away,-1,reference_only,0.0,11,1,1.0,True,1.0,True,1.0,1.0
drift_away,-1,reference_only,0.0,12,0,0.12047768476488085,False,1.0,False,0.12047768476488085,1.0
drift_away,-1,reference_only,0.0,12,1,1.0,True,1.0,True,1.0,1.0
drift_away,-1,reference_only,0.0,13,0,0.10901271721360505,False,1.0,False,0.10901271721360506,1.0
drift_away,-1,reference_only,0.0,13,1,1.0,True,1.0,True,1.0,1.0
drift_away,-1,reference_only,0.0,14,0,0.0986387855766426,False,1.0,False,0.09863878557664263,1.0
drift_away,-1,reference_only,0.0,14,1,1.0,True,1.0,True,1.0,1.0
drift_away,-1,reference_only,0.0,15,0,0.08925206405937193,False,1.0,False,0.08925206405937192,1.0
drift_away,-1,reference_only,0.0,15,1,1.0,True,1.0,True,1.0,1.0
drift_away,-1,reference_only,0.0,16,0,0.08075860719786215,False,1.0,False,0.0807586071978621,1.0
drift_away,-1,reference_only,0.0,16,1,1.0,True,1.0,True,1.0,1.0
drift_away,-1,reference_only,0.0,17,0,0.07307340962109386,False,1.0,False,0.07307340962109388,1.0
drift_away,-1,reference_only,0.0,17,1,1.0,True,1.0,True,1.0,1.0
drift_away,-1,reference_only,0.0,18,0,0.06611955528863461,False,1.0,False,0.06611955528863467,1.0
drift_away,-1,reference_only,0.0,18,1,1.0,True,1.0,True,1.0,1.0
drift_away,-1,reference_only,0.0,19,0,0.05982744768905403,False,1.0,False,0.059827447689054014,1.0
drift_away,-1,reference_only,0.0,19,1,1.0,True,1.0,True,1.0,1.0
drift_away,-1,reference_only,0.0,20,0,0.054134113294645084,False,1.0,False,0.054134113294645125,1.0
drift_away,-1,reference_only,0.0,20,1,1.0,True,1.0,True,1.0,1.0
drift_away,-1,reference_only,0.0,21,0,0.04898257130119277,False,1.0,False,0.04898257130119277,1.0
drift_away,-1,reference_only,0.0,21,1,1.0,True,1.0,True,1.0,1.0
drift_away,-1,reference_only,0.0,22,0,0.044321263344933554,False,1.0,False,0.04432126334493358,1.0
drift_away,-1,reference_only,0.0,22,1,1.0,True,1.0,True,1.0,1.0
drift_away,-1,reference_only,0.0,23,0,0.0401035374891215,False,1.0,False,0.040103537489121543,1.0
drift_away,-1,reference_only,0.0,23,1,1.0,True,1.0,True,1.0,1.0
drift_away,-1,reference_only,0.0,24,0,0.036287181315765006,False,1.0,False,0.03628718131576503,1.0
drift_away,-1,reference_only,0.0,24,1,1.0,True,1.0,True,1.0,1.0
drift_away,-1,reference_only,0.0,25,0,0.032833999449559524,False,1.0,False,0.03283399944955956,1.0
drift_away,-1,reference_only,0.0,25,1,1.0,True,1.0,True,1.0,1.0
drift_away,-1,reference_only,0.0,26,0,0.029709431285733553,False,1.0,False,0.029709431285733556,1.0
drift_away,-1,reference_only,0.0,26,1,1.0,True,1.0,True,1.0,1.0
drift_away,-1,reference_only,0.0,27,0,0.026882205095899905,False,1.0,False,0.02688220509589989,1.0
drift_away,-1,reference_only,0.0,27,1,1.0,True,1.0,True,1.0,1.0
drift_away,-1,reference_only,0.0,28,0,0.02432402505008719,False,1.0,False,0.02432402505008724,1.0
drift_away,-1,reference_only,0.0,28,1,1.0,True,1.0,True,1.0,1.0
drift_away,-1,reference_only,0.0,29,0,0.022009288022562894,False,1.0,False,0.022009288022562856,1.0
drift_away,-1,reference_only,0.0,29,1,1.0,True,1.0,True,1.0,1.0
drift_away,-1,reference_only,0.0,30,0,0.01991482734714558,False,1.0,False,0.01991482734714556,1.0
drift_away,-1,reference_only,0.0,30,1,1.0,True,1.0,True,1.0,1.0
drift_away,-1,reference_only,0.0,31,0,0.01801968095742312,False,1.0,False,0.018019680957423123,1.0
drift_away,-1,reference_only,0.0,31,1,1.0,True,1.0,True,1.0,1.0
drift_away,-1,reference_only,0.0,32,0,0.016304881591346486,False,1.0,False,0.016304881591346465,1.0
drift_away,-1,reference_only,0.0,32,1,1.0,True,1.0,True,1.0,1.0
drift_away,-1,reference_only,0.0,33,0,0.014753266960496007,False,1.0,False,0.014753266960496059,1.0
drift_away,-1,reference_only,0.0,33,1,1.0,True,1.0,True,1.0,1.0
drift_away,-1,reference_only,0.0,34,0,0.013349307984130433,False,1.0,False,0.013349307984130476,1.0
drift_away,-1,reference_only,0.0,34,1,1.0,True,1.0,True,1.0,1.0
drift_away,-1,reference_only,0.0,35,0,0.0120789533689274,False,1.0,False,0.012078953368927392,1.0
drift_away,-1,reference_only,0.0,35,1,1.0,True,1.0,True,1.0,1.0
drift_away,-1,reference_only,0.0,36,0,0.010929488978917025,False,1.0,False,0.01092948897891699,1.0
drift_away,-1,reference_only,0.0,36,1,1.0,True,1.0,True,1.0,1.0
drift_away,-1,reference_only,0.0,37,0,0.009889410588135757,False,1.0,False,0.00988941058813575,1.0
drift_away,-1,reference_only,0.0,37,1,1.0,True,1.0,True,1.0,1.0
drift_away,-1,reference_only,0.0,38,0,0.008948308742466242,False,1.0,False,0.008948308742466216,1.0
drift_away,-1,reference_only,0.0,38,1,1.0,True,1.0,True,1.0,1.0
drift_away,-1,reference_only,0.0,39,0,0.008096764578321756,False,1.0,False,0.008096764578321758,1.0
drift_away,-1,reference_only,0.0,39,1,1.0,True,1.0,True,1.0,1.0
drift_away,-1,reference_only,0.0,40,0,0.007326255555493672,False,1.0,False,0.00732625555549371,1.0
drift_away,-1,reference_only,0.0,40,1,1.0,True,1.0,True,1.0,1.0
drift_away,-1,reference_only,0.0,41,0,0.006629070160704503,False,1.0,False,0.006629070160704464,1.0
drift_away,-1,reference_only,0.0,41,1,1.0,True,1.0,True,1.0,1.0
drift_away,-1,reference_only,0.0,42,0,0.0059982307281910814,False,1.0,False,0.005998230728191056,1.0
drift_away,-1,reference_only,0.0,42,1,1.0,True,1.0,True,1.0,1.0
drift_away,-1,reference_only,0.0,43,0,0.005427423604880374,False,1.0,False,0.005427423604880355,1.0
drift_away,-1,reference_only,0.0,43,1,1.0,True,1.0,True,1.0,1.0
drift_away,-1,reference_only,0.0,44,0,0.0049109359612273746,False,1.0,False,0.004910935961227381,1.0
drift_away,-1,reference_only,0.0,44,1,1.0,True,1.0,True,1.0,1.0
drift_away,-1,reference_only,0.0,45,0,0.004443598615296923,False,1.0,False,0.004443598615296973,1.0
drift_away,-1,reference_only,0.0,45,1,1.0,True,1.0,True,1.0,1.0
drift_away,-1,reference_only,0.0,46,0,0.004020734297853434,False,1.0,False,0.004020734297853434,1.0
drift_away,-1,reference_only,0.0,46,1,1.0,True,1.0,True,1.0,1.0
drift_away,-1,reference_only,0.0,47,0,0.0036381108406783264,False,1.0,False,0.0036381108406783325,1.0
drift_away,-1,reference_only,0.0,47,1,1.0,True,1.0,True,1.0,1.0
drift_away,-1,reference_only,0.0,48,0,0.0032918988196080122,False,1.0,False,0.003291898819608008,1.0
drift_away,-1,reference_only,0.0,48,1,1.0,True,1.0,True,1.0,1.0
drift_away,-1,reference_only,0.0,49,0,0.0029786332283697355,False,1.0,False,0.002978633228369776,1.0
drift_away,-1,reference_only,0.0,49,1,1.0,True,1.0,True,1.0,1.0
drift_away,-1,reference_only,0.0,50,0,0.002695178799634187,False,1.0,False,0.0026951787996342125,1.0
drift_away,-1,reference_only,0.0,50,1,1.0,True,1.0,True,1.0,1.0
drift_away,-1,reference_only,0.0,51,0,0.0024386986262062552,False,1.0,False,0.0024386986262062704,1.0
drift_away,-1,reference_only,0.0,51,1,1.0,True,1.0,True,1.0,1.0
drift_away,-1,reference_only,0.0,52,0,0.002206625768304309,False,1.0,False,0.0022066257683043267,1.0
drift_away,-1,reference_only,0.0,52,1,1.0,True,1.0,True,1.0,1.0
drift_away,-1,reference_only,0.0,53,0,0.001996637562764087,False,1.0,False,0.0019966375627641364,1.0
drift_away,-1,reference_only,0.0,53,1,1.0,True,1.0,True,1.0,1.0
drift_away,-1,reference_only,0.0,54,0,0.0018066323770450665,False,1.0,False,0.0018066323770450365,1.0
drift_away,-1,reference_only,0.0,54,1,1.0,True,1.0,True,1.0,1.0
drift_away,-1,reference_only,0.0,55,0,0.0016347085753856266,False,1.0,False,0.0016347085753856128,1.0
drift_away,-1,reference_only,0.0,55,1,1.0,True,1.0,True,1.0,1.0
drift_away,-1,reference_only,0.0,56,0,0.001479145486593173,False,1.0,False,0.0014791454865932252,1.0
drift_away,-1,reference_only,0.0,56,1,1.0,True,1.0,True,1.0,1.0
drift_away,-1,reference_only,0.0,57,0,0.001338386182988509,False,1.0,False,0.001338386182988538,1.0
drift_away,-1,reference_only,0.0,57,1,1.0,True,1.0,True,1.0,1.0
drift_away,-1,reference_only,0.0,58,0,0.0012110218981503263,False,1.0,False,0.0012110218981503662,1.0
drift_away,-1,reference_only,0.0,58,1,1.0,True,1.0,True,1.0,1.0
drift_away,-1,reference_only,0.0,59,0,0.0010957779275073474,False,1.0,False,0.0010957779275073687,1.0
drift_away,-1,reference_only,0.0,59,1,1.0,True,1.0,True,1.0,1.0
drift_away,-1,reference_only,0.0,60,0,0.0009915008706665434,False,1.0,False,0.0009915008706665729,1.0
drift_away,-1,reference_only,0.0,60,1,1.0,True,1.0,True,1.0,1.0
drift_away,-1,reference_only,0.0,61,0,0.0008971470877943213,False,1.0,False,0.0008971470877943144,1.0
drift_away,-1,reference_only,0.0,61,1,1.0,True,1.0,True,1.0,1.0
drift_away,-1,reference_only,0.0,62,0,0.0008117722545182937,False,1.0,False,0.0008117722545183392,1.0
drift_away,-1,reference_only,0.0,62,1,1.0,True,1.0,True,1.0,1.0
drift_away,-1,reference_only,0.0,63,0,0.0007345219108115629,False,1.0,False,0.0007345219108115808,1.0
drift_away,-1,reference_only,0.0,63,1,1.0,True,1.0,True,1.0,1.0
drift_away,-1,reference_only,0.0,64,0,0.0006646229092695736,False,1.0,False,0.0006646229092696077,1.0
drift_away,-1,reference_only,0.0,64,1,1.0,True,1.0,True,1.0,1.0
drift_away,-1,reference_only,0.0,65,0,0.000601375677191029,False,1.0,False,0.0006013756771909851,1.0
drift_away,-1,reference_only,0.0,65,1,1.0,True,1.0,True,1.0,1.0
drift_away,-1,reference_only,0.0,66,0,0.0005441472150191576,False,1.0,False,0.000544147215019164,1.0
drift_away,-1,reference_only,0.0,66,1,1.0,True,1.0,True,1.0,1.0
drift_away,-1,reference_only,0.0,67,0,0.0004923647610693924,False,1.0,False,0.0004923647610693971,1.0
drift_away,-1,reference_only,0.0,67,1,1.0,True,1.0,True,1.0,1.0
drift_away,-1,reference_only,0.0,68,0,0.0004455100591379213,False,1.0,False,0.0004455100591379546,1.0
drift_away,-1,reference_only,0.0,68,1,1.0,True,1.0,True,1.0,1.0
drift_away,-1,reference_only,0.0,69,0,0.0004031141716194042,False,1.0,False,0.0004031141716194231,1.0
drift_away,-1,reference_only,0.0,69,1,1.0,True,1.0,True,1.0,1.0
drift_away,-1,reference_only,0.0,70,0,0.0003647527862218065,False,1.0,False,0.0003647527862218336,1.0
drift_away,-1,reference_only,0.0,70,1,1.0,True,1.0,True,1.0,1.0
drift_away,-1,reference_only,0.0,71,0,0.00033004196930636184,False,1.0,False,0.00033004196930641605,1.0
drift_away,-1,reference_only,0.0,71,1,1.0,True,1.0,True,1.0,1.0
drift_away,-1,reference_only,0.0,72,0,0.0002986343233506717,False,1.0,False,0.0002986343233506439,1.0
drift_away,-1,reference_only,0.0,72,1,1.0,True,1.0,True,1.0,1.0
drift_away,-1,reference_only,0.0,73,0,0.00027021551007753774,False,1.0,False,0.00027021551007755384,1.0
drift_away,-1,reference_only,0.0,73,1,1.0,True,1.0,True,1.0,1.0
drift_away,-1,reference_only,0.0,74,0,0.0002445011044518289,False,1.0,False,0.00024450110445184414,1.0
drift_away,-1,reference_only,0.0,74,1,1.0,True,1.0,True,1.0,1.0
drift_away,-1,reference_only,0.0,75,0,0.00022123374805913345,False,1.0,False,0.00022123374805915752,1.0
drift_away,-1,reference_only,0.0,75,1,1.0,True,1.0,True,1.0,1.0
drift_away,-1,reference_only,0.0,76,0,0.00020018057337624435,False,1.0,False,0.00020018057337622963,1.0
drift_away,-1,reference_only,0.0,76,1,1.0,True,1.0,True,1.0,1.0
drift_away,-1,reference_only,0.0,77,0,0.0001811308731547188,False,1.0,False,0.00018113087315474452,1.0
drift_away,-1,reference_only,0.0,77,1,1.0,True,1.0,True,1.0,1.0
drift_away,-1,reference_only,0.0,78,0,0.00016389399159191472,False,1.0,False,0.00016389399159189022,1.0
drift_away,-1,reference_only,0.0,78,1,1.0,True,1.0,True,1.0,1.0
drift_away,-1,reference_only,0.0,79,0,0.0001482974161836353,False,1.0,False,0.00014829741618360703,1.0
drift_away,-1,reference_only,0.0,79,1,1.0,True,1.0,True,1.0,1.0
drift_away,-1,reference_only,0.0,80,0,0.00013418505116100476,False,1.0,False,0.00013418505116102875,1.0
drift_away,-1,reference_only,0.0,80,1,1.0,True,1.0,True,1.0,1.0
drift_away,-1,gated,0.01,1,0,0.36193496721438384,False,0.4,False,0.9619349672143838,0.4
drift_away,-1,gated,0.01,1,1,1.0,True,0.4,False,0.4,0.4
drift_away,-1,gated,0.01,2,0,0.3274923012311928,False,0.4,False,0.9274923012311928,0.4
drift_away,-1,gated,0.01,2,1,1.0,True,0.4,False,0.4,0.4
drift_away,-1,gated,0.01,3,0,0.2963272882726872,False,0.4,False,0.8963272882726872,0.4
drift_away,-1,gated,0.01,3,1,1.0,True,0.4,False,0.4,0.4
drift_away,-1,gated,0.01,4,0,0.26812801841425576,False,0.4,False,0.8681280184142557,0.4
drift_away,-1,gated,0.01,4,1,1.0,True,0.4,False,0.4,0.4
drift_away,-1,gated,0.01,5,0,0.2426122638850534,False,0.4,False,0.8426122638850534,0.4
drift_away,-1,gated,0.01,5,1,1.0,True,0.4,False,0.4,0.4
drift_away,-1,gated,0.01,6,0,0.21952465443761057,False,0.4,False,0.8195246544376106,0.4
drift_away,-1,gated,0.01,6,1,1.0,True,0.4,False,0.4,0.4
drift_away,-1,gated,0.01,7,0,0.19863412151656382,False,0.4,False,0.7986341215165638,0.4
drift_away,-1,gated,0.01,7,1,1.0,True,0.4,False,0.4,0.4
drift_away,-1,gated,0.01,8,0,0.17973158564688863,False,0.4,False,0.7797315856468886,0.4
drift_away,-1,gated,0.01,8,1,1.0,True,0.4,False,0.4,0.4
drift_away,-1,gated,0.01,9,0,0.16262786389623965,False,0.4,False,0.7626278638962396,0.4
drift_away,-1,gated,0.01,9,1,1.0,True,0.4,False,0.4,0.4
drift_away,-1,gated,0.01,10,0,0.14715177646857694,False,0.4,False,0.7471517764685769,0.4
drift_away,-1,gated,0.01,10,1,1.0,True,0.4,False,0.4,0.4
drift_away,-1,gated,0.01,11,0,0.13314843347923183,False,0.4,False,0.7331484334792318,0.4
drift_away,-1,gated,0.01,11,1,1.0,True,0.4,False,0.4,0.4
drift_away,-1,gated,0.01,12,0,0.12047768476488085,False,0.4,False,0.7204776847648808,0.4
drift_away,-1,gated,0.01,12,1,1.0,True,0.4,False,0.4,0.4
drift_away,-1,gated,0.01,13,0,0.10901271721360505,False,0.4,False,0.709012717213605,0.4
drift_away,-1,gated,0.01,13,1,1.0,True,0.4,False,0.4,0.4
drift_away,-1,gated,0.01,14,0,0.0986387855766426,False,0.4,False,0.6986387855766426,0.4
drift_away,-1,gated,0.01,14,1,1.0,True,0.4,False,0.4,0.4
drift_away,-1,gated,0.01,15,0,0.08925206405937193,False,0.4,False,0.6892520640593719,0.4
drift_away,-1,gated,0.01,15,1,1.0,True,0.4,False,0.4,0.4
drift_away,-1,gated,0.01,16,0,0.08075860719786215,False,0.4,False,0.6807586071978622,0.4
drift_away,-1,gated,0.01,16,1,1.0,True,0.4,False,0.4,0.4
drift_away,-1,gated,0.01,17,0,0.07307340962109386,False,0.4,False,0.6730734096210939,0.4
drift_away,-1,gated,0.01,17,1,1.0,True,0.4,False,0.4,0.4
drift_away,-1,gated,0.01,18,0,0.06611955528863461,False,0.4,False,0.6661195552886345,0.4
drift_away,-1,gated,0.01,18,1,1.0,True,0.4,False,0.4,0.4
drift_away,-1,gated,0.01,19,0,0.05982744768905403,False,0.4,False,0.659827447689054,0.4
drift_away,-1,gated,0.01,19,1,1.0,True,0.4,False,0.4,0.4
drift_away,-1,gated,0.01,20,0,0.054134113294645084,False,0.4,False,0.654134113294645,0.4
drift_away,-1,gated,0.01,20,1,1.0,True,0.4,False,0.4,0.4
drift_away,-1,gated,0.01,21,0,0.04898257130119277,False,0.4,False,0.6489825713011927,0.4
drift_away,-1,gated,0.01,21,1,1.0,True,0.4,False,0.4,0.4
drift_away,-1,gated,0.01,22,0,0.044321263344933554,False,0.4,False,0.6443212633449336,0.4
drift_away,-1,gated,0.01,22,1,1.0,True,0.4,False,0.4,0.4
drift_away,-1,gated,0.01,23,0,0.0401035374891215,False,0.4,False,0.6401035374891215,0.4
drift_away,-1,gated,0.01,23,1,1.0,True,0.4,False,0.4,0.4
drift_away,-1,gated,0.01,24,0,0.036287181315765006,False,0.4,False,0.636287181315765,0.4
drift_away,-1,gated,0.01,24,1,1.0,True,0.4,False,0.4,0.4
drift_away,-1,gated,0.01,25,0,0.032833999449559524,False,0.4,False,0.6328339994495595,0.4
drift_away,-1,gated,0.01,25,1,1.0,True,0.4,False,0.4,0.4
drift_away,-1,gated,0.01,26,0,0.029709431285733553,False,0.4,False,0.6297094312857335,0.4
drift_away,-1,gated,0.01,26,1,1.0,True,0.4,False,0.4,0.4
drift_away,-1,gated,0.01,27,0,0.026882205095899905,False,0.4,False,0.6268822050958999,0.4
drift_away,-1,gated,0.01,27,1,1.0,True,0.4,False,0.4,0.4
drift_away,-1,gated,0.01,28,0,0.02432402505008719,False,0.4,False,0.6243240250500872,0.4
drift_away,-1,gated,0.01,28,1,1.0,True,0.4,False,0.4,0.4
drift_away,-1,gated,0.01,29,0,0.022009288022562894,False,0.4,False,0.622009288022563,0.4
drift_away,-1,gated,0.01,29,1,1.0,True,0.4,False,0.4,0.4
drift_away,-1,gated,0.01,30,0,0.01991482734714558,False,0.4,False,0.6199148273471455,0.4
drift_away,-1,gated,0.01,30,1,1.0,True,0.4,False,0.4,0.4
drift_away,-1,gated,0.01,31,0,0.01801968095742312,False,0.4,False,0.6180196809574231,0.4
drift_away,-1,gated,0.01,31,1,1.0,True,0.4,False,0.4,0.4
drift_away,-1,gated,0.01,32,0,0.016304881591346486,False,0.4,False,0.6163048815913464,0.4
drift_away,-1,gated,0.01,32,1,1.0,True,0.4,False,0.4,0.4
drift_away,-1,gated,0.01,33,0,0.014753266960496007,False,0.4,False,0.614753266960496,0.4
drift_away,-1,gated,0.01,33,1,1.0,True,0.4,False,0.4,0.4
drift_away,-1,gated,0.01,34,0,0.013349307984130433,False,0.4,False,0.6133493079841303,0.4
drift_away,-1,gated,0.01,34,1,1.0,True,0.4,False,0.4,0.4
drift_away,-1,gated,0.01,35,0,0.0120789533689274,False,0.4,False,0.6120789533689274,0.4
drift_away,-1,gated,0.01,35,1,1.0,True,0.4,False,0.4,0.4
drift_away,-1,gated,0.01,36,0,0.010929488978917025,False,0.4,False,0.610929488978917,0.4
drift_away,-1,gated,0.01,36,1,1.0,True,0.4,False,0.4,0.4
drift_away,-1,gated,0.01,37,0,0.009889410588135757,False,0.4,False,0.6098894105881357,0.4
drift_away,-1,gated,0.01,37,1,1.0,True,0.4,False,0.4,0.4
drift_away,-1,gated,0.01,38,0,0.008948308742466242,False,0.4,False,0.6089483087424662,0.4
drift_away,-1,gated,0.01,38,1,1.0,True,0.4,False,0.4,0.4
drift_away,-1,gated,0.01,39,0,0.008096764578321756,False,0.4,False,0.6080967645783217,0.4
drift_away,-1,gated,0.01,39,1,1.0,True,0.4,False,0.4,0.4
drift_away,-1,gated,0.01,40,0,0.007326255555493672,False,0.4,False,0.6073262555554937,0.4
drift_away,-1,gated,0.01,40,1,1.0,True,0.4,False,0.4,0.4
drift_away,-1,gated,0.01,41,0,0.006629070160704503,False,0.4,False,0.6066290701607044,0.4
drift_away,-1,gated,0.01,41,1,1.0,True,0.4,False,0.4,0.4
drift_away,-1,gated,0.01,42,0,0.0059982307281910814,False,0.4,False,0.605998230728191,0.4
drift_away,-1,gated,0.01,42,1,1.0,True,0.4,False,0.4,0.4
drift_away,-1,gated,0.01,43,0,0.005427423604880374,False,0.4,False,0.6054274236048803,0.4
drift_away,-1,gated,0.01,43,1,1.0,True,0.4,False,0.4,0.4
drift_away,-1,gated,0.01,44,0,0.0049109359612273746,False,0.4,False,0.6049109359612274,0.4
drift_away,-1,gated,0.01,44,1,1.0,True,0.4,False,0.4,0.4
drift_away,-1,gated,0.01,45,0,0.004443598615296923,False,0.4,False,0.604443598615297,0.4
drift_away,-1,gated,0.01,45,1,1.0,True,0.4,False,0.4,0.4
drift_away,-1,gated,0.01,46,0,0.004020734297853434,False,0.4,False,0.6040207342978534,0.4
drift_away,-1,gated,0.01,46,1,1.0,True,0.4,False,0.4,0.4
drift_away,-1,gated,0.01,47,0,0.0036381108406783264,False,0.4,False,0.6036381108406783,0.4
drift_away,-1,gated,0.01,47,1,1.0,True,0.4,False,0.4,0.4
drift_away,-1,gated,0.01,48,0,0.0032918988196080122,False,0.4,False,0.603291898819608,0.4
drift_away,-1,gated,0.01,48,1,1.0,True,0.4,False,0.4,0.4
drift_away,-1,gated,0.01,49,0,0.0029786332283697355,False,0.4,False,0.6029786332283698,0.4
drift_away,-1,gated,0.01,49,1,1.0,True,0.4,False,0.4,0.4
drift_away,-1,gated,0.01,50,0,0.002695178799634187,False,0.4,False,0.6026951787996342,0.4
drift_away,-1,gated,0.01,50,1,1.0,True,0.4,False,0.4,0.4
drift_away,-1,gated,0.01,51,0,0.0024386986262062552,False,0.4,False,0.6024386986262062,0.4
drift_away,-1,gated,0.01,51,1,1.0,True,0.4,False,0.4,0.4
drift_away,-1,gated,0.01,52,0,0.002206625768304309,False,0.4,False,0.6022066257683043,0.4
drift_away,-1,gated,0.01,52,1,1.0,True,0.4,False,0.4,0.4
drift_away,-1,gated,0.01,53,0,0.001996637562764087,False,0.4,False,0.6019966375627641,0.4
drift_away,-1,gated,0.01,53,1,1.0,True,0.4,False,0.4,0.4
drift_away,-1,gated,0.01,54,0,0.0018066323770450665,False,0.4,False,0.601806632377045,0.4
drift_away,-1,gated,0.01,54,1,1.0,True,0.4,False,0.4,0.4
drift_away,-1,gated,0.01,55,0,0.0016347085753856266,False,0.4,False,0.6016347085753856,0.4
drift_away,-1,gated,0.01,55,1,1.0,True,0.4,False,0.4,0.4
drift_away,-1,gated,0.01,56,0,0.001479145486593173,False,0.4,False,0.6014791454865931,0.4
drift_away,-1,gated,0.01,56,1,1.0,True,0.4,False,0.4,0.4
drift_away,-1,gated,0.01,57,0,0.001338386182988509,False,0.4,False,0.6013383861829884,0.4
drift_away,-1,gated,0.01,57,1,1.0,True,0.4,False,0.4,0.4
drift_away,-1,gated,0.01,58,0,0.0012110218981503263,False,0.4,False,0.6012110218981503,0.4
drift_away,-1,gated,0.01,58,1,1.0,True,0.4,False,0.4,0.4
drift_away,-1,gated,0.01,59,0,0.0010957779275073474,False,0.4,False,0.6010957779275073,0.4
drift_away,-1,gated,0.01,59,1,1.0,True,0.4,False,0.4,0.4
drift_away,-1,gated,0.01,60,0,0.0009915008706665434,False,0.4,False,0.6009915008706666,0.4
drift_away,-1,gated,0.01,60,1,1.0,True,0.4,False,0.4,0.4
drift_away,-1,gated,0.01,61,0,0.0008971470877943213,False,0.4,False,0.6008971470877943,0.4
drift_away,-1,gated,0.01,61,1,1.0,True,0.4,False,0.4,0.4
drift_away,-1,gated,0.01,62,0,0.0008117722545182937,False,0.4,False,0.6008117722545183,0.4
drift_away,-1,gated,0.01,62,1,1.0,True,0.4,False,0.4,0.4
drift_away,-1,gated,0.01,63,0,0.0007345219108115629,False,0.4,False,0.6007345219108116,0.4
drift_away,-1,gated,0.01,63,1,1.0,True,0.4,False,0.4,0.4
drift_away,-1,gated,0.01,64,0,0.0006646229092695736,False,0.4,False,0.6006646229092696,0.4
drift_away,-1,gated,0.01,64,1,1.0,True,0.4,False,0.4,0.4
drift_away,-1,gated,0.01,65,0,0.000601375677191029,False,0.4,False,0.6006013756771911,0.4
drift_away,-1,gated,0.01,65,1,1.0,True,0.4,False,0.4,0.4
drift_away,-1,gated,0.01,66,0,0.0005441472150191576,False,0.4,False,0.6005441472150191,0.4
drift_away,-1,gated,0.01,66,1,1.0,True,0.4,False,0.4,0.4
drift_away,-1,gated,0.01,67,0,0.0004923647610693924,False,0.4,False,0.6004923647610694,0.4
drift_away,-1,gated,0.01,67,1,1.0,True,0.4,False,0.4,0.4
drift_away,-1,gated,0.01,68,0,0.0004455100591379213,False,0.4,False,0.6004455100591379,0.4
drift_away,-1,gated,0.01,68,1,1.0,True,0.4,False,0.4,0.4
drift_away,-1,gated,0.01,69,0,0.0004031141716194042,False,0.4,False,0.6004031141716194,0.4
drift_away,-1,gated,0.01,69,1,1.0,True,0.4,False,0.4,0.4
drift_away,-1,gated,0.01,70,0,0.0003647527862218065,False,0.4,False,0.6003647527862218,0.4
drift_away,-1,gated,0.01,70,1,1.0,True,0.4,False,0.4,0.4
drift_away,-1,gated,0.01,71,0,0.00033004196930636184,False,0.4,False,0.6003300419693063,0.4
drift_away,-1,gated,0.01,71,1,1.0,True,0.4,False,0.4,0.4
drift_away,-1,gated,0.01,72,0,0.0002986343233506717,False,0.4,False,0.6002986343233507,0.4
drift_away,-1,gated,0.01,72,1,1.0,True,0.4,False,0.4,0.4
drift_away,-1,gated,0.01,73,0,0.00027021551007753774,False,0.4,False,0.6002702155100775,0.4
drift_away,-1,gated,0.01,73,1,1.0,True,0.4,False,0.4,0.4
drift_away,-1,gated,0.01,74,0,0.0002445011044518289,False,0.4,False,0.6002445011044518,0.4
drift_away,-1,gated,0.01,74,1,1.0,True,0.4,False,0.4,0.4
drift_away,-1,gated,0.01,75,0,0.00022123374805913345,False,0.4,False,0.6002212337480591,0.4
drift_away,-1,gated,0.01,75,1,1.0,True,0.4,False,0.4,0.4
drift_away,-1,gated,0.01,76,0,0.00020018057337624435,False,0.4,False,0.6002001805733762,0.4
drift_away,-1,gated,0.01,76,1,1.0,True,0.4,False,0.4,0.4
drift_away,-1,gated,0.01,77,0,0.0001811308731547188,False,0.4,False,0.6001811308731547,0.4
drift_away,-1,gated,0.01,77,1,1.0,True,0.4,False,0.4,0.4
drift_away,-1,gated,0.01,78,0,0.00016389399159191472,False,0.4,False,0.6001638939915919,0.4
drift_away,-1,gated,0.01,78,1,1.0,True,0.4,False,0.4,0.4
drift_away,-1,gated,0.01,79,0,0.0001482974161836353,False,0.4,False,0.6001482974161836,0.4
drift_away,-1,gated,0.01,79,1,1.0,True,0.4,False,0.4,0.4
drift_away,-1,gated,0.01,80,0,0.00013418505116100476,False,0.4,False,0.600134185051161,0.4
drift_away,-1,gated,0.01,80,1,1.0,True,0.4,False,0.4,0.4
drift_away,-1,accept_all,0.01,1,0,0.36193496721438384,False,0.4,True,0.9619349672143838,0.36193496721438384
drift_away,-1,accept_all,0.01,1,1,1.0,True,0.36193496721438384,True,0.3619349672143839,1.0
drift_away,-1,accept_all,0.01,2,0,0.3274923012311928,False,1.0,True,0.3274923012311928,0.3274923012311928
drift_away,-1,accept_all,0.01,2,1,1.0,True,0.3274923012311928,True,0.3274923012311928,1.0
drift_away,-1,accept_all,0.01,3,0,0.2963272882726872,False,1.0,True,0.2963272882726872,0.2963272882726872
drift_away,-1,accept_all,0.01,3,1,1.0,True,0.2963272882726872,True,0.2963272882726872,1.0
drift_away,-1,accept_all,0.01,4,0,0.26812801841425576,False,1.0,True,0.2681280184142558,0.26812801841425576
drift_away,-1,accept_all,0.01,4,1,1.0,True,0.26812801841425576,True,0.2681280184142558,1.0
drift_away,-1,accept_all,0.01,5,0,0.2426122638850534,False,1.0,True,0.24261226388505341,0.2426122638850534
drift_away,-1,accept_all,0.01,5,1,1.0,True,0.2426122638850534,True,0.24261226388505341,1.0
drift_away,-1,accept_all,0.01,6,0,0.21952465443761057,False,1.0,True,0.2195246544376106,0.21952465443761057
drift_away,-1,accept_all,0.01,6,1,1.0,True,0.21952465443761057,True,0.2195246544376106,1.0
drift_away,-1,accept_all,0.01,7,0,0.19863412151656382,False,1.0,True,0.1986341215165638,0.19863412151656382
drift_away,-1,accept_all,0.01,7,1,1.0,True,0.19863412151656382,True,0.1986341215165638,1.0
drift_away,-1,accept_all,0.01,8,0,0.17973158564688863,False,1.0,True,0.17973158564688863,0.17973158564688863
drift_away,-1,accept_all,0.01,8,1,1.0,True,0.17973158564688863,True,0.17973158564688863,1.0
drift_away,-1,accept_all,0.01,9,0,0.16262786389623965,False,1.0,True,0.16262786389623962,0.16262786389623965
drift_away,-1,accept_all,0.01,9,1,1.0,True,0.16262786389623965,True,0.16262786389623962,1.0
drift_away,-1,accept_all,0.01,10,0,0.14715177646857694,False,1.0,True,0.1471517764685769,0.14715177646857694
drift_away,-1,accept_all,0.01,10,1,1.0,True,0.14715177646857694,True,0.1471517764685769,1.0
drift_away,-1,accept_all,0.01,11,0,0.13314843347923183,False,1.0,True,0.1331484334792319,0.13314843347923183
drift_away,-1,accept_all,0.01,11,1,1.0,True,0.13314843347923183,True,0.1331484334792319,1.0
drift_away,-1,accept_all,0.01,12,0,0.12047768476488085,False,1.0,True,0.12047768476488085,0.12047768476488085
drift_away,-1,accept_all,0.01,12,1,1.0,True,0.12047768476488085,True,0.12047768476488085,1.0
drift_away,-1,accept_all,0.01,13,0,0.10901271721360505,False,1.0,True,0.10901271721360506,0.10901271721360505
drift_away,-1,accept_all,0.01,13,1,1.0,True,0.10901271721360505,True,0.10901271721360506,1.0
drift_away,-1,accept_all,0.01,14,0,0.0986387855766426,False,1.0,True,0.09863878557664263,0.0986387855766426
drift_away,-1,accept_all,0.01,14,1,1.0,True,0.0986387855766426,True,0.09863878557664263,1.0
drift_away,-1,accept_all,0.01,15,0,0.08925206405937193,False,1.0,True,0.08925206405937192,0.08925206405937193
drift_away,-1,accept_all,0.01,15,1,1.0,True,0.08925206405937193,True,0.08925206405937192,1.0
drift_away,-1,accept_all,0.01,16,0,0.08075860719786215,False,1.0,True,0.0807586071978621,0.08075860719786215
drift_away,-1,accept_all,0.01,16,1,1.0,True,0.08075860719786215,True,0.0807586071978621,1.0
drift_away,-1,accept_all,0.01,17,0,0.07307340962109386,False,1.0,True,0.07307340962109388,0.07307340962109386
drift_away,-1,accept_all,0.01,17,1,1.0,True,0.07307340962109386,True,0.07307340962109388,1.0
drift_away,-1,accept_all,0.01,18,0,0.06611955528863461,False,1.0,True,0.06611955528863467,0.06611955528863461
drift_away,-1,accept_all,0.01,18,1,1.0,True,0.06611955528863461,True,0.06611955528863467,1.0
drift_away,-1,accept_all,0.01,19,0,0.05982744768905403,False,1.0,True,0.059827447689054014,0.05982744768905403
drift_away,-1,accept_all,0.01,19,1,1.0,True,0.05982744768905403,True,0.059827447689054014,1.0
drift_away,-1,accept_all,0.01,20,0,0.054134113294645084,False,1.0,True,0.054134113294645125,0.054134113294645084
drift_away,-1,accept_all,0.01,20,1,1.0,True,0.054134113294645084,True,0.054134113294645125,1.0
drift_away,-1,accept_all,0.01,21,0,0.04898257130119277,False,1.0,True,0.04898257130119277,0.04898257130119277
drift_away,-1,accept_all,0.01,21,1,1.0,True,0.04898257130119277,True,0.04898257130119277,1.0
drift_away,-1,accept_all,0.01,22,0,0.044321263344933554,False,1.0,True,0.04432126334493358,0.044321263344933554
drift_away,-1,accept_all,0.01,22,1,1.0,True,0.044321263344933554,True,0.04432126334493358,1.0
drift_away,-1,accept_all,0.01,23,0,0.0401035374891215,False,1.0,True,0.040103537489121543,0.0401035374891215
drift_away,-1,accept_all,0.01,23,1,1.0,True,0.0401035374891215,True,0.040103537489121543,1.0
drift_away,-1,accept_all,0.01,24,0,0.036287181315765006,False,1.0,True,0.03628718131576503,0.036287181315765006
drift_away,-1,accept_all,0.01,24,1,1.0,True,0.036287181315765006,True,0.03628718131576503,1.0
drift_away,-1,accept_all,0.01,25,0,0.032833999449559524,False,1.0,True,0.03283399944955956,0.032833999449559524
drift_away,-1,accept_all,0.01,25,1,1.0,True,0.032833999449559524,True,0.03283399944955956,1.0
drift_away,-1,accept_all,0.01,26,0,0.029709431285733553,False,1.0,True,0.029709431285733556,0.029709431285733553
drift_away,-1,accept_all,0.01,26,1,1.0,True,0.029709431285733553,True,0.029709431285733556,1.0
drift_away,-1,accept_all,0.01,27,0,0.026882205095899905,False,1.0,True,0.02688220509589989,0.026882205095899905
drift_away,-1,accept_all,0.01,27,1,1.0,True,0.026882205095899905,True,0.02688220509589989,1.0
drift_away,-1,accept_all,0.01,28,0,0.02432402505008719,False,1.0,True,0.02432402505008724,0.02432402505008719
drift_away,-1,accept_all,0.01,28,1,1.0,True,0.02432402505008719,True,0.02432402505008724,1.0
drift_away,-1,accept_all,0.01,29,0,0.022009288022562894,False,1.0,True,0.022009288022562856,0.022009288022562894
drift_away,-1,accept_all,0.01,29,1,1.0,True,0.022009288022562894,True,0.022009288022562856,1.0
drift_away,-1,accept_all,0.01,30,0,0.01991482734714558,False,1.0,True,0.01991482734714556,0.01991482734714558
drift_away,-1,accept_all,0.01,30,1,1.0,True,0.01991482734714558,True,0.01991482734714556,1.0
drift_away,-1,accept_all,0.01,31,0,0.01801968095742312,False,1.0,True,0.018019680957423123,0.01801968095742312
drift_away,-1,accept_all,0.01,31,1,1.0,True,0.01801968095742312,True,0.018019680957423123,1.0
drift_away,-1,accept_all,0.01,32,0,0.016304881591346486,False,1.0,True,0.016304881591346465,0.016304881591346486
drift_away,-1,accept_all,0.01,32,1,1.0,True,0.016304881591346486,True,0.016304881591346465,1.0
drift_away,-1,accept_all,0.01,33,0,0.014753266960496007,False,1.0,True,0.014753266960496059,0.014753266960496007
drift_away,-1,accept_all,0.01,33,1,1.0,True,0.014753266960496007,True,0.014753266960496059,1.0
drift_away,-1,accept_all,0.01,34,0,0.013349307984130433,False,1.0,True,0.013349307984130476,0.013349307984130433
drift_away,-1,accept_all,0.01,34,1,1.0,True,0.013349307984130433,True,0.013349307984130476,1.0
drift_away,-1,accept_all,0.01,35,0,0.0120789533689274,False,1.0,True,0.012078953368927392,0.0120789533689274
drift_away,-1,accept_all,0.01,35,1,1.0,True,0.0120789533689274,True,0.012078953368927392,1.0
drift_away,-1,accept_all,0.01,36,0,0.010929488978917025,False,1.0,True,0.01092948897891699,0.010929488978917025
drift_away,-1,accept_all,0.01,36,1,1.0,True,0.010929488978917025,True,0.01092948897891699,1.0
drift_away,-1,accept_all,0.01,37,0,0.009889410588135757,False,1.0,True,0.00988941058813575,0.009889410588135757
drift_away,-1,accept_all,0.01,37,1,1.0,True,0.009889410588135757,True,0.00988941058813575,1.0
drift_away,-1,accept_all,0.01,38,0,0.008948308742466242,False,1.0,True,0.008948308742466216,0.008948308742466242
drift_away,-1,accept_all,0.01,38,1,1.0,True,0.008948308742466242,True,0.008948308742466216,1.0
drift_away,-1,accept_all,0.01,39,0,0.008096764578321756,False,1.0,True,0.008096764578321758,0.008096764578321756
drift_away,-1,accept_all,0.01,39,1,1.0,True,0.008096764578321756,True,0.008096764578321758,1.0
drift_away,-1,accept_all,0.01,40,0,0.007326255555493672,False,1.0,True,0.00732625555549371,0.007326255555493672
drift_away,-1,accept_all,0.01,40,1,1.0,True,0.007326255555493672,True,0.00732625555549371,1.0
drift_away,-1,accept_all,0.01,41,0,0.006629070160704503,False,1.0,True,0.006629070160704464,0.006629070160704503
drift_away,-1,accept_all,0.01,41,1,1.0,True,0.006629070160704503,True,0.006629070160704464,1.0
drift_away,-1,accept_all,0.01,42,0,0.0059982307281910814,False,1.0,True,0.005998230728191056,0.0059982307281910814
drift_away,-1,accept_all,0.01,42,1,1.0,True,0.0059982307281910814,True,0.005998230728191056,1.0
drift_away,-1,accept_all,0.01,43,0,0.005427423604880374,False,1.0,True,0.005427423604880355,0.005427423604880374
drift_away,-1,accept_all,0.01,43,1,1.0,True,0.005427423604880374,True,0.005427423604880355,1.0
drift_away,-1,accept_all,0.01,44,0,0.0049109359612273746,False,1.0,True,0.004910935961227381,0.0049109359612273746
drift_away,-1,accept_all,0.01,44,1,1.0,True,0.0049109359612273746,True,0.004910935961227381,1.0
drift_away,-1,accept_all,0.01,45,0,0.004443598615296923,False,1.0,True,0.004443598615296973,0.004443598615296923
drift_away,-1,accept_all,0.01,45,1,1.0,True,0.004443598615296923,True,0.004443598615296973,1.0
drift_away,-1,accept_all,0.01,46,0,0.004020734297853434,False,1.0,True,0.004020734297853434,0.004020734297853434
drift_away,-1,accept_all,0.01,46,1,1.0,True,0.004020734297853434,True,0.004020734297853434,1.0
drift_away,-1,accept_all,0.01,47,0,0.0036381108406783264,False,1.0,True,0.0036381108406783325,0.0036381108406783264
drift_away,-1,accept_all,0.01,47,1,1.0,True,0.0036381108406783264,True,0.0036381108406783325,1.0
drift_away,-1,accept_all,0.01,48,0,0.0032918988196080122,False,1.0,True,0.003291898819608008,0.0032918988196080122
drift_away,-1,accept_all,0.01,48,1,1.0,True,0.0032918988196080122,True,0.003291898819608008,1.0
drift_away,-1,accept_all,0.01,49,0,0.0029786332283697355,False,1.0,True,0.002978633228369776,0.0029786332283697355
drift_away,-1,accept_all,0.01,49,1,1.0,True,0.0029786332283697355,True,0.002978633228369776,1.0
drift_away,-1,accept_all,0.01,50,0,0.002695178799634187,False,1.0,True,0.0026951787996342125,0.002695178799634187
drift_away,-1,accept_all,0.01,50,1,1.0,True,0.002695178799634187,True,0.0026951787996342125,1.0
drift_away,-1,accept_all,0.01,51,0,0.0024386986262062552,False,1.0,True,0.0024386986262062704,0.0024386986262062552
drift_away,-1,accept_all,0.01,51,1,1.0,True,0.0024386986262062552,True,0.0024386986262062704,1.0
drift_away,-1,accept_all,0.01,52,0,0.002206625768304309,False,1.0,True,0.0022066257683043267,0.002206625768304309
drift_away,-1,accept_all,0.01,52,1,1.0,True,0.002206625768304309,True,0.0022066257683043267,1.0
drift_away,-1,accept_all,0.01,53,0,0.001996637562764087,False,1.0,True,0.0019966375627641364,0.001996637562764087
drift_away,-1,accept_all,0.01,53,1,1.0,True,0.001996637562764087,True,0.0019966375627641364,1.0
drift_away,-1,accept_all,0.01,54,0,0.0018066323770450665,False,1.0,True,0.0018066323770450365,0.0018066323770450665
drift_away,-1,accept_all,0.01,54,1,1.0,True,0.0018066323770450665,True,0.0018066323770450365,1.0
drift_away,-1,accept_all,0.01,55,0,0.0016347085753856266,False,1.0,True,0.0016347085753856128,0.0016347085753856266
drift_away,-1,accept_all,0.01,55,1,1.0,True,0.0016347085753856266,True,0.0016347085753856128,1.0
drift_away,-1,accept_all,0.01,56,0,0.001479145486593173,False,1.0,True,0.0014791454865932252,0.001479145486593173
drift_away,-1,accept_all,0.01,56,1,1.0,True,0.001479145486593173,True,0.0014791454865932252,1.0
drift_away,-1,accept_all,0.01,57,0,0.001338386182988509,False,1.0,True,0.001338386182988538,0.001338386182988509
drift_away,-1,accept_all,0.01,57,1,1.0,True,0.001338386182988509,True,0.001338386182988538,1.0
drift_away,-1,accept_all,0.01,58,0,0.0012110218981503263,False,1.0,True,0.0012110218981503662,0.0012110218981503263
drift_away,-1,accept_all,0.01,58,1,1.0,True,0.0012110218981503263,True,0.0012110218981503662,1.0
drift_away,-1,accept_all,0.01,59,0,0.0010957779275073474,False,1.0,True,0.0010957779275073687,0.0010957779275073474
drift_away,-1,accept_all,0.01,59,1,1.0,True,0.0010957779275073474,True,0.0010957779275073687,1.0
drift_away,-1,accept_all,0.01,60,0,0.0009915008706665434,False,1.0,True,0.0009915008706665729,0.0009915008706665434
drift_away,-1,accept_all,0.01,60,1,1.0,True,0.0009915008706665434,True,0.0009915008706665729,1.0
drift_away,-1,accept_all,0.01,61,0,0.0008971470877943213,False,1.0,True,0.0008971470877943144,0.0008971470877943213
drift_away,-1,accept_all,0.01,61,1,1.0,True,0.0008971470877943213,True,0.0008971470877943144,1.0
drift_away,-1,accept_all,0.01,62,0,0.0008117722545182937,False,1.0,True,0.0008117722545183392,0.0008117722545182937
drift_away,-1,accept_all,0.01,62,1,1.0,True,0.0008117722545182937,True,0.0008117722545183392,1.0
drift_away,-1,accept_all,0.01,63,0,0.0007345219108115629,False,1.0,True,0.0007345219108115808,0.0007345219108115629
drift_away,-1,accept_all,0.01,63,1,1.0,True,0.0007345219108115629,True,0.0007345219108115808,1.0
drift_away,-1,accept_all,0.01,64,0,0.0006646229092695736,False,1.0,True,0.0006646229092696077,0.0006646229092695736
drift_away,-1,accept_all,0.01,64,1,1.0,True,0.0006646229092695736,True,0.0006646229092696077,1.0
drift_away,-1,accept_all,0.01,65,0,0.000601375677191029,False,1.0,True,0.0006013756771909851,0.000601375677191029
drift_away,-1,accept_all,0.01,65,1,1.0,True,0.000601375677191029,True,0.0006013756771909851,1.0
drift_away,-1,accept_all,0.01,66,0,0.0005441472150191576,False,1.0,True,0.000544147215019164,0.0005441472150191576
drift_away,-1,accept_all,0.01,66,1,1.0,True,0.0005441472150191576,True,0.000544147215019164,1.0
drift_away,-1,accept_all,0.01,67,0,0.0004923647610693924,False,1.0,True,0.0004923647610693971,0.0004923647610693924
drift_away,-1,accept_all,0.01,67,1,1.0,True,0.0004923647610693924,True,0.0004923647610693971,1.0
drift_away,-1,accept_all,0.01,68,0,0.0004455100591379213,False,1.0,True,0.0004455100591379546,0.0004455100591379213
drift_away,-1,accept_all,0.01,68,1,1.0,True,0.0004455100591379213,True,0.0004455100591379546,1.0
drift_away,-1,accept_all,0.01,69,0,0.0004031141716194042,False,1.0,True,0.0004031141716194231,0.0004031141716194042
drift_away,-1,accept_all,0.01,69,1,1.0,True,0.0004031141716194042,True,0.0004031141716194231,1.0
drift_away,-1,accept_all,0.01,70,0,0.0003647527862218065,False,1.0,True,0.0003647527862218336,0.0003647527862218065
drift_away,-1,accept_all,0.01,70,1,1.0,True,0.0003647527862218065,True,0.0003647527862218336,1.0
drift_away,-1,accept_all,0.01,71,0,0.00033004196930636184,False,1.0,True,0.00033004196930641605,0.00033004196930636184
drift_away,-1,accept_all,0.01,71,1,1.0,True,0.00033004196930636184,True,0.00033004196930641605,1.0
drift_away,-1,accept_all,0.01,72,0,0.0002986343233506717,False,1.0,True,0.0002986343233506439,0.0002986343233506717
drift_away,-1,accept_all,0.01,72,1,1.0,True,0.0002986343233506717,True,0.0002986343233506439,1.0
drift_away,-1,accept_all,0.01,73,0,0.00027021551007753774,False,1.0,True,0.00027021551007755384,0.00027021551007753774
drift_away,-1,accept_all,0.01,73,1,1.0,True,0.00027021551007753774,True,0.00027021551007755384,1.0
drift_away,-1,accept_all,0.01,74,0,0.0002445011044518289,False,1.0,True,0.00024450110445184414,0.0002445011044518289
drift_away,-1,accept_all,0.01,74,1,1.0,True,0.0002445011044518289,True,0.00024450110445184414,1.0
drift_away,-1,accept_all,0.01,75,0,0.00022123374805913345,False,1.0,True,0.00022123374805915752,0.00022123374805913345
drift_away,-1,accept_all,0.01,75,1,1.0,True,0.00022123374805913345,True,0.00022123374805915752,1.0
drift_away,-1,accept_all,0.01,76,0,0.00020018057337624435,False,1.0,True,0.00020018057337622963,0.00020018057337624435
drift_away,-1,accept_all,0.01,76,1,1.0,True,0.00020018057337624435,True,0.00020018057337622963,1.0
drift_away,-1,accept_all,0.01,77,0,0.0001811308731547188,False,1.0,True,0.00018113087315474452,0.0001811308731547188
drift_away,-1,accept_all,0.01,77,1,1.0,True,0.0001811308731547188,True,0.00018113087315474452,1.0
drift_away,-1,accept_all,0.01,78,0,0.00016389399159191472,False,1.0,True,0.00016389399159189022,0.00016389399159191472
drift_away,-1,accept_all,0.01,78,1,1.0,True,0.00016389399159191472,True,0.00016389399159189022,1.0
drift_away,-1,accept_all,0.01,79,0,0.0001482974161836353,False,1.0,True,0.00014829741618360703,0.0001482974161836353
drift_away,-1,accept_all,0.01,79,1,1.0,True,0.0001482974161836353,True,0.00014829741618360703,1.0
drift_away,-1,accept_all,0.01,80,0,0.00013418505116100476,False,1.0,True,0.00013418505116102875,0.00013418505116100476
drift_away,-1,accept_all,0.01,80,1,1.0,True,0.00013418505116100476,True,0.00013418505116102875,1.0
drift_away,-1,reference_only,0.01,1,0,0.36193496721438384,False,0.4,False,0.9619349672143838,0.4
drift_away,-1,reference_only,0.01,1,1,1.0,True,0.4,True,0.4,1.0
drift_away,-1,reference_only,0.01,2,0,0.3274923012311928,False,1.0,False,0.3274923012311928,1.0
drift_away,-1,reference_only,0.01,2,1,1.0,True,1.0,True,1.0,1.0
drift_away,-1,reference_only,0.01,3,0,0.2963272882726872,False,1.0,False,0.2963272882726872,1.0
drift_away,-1,reference_only,0.01,3,1,1.0,True,1.0,True,1.0,1.0
drift_away,-1,reference_only,0.01,4,0,0.26812801841425576,False,1.0,False,0.2681280184142558,1.0
drift_away,-1,reference_only,0.01,4,1,1.0,True,1.0,True,1.0,1.0
drift_away,-1,reference_only,0.01,5,0,0.2426122638850534,False,1.0,False,0.24261226388505341,1.0
drift_away,-1,reference_only,0.01,5,1,1.0,True,1.0,True,1.0,1.0
drift_away,-1,reference_only,0.01,6,0,0.21952465443761057,False,1.0,False,0.2195246544376106,1.0
drift_away,-1,reference_only,0.01,6,1,1.0,True,1.0,True,1.0,1.0
drift_away,-1,reference_only,0.01,7,0,0.19863412151656382,False,1.0,False,0.1986341215165638,1.0
drift_away,-1,reference_only,0.01,7,1,1.0,True,1.0,True,1.0,1.0
drift_away,-1,reference_only,0.01,8,0,0.17973158564688863,False,1.0,False,0.17973158564688863,1.0
drift_away,-1,reference_only,0.01,8,1,1.0,True,1.0,True,1.0,1.0
drift_away,-1,reference_only,0.01,9,0,0.16262786389623965,False,1.0,False,0.16262786389623962,1.0
drift_away,-1,reference_only,0.01,9,1,1.0,True,1.0,True,1.0,1.0
drift_away,-1,reference_only,0.01,10,0,0.14715177646857694,False,1.0,False,0.1471517764685769,1.0
drift_away,-1,reference_only,0.01,10,1,1.0,True,1.0,True,1.0,1.0
drift_away,-1,reference_only,0.01,11,0,0.13314843347923183,False,1.0,False,0.1331484334792319,1.0
drift_away,-1,reference_only,0.01,11,1,1.0,True,1.0,True,1.0,1.0
drift_away,-1,reference_only,0.01,12,0,0.12047768476488085,False,1.0,False,0.12047768476488085,1.0
drift_away,-1,reference_only,0.01,12,1,1.0,True,1.0,True,1.0,1.0
drift_away,-1,reference_only,0.01,13,0,0.10901271721360505,False,1.0,False,0.10901271721360506,1.0
drift_away,-1,reference_only,0.01,13,1,1.0,True,1.0,True,1.0,1.0
drift_away,-1,reference_only,0.01,14,0,0.0986387855766426,False,1.0,False,0.09863878557664263,1.0
drift_away,-1,reference_only,0.01,14,1,1.0,True,1.0,True,1.0,1.0
drift_away,-1,reference_only,0.01,15,0,0.08925206405937193,False,1.0,False,0.08925206405937192,1.0
drift_away,-1,reference_only,0.01,15,1,1.0,True,1.0,True,1.0,1.0
drift_away,-1,reference_only,0.01,16,0,0.08075860719786215,False,1.0,False,0.0807586071978621,1.0
drift_away,-1,reference_only,0.01,16,1,1.0,True,1.0,True,1.0,1.0
drift_away,-1,reference_only,0.01,17,0,0.07307340962109386,False,1.0,False,0.07307340962109388,1.0
drift_away,-1,reference_only,0.01,17,1,1.0,True,1.0,True,1.0,1.0
drift_away,-1,reference_only,0.01,18,0,0.06611955528863461,False,1.0,False,0.06611955528863467,1.0
drift_away,-1,reference_only,0.01,18,1,1.0,True,1.0,True,1.0,1.0
drift_away,-1,reference_only,0.01,19,0,0.05982744768905403,False,1.0,False,0.059827447689054014,1.0
drift_away,-1,reference_only,0.01,19,1,1.0,True,1.0,True,1.0,1.0
drift_away,-1,reference_only,0.01,20,0,0.054134113294645084,False,1.0,False,0.054134113294645125,1.0
drift_away,-1,reference_only,0.01,20,1,1.0,True,1.0,True,1.0,1.0
drift_away,-1,reference_only,0.01,21,0,0.04898257130119277,False,1.0,False,0.04898257130119277,1.0
drift_away,-1,reference_only,0.01,21,1,1.0,True,1.0,True,1.0,1.0
drift_away,-1,reference_only,0.01,22,0,0.044321263344933554,False,1.0,False,0.04432126334493358,1.0
drift_away,-1,reference_only,0.01,22,1,1.0,True,1.0,True,1.0,1.0
drift_away,-1,reference_only,0.01,23,0,0.0401035374891215,False,1.0,False,0.040103537489121543,1.0
drift_away,-1,reference_only,0.01,23,1,1.0,True,1.0,True,1.0,1.0
drift_away,-1,reference_only,0.01,24,0,0.036287181315765006,False,1.0,False,0.03628718131576503,1.0
drift_away,-1,reference_only,0.01,24,1,1.0,True,1.0,True,1.0,1.0
drift_away,-1,reference_only,0.01,25,0,0.032833999449559524,False,1.0,False,0.03283399944955956,1.0
drift_away,-1,reference_only,0.01,25,1,1.0,True,1.0,True,1.0,1.0
drift_away,-1,reference_only,0.01,26,0,0.029709431285733553,False,1.0,False,0.029709431285733556,1.0
drift_away,-1,reference_only,0.01,26,1,1.0,True,1.0,True,1.0,1.0
drift_away,-1,reference_only,0.01,27,0,0.026882205095899905,False,1.0,False,0.02688220509589989,1.0
drift_away,-1,reference_only,0.01,27,1,1.0,True,1.0,True,1.0,1.0
drift_away,-1,reference_only,0.01,28,0,0.02432402505008719,False,1.0,False,0.02432402505008724,1.0
drift_away,-1,reference_only,0.01,28,1,1.0,True,1.0,True,1.0,1.0
drift_away,-1,reference_only,0.01,29,0,0.022009288022562894,False,1.0,False,0.022009288022562856,1.0
drift_away,-1,reference_only,0.01,29,1,1.0,True,1.0,True,1.0,1.0
drift_away,-1,reference_only,0.01,30,0,0.01991482734714558,False,1.0,False,0.01991482734714556,1.0
drift_away,-1,reference_only,0.01,30,1,1.0,True,1.0,True,1.0,1.0
drift_away,-1,reference_only,0.01,31,0,0.01801968095742312,False,1.0,False,0.018019680957423123,1.0
drift_away,-1,reference_only,0.01,31,1,1.0,True,1.0,True,1.0,1.0
drift_away,-1,reference_only,0.01,32,0,0.016304881591346486,False,1.0,False,0.016304881591346465,1.0
drift_away,-1,reference_only,0.01,32,1,1.0,True,1.0,True,1.0,1.0
drift_away,-1,reference_only,0.01,33,0,0.014753266960496007,False,1.0,False,0.014753266960496059,1.0
drift_away,-1,reference_only,0.01,33,1,1.0,True,1.0,True,1.0,1.0
drift_away,-1,reference_only,0.01,34,0,0.013349307984130433,False,1.0,False,0.013349307984130476,1.0
drift_away,-1,reference_only,0.01,34,1,1.0,True,1.0,True,1.0,1.0
drift_away,-1,reference_only,0.01,35,0,0.0120789533689274,False,1.0,False,0.012078953368927392,1.0
drift_away,-1,reference_only,0.01,35,1,1.0,True,1.0,True,1.0,1.0
drift_away,-1,reference_only,0.01,36,0,0.010929488978917025,False,1.0,False,0.01092948897891699,1.0
drift_away,-1,reference_only,0.01,36,1,1.0,True,1.0,True,1.0,1.0
drift_away,-1,reference_only,0.01,37,0,0.009889410588135757,False,1.0,False,0.00988941058813575,1.0
drift_away,-1,reference_only,0.01,37,1,1.0,True,1.0,True,1.0,1.0
drift_away,-1,reference_only,0.01,38,0,0.008948308742466242,False,1.0,False,0.008948308742466216,1.0
drift_away,-1,reference_only,0.01,38,1,1.0,True,1.0,True,1.0,1.0
drift_away,-1,reference_only,0.01,39,0,0.008096764578321756,False,1.0,False,0.008096764578321758,1.0
drift_away,-1,reference_only,0.01,39,1,1.0,True,1.0,True,1.0,1.0
drift_away,-1,reference_only,0.01,40,0,0.007326255555493672,False,1.0,False,0.00732625555549371,1.0
drift_away,-1,reference_only,0.01,40,1,1.0,True,1.0,True,1.0,1.0
drift_away,-1,reference_only,0.01,41,0,0.006629070160704503,False,1.0,False,0.006629070160704464,1.0
drift_away,-1,reference_only,0.01,41,1,1.0,True,1.0,True,1.0,1.0
drift_away,-1,reference_only,0.01,42,0,0.0059982307281910814,False,1.0,False,0.005998230728191056,1.0
drift_away,-1,reference_only,0.01,42,1,1.0,True,1.0,True,1.0,1.0
drift_away,-1,reference_only,0.01,43,0,0.005427423604880374,False,1.0,False,0.005427423604880355,1.0
drift_away,-1,reference_only,0.01,43,1,1.0,True,1.0,True,1.0,1.0
drift_away,-1,reference_only,0.01,44,0,0.0049109359612273746,False,1.0,False,0.004910935961227381,1.0
drift_away,-1,reference_only,0.01,44,1,1.0,True,1.0,True,1.0,1.0
drift_away,-1,reference_only,0.01,45,0,0.004443598615296923,False,1.0,False,0.004443598615296973,1.0
drift_away,-1,reference_only,0.01,45,1,1.0,True,1.0,True,1.0,1.0
drift_away,-1,reference_only,0.01,46,0,0.004020734297853434,False,1.0,False,0.004020734297853434,1.0
drift_away,-1,reference_only,0.01,46,1,1.0,True,1.0,True,1.0,1.0
drift_away,-1,reference_only,0.01,47,0,0.0036381108406783264,False,1.0,False,0.0036381108406783325,1.0
drift_away,-1,reference_only,0.01,47,1,1.0,True,1.0,True,1.0,1.0
drift_away,-1,reference_only,0.01,48,0,0.0032918988196080122,False,1.0,False,0.003291898819608008,1.0
drift_away,-1,reference_only,0.01,48,1,1.0,True,1.0,True,1.0,1.0
drift_away,-1,reference_only,0.01,49,0,0.0029786332283697355,False,1.0,False,0.002978633228369776,1.0
drift_away,-1,reference_only,0.01,49,1,1.0,True,1.0,True,1.0,1.0
drift_away,-1,reference_only,0.01,50,0,0.002695178799634187,False,1.0,False,0.0026951787996342125,1.0
drift_away,-1,reference_only,0.01,50,1,1.0,True,1.0,True,1.0,1.0
drift_away,-1,reference_only,0.01,51,0,0.0024386986262062552,False,1.0,False,0.0024386986262062704,1.0
drift_away,-1,reference_only,0.01,51,1,1.0,True,1.0,True,1.0,1.0
drift_away,-1,reference_only,0.01,52,0,0.002206625768304309,False,1.0,False,0.0022066257683043267,1.0
drift_away,-1,reference_only,0.01,52,1,1.0,True,1.0,True,1.0,1.0
drift_away,-1,reference_only,0.01,53,0,0.001996637562764087,False,1.0,False,0.0019966375627641364,1.0
drift_away,-1,reference_only,0.01,53,1,1.0,True,1.0,True,1.0,1.0
drift_away,-1,reference_only,0.01,54,0,0.0018066323770450665,False,1.0,False,0.0018066323770450365,1.0
drift_away,-1,reference_only,0.01,54,1,1.0,True,1.0,True,1.0,1.0
drift_away,-1,reference_only,0.01,55,0,0.0016347085753856266,False,1.0,False,0.0016347085753856128,1.0
drift_away,-1,reference_only,0.01,55,1,1.0,True,1.0,True,1.0,1.0
drift_away,-1,reference_only,0.01,56,0,0.001479145486593173,False,1.0,False,0.0014791454865932252,1.0
drift_away,-1,reference_only,0.01,56,1,1.0,True,1.0,True,1.0,1.0
drift_away,-1,reference_only,0.01,57,0,0.001338386182988509,False,1.0,False,0.001338386182988538,1.0
drift_away,-1,reference_only,0.01,57,1,1.0,True,1.0,True,1.0,1.0
drift_away,-1,reference_only,0.01,58,0,0.0012110218981503263,False,1.0,False,0.0012110218981503662,1.0
drift_away,-1,reference_only,0.01,58,1,1.0,True,1.0,True,1.0,1.0
drift_away,-1,reference_only,0.01,59,0,0.0010957779275073474,False,1.0,False,0.0010957779275073687,1.0
drift_away,-1,reference_only,0.01,59,1,1.0,True,1.0,True,1.0,1.0
drift_away,-1,reference_only,0.01,60,0,0.0009915008706665434,False,1.0,False,0.0009915008706665729,1.0
drift_away,-1,reference_only,0.01,60,1,1.0,True,1.0,True,1.0,1.0
drift_away,-1,reference_only,0.01,61,0,0.0008971470877943213,False,1.0,False,0.0008971470877943144,1.0
drift_away,-1,reference_only,0.01,61,1,1.0,True,1.0,True,1.0,1.0
drift_away,-1,reference_only,0.01,62,0,0.0008117722545182937,False,1.0,False,0.0008117722545183392,1.0
drift_away,-1,reference_only,0.01,62,1,1.0,True,1.0,True,1.0,1.0
drift_away,-1,reference_only,0.01,63,0,0.0007345219108115629,False,1.0,False,0.0007345219108115808,1.0
drift_away,-1,reference_only,0.01,63,1,1.0,True,1.0,True,1.0,1.0
drift_away,-1,reference_only,0.01,64,0,0.0006646229092695736,False,1.0,False,0.0006646229092696077,1.0
drift_away,-1,reference_only,0.01,64,1,1.0,True,1.0,True,1.0,1.0
drift_away,-1,reference_only,0.01,65,0,0.000601375677191029,False,1.0,False,0.0006013756771909851,1.0
drift_away,-1,reference_only,0.01,65,1,1.0,True,1.0,True,1.0,1.0
drift_away,-1,reference_only,0.01,66,0,0.0005441472150191576,False,1.0,False,0.000544147215019164,1.0
drift_away,-1,reference_only,0.01,66,1,1.0,True,1.0,True,1.0,1.0
drift_away,-1,reference_only,0.01,67,0,0.0004923647610693924,False,1.0,False,0.0004923647610693971,1.0
drift_away,-1,reference_only,0.01,67,1,1.0,True,1.0,True,1.0,1.0
drift_away,-1,reference_only,0.01,68,0,0.0004455100591379213,False,1.0,False,0.0004455100591379546,1.0
drift_away,-1,reference_only,0.01,68,1,1.0,True,1.0,True,1.0,1.0
drift_away,-1,reference_only,0.01,69,0,0.0004031141716194042,False,1.0,False,0.0004031141716194231,1.0
drift_away,-1,reference_only,0.01,69,1,1.0,True,1.0,True,1.0,1.0
drift_away,-1,reference_only,0.01,70,0,0.0003647527862218065,False,1.0,False,0.0003647527862218336,1.0
drift_away,-1,reference_only,0.01,70,1,1.0,True,1.0,True,1.0,1.0
drift_away,-1,reference_only,0.01,71,0,0.00033004196930636184,False,1.0,False,0.00033004196930641605,1.0
drift_away,-1,reference_only,0.01,71,1,1.0,True,1.0,True,1.0,1.0
drift_away,-1,reference_only,0.01,72,0,0.0002986343233506717,False,1.0,False,0.0002986343233506439,1.0
drift_away,-1,reference_only,0.01,72,1,1.0,True,1.0,True,1.0,1.0
drift_away,-1,reference_only,0.01,73,0,0.00027021551007753774,False,1.0,False,0.00027021551007755384,1.0
drift_away,-1,reference_only,0.01,73,1,1.0,True,1.0,True,1.0,1.0
drift_away,-1,reference_only,0.01,74,0,0.0002445011044518289,False,1.0,False,0.00024450110445184414,1.0
drift_away,-1,reference_only,0.01,74,1,1.0,True,1.0,True,1.0,1.0
drift_away,-1,reference_only,0.01,75,0,0.00022123374805913345,False,1.0,False,0.00022123374805915752,1.0
drift_away,-1,reference_only,0.01,75,1,1.0,True,1.0,True,1.0,1.0
drift_away,-1,reference_only,0.01,76,0,0.00020018057337624435,False,1.0,False,0.00020018057337622963,1.0
drift_away,-1,reference_only,0.01,76,1,1.0,True,1.0,True,1.0,1.0
drift_away,-1,reference_only,0.01,77,0,0.0001811308731547188,False,1.0,False,0.00018113087315474452,1.0
drift_away,-1,reference_only,0.01,77,1,1.0,True,1.0,True,1.0,1.0
drift_away,-1,reference_only,0.01,78,0,0.00016389399159191472,False,1.0,False,0.00016389399159189022,1.0
drift_away,-1,reference_only,0.01,78,1,1.0,True,1.0,True,1.0,1.0
drift_away,-1,reference_only,0.01,79,0,0.0001482974161836353,False,1.0,False,0.00014829741618360703,1.0
drift_away,-1,reference_only,0.01,79,1,1.0,True,1.0,True,1.0,1.0
drift_away,-1,reference_only,0.01,80,0,0.00013418505116100476,False,1.0,False,0.00013418505116102875,1.0
drift_away,-1,reference_only,0.01,80,1,1.0,True,1.0,True,1.0,1.0
drift_away,-1,gated,0.024,1,0,0.36193496721438384,False,0.4,False,0.9619349672143838,0.4
drift_away,-1,gated,0.024,1,1,1.0,True,0.4,False,0.4,0.4
drift_away,-1,gated,0.024,2,0,0.3274923012311928,False,0.4,False,0.9274923012311928,0.4
drift_away,-1,gated,0.024,2,1,1.0,True,0.4,False,0.4,0.4
drift_away,-1,gated,0.024,3,0,0.2963272882726872,False,0.4,False,0.8963272882726872,0.4
drift_away,-1,gated,0.024,3,1,1.0,True,0.4,False,0.4,0.4
drift_away,-1,gated,0.024,4,0,0.26812801841425576,False,0.4,False,0.8681280184142557,0.4
drift_away,-1,gated,0.024,4,1,1.0,True,0.4,False,0.4,0.4
drift_away,-1,gated,0.024,5,0,0.2426122638850534,False,0.4,False,0.8426122638850534,0.4
drift_away,-1,gated,0.024,5,1,1.0,True,0.4,False,0.4,0.4
drift_away,-1,gated,0.024,6,0,0.21952465443761057,False,0.4,False,0.8195246544376106,0.4
drift_away,-1,gated,0.024,6,1,1.0,True,0.4,False,0.4,0.4
drift_away,-1,gated,0.024,7,0,0.19863412151656382,False,0.4,False,0.7986341215165638,0.4
drift_away,-1,gated,0.024,7,1,1.0,True,0.4,False,0.4,0.4
drift_away,-1,gated,0.024,8,0,0.17973158564688863,False,0.4,False,0.7797315856468886,0.4
drift_away,-1,gated,0.024,8,1,1.0,True,0.4,False,0.4,0.4
drift_away,-1,gated,0.024,9,0,0.16262786389623965,False,0.4,False,0.7626278638962396,0.4
drift_away,-1,gated,0.024,9,1,1.0,True,0.4,False,0.4,0.4
drift_away,-1,gated,0.024,10,0,0.14715177646857694,False,0.4,False,0.7471517764685769,0.4
drift_away,-1,gated,0.024,10,1,1.0,True,0.4,False,0.4,0.4
drift_away,-1,gated,0.024,11,0,0.13314843347923183,False,0.4,False,0.7331484334792318,0.4
drift_away,-1,gated,0.024,11,1,1.0,True,0.4,False,0.4,0.4
drift_away,-1,gated,0.024,12,0,0.12047768476488085,False,0.4,False,0.7204776847648808,0.4
drift_away,-1,gated,0.024,12,1,1.0,True,0.4,False,0.4,0.4
drift_away,-1,gated,0.024,13,0,0.10901271721360505,False,0.4,False,0.709012717213605,0.4
drift_away,-1,gated,0.024,13,1,1.0,True,0.4,False,0.4,0.4
drift_away,-1,gated,0.024,14,0,0.0986387855766426,False,0.4,False,0.6986387855766426,0.4
drift_away,-1,gated,0.024,14,1,1.0,True,0.4,False,0.4,0.4
drift_away,-1,gated,0.024,15,0,0.08925206405937193,False,0.4,False,0.6892520640593719,0.4
drift_away,-1,gated,0.024,15,1,1.0,True,0.4,False,0.4,0.4
drift_away,-1,gated,0.024,16,0,0.08075860719786215,False,0.4,False,0.6807586071978622,0.4
drift_away,-1,gated,0.024,16,1,1.0,True,0.4,False,0.4,0.4
drift_away,-1,gated,0.024,17,0,0.07307340962109386,False,0.4,False,0.6730734096210939,0.4
drift_away,-1,gated,0.024,17,1,1.0,True,0.4,False,0.4,0.4
drift_away,-1,gated,0.024,18,0,0.06611955528863461,False,0.4,False,0.6661195552886345,0.4
drift_away,-1,gated,0.024,18,1,1.0,True,0.4,False,0.4,0.4
drift_away,-1,gated,0.024,19,0,0.05982744768905403,False,0.4,False,0.659827447689054,0.4
drift_away,-1,gated,0.024,19,1,1.0,True,0.4,False,0.4,0.4
drift_away,-1,gated,0.024,20,0,0.054134113294645084,False,0.4,False,0.654134113294645,0.4
drift_away,-1,gated,0.024,20,1,1.0,True,0.4,False,0.4,0.4
drift_away,-1,gated,0.024,21,0,0.04898257130119277,False,0.4,False,0.6489825713011927,0.4
drift_away,-1,gated,0.024,21,1,1.0,True,0.4,False,0.4,0.4
drift_away,-1,gated,0.024,22,0,0.044321263344933554,False,0.4,False,0.6443212633449336,0.4
drift_away,-1,gated,0.024,22,1,1.0,True,0.4,False,0.4,0.4
drift_away,-1,gated,0.024,23,0,0.0401035374891215,False,0.4,False,0.6401035374891215,0.4
drift_away,-1,gated,0.024,23,1,1.0,True,0.4,False,0.4,0.4
drift_away,-1,gated,0.024,24,0,0.036287181315765006,False,0.4,False,0.636287181315765,0.4
drift_away,-1,gated,0.024,24,1,1.0,True,0.4,False,0.4,0.4
drift_away,-1,gated,0.024,25,0,0.032833999449559524,False,0.4,False,0.6328339994495595,0.4
drift_away,-1,gated,0.024,25,1,1.0,True,0.4,False,0.4,0.4
drift_away,-1,gated,0.024,26,0,0.029709431285733553,False,0.4,False,0.6297094312857335,0.4
drift_away,-1,gated,0.024,26,1,1.0,True,0.4,False,0.4,0.4
drift_away,-1,gated,0.024,27,0,0.026882205095899905,False,0.4,False,0.6268822050958999,0.4
drift_away,-1,gated,0.024,27,1,1.0,True,0.4,False,0.4,0.4
drift_away,-1,gated,0.024,28,0,0.02432402505008719,False,0.4,False,0.6243240250500872,0.4
drift_away,-1,gated,0.024,28,1,1.0,True,0.4,False,0.4,0.4
drift_away,-1,gated,0.024,29,0,0.022009288022562894,False,0.4,False,0.622009288022563,0.4
drift_away,-1,gated,0.024,29,1,1.0,True,0.4,False,0.4,0.4
drift_away,-1,gated,0.024,30,0,0.01991482734714558,False,0.4,False,0.6199148273471455,0.4
drift_away,-1,gated,0.024,30,1,1.0,True,0.4,False,0.4,0.4
drift_away,-1,gated,0.024,31,0,0.01801968095742312,False,0.4,False,0.6180196809574231,0.4
drift_away,-1,gated,0.024,31,1,1.0,True,0.4,False,0.4,0.4
drift_away,-1,gated,0.024,32,0,0.016304881591346486,False,0.4,False,0.6163048815913464,0.4
drift_away,-1,gated,0.024,32,1,1.0,True,0.4,False,0.4,0.4
drift_away,-1,gated,0.024,33,0,0.014753266960496007,False,0.4,False,0.614753266960496,0.4
drift_away,-1,gated,0.024,33,1,1.0,True,0.4,False,0.4,0.4
drift_away,-1,gated,0.024,34,0,0.013349307984130433,False,0.4,False,0.6133493079841303,0.4
drift_away,-1,gated,0.024,34,1,1.0,True,0.4,False,0.4,0.4
drift_away,-1,gated,0.024,35,0,0.0120789533689274,False,0.4,False,0.6120789533689274,0.4
drift_away,-1,gated,0.024,35,1,1.0,True,0.4,False,0.4,0.4
drift_away,-1,gated,0.024,36,0,0.010929488978917025,False,0.4,False,0.610929488978917,0.4
drift_away,-1,gated,0.024,36,1,1.0,True,0.4,False,0.4,0.4
drift_away,-1,gated,0.024,37,0,0.009889410588135757,False,0.4,False,0.6098894105881357,0.4
drift_away,-1,gated,0.024,37,1,1.0,True,0.4,False,0.4,0.4
drift_away,-1,gated,0.024,38,0,0.008948308742466242,False,0.4,False,0.6089483087424662,0.4
drift_away,-1,gated,0.024,38,1,1.0,True,0.4,False,0.4,0.4
drift_away,-1,gated,0.024,39,0,0.008096764578321756,False,0.4,False,0.6080967645783217,0.4
drift_away,-1,gated,0.024,39,1,1.0,True,0.4,False,0.4,0.4
drift_away,-1,gated,0.024,40,0,0.007326255555493672,False,0.4,False,0.6073262555554937,0.4
drift_away,-1,gated,0.024,40,1,1.0,True,0.4,False,0.4,0.4
drift_away,-1,gated,0.024,41,0,0.006629070160704503,False,0.4,False,0.6066290701607044,0.4
drift_away,-1,gated,0.024,41,1,1.0,True,0.4,False,0.4,0.4
drift_away,-1,gated,0.024,42,0,0.0059982307281910814,False,0.4,False,0.605998230728191,0.4
drift_away,-1,gated,0.024,42,1,1.0,True,0.4,False,0.4,0.4
drift_away,-1,gated,0.024,43,0,0.005427423604880374,False,0.4,False,0.6054274236048803,0.4
drift_away,-1,gated,0.024,43,1,1.0,True,0.4,False,0.4,0.4
drift_away,-1,gated,0.024,44,0,0.0049109359612273746,False,0.4,False,0.6049109359612274,0.4
drift_away,-1,gated,0.024,44,1,1.0,True,0.4,False,0.4,0.4
drift_away,-1,gated,0.024,45,0,0.004443598615296923,False,0.4,False,0.604443598615297,0.4
drift_away,-1,gated,0.024,45,1,1.0,True,0.4,False,0.4,0.4
drift_away,-1,gated,0.024,46,0,0.004020734297853434,False,0.4,False,0.6040207342978534,0.4
drift_away,-1,gated,0.024,46,1,1.0,True,0.4,False,0.4,0.4
drift_away,-1,gated,0.024,47,0,0.0036381108406783264,False,0.4,False,0.6036381108406783,0.4
drift_away,-1,gated,0.024,47,1,1.0,True,0.4,False,0.4,0.4
drift_away,-1,gated,0.024,48,0,0.0032918988196080122,False,0.4,False,0.603291898819608,0.4
drift_away,-1,gated,0.024,48,1,1.0,True,0.4,False,0.4,0.4
drift_away,-1,gated,0.024,49,0,0.0029786332283697355,False,0.4,False,0.6029786332283698,0.4
drift_away,-1,gated,0.024,49,1,1.0,True,0.4,False,0.4,0.4
drift_away,-1,gated,0.024,50,0,0.002695178799634187,False,0.4,False,0.6026951787996342,0.4
drift_away,-1,gated,0.024,50,1,1.0,True,0.4,False,0.4,0.4
drift_away,-1,gated,0.024,51,0,0.0024386986262062552,False,0.4,False,0.6024386986262062,0.4
drift_away,-1,gated,0.024,51,1,1.0,True,0.4,False,0.4,0.4
drift_away,-1,gated,0.024,52,0,0.002206625768304309,False,0.4,False,0.6022066257683043,0.4
drift_away,-1,gated,0.024,52,1,1.0,True,0.4,False,0.4,0.4
drift_away,-1,gated,0.024,53,0,0.001996637562764087,False,0.4,False,0.6019966375627641,0.4
drift_away,-1,gated,0.024,53,1,1.0,True,0.4,False,0.4,0.4
drift_away,-1,gated,0.024,54,0,0.0018066323770450665,False,0.4,False,0.601806632377045,0.4
drift_away,-1,gated,0.024,54,1,1.0,True,0.4,False,0.4,0.4
drift_away,-1,gated,0.024,55,0,0.0016347085753856266,False,0.4,False,0.6016347085753856,0.4
drift_away,-1,gated,0.024,55,1,1.0,True,0.4,False,0.4,0.4
drift_away,-1,gated,0.024,56,0,0.001479145486593173,False,0.4,False,0.6014791454865931,0.4
drift_away,-1,gated,0.024,56,1,1.0,True,0.4,False,0.4,0.4
drift_away,-1,gated,0.024,57,0,0.001338386182988509,False,0.4,False,0.6013383861829884,0.4
drift_away,-1,gated,0.024,57,1,1.0,True,0.4,False,0.4,0.4
drift_away,-1,gated,0.024,58,0,0.0012110218981503263,False,0.4,False,0.6012110218981503,0.4
drift_away,-1,gated,0.024,58,1,1.0,True,0.4,False,0.4,0.4
drift_away,-1,gated,0.024,59,0,0.0010957779275073474,False,0.4,False,0.6010957779275073,0.4
drift_away,-1,gated,0.024,59,1,1.0,True,0.4,False,0.4,0.4
drift_away,-1,gated,0.024,60,0,0.0009915008706665434,False,0.4,False,0.6009915008706666,0.4
drift_away,-1,gated,0.024,60,1,1.0,True,0.4,False,0.4,0.4
drift_away,-1,gated,0.024,61,0,0.0008971470877943213,False,0.4,False,0.6008971470877943,0.4
drift_away,-1,gated,0.024,61,1,1.0,True,0.4,False,0.4,0.4
drift_away,-1,gated,0.024,62,0,0.0008117722545182937,False,0.4,False,0.6008117722545183,0.4
drift_away,-1,gated,0.024,62,1,1.0,True,0.4,False,0.4,0.4
drift_away,-1,gated,0.024,63,0,0.0007345219108115629,False,0.4,False,0.6007345219108116,0.4
drift_away,-1,gated,0.024,63,1,1.0,True,0.4,False,0.4,0.4
drift_away,-1,gated,0.024,64,0,0.0006646229092695736,False,0.4,False,0.6006646229092696,0.4
drift_away,-1,gated,0.024,64,1,1.0,True,0.4,False,0.4,0.4
drift_away,-1,gated,0.024,65,0,0.000601375677191029,False,0.4,False,0.6006013756771911,0.4
drift_away,-1,gated,0.024,65,1,1.0,True,0.4,False,0.4,0.4
drift_away,-1,gated,0.024,66,0,0.0005441472150191576,False,0.4,False,0.6005441472150191,0.4
drift_away,-1,gated,0.024,66,1,1.0,True,0.4,False,0.4,0.4
drift_away,-1,gated,0.024,67,0,0.0004923647610693924,False,0.4,False,0.6004923647610694,0.4
drift_away,-1,gated,0.024,67,1,1.0,True,0.4,False,0.4,0.4
drift_away,-1,gated,0.024,68,0,0.0004455100591379213,False,0.4,False,0.6004455100591379,0.4
drift_away,-1,gated,0.024,68,1,1.0,True,0.4,False,0.4,0.4
drift_away,-1,gated,0.024,69,0,0.0004031141716194042,False,0.4,False,0.6004031141716194,0.4
drift_away,-1,gated,0.024,69,1,1.0,True,0.4,False,0.4,0.4
drift_away,-1,gated,0.024,70,0,0.0003647527862218065,False,0.4,False,0.6003647527862218,0.4
drift_away,-1,gated,0.024,70,1,1.0,True,0.4,False,0.4,0.4
drift_away,-1,gated,0.024,71,0,0.00033004196930636184,False,0.4,False,0.6003300419693063,0.4
drift_away,-1,gated,0.024,71,1,1.0,True,0.4,False,0.4,0.4
drift_away,-1,gated,0.024,72,0,0.0002986343233506717,False,0.4,False,0.6002986343233507,0.4
drift_away,-1,gated,0.024,72,1,1.0,True,0.4,False,0.4,0.4
drift_away,-1,gated,0.024,73,0,0.00027021551007753774,False,0.4,False,0.6002702155100775,0.4
drift_away,-1,gated,0.024,73,1,1.0,True,0.4,False,0.4,0.4
drift_away,-1,gated,0.024,74,0,0.0002445011044518289,False,0.4,False,0.6002445011044518,0.4
drift_away,-1,gated,0.024,74,1,1.0,True,0.4,False,0.4,0.4
drift_away,-1,gated,0.024,75,0,0.00022123374805913345,False,0.4,False,0.6002212337480591,0.4
drift_away,-1,gated,0.024,75,1,1.0,True,0.4,False,0.4,0.4
drift_away,-1,gated,0.024,76,0,0.00020018057337624435,False,0.4,False,0.6002001805733762,0.4
drift_away,-1,gated,0.024,76,1,1.0,True,0.4,False,0.4,0.4
drift_away,-1,gated,0.024,77,0,0.0001811308731547188,False,0.4,False,0.6001811308731547,0.4
drift_away,-1,gated,0.024,77,1,1.0,True,0.4,False,0.4,0.4
drift_away,-1,gated,0.024,78,0,0.00016389399159191472,False,0.4,False,0.6001638939915919,0.4
drift_away,-1,gated,0.024,78,1,1.0,True,0.4,False,0.4,0.4
drift_away,-1,gated,0.024,79,0,0.0001482974161836353,False,0.4,False,0.6001482974161836,0.4
drift_away,-1,gated,0.024,79,1,1.0,True,0.4,False,0.4,0.4
drift_away,-1,gated,0.024,80,0,0.00013418505116100476,False,0.4,False,0.600134185051161,0.4
drift_away,-1,gated,0.024,80,1,1.0,True,0.4,False,0.4,0.4
drift_away,-1,accept_all,0.024,1,0,0.36193496721438384,False,0.4,True,0.9619349672143838,0.36193496721438384
drift_away,-1,accept_all,0.024,1,1,1.0,True,0.36193496721438384,True,0.3619349672143839,1.0
drift_away,-1,accept_all,0.024,2,0,0.3274923012311928,False,1.0,True,0.3274923012311928,0.3274923012311928
drift_away,-1,accept_all,0.024,2,1,1.0,True,0.3274923012311928,True,0.3274923012311928,1.0
drift_away,-1,accept_all,0.024,3,0,0.2963272882726872,False,1.0,True,0.2963272882726872,0.2963272882726872
drift_away,-1,accept_all,0.024,3,1,1.0,True,0.2963272882726872,True,0.2963272882726872,1.0
drift_away,-1,accept_all,0.024,4,0,0.26812801841425576,False,1.0,True,0.2681280184142558,0.26812801841425576
drift_away,-1,accept_all,0.024,4,1,1.0,True,0.26812801841425576,True,0.2681280184142558,1.0
drift_away,-1,accept_all,0.024,5,0,0.2426122638850534,False,1.0,True,0.24261226388505341,0.2426122638850534
drift_away,-1,accept_all,0.024,5,1,1.0,True,0.2426122638850534,True,0.24261226388505341,1.0
drift_away,-1,accept_all,0.024,6,0,0.21952465443761057,False,1.0,True,0.2195246544376106,0.21952465443761057
drift_away,-1,accept_all,0.024,6,1,1.0,True,0.21952465443761057,True,0.2195246544376106,1.0
drift_away,-1,accept_all,0.024,7,0,0.19863412151656382,False,1.0,True,0.1986341215165638,0.19863412151656382
drift_away,-1,accept_all,0.024,7,1,1.0,True,0.19863412151656382,True,0.1986341215165638,1.0
drift_away,-1,accept_all,0.024,8,0,0.17973158564688863,False,1.0,True,0.17973158564688863,0.17973158564688863
drift_away,-1,accept_all,0.024,8,1,1.0,True,0.17973158564688863,True,0.17973158564688863,1.0
drift_away,-1,accept_all,0.024,9,0,0.16262786389623965,False,1.0,True,0.16262786389623962,0.16262786389623965
drift_away,-1,accept_all,0.024,9,1,1.0,True,0.16262786389623965,True,0.16262786389623962,1.0
drift_away,-1,accept_all,0.024,10,0,0.14715177646857694,False,1.0,True,0.1471517764685769,0.14715177646857694
drift_away,-1,accept_all,0.024,10,1,1.0,True,0.14715177646857694,True,0.1471517764685769,1.0
drift_away,-1,accept_all,0.024,11,0,0.13314843347923183,False,1.0,True,0.1331484334792319,0.13314843347923183
drift_away,-1,accept_all,0.024,11,1,1.0,True,0.13314843347923183,True,0.1331484334792319,1.0
drift_away,-1,accept_all,0.024,12,0,0.12047768476488085,False,1.0,True,0.12047768476488085,0.12047768476488085
drift_away,-1,accept_all,0.024,12,1,1.0,True,0.12047768476488085,True,0.12047768476488085,1.0
drift_away,-1,accept_all,0.024,13,0,0.10901271721360505,False,1.0,True,0.10901271721360506,0.10901271721360505
drift_away,-1,accept_all,0.024,13,1,1.0,True,0.10901271721360505,True,0.10901271721360506,1.0
drift_away,-1,accept_all,0.024,14,0,0.0986387855766426,False,1.0,True,0.09863878557664263,0.0986387855766426
drift_away,-1,accept_all,0.024,14,1,1.0,True,0.0986387855766426,True,0.09863878557664263,1.0
drift_away,-1,accept_all,0.024,15,0,0.08925206405937193,False,1.0,True,0.08925206405937192,0.08925206405937193
drift_away,-1,accept_all,0.024,15,1,1.0,True,0.08925206405937193,True,0.08925206405937192,1.0
drift_away,-1,accept_all,0.024,16,0,0.08075860719786215,False,1.0,True,0.0807586071978621,0.08075860719786215
drift_away,-1,accept_all,0.024,16,1,1.0,True,0.08075860719786215,True,0.0807586071978621,1.0
drift_away,-1,accept_all,0.024,17,0,0.07307340962109386,False,1.0,True,0.07307340962109388,0.07307340962109386
drift_away,-1,accept_all,0.024,17,1,1.0,True,0.07307340962109386,True,0.07307340962109388,1.0
drift_away,-1,accept_all,0.024,18,0,0.06611955528863461,False,1.0,True,0.06611955528863467,0.06611955528863461
drift_away,-1,accept_all,0.024,18,1,1.0,True,0.06611955528863461,True,0.06611955528863467,1.0
drift_away,-1,accept_all,0.024,19,0,0.05982744768905403,False,1.0,True,0.059827447689054014,0.05982744768905403
drift_away,-1,accept_all,0.024,19,1,1.0,True,0.05982744768905403,True,0.059827447689054014,1.0
drift_away,-1,accept_all,0.024,20,0,0.054134113294645084,False,1.0,True,0.054134113294645125,0.054134113294645084
drift_away,-1,accept_all,0.024,20,1,1.0,True,0.054134113294645084,True,0.054134113294645125,1.0
drift_away,-1,accept_all,0.024,21,0,0.04898257130119277,False,1.0,True,0.04898257130119277,0.04898257130119277
drift_away,-1,accept_all,0.024,21,1,1.0,True,0.04898257130119277,True,0.04898257130119277,1.0
drift_away,-1,accept_all,0.024,22,0,0.044321263344933554,False,1.0,True,0.04432126334493358,0.044321263344933554
drift_away,-1,accept_all,0.024,22,1,1.0,True,0.044321263344933554,True,0.04432126334493358,1.0
drift_away,-1,accept_all,0.024,23,0,0.0401035374891215,False,1.0,True,0.040103537489121543,0.0401035374891215
drift_away,-1,accept_all,0.024,23,1,1.0,True,0.0401035374891215,True,0.040103537489121543,1.0
drift_away,-1,accept_all,0.024,24,0,0.036287181315765006,False,1.0,True,0.03628718131576503,0.036287181315765006
drift_away,-1,accept_all,0.024,24,1,1.0,True,0.036287181315765006,True,0.03628718131576503,1.0
drift_away,-1,accept_all,0.024,25,0,0.032833999449559524,False,1.0,True,0.03283399944955956,0.032833999449559524
drift_away,-1,accept_all,0.024,25,1,1.0,True,0.032833999449559524,True,0.03283399944955956,1.0
drift_away,-1,accept_all,0.024,26,0,0.029709431285733553,False,1.0,True,0.029709431285733556,0.029709431285733553
drift_away,-1,accept_all,0.024,26,1,1.0,True,0.029709431285733553,True,0.029709431285733556,1.0
drift_away,-1,accept_all,0.024,27,0,0.026882205095899905,False,1.0,True,0.02688220509589989,0.026882205095899905
drift_away,-1,accept_all,0.024,27,1,1.0,True,0.026882205095899905,True,0.02688220509589989,1.0
drift_away,-1,accept_all,0.024,28,0,0.02432402505008719,False,1.0,True,0.02432402505008724,0.02432402505008719
drift_away,-1,accept_all,0.024,28,1,1.0,True,0.02432402505008719,True,0.02432402505008724,1.0
drift_away,-1,accept_all,0.024,29,0,0.022009288022562894,False,1.0,True,0.022009288022562856,0.022009288022562894
drift_away,-1,accept_all,0.024,29,1,1.0,True,0.022009288022562894,True,0.022009288022562856,1.0
drift_away,-1,accept_all,0.024,30,0,0.01991482734714558,False,1.0,True,0.01991482734714556,0.01991482734714558
drift_away,-1,accept_all,0.024,30,1,1.0,True,0.01991482734714558,True,0.01991482734714556,1.0
drift_away,-1,accept_all,0.024,31,0,0.01801968095742312,False,1.0,True,0.018019680957423123,0.01801968095742312
drift_away,-1,accept_all,0.024,31,1,1.0,True,0.01801968095742312,True,0.018019680957423123,1.0
drift_away,-1,accept_all,0.024,32,0,0.016304881591346486,False,1.0,True,0.016304881591346465,0.016304881591346486
drift_away,-1,accept_all,0.024,32,1,1.0,True,0.016304881591346486,True,0.016304881591346465,1.0
drift_away,-1,accept_all,0.024,33,0,0.014753266960496007,False,1.0,True,0.014753266960496059,0.014753266960496007
drift_away,-1,accept_all,0.024,33,1,1.0,True,0.014753266960496007,True,0.014753266960496059,1.0
drift_away,-1,accept_all,0.024,34,0,0.013349307984130433,False,1.0,True,0.013349307984130476,0.013349307984130433
drift_away,-1,accept_all,0.024,34,1,1.0,True,0.013349307984130433,True,0.013349307984130476,1.0
drift_away,-1,accept_all,0.024,35,0,0.0120789533689274,False,1.0,True,0.012078953368927392,0.0120789533689274
drift_away,-1,accept_all,0.024,35,1,1.0,True,0.0120789533689274,True,0.012078953368927392,1.0
drift_away,-1,accept_all,0.024,36,0,0.010929488978917025,False,1.0,True,0.01092948897891699,0.010929488978917025
drift_away,-1,accept_all,0.024,36,1,1.0,True,0.010929488978917025,True,0.01092948897891699,1.0
drift_away,-1,accept_all,0.024,37,0,0.009889410588135757,False,1.0,True,0.00988941058813575,0.009889410588135757
drift_away,-1,accept_all,0.024,37,1,1.0,True,0.009889410588135757,True,0.00988941058813575,1.0
drift_away,-1,accept_all,0.024,38,0,0.008948308742466242,False,1.0,True,0.008948308742466216,0.008948308742466242
drift_away,-1,accept_all,0.024,38,1,1.0,True,0.008948308742466242,True,0.008948308742466216,1.0
drift_away,-1,accept_all,0.024,39,0,0.008096764578321756,False,1.0,True,0.008096764578321758,0.008096764578321756
drift_away,-1,accept_all,0.024,39,1,1.0,True,0.008096764578321756,True,0.008096764578321758,1.0
drift_away,-1,accept_all,0.024,40,0,0.007326255555493672,False,1.0,True,0.00732625555549371,0.007326255555493672
drift_away,-1,accept_all,0.024,40,1,1.0,True,0.007326255555493672,True,0.00732625555549371,1.0
drift_away,-1,accept_all,0.024,41,0,0.006629070160704503,False,1.0,True,0.006629070160704464,0.006629070160704503
drift_away,-1,accept_all,0.024,41,1,1.0,True,0.006629070160704503,True,0.006629070160704464,1.0
drift_away,-1,accept_all,0.024,42,0,0.0059982307281910814,False,1.0,True,0.005998230728191056,0.0059982307281910814
drift_away,-1,accept_all,0.024,42,1,1.0,True,0.0059982307281910814,True,0.005998230728191056,1.0
drift_away,-1,accept_all,0.024,43,0,0.005427423604880374,False,1.0,True,0.005427423604880355,0.005427423604880374
drift_away,-1,accept_all,0.024,43,1,1.0,True,0.005427423604880374,True,0.005427423604880355,1.0
drift_away,-1,accept_all,0.024,44,0,0.0049109359612273746,False,1.0,True,0.004910935961227381,0.0049109359612273746
drift_away,-1,accept_all,0.024,44,1,1.0,True,0.0049109359612273746,True,0.004910935961227381,1.0
drift_away,-1,accept_all,0.024,45,0,0.004443598615296923,False,1.0,True,0.004443598615296973,0.004443598615296923
drift_away,-1,accept_all,0.024,45,1,1.0,True,0.004443598615296923,True,0.004443598615296973,1.0
drift_away,-1,accept_all,0.024,46,0,0.004020734297853434,False,1.0,True,0.004020734297853434,0.004020734297853434
drift_away,-1,accept_all,0.024,46,1,1.0,True,0.004020734297853434,True,0.004020734297853434,1.0
drift_away,-1,accept_all,0.024,47,0,0.0036381108406783264,False,1.0,True,0.0036381108406783325,0.0036381108406783264
drift_away,-1,accept_all,0.024,47,1,1.0,True,0.0036381108406783264,True,0.0036381108406783325,1.0
drift_away,-1,accept_all,0.024,48,0,0.0032918988196080122,False,1.0,True,0.003291898819608008,0.0032918988196080122
drift_away,-1,accept_all,0.024,48,1,1.0,True,0.0032918988196080122,True,0.003291898819608008,1.0
drift_away,-1,accept_all,0.024,49,0,0.0029786332283697355,False,1.0,True,0.002978633228369776,0.0029786332283697355
drift_away,-1,accept_all,0.024,49,1,1.0,True,0.0029786332283697355,True,0.002978633228369776,1.0
drift_away,-1,accept_all,0.024,50,0,0.002695178799634187,False,1.0,True,0.0026951787996342125,0.002695178799634187
drift_away,-1,accept_all,0.024,50,1,1.0,True,0.002695178799634187,True,0.0026951787996342125,1.0
drift_away,-1,accept_all,0.024,51,0,0.0024386986262062552,False,1.0,True,0.0024386986262062704,0.0024386986262062552
drift_away,-1,accept_all,0.024,51,1,1.0,True,0.0024386986262062552,True,0.0024386986262062704,1.0
drift_away,-1,accept_all,0.024,52,0,0.002206625768304309,False,1.0,True,0.0022066257683043267,0.002206625768304309
drift_away,-1,accept_all,0.024,52,1,1.0,True,0.002206625768304309,True,0.0022066257683043267,1.0
drift_away,-1,accept_all,0.024,53,0,0.001996637562764087,False,1.0,True,0.0019966375627641364,0.001996637562764087
drift_away,-1,accept_all,0.024,53,1,1.0,True,0.001996637562764087,True,0.0019966375627641364,1.0
drift_away,-1,accept_all,0.024,54,0,0.0018066323770450665,False,1.0,True,0.0018066323770450365,0.0018066323770450665
drift_away,-1,accept_all,0.024,54,1,1.0,True,0.0018066323770450665,True,0.0018066323770450365,1.0
drift_away,-1,accept_all,0.024,55,0,0.0016347085753856266,False,1.0,True,0.0016347085753856128,0.0016347085753856266
drift_away,-1,accept_all,0.024,55,1,1.0,True,0.0016347085753856266,True,0.0016347085753856128,1.0
drift_away,-1,accept_all,0.024,56,0,0.001479145486593173,False,1.0,True,0.0014791454865932252,0.001479145486593173
drift_away,-1,accept_all,0.024,56,1,1.0,True,0.001479145486593173,True,0.0014791454865932252,1.0
drift_away,-1,accept_all,0.024,57,0,0.001338386182988509,False,1.0,True,0.001338386182988538,0.001338386182988509
drift_away,-1,accept_all,0.024,57,1,1.0,True,0.001338386182988509,True,0.001338386182988538,1.0
drift_away,-1,accept_all,0.024,58,0,0.0012110218981503263,False,1.0,True,0.0012110218981503662,0.0012110218981503263
drift_away,-1,accept_all,0.024,58,1,1.0,True,0.0012110218981503263,True,0.0012110218981503662,1.0
drift_away,-1,accept_all,0.024,59,0,0.0010957779275073474,False,1.0,True,0.0010957779275073687,0.0010957779275073474
drift_away,-1,accept_all,0.024,59,1,1.0,True,0.0010957779275073474,True,0.0010957779275073687,1.0
drift_away,-1,accept_all,0.024,60,0,0.0009915008706665434,False,1.0,True,0.0009915008706665729,0.0009915008706665434
drift_away,-1,accept_all,0.024,60,1,1.0,True,0.0009915008706665434,True,0.0009915008706665729,1.0
drift_away,-1,accept_all,0.024,61,0,0.0008971470877943213,False,1.0,True,0.0008971470877943144,0.0008971470877943213
drift_away,-1,accept_all,0.024,61,1,1.0,True,0.0008971470877943213,True,0.0008971470877943144,1.0
drift_away,-1,accept_all,0.024,62,0,0.0008117722545182937,False,1.0,True,0.0008117722545183392,0.0008117722545182937
drift_away,-1,accept_all,0.024,62,1,1.0,True,0.0008117722545182937,True,0.0008117722545183392,1.0
drift_away,-1,accept_all,0.024,63,0,0.0007345219108115629,False,1.0,True,0.0007345219108115808,0.0007345219108115629
drift_away,-1,accept_all,0.024,63,1,1.0,True,0.0007345219108115629,True,0.0007345219108115808,1.0
drift_away,-1,accept_all,0.024,64,0,0.0006646229092695736,False,1.0,True,0.0006646229092696077,0.0006646229092695736
drift_away,-1,accept_all,0.024,64,1,1.0,True,0.0006646229092695736,True,0.0006646229092696077,1.0
drift_away,-1,accept_all,0.024,65,0,0.000601375677191029,False,1.0,True,0.0006013756771909851,0.000601375677191029
drift_away,-1,accept_all,0.024,65,1,1.0,True,0.000601375677191029,True,0.0006013756771909851,1.0
drift_away,-1,accept_all,0.024,66,0,0.0005441472150191576,False,1.0,True,0.000544147215019164,0.0005441472150191576
drift_away,-1,accept_all,0.024,66,1,1.0,True,0.0005441472150191576,True,0.000544147215019164,1.0
drift_away,-1,accept_all,0.024,67,0,0.0004923647610693924,False,1.0,True,0.0004923647610693971,0.0004923647610693924
drift_away,-1,accept_all,0.024,67,1,1.0,True,0.0004923647610693924,True,0.0004923647610693971,1.0
drift_away,-1,accept_all,0.024,68,0,0.0004455100591379213,False,1.0,True,0.0004455100591379546,0.0004455100591379213
drift_away,-1,accept_all,0.024,68,1,1.0,True,0.0004455100591379213,True,0.0004455100591379546,1.0
drift_away,-1,accept_all,0.024,69,0,0.0004031141716194042,False,1.0,True,0.0004031141716194231,0.0004031141716194042
drift_away,-1,accept_all,0.024,69,1,1.0,True,0.0004031141716194042,True,0.0004031141716194231,1.0
drift_away,-1,accept_all,0.024,70,0,0.0003647527862218065,False,1.0,True,0.0003647527862218336,0.0003647527862218065
drift_away,-1,accept_all,0.024,70,1,1.0,True,0.0003647527862218065,True,0.0003647527862218336,1.0
drift_away,-1,accept_all,0.024,71,0,0.00033004196930636184,False,1.0,True,0.00033004196930641605,0.00033004196930636184
drift_away,-1,accept_all,0.024,71,1,1.0,True,0.00033004196930636184,True,0.00033004196930641605,1.0
drift_away,-1,accept_all,0.024,72,0,0.0002986343233506717,False,1.0,True,0.0002986343233506439,0.0002986343233506717
drift_away,-1,accept_all,0.024,72,1,1.0,True,0.0002986343233506717,True,0.0002986343233506439,1.0
drift_away,-1,accept_all,0.024,73,0,0.00027021551007753774,False,1.0,True,0.00027021551007755384,0.00027021551007753774
drift_away,-1,accept_all,0.024,73,1,1.0,True,0.00027021551007753774,True,0.00027021551007755384,1.0
drift_away,-1,accept_all,0.024,74,0,0.0002445011044518289,False,1.0,True,0.00024450110445184414,0.0002445011044518289
drift_away,-1,accept_all,0.024,74,1,1.0,True,0.0002445011044518289,True,0.00024450110445184414,1.0
drift_away,-1,accept_all,0.024,75,0,0.00022123374805913345,False,1.0,True,0.00022123374805915752,0.00022123374805913345
drift_away,-1,accept_all,0.024,75,1,1.0,True,0.00022123374805913345,True,0.00022123374805915752,1.0
drift_away,-1,accept_all,0.024,76,0,0.00020018057337624435,False,1.0,True,0.00020018057337622963,0.00020018057337624435
drift_away,-1,accept_all,0.024,76,1,1.0,True,0.00020018057337624435,True,0.00020018057337622963,1.0
drift_away,-1,accept_all,0.024,77,0,0.0001811308731547188,False,1.0,True,0.00018113087315474452,0.0001811308731547188
drift_away,-1,accept_all,0.024,77,1,1.0,True,0.0001811308731547188,True,0.00018113087315474452,1.0
drift_away,-1,accept_all,0.024,78,0,0.00016389399159191472,False,1.0,True,0.00016389399159189022,0.00016389399159191472
drift_away,-1,accept_all,0.024,78,1,1.0,True,0.00016389399159191472,True,0.00016389399159189022,1.0
drift_away,-1,accept_all,0.024,79,0,0.0001482974161836353,False,1.0,True,0.00014829741618360703,0.0001482974161836353
drift_away,-1,accept_all,0.024,79,1,1.0,True,0.0001482974161836353,True,0.00014829741618360703,1.0
drift_away,-1,accept_all,0.024,80,0,0.00013418505116100476,False,1.0,True,0.00013418505116102875,0.00013418505116100476
drift_away,-1,accept_all,0.024,80,1,1.0,True,0.00013418505116100476,True,0.00013418505116102875,1.0
drift_away,-1,reference_only,0.024,1,0,0.36193496721438384,False,0.4,False,0.9619349672143838,0.4
drift_away,-1,reference_only,0.024,1,1,1.0,True,0.4,True,0.4,1.0
drift_away,-1,reference_only,0.024,2,0,0.3274923012311928,False,1.0,False,0.3274923012311928,1.0
drift_away,-1,reference_only,0.024,2,1,1.0,True,1.0,True,1.0,1.0
drift_away,-1,reference_only,0.024,3,0,0.2963272882726872,False,1.0,False,0.2963272882726872,1.0
drift_away,-1,reference_only,0.024,3,1,1.0,True,1.0,True,1.0,1.0
drift_away,-1,reference_only,0.024,4,0,0.26812801841425576,False,1.0,False,0.2681280184142558,1.0
drift_away,-1,reference_only,0.024,4,1,1.0,True,1.0,True,1.0,1.0
drift_away,-1,reference_only,0.024,5,0,0.2426122638850534,False,1.0,False,0.24261226388505341,1.0
drift_away,-1,reference_only,0.024,5,1,1.0,True,1.0,True,1.0,1.0
drift_away,-1,reference_only,0.024,6,0,0.21952465443761057,False,1.0,False,0.2195246544376106,1.0
drift_away,-1,reference_only,0.024,6,1,1.0,True,1.0,True,1.0,1.0
drift_away,-1,reference_only,0.024,7,0,0.19863412151656382,False,1.0,False,0.1986341215165638,1.0
drift_away,-1,reference_only,0.024,7,1,1.0,True,1.0,True,1.0,1.0
drift_away,-1,reference_only,0.024,8,0,0.17973158564688863,False,1.0,False,0.17973158564688863,1.0
drift_away,-1,reference_only,0.024,8,1,1.0,True,1.0,True,1.0,1.0
drift_away,-1,reference_only,0.024,9,0,0.16262786389623965,False,1.0,False,0.16262786389623962,1.0
drift_away,-1,reference_only,0.024,9,1,1.0,True,1.0,True,1.0,1.0
drift_away,-1,reference_only,0.024,10,0,0.14715177646857694,False,1.0,False,0.1471517764685769,1.0
drift_away,-1,reference_only,0.024,10,1,1.0,True,1.0,True,1.0,1.0
drift_away,-1,reference_only,0.024,11,0,0.13314843347923183,False,1.0,False,0.1331484334792319,1.0
drift_away,-1,reference_only,0.024,11,1,1.0,True,1.0,True,1.0,1.0
drift_away,-1,reference_only,0.024,12,0,0.12047768476488085,False,1.0,False,0.12047768476488085,1.0
drift_away,-1,reference_only,0.024,12,1,1.0,True,1.0,True,1.0,1.0
drift_away,-1,reference_only,0.024,13,0,0.10901271721360505,False,1.0,False,0.10901271721360506,1.0
drift_away,-1,reference_only,0.024,13,1,1.0,True,1.0,True,1.0,1.0
drift_away,-1,reference_only,0.024,14,0,0.0986387855766426,False,1.0,False,0.09863878557664263,1.0
drift_away,-1,reference_only,0.024,14,1,1.0,True,1.0,True,1.0,1.0
drift_away,-1,reference_only,0.024,15,0,0.08925206405937193,False,1.0,False,0.08925206405937192,1.0
drift_away,-1,reference_only,0.024,15,1,1.0,True,1.0,True,1.0,1.0
drift_away,-1,reference_only,0.024,16,0,0.08075860719786215,False,1.0,False,0.0807586071978621,1.0
drift_away,-1,reference_only,0.024,16,1,1.0,True,1.0,True,1.0,1.0
drift_away,-1,reference_only,0.024,17,0,0.07307340962109386,False,1.0,False,0.07307340962109388,1.0
drift_away,-1,reference_only,0.024,17,1,1.0,True,1.0,True,1.0,1.0
drift_away,-1,reference_only,0.024,18,0,0.06611955528863461,False,1.0,False,0.06611955528863467,1.0
drift_away,-1,reference_only,0.024,18,1,1.0,True,1.0,True,1.0,1.0
drift_away,-1,reference_only,0.024,19,0,0.05982744768905403,False,1.0,False,0.059827447689054014,1.0
drift_away,-1,reference_only,0.024,19,1,1.0,True,1.0,True,1.0,1.0
drift_away,-1,reference_only,0.024,20,0,0.054134113294645084,False,1.0,False,0.054134113294645125,1.0
drift_away,-1,reference_only,0.024,20,1,1.0,True,1.0,True,1.0,1.0
drift_away,-1,reference_only,0.024,21,0,0.04898257130119277,False,1.0,False,0.04898257130119277,1.0
drift_away,-1,reference_only,0.024,21,1,1.0,True,1.0,True,1.0,1.0
drift_away,-1,reference_only,0.024,22,0,0.044321263344933554,False,1.0,False,0.04432126334493358,1.0
drift_away,-1,reference_only,0.024,22,1,1.0,True,1.0,True,1.0,1.0
drift_away,-1,reference_only,0.024,23,0,0.0401035374891215,False,1.0,False,0.040103537489121543,1.0
drift_away,-1,reference_only,0.024,23,1,1.0,True,1.0,True,1.0,1.0
drift_away,-1,reference_only,0.024,24,0,0.036287181315765006,False,1.0,False,0.03628718131576503,1.0
drift_away,-1,reference_only,0.024,24,1,1.0,True,1.0,True,1.0,1.0
drift_away,-1,reference_only,0.024,25,0,0.032833999449559524,False,1.0,False,0.03283399944955956,1.0
drift_away,-1,reference_only,0.024,25,1,1.0,True,1.0,True,1.0,1.0
drift_away,-1,reference_only,0.024,26,0,0.029709431285733553,False,1.0,False,0.029709431285733556,1.0
drift_away,-1,reference_only,0.024,26,1,1.0,True,1.0,True,1.0,1.0
drift_away,-1,reference_only,0.024,27,0,0.026882205095899905,False,1.0,False,0.02688220509589989,1.0
drift_away,-1,reference_only,0.024,27,1,1.0,True,1.0,True,1.0,1.0
drift_away,-1,reference_only,0.024,28,0,0.02432402505008719,False,1.0,False,0.02432402505008724,1.0
drift_away,-1,reference_only,0.024,28,1,1.0,True,1.0,True,1.0,1.0
drift_away,-1,reference_only,0.024,29,0,0.022009288022562894,False,1.0,False,0.022009288022562856,1.0
drift_away,-1,reference_only,0.024,29,1,1.0,True,1.0,True,1.0,1.0
drift_away,-1,reference_only,0.024,30,0,0.01991482734714558,False,1.0,False,0.01991482734714556,1.0
drift_away,-1,reference_only,0.024,30,1,1.0,True,1.0,True,1.0,1.0
drift_away,-1,reference_only,0.024,31,0,0.01801968095742312,False,1.0,False,0.018019680957423123,1.0
drift_away,-1,reference_only,0.024,31,1,1.0,True,1.0,True,1.0,1.0
drift_away,-1,reference_only,0.024,32,0,0.016304881591346486,False,1.0,False,0.016304881591346465,1.0
drift_away,-1,reference_only,0.024,32,1,1.0,True,1.0,True,1.0,1.0
drift_away,-1,reference_only,0.024,33,0,0.014753266960496007,False,1.0,False,0.014753266960496059,1.0
drift_away,-1,reference_only,0.024,33,1,1.0,True,1.0,True,1.0,1.0
drift_away,-1,reference_only,0.024,34,0,0.013349307984130433,False,1.0,False,0.013349307984130476,1.0
drift_away,-1,reference_only,0.024,34,1,1.0,True,1.0,True,1.0,1.0
drift_away,-1,reference_only,0.024,35,0,0.0120789533689274,False,1.0,False,0.012078953368927392,1.0
drift_away,-1,reference_only,0.024,35,1,1.0,True,1.0,True,1.0,1.0
drift_away,-1,reference_only,0.024,36,0,0.010929488978917025,False,1.0,False,0.01092948897891699,1.0
drift_away,-1,reference_only,0.024,36,1,1.0,True,1.0,True,1.0,1.0
drift_away,-1,reference_only,0.024,37,0,0.009889410588135757,False,1.0,False,0.00988941058813575,1.0
drift_away,-1,reference_only,0.024,37,1,1.0,True,1.0,True,1.0,1.0
drift_away,-1,reference_only,0.024,38,0,0.008948308742466242,False,1.0,False,0.008948308742466216,1.0
drift_away,-1,reference_only,0.024,38,1,1.0,True,1.0,True,1.0,1.0
drift_away,-1,reference_only,0.024,39,0,0.008096764578321756,False,1.0,False,0.008096764578321758,1.0
drift_away,-1,reference_only,0.024,39,1,1.0,True,1.0,True,1.0,1.0
drift_away,-1,reference_only,0.024,40,0,0.007326255555493672,False,1.0,False,0.00732625555549371,1.0
drift_away,-1,reference_only,0.024,40,1,1.0,True,1.0,True,1.0,1.0
drift_away,-1,reference_only,0.024,41,0,0.006629070160704503,False,1.0,False,0.006629070160704464,1.0
drift_away,-1,reference_only,0.024,41,1,1.0,True,1.0,True,1.0,1.0
drift_away,-1,reference_only,0.024,42,0,0.0059982307281910814,False,1.0,False,0.005998230728191056,1.0
drift_away,-1,reference_only,0.024,42,1,1.0,True,1.0,True,1.0,1.0
drift_away,-1,reference_only,0.024,43,0,0.005427423604880374,False,1.0,False,0.005427423604880355,1.0
drift_away,-1,reference_only,0.024,43,1,1.0,True,1.0,True,1.0,1.0
drift_away,-1,reference_only,0.024,44,0,0.0049109359612273746,False,1.0,False,0.004910935961227381,1.0
drift_away,-1,reference_only,0.024,44,1,1.0,True,1.0,True,1.0,1.0
drift_away,-1,reference_only,0.024,45,0,0.004443598615296923,False,1.0,False,0.004443598615296973,1.0
drift_away,-1,reference_only,0.024,45,1,1.0,True,1.0,True,1.0,1.0
drift_away,-1,reference_only,0.024,46,0,0.004020734297853434,False,1.0,False,0.004020734297853434,1.0
drift_away,-1,reference_only,0.024,46,1,1.0,True,1.0,True,1.0,1.0
drift_away,-1,reference_only,0.024,47,0,0.0036381108406783264,False,1.0,False,0.0036381108406783325,1.0
drift_away,-1,reference_only,0.024,47,1,1.0,True,1.0,True,1.0,1.0
drift_away,-1,reference_only,0.024,48,0,0.0032918988196080122,False,1.0,False,0.003291898819608008,1.0
drift_away,-1,reference_only,0.024,48,1,1.0,True,1.0,True,1.0,1.0
drift_away,-1,reference_only,0.024,49,0,0.0029786332283697355,False,1.0,False,0.002978633228369776,1.0
drift_away,-1,reference_only,0.024,49,1,1.0,True,1.0,True,1.0,1.0
drift_away,-1,reference_only,0.024,50,0,0.002695178799634187,False,1.0,False,0.0026951787996342125,1.0
drift_away,-1,reference_only,0.024,50,1,1.0,True,1.0,True,1.0,1.0
drift_away,-1,reference_only,0.024,51,0,0.0024386986262062552,False,1.0,False,0.0024386986262062704,1.0
drift_away,-1,reference_only,0.024,51,1,1.0,True,1.0,True,1.0,1.0
drift_away,-1,reference_only,0.024,52,0,0.002206625768304309,False,1.0,False,0.0022066257683043267,1.0
drift_away,-1,reference_only,0.024,52,1,1.0,True,1.0,True,1.0,1.0
drift_away,-1,reference_only,0.024,53,0,0.001996637562764087,False,1.0,False,0.0019966375627641364,1.0
drift_away,-1,reference_only,0.024,53,1,1.0,True,1.0,True,1.0,1.0
drift_away,-1,reference_only,0.024,54,0,0.0018066323770450665,False,1.0,False,0.0018066323770450365,1.0
drift_away,-1,reference_only,0.024,54,1,1.0,True,1.0,True,1.0,1.0
drift_away,-1,reference_only,0.024,55,0,0.0016347085753856266,False,1.0,False,0.0016347085753856128,1.0
drift_away,-1,reference_only,0.024,55,1,1.0,True,1.0,True,1.0,1.0
drift_away,-1,reference_only,0.024,56,0,0.001479145486593173,False,1.0,False,0.0014791454865932252,1.0
drift_away,-1,reference_only,0.024,56,1,1.0,True,1.0,True,1.0,1.0
drift_away,-1,reference_only,0.024,57,0,0.001338386182988509,False,1.0,False,0.001338386182988538,1.0
drift_away,-1,reference_only,0.024,57,1,1.0,True,1.0,True,1.0,1.0
drift_away,-1,reference_only,0.024,58,0,0.0012110218981503263,False,1.0,False,0.0012110218981503662,1.0
drift_away,-1,reference_only,0.024,58,1,1.0,True,1.0,True,1.0,1.0
drift_away,-1,reference_only,0.024,59,0,0.0010957779275073474,False,1.0,False,0.0010957779275073687,1.0
drift_away,-1,reference_only,0.024,59,1,1.0,True,1.0,True,1.0,1.0
drift_away,-1,reference_only,0.024,60,0,0.0009915008706665434,False,1.0,False,0.0009915008706665729,1.0
drift_away,-1,reference_only,0.024,60,1,1.0,True,1.0,True,1.0,1.0
drift_away,-1,reference_only,0.024,61,0,0.0008971470877943213,False,1.0,False,0.0008971470877943144,1.0
drift_away,-1,reference_only,0.024,61,1,1.0,True,1.0,True,1.0,1.0
drift_away,-1,reference_only,0.024,62,0,0.0008117722545182937,False,1.0,False,0.0008117722545183392,1.0
drift_away,-1,reference_only,0.024,62,1,1.0,True,1.0,True,1.0,1.0
drift_away,-1,reference_only,0.024,63,0,0.0007345219108115629,False,1.0,False,0.0007345219108115808,1.0
drift_away,-1,reference_only,0.024,63,1,1.0,True,1.0,True,1.0,1.0
drift_away,-1,reference_only,0.024,64,0,0.0006646229092695736,False,1.0,False,0.0006646229092696077,1.0
drift_away,-1,reference_only,0.024,64,1,1.0,True,1.0,True,1.0,1.0
drift_away,-1,reference_only,0.024,65,0,0.000601375677191029,False,1.0,False,0.0006013756771909851,1.0
drift_away,-1,reference_only,0.024,65,1,1.0,True,1.0,True,1.0,1.0
drift_away,-1,reference_only,0.024,66,0,0.0005441472150191576,False,1.0,False,0.000544147215019164,1.0
drift_away,-1,reference_only,0.024,66,1,1.0,True,1.0,True,1.0,1.0
drift_away,-1,reference_only,0.024,67,0,0.0004923647610693924,False,1.0,False,0.0004923647610693971,1.0
drift_away,-1,reference_only,0.024,67,1,1.0,True,1.0,True,1.0,1.0
drift_away,-1,reference_only,0.024,68,0,0.0004455100591379213,False,1.0,False,0.0004455100591379546,1.0
drift_away,-1,reference_only,0.024,68,1,1.0,True,1.0,True,1.0,1.0
drift_away,-1,reference_only,0.024,69,0,0.0004031141716194042,False,1.0,False,0.0004031141716194231,1.0
drift_away,-1,reference_only,0.024,69,1,1.0,True,1.0,True,1.0,1.0
drift_away,-1,reference_only,0.024,70,0,0.0003647527862218065,False,1.0,False,0.0003647527862218336,1.0
drift_away,-1,reference_only,0.024,70,1,1.0,True,1.0,True,1.0,1.0
drift_away,-1,reference_only,0.024,71,0,0.00033004196930636184,False,1.0,False,0.00033004196930641605,1.0
drift_away,-1,reference_only,0.024,71,1,1.0,True,1.0,True,1.0,1.0
drift_away,-1,reference_only,0.024,72,0,0.0002986343233506717,False,1.0,False,0.0002986343233506439,1.0
drift_away,-1,reference_only,0.024,72,1,1.0,True,1.0,True,1.0,1.0
drift_away,-1,reference_only,0.024,73,0,0.00027021551007753774,False,1.0,False,0.00027021551007755384,1.0
drift_away,-1,reference_only,0.024,73,1,1.0,True,1.0,True,1.0,1.0
drift_away,-1,reference_only,0.024,74,0,0.0002445011044518289,False,1.0,False,0.00024450110445184414,1.0
drift_away,-1,reference_only,0.024,74,1,1.0,True,1.0,True,1.0,1.0
drift_away,-1,reference_only,0.024,75,0,0.00022123374805913345,False,1.0,False,0.00022123374805915752,1.0
drift_away,-1,reference_only,0.024,75,1,1.0,True,1.0,True,1.0,1.0
drift_away,-1,reference_only,0.024,76,0,0.00020018057337624435,False,1.0,False,0.00020018057337622963,1.0
drift_away,-1,reference_only,0.024,76,1,1.0,True,1.0,True,1.0,1.0
drift_away,-1,reference_only,0.024,77,0,0.0001811308731547188,False,1.0,False,0.00018113087315474452,1.0
drift_away,-1,reference_only,0.024,77,1,1.0,True,1.0,True,1.0,1.0
drift_away,-1,reference_only,0.024,78,0,0.00016389399159191472,False,1.0,False,0.00016389399159189022,1.0
drift_away,-1,reference_only,0.024,78,1,1.0,True,1.0,True,1.0,1.0
drift_away,-1,reference_only,0.024,79,0,0.0001482974161836353,False,1.0,False,0.00014829741618360703,1.0
drift_away,-1,reference_only,0.024,79,1,1.0,True,1.0,True,1.0,1.0
drift_away,-1,reference_only,0.024,80,0,0.00013418505116100476,False,1.0,False,0.00013418505116102875,1.0
drift_away,-1,reference_only,0.024,80,1,1.0,True,1.0,True,1.0,1.0
drift_away,-1,gated,0.026,1,0,0.36193496721438384,False,0.4,False,0.9619349672143838,0.4
drift_away,-1,gated,0.026,1,1,1.0,True,0.4,False,0.4,0.4
drift_away,-1,gated,0.026,2,0,0.3274923012311928,False,0.4,False,0.9274923012311928,0.4
drift_away,-1,gated,0.026,2,1,1.0,True,0.4,False,0.4,0.4
drift_away,-1,gated,0.026,3,0,0.2963272882726872,False,0.4,False,0.8963272882726872,0.4
drift_away,-1,gated,0.026,3,1,1.0,True,0.4,False,0.4,0.4
drift_away,-1,gated,0.026,4,0,0.26812801841425576,False,0.4,False,0.8681280184142557,0.4
drift_away,-1,gated,0.026,4,1,1.0,True,0.4,False,0.4,0.4
drift_away,-1,gated,0.026,5,0,0.2426122638850534,False,0.4,False,0.8426122638850534,0.4
drift_away,-1,gated,0.026,5,1,1.0,True,0.4,False,0.4,0.4
drift_away,-1,gated,0.026,6,0,0.21952465443761057,False,0.4,False,0.8195246544376106,0.4
drift_away,-1,gated,0.026,6,1,1.0,True,0.4,False,0.4,0.4
drift_away,-1,gated,0.026,7,0,0.19863412151656382,False,0.4,False,0.7986341215165638,0.4
drift_away,-1,gated,0.026,7,1,1.0,True,0.4,False,0.4,0.4
drift_away,-1,gated,0.026,8,0,0.17973158564688863,False,0.4,False,0.7797315856468886,0.4
drift_away,-1,gated,0.026,8,1,1.0,True,0.4,False,0.4,0.4
drift_away,-1,gated,0.026,9,0,0.16262786389623965,False,0.4,False,0.7626278638962396,0.4
drift_away,-1,gated,0.026,9,1,1.0,True,0.4,False,0.4,0.4
drift_away,-1,gated,0.026,10,0,0.14715177646857694,False,0.4,False,0.7471517764685769,0.4
drift_away,-1,gated,0.026,10,1,1.0,True,0.4,False,0.4,0.4
drift_away,-1,gated,0.026,11,0,0.13314843347923183,False,0.4,False,0.7331484334792318,0.4
drift_away,-1,gated,0.026,11,1,1.0,True,0.4,False,0.4,0.4
drift_away,-1,gated,0.026,12,0,0.12047768476488085,False,0.4,False,0.7204776847648808,0.4
drift_away,-1,gated,0.026,12,1,1.0,True,0.4,False,0.4,0.4
drift_away,-1,gated,0.026,13,0,0.10901271721360505,False,0.4,False,0.709012717213605,0.4
drift_away,-1,gated,0.026,13,1,1.0,True,0.4,False,0.4,0.4
drift_away,-1,gated,0.026,14,0,0.0986387855766426,False,0.4,False,0.6986387855766426,0.4
drift_away,-1,gated,0.026,14,1,1.0,True,0.4,False,0.4,0.4
drift_away,-1,gated,0.026,15,0,0.08925206405937193,False,0.4,False,0.6892520640593719,0.4
drift_away,-1,gated,0.026,15,1,1.0,True,0.4,False,0.4,0.4
drift_away,-1,gated,0.026,16,0,0.08075860719786215,False,0.4,False,0.6807586071978622,0.4
drift_away,-1,gated,0.026,16,1,1.0,True,0.4,False,0.4,0.4
drift_away,-1,gated,0.026,17,0,0.07307340962109386,False,0.4,False,0.6730734096210939,0.4
drift_away,-1,gated,0.026,17,1,1.0,True,0.4,False,0.4,0.4
drift_away,-1,gated,0.026,18,0,0.06611955528863461,False,0.4,False,0.6661195552886345,0.4
drift_away,-1,gated,0.026,18,1,1.0,True,0.4,False,0.4,0.4
drift_away,-1,gated,0.026,19,0,0.05982744768905403,False,0.4,False,0.659827447689054,0.4
drift_away,-1,gated,0.026,19,1,1.0,True,0.4,False,0.4,0.4
drift_away,-1,gated,0.026,20,0,0.054134113294645084,False,0.4,False,0.654134113294645,0.4
drift_away,-1,gated,0.026,20,1,1.0,True,0.4,False,0.4,0.4
drift_away,-1,gated,0.026,21,0,0.04898257130119277,False,0.4,False,0.6489825713011927,0.4
drift_away,-1,gated,0.026,21,1,1.0,True,0.4,False,0.4,0.4
drift_away,-1,gated,0.026,22,0,0.044321263344933554,False,0.4,False,0.6443212633449336,0.4
drift_away,-1,gated,0.026,22,1,1.0,True,0.4,False,0.4,0.4
drift_away,-1,gated,0.026,23,0,0.0401035374891215,False,0.4,False,0.6401035374891215,0.4
drift_away,-1,gated,0.026,23,1,1.0,True,0.4,False,0.4,0.4
drift_away,-1,gated,0.026,24,0,0.036287181315765006,False,0.4,False,0.636287181315765,0.4
drift_away,-1,gated,0.026,24,1,1.0,True,0.4,False,0.4,0.4
drift_away,-1,gated,0.026,25,0,0.032833999449559524,False,0.4,False,0.6328339994495595,0.4
drift_away,-1,gated,0.026,25,1,1.0,True,0.4,False,0.4,0.4
drift_away,-1,gated,0.026,26,0,0.029709431285733553,False,0.4,False,0.6297094312857335,0.4
drift_away,-1,gated,0.026,26,1,1.0,True,0.4,False,0.4,0.4
drift_away,-1,gated,0.026,27,0,0.026882205095899905,False,0.4,False,0.6268822050958999,0.4
drift_away,-1,gated,0.026,27,1,1.0,True,0.4,False,0.4,0.4
drift_away,-1,gated,0.026,28,0,0.02432402505008719,False,0.4,False,0.6243240250500872,0.4
drift_away,-1,gated,0.026,28,1,1.0,True,0.4,False,0.4,0.4
drift_away,-1,gated,0.026,29,0,0.022009288022562894,False,0.4,False,0.622009288022563,0.4
drift_away,-1,gated,0.026,29,1,1.0,True,0.4,False,0.4,0.4
drift_away,-1,gated,0.026,30,0,0.01991482734714558,False,0.4,False,0.6199148273471455,0.4
drift_away,-1,gated,0.026,30,1,1.0,True,0.4,False,0.4,0.4
drift_away,-1,gated,0.026,31,0,0.01801968095742312,False,0.4,False,0.6180196809574231,0.4
drift_away,-1,gated,0.026,31,1,1.0,True,0.4,False,0.4,0.4
drift_away,-1,gated,0.026,32,0,0.016304881591346486,False,0.4,False,0.6163048815913464,0.4
drift_away,-1,gated,0.026,32,1,1.0,True,0.4,False,0.4,0.4
drift_away,-1,gated,0.026,33,0,0.014753266960496007,False,0.4,False,0.614753266960496,0.4
drift_away,-1,gated,0.026,33,1,1.0,True,0.4,False,0.4,0.4
drift_away,-1,gated,0.026,34,0,0.013349307984130433,False,0.4,False,0.6133493079841303,0.4
drift_away,-1,gated,0.026,34,1,1.0,True,0.4,False,0.4,0.4
drift_away,-1,gated,0.026,35,0,0.0120789533689274,False,0.4,False,0.6120789533689274,0.4
drift_away,-1,gated,0.026,35,1,1.0,True,0.4,False,0.4,0.4
drift_away,-1,gated,0.026,36,0,0.010929488978917025,False,0.4,False,0.610929488978917,0.4
drift_away,-1,gated,0.026,36,1,1.0,True,0.4,False,0.4,0.4
drift_away,-1,gated,0.026,37,0,0.009889410588135757,False,0.4,False,0.6098894105881357,0.4
drift_away,-1,gated,0.026,37,1,1.0,True,0.4,False,0.4,0.4
drift_away,-1,gated,0.026,38,0,0.008948308742466242,False,0.4,False,0.6089483087424662,0.4
drift_away,-1,gated,0.026,38,1,1.0,True,0.4,False,0.4,0.4
drift_away,-1,gated,0.026,39,0,0.008096764578321756,False,0.4,False,0.6080967645783217,0.4
drift_away,-1,gated,0.026,39,1,1.0,True,0.4,False,0.4,0.4
drift_away,-1,gated,0.026,40,0,0.007326255555493672,False,0.4,False,0.6073262555554937,0.4
drift_away,-1,gated,0.026,40,1,1.0,True,0.4,False,0.4,0.4
drift_away,-1,gated,0.026,41,0,0.006629070160704503,False,0.4,False,0.6066290701607044,0.4
drift_away,-1,gated,0.026,41,1,1.0,True,0.4,False,0.4,0.4
drift_away,-1,gated,0.026,42,0,0.0059982307281910814,False,0.4,False,0.605998230728191,0.4
drift_away,-1,gated,0.026,42,1,1.0,True,0.4,False,0.4,0.4
drift_away,-1,gated,0.026,43,0,0.005427423604880374,False,0.4,False,0.6054274236048803,0.4
drift_away,-1,gated,0.026,43,1,1.0,True,0.4,False,0.4,0.4
drift_away,-1,gated,0.026,44,0,0.0049109359612273746,False,0.4,False,0.6049109359612274,0.4
drift_away,-1,gated,0.026,44,1,1.0,True,0.4,False,0.4,0.4
drift_away,-1,gated,0.026,45,0,0.004443598615296923,False,0.4,False,0.604443598615297,0.4
drift_away,-1,gated,0.026,45,1,1.0,True,0.4,False,0.4,0.4
drift_away,-1,gated,0.026,46,0,0.004020734297853434,False,0.4,False,0.6040207342978534,0.4
drift_away,-1,gated,0.026,46,1,1.0,True,0.4,False,0.4,0.4
drift_away,-1,gated,0.026,47,0,0.0036381108406783264,False,0.4,False,0.6036381108406783,0.4
drift_away,-1,gated,0.026,47,1,1.0,True,0.4,False,0.4,0.4
drift_away,-1,gated,0.026,48,0,0.0032918988196080122,False,0.4,False,0.603291898819608,0.4
drift_away,-1,gated,0.026,48,1,1.0,True,0.4,False,0.4,0.4
drift_away,-1,gated,0.026,49,0,0.0029786332283697355,False,0.4,False,0.6029786332283698,0.4
drift_away,-1,gated,0.026,49,1,1.0,True,0.4,False,0.4,0.4
drift_away,-1,gated,0.026,50,0,0.002695178799634187,False,0.4,False,0.6026951787996342,0.4
drift_away,-1,gated,0.026,50,1,1.0,True,0.4,False,0.4,0.4
drift_away,-1,gated,0.026,51,0,0.0024386986262062552,False,0.4,False,0.6024386986262062,0.4
drift_away,-1,gated,0.026,51,1,1.0,True,0.4,False,0.4,0.4
drift_away,-1,gated,0.026,52,0,0.002206625768304309,False,0.4,False,0.6022066257683043,0.4
drift_away,-1,gated,0.026,52,1,1.0,True,0.4,False,0.4,0.4
drift_away,-1,gated,0.026,53,0,0.001996637562764087,False,0.4,False,0.6019966375627641,0.4
drift_away,-1,gated,0.026,53,1,1.0,True,0.4,False,0.4,0.4
drift_away,-1,gated,0.026,54,0,0.0018066323770450665,False,0.4,False,0.601806632377045,0.4
drift_away,-1,gated,0.026,54,1,1.0,True,0.4,False,0.4,0.4
drift_away,-1,gated,0.026,55,0,0.0016347085753856266,False,0.4,False,0.6016347085753856,0.4
drift_away,-1,gated,0.026,55,1,1.0,True,0.4,False,0.4,0.4
drift_away,-1,gated,0.026,56,0,0.001479145486593173,False,0.4,False,0.6014791454865931,0.4
drift_away,-1,gated,0.026,56,1,1.0,True,0.4,False,0.4,0.4
drift_away,-1,gated,0.026,57,0,0.001338386182988509,False,0.4,False,0.6013383861829884,0.4
drift_away,-1,gated,0.026,57,1,1.0,True,0.4,False,0.4,0.4
drift_away,-1,gated,0.026,58,0,0.0012110218981503263,False,0.4,False,0.6012110218981503,0.4
drift_away,-1,gated,0.026,58,1,1.0,True,0.4,False,0.4,0.4
drift_away,-1,gated,0.026,59,0,0.0010957779275073474,False,0.4,False,0.6010957779275073,0.4
drift_away,-1,gated,0.026,59,1,1.0,True,0.4,False,0.4,0.4
drift_away,-1,gated,0.026,60,0,0.0009915008706665434,False,0.4,False,0.6009915008706666,0.4
drift_away,-1,gated,0.026,60,1,1.0,True,0.4,False,0.4,0.4
drift_away,-1,gated,0.026,61,0,0.0008971470877943213,False,0.4,False,0.6008971470877943,0.4
drift_away,-1,gated,0.026,61,1,1.0,True,0.4,False,0.4,0.4
drift_away,-1,gated,0.026,62,0,0.0008117722545182937,False,0.4,False,0.6008117722545183,0.4
drift_away,-1,gated,0.026,62,1,1.0,True,0.4,False,0.4,0.4
drift_away,-1,gated,0.026,63,0,0.0007345219108115629,False,0.4,False,0.6007345219108116,0.4
drift_away,-1,gated,0.026,63,1,1.0,True,0.4,False,0.4,0.4
drift_away,-1,gated,0.026,64,0,0.0006646229092695736,False,0.4,False,0.6006646229092696,0.4
drift_away,-1,gated,0.026,64,1,1.0,True,0.4,False,0.4,0.4
drift_away,-1,gated,0.026,65,0,0.000601375677191029,False,0.4,False,0.6006013756771911,0.4
drift_away,-1,gated,0.026,65,1,1.0,True,0.4,False,0.4,0.4
drift_away,-1,gated,0.026,66,0,0.0005441472150191576,False,0.4,False,0.6005441472150191,0.4
drift_away,-1,gated,0.026,66,1,1.0,True,0.4,False,0.4,0.4
drift_away,-1,gated,0.026,67,0,0.0004923647610693924,False,0.4,False,0.6004923647610694,0.4
drift_away,-1,gated,0.026,67,1,1.0,True,0.4,False,0.4,0.4
drift_away,-1,gated,0.026,68,0,0.0004455100591379213,False,0.4,False,0.6004455100591379,0.4
drift_away,-1,gated,0.026,68,1,1.0,True,0.4,False,0.4,0.4
drift_away,-1,gated,0.026,69,0,0.0004031141716194042,False,0.4,False,0.6004031141716194,0.4
drift_away,-1,gated,0.026,69,1,1.0,True,0.4,False,0.4,0.4
drift_away,-1,gated,0.026,70,0,0.0003647527862218065,False,0.4,False,0.6003647527862218,0.4
drift_away,-1,gated,0.026,70,1,1.0,True,0.4,False,0.4,0.4
drift_away,-1,gated,0.026,71,0,0.00033004196930636184,False,0.4,False,0.6003300419693063,0.4
drift_away,-1,gated,0.026,71,1,1.0,True,0.4,False,0.4,0.4
drift_away,-1,gated,0.026,72,0,0.0002986343233506717,False,0.4,False,0.6002986343233507,0.4
drift_away,-1,gated,0.026,72,1,1.0,True,0.4,False,0.4,0.4
drift_away,-1,gated,0.026,73,0,0.00027021551007753774,False,0.4,False,0.6002702155100775,0.4
drift_away,-1,gated,0.026,73,1,1.0,True,0.4,False,0.4,0.4
drift_away,-1,gated,0.026,74,0,0.0002445011044518289,False,0.4,False,0.6002445011044518,0.4
drift_away,-1,gated,0.026,74,1,1.0,True,0.4,False,0.4,0.4
drift_away,-1,gated,0.026,75,0,0.00022123374805913345,False,0.4,False,0.6002212337480591,0.4
drift_away,-1,gated,0.026,75,1,1.0,True,0.4,False,0.4,0.4
drift_away,-1,gated,0.026,76,0,0.00020018057337624435,False,0.4,False,0.6002001805733762,0.4
drift_away,-1,gated,0.026,76,1,1.0,True,0.4,False,0.4,0.4
drift_away,-1,gated,0.026,77,0,0.0001811308731547188,False,0.4,False,0.6001811308731547,0.4
drift_away,-1,gated,0.026,77,1,1.0,True,0.4,False,0.4,0.4
drift_away,-1,gated,0.026,78,0,0.00016389399159191472,False,0.4,False,0.6001638939915919,0.4
drift_away,-1,gated,0.026,78,1,1.0,True,0.4,False,0.4,0.4
drift_away,-1,gated,0.026,79,0,0.0001482974161836353,False,0.4,False,0.6001482974161836,0.4
drift_away,-1,gated,0.026,79,1,1.0,True,0.4,False,0.4,0.4
drift_away,-1,gated,0.026,80,0,0.00013418505116100476,False,0.4,False,0.600134185051161,0.4
drift_away,-1,gated,0.026,80,1,1.0,True,0.4,False,0.4,0.4
drift_away,-1,accept_all,0.026,1,0,0.36193496721438384,False,0.4,True,0.9619349672143838,0.36193496721438384
drift_away,-1,accept_all,0.026,1,1,1.0,True,0.36193496721438384,True,0.3619349672143839,1.0
drift_away,-1,accept_all,0.026,2,0,0.3274923012311928,False,1.0,True,0.3274923012311928,0.3274923012311928
drift_away,-1,accept_all,0.026,2,1,1.0,True,0.3274923012311928,True,0.3274923012311928,1.0
drift_away,-1,accept_all,0.026,3,0,0.2963272882726872,False,1.0,True,0.2963272882726872,0.2963272882726872
drift_away,-1,accept_all,0.026,3,1,1.0,True,0.2963272882726872,True,0.2963272882726872,1.0
drift_away,-1,accept_all,0.026,4,0,0.26812801841425576,False,1.0,True,0.2681280184142558,0.26812801841425576
drift_away,-1,accept_all,0.026,4,1,1.0,True,0.26812801841425576,True,0.2681280184142558,1.0
drift_away,-1,accept_all,0.026,5,0,0.2426122638850534,False,1.0,True,0.24261226388505341,0.2426122638850534
drift_away,-1,accept_all,0.026,5,1,1.0,True,0.2426122638850534,True,0.24261226388505341,1.0
drift_away,-1,accept_all,0.026,6,0,0.21952465443761057,False,1.0,True,0.2195246544376106,0.21952465443761057
drift_away,-1,accept_all,0.026,6,1,1.0,True,0.21952465443761057,True,0.2195246544376106,1.0
drift_away,-1,accept_all,0.026,7,0,0.19863412151656382,False,1.0,True,0.1986341215165638,0.19863412151656382
drift_away,-1,accept_all,0.026,7,1,1.0,True,0.19863412151656382,True,0.1986341215165638,1.0
drift_away,-1,accept_all,0.026,8,0,0.17973158564688863,False,1.0,True,0.17973158564688863,0.17973158564688863
drift_away,-1,accept_all,0.026,8,1,1.0,True,0.17973158564688863,True,0.17973158564688863,1.0
drift_away,-1,accept_all,0.026,9,0,0.16262786389623965,False,1.0,True,0.16262786389623962,0.16262786389623965
drift_away,-1,accept_all,0.026,9,1,1.0,True,0.16262786389623965,True,0.16262786389623962,1.0
drift_away,-1,accept_all,0.026,10,0,0.14715177646857694,False,1.0,True,0.1471517764685769,0.14715177646857694
drift_away,-1,accept_all,0.026,10,1,1.0,True,0.14715177646857694,True,0.1471517764685769,1.0
drift_away,-1,accept_all,0.026,11,0,0.13314843347923183,False,1.0,True,0.1331484334792319,0.13314843347923183
drift_away,-1,accept_all,0.026,11,1,1.0,True,0.13314843347923183,True,0.1331484334792319,1.0
drift_away,-1,accept_all,0.026,12,0,0.12047768476488085,False,1.0,True,0.12047768476488085,0.12047768476488085
drift_away,-1,accept_all,0.026,12,1,1.0,True,0.12047768476488085,True,0.12047768476488085,1.0
drift_away,-1,accept_all,0.026,13,0,0.10901271721360505,False,1.0,True,0.10901271721360506,0.10901271721360505
drift_away,-1,accept_all,0.026,13,1,1.0,True,0.10901271721360505,True,0.10901271721360506,1.0
drift_away,-1,accept_all,0.026,14,0,0.0986387855766426,False,1.0,True,0.09863878557664263,0.0986387855766426
drift_away,-1,accept_all,0.026,14,1,1.0,True,0.0986387855766426,True,0.09863878557664263,1.0
drift_away,-1,accept_all,0.026,15,0,0.08925206405937193,False,1.0,True,0.08925206405937192,0.08925206405937193
drift_away,-1,accept_all,0.026,15,1,1.0,True,0.08925206405937193,True,0.08925206405937192,1.0
drift_away,-1,accept_all,0.026,16,0,0.08075860719786215,False,1.0,True,0.0807586071978621,0.08075860719786215
drift_away,-1,accept_all,0.026,16,1,1.0,True,0.08075860719786215,True,0.0807586071978621,1.0
drift_away,-1,accept_all,0.026,17,0,0.07307340962109386,False,1.0,True,0.07307340962109388,0.07307340962109386
drift_away,-1,accept_all,0.026,17,1,1.0,True,0.07307340962109386,True,0.07307340962109388,1.0
drift_away,-1,accept_all,0.026,18,0,0.06611955528863461,False,1.0,True,0.06611955528863467,0.06611955528863461
drift_away,-1,accept_all,0.026,18,1,1.0,True,0.06611955528863461,True,0.06611955528863467,1.0
drift_away,-1,accept_all,0.026,19,0,0.05982744768905403,False,1.0,True,0.059827447689054014,0.05982744768905403
drift_away,-1,accept_all,0.026,19,1,1.0,True,0.05982744768905403,True,0.059827447689054014,1.0
drift_away,-1,accept_all,0.026,20,0,0.054134113294645084,False,1.0,True,0.054134113294645125,0.054134113294645084
drift_away,-1,accept_all,0.026,20,1,1.0,True,0.054134113294645084,True,0.054134113294645125,1.0
drift_away,-1,accept_all,0.026,21,0,0.04898257130119277,False,1.0,True,0.04898257130119277,0.04898257130119277
drift_away,-1,accept_all,0.026,21,1,1.0,True,0.04898257130119277,True,0.04898257130119277,1.0
drift_away,-1,accept_all,0.026,22,0,0.044321263344933554,False,1.0,True,0.04432126334493358,0.044321263344933554
drift_away,-1,accept_all,0.026,22,1,1.0,True,0.044321263344933554,True,0.04432126334493358,1.0
drift_away,-1,accept_all,0.026,23,0,0.0401035374891215,False,1.0,True,0.040103537489121543,0.0401035374891215
drift_away,-1,accept_all,0.026,23,1,1.0,True,0.0401035374891215,True,0.040103537489121543,1.0
drift_away,-1,accept_all,0.026,24,0,0.036287181315765006,False,1.0,True,0.03628718131576503,0.036287181315765006
drift_away,-1,accept_all,0.026,24,1,1.0,True,0.036287181315765006,True,0.03628718131576503,1.0
drift_away,-1,accept_all,0.026,25,0,0.032833999449559524,False,1.0,True,0.03283399944955956,0.032833999449559524
drift_away,-1,accept_all,0.026,25,1,1.0,True,0.032833999449559524,True,0.03283399944955956,1.0
drift_away,-1,accept_all,0.026,26,0,0.029709431285733553,False,1.0,True,0.029709431285733556,0.029709431285733553
drift_away,-1,accept_all,0.026,26,1,1.0,True,0.029709431285733553,True,0.029709431285733556,1.0
drift_away,-1,accept_all,0.026,27,0,0.026882205095899905,False,1.0,True,0.02688220509589989,0.026882205095899905
drift_away,-1,accept_all,0.026,27,1,1.0,True,0.026882205095899905,True,0.02688220509589989,1.0
drift_away,-1,accept_all,0.026,28,0,0.02432402505008719,False,1.0,True,0.02432402505008724,0.02432402505008719
drift_away,-1,accept_all,0.026,28,1,1.0,True,0.02432402505008719,True,0.02432402505008724,1.0
drift_away,-1,accept_all,0.026,29,0,0.022009288022562894,False,1.0,True,0.022009288022562856,0.022009288022562894
drift_away,-1,accept_all,0.026,29,1,1.0,True,0.022009288022562894,True,0.022009288022562856,1.0
drift_away,-1,accept_all,0.026,30,0,0.01991482734714558,False,1.0,True,0.01991482734714556,0.01991482734714558
drift_away,-1,accept_all,0.026,30,1,1.0,True,0.01991482734714558,True,0.01991482734714556,1.0
drift_away,-1,accept_all,0.026,31,0,0.01801968095742312,False,1.0,True,0.018019680957423123,0.01801968095742312
drift_away,-1,accept_all,0.026,31,1,1.0,True,0.01801968095742312,True,0.018019680957423123,1.0
drift_away,-1,accept_all,0.026,32,0,0.016304881591346486,False,1.0,True,0.016304881591346465,0.016304881591346486
drift_away,-1,accept_all,0.026,32,1,1.0,True,0.016304881591346486,True,0.016304881591346465,1.0
drift_away,-1,accept_all,0.026,33,0,0.014753266960496007,False,1.0,True,0.014753266960496059,0.014753266960496007
drift_away,-1,accept_all,0.026,33,1,1.0,True,0.014753266960496007,True,0.014753266960496059,1.0
drift_away,-1,accept_all,0.026,34,0,0.013349307984130433,False,1.0,True,0.013349307984130476,0.013349307984130433
drift_away,-1,accept_all,0.026,34,1,1.0,True,0.013349307984130433,True,0.013349307984130476,1.0
drift_away,-1,accept_all,0.026,35,0,0.0120789533689274,False,1.0,True,0.012078953368927392,0.0120789533689274
drift_away,-1,accept_all,0.026,35,1,1.0,True,0.0120789533689274,True,0.012078953368927392,1.0
drift_away,-1,accept_all,0.026,36,0,0.010929488978917025,False,1.0,True,0.01092948897891699,0.010929488978917025
drift_away,-1,accept_all,0.026,36,1,1.0,True,0.010929488978917025,True,0.01092948897891699,1.0
drift_away,-1,accept_all,0.026,37,0,0.009889410588135757,False,1.0,True,0.00988941058813575,0.009889410588135757
drift_away,-1,accept_all,0.026,37,1,1.0,True,0.009889410588135757,True,0.00988941058813575,1.0
drift_away,-1,accept_all,0.026,38,0,0.008948308742466242,False,1.0,True,0.008948308742466216,0.008948308742466242
drift_away,-1,accept_all,0.026,38,1,1.0,True,0.008948308742466242,True,0.008948308742466216,1.0
drift_away,-1,accept_all,0.026,39,0,0.008096764578321756,False,1.0,True,0.008096764578321758,0.008096764578321756
drift_away,-1,accept_all,0.026,39,1,1.0,True,0.008096764578321756,True,0.008096764578321758,1.0
drift_away,-1,accept_all,0.026,40,0,0.007326255555493672,False,1.0,True,0.00732625555549371,0.007326255555493672
drift_away,-1,accept_all,0.026,40,1,1.0,True,0.007326255555493672,True,0.00732625555549371,1.0
drift_away,-1,accept_all,0.026,41,0,0.006629070160704503,False,1.0,True,0.006629070160704464,0.006629070160704503
drift_away,-1,accept_all,0.026,41,1,1.0,True,0.006629070160704503,True,0.006629070160704464,1.0
drift_away,-1,accept_all,0.026,42,0,0.0059982307281910814,False,1.0,True,0.005998230728191056,0.0059982307281910814
drift_away,-1,accept_all,0.026,42,1,1.0,True,0.0059982307281910814,True,0.005998230728191056,1.0
drift_away,-1,accept_all,0.026,43,0,0.005427423604880374,False,1.0,True,0.005427423604880355,0.005427423604880374
drift_away,-1,accept_all,0.026,43,1,1.0,True,0.005427423604880374,True,0.005427423604880355,1.0
drift_away,-1,accept_all,0.026,44,0,0.0049109359612273746,False,1.0,True,0.004910935961227381,0.0049109359612273746
drift_away,-1,accept_all,0.026,44,1,1.0,True,0.0049109359612273746,True,0.004910935961227381,1.0
drift_away,-1,accept_all,0.026,45,0,0.004443598615296923,False,1.0,True,0.004443598615296973,0.004443598615296923
drift_away,-1,accept_all,0.026,45,1,1.0,True,0.004443598615296923,True,0.004443598615296973,1.0
drift_away,-1,accept_all,0.026,46,0,0.004020734297853434,False,1.0,True,0.004020734297853434,0.004020734297853434
drift_away,-1,accept_all,0.026,46,1,1.0,True,0.004020734297853434,True,0.004020734297853434,1.0
drift_away,-1,accept_all,0.026,47,0,0.0036381108406783264,False,1.0,True,0.0036381108406783325,0.0036381108406783264
drift_away,-1,accept_all,0.026,47,1,1.0,True,0.0036381108406783264,True,0.0036381108406783325,1.0
drift_away,-1,accept_all,0.026,48,0,0.0032918988196080122,False,1.0,True,0.003291898819608008,0.0032918988196080122
drift_away,-1,accept_all,0.026,48,1,1.0,True,0.0032918988196080122,True,0.003291898819608008,1.0
drift_away,-1,accept_all,0.026,49,0,0.0029786332283697355,False,1.0,True,0.002978633228369776,0.0029786332283697355
drift_away,-1,accept_all,0.026,49,1,1.0,True,0.0029786332283697355,True,0.002978633228369776,1.0
drift_away,-1,accept_all,0.026,50,0,0.002695178799634187,False,1.0,True,0.0026951787996342125,0.002695178799634187
drift_away,-1,accept_all,0.026,50,1,1.0,True,0.002695178799634187,True,0.0026951787996342125,1.0
drift_away,-1,accept_all,0.026,51,0,0.0024386986262062552,False,1.0,True,0.0024386986262062704,0.0024386986262062552
drift_away,-1,accept_all,0.026,51,1,1.0,True,0.0024386986262062552,True,0.0024386986262062704,1.0
drift_away,-1,accept_all,0.026,52,0,0.002206625768304309,False,1.0,True,0.0022066257683043267,0.002206625768304309
drift_away,-1,accept_all,0.026,52,1,1.0,True,0.002206625768304309,True,0.0022066257683043267,1.0
drift_away,-1,accept_all,0.026,53,0,0.001996637562764087,False,1.0,True,0.0019966375627641364,0.001996637562764087
drift_away,-1,accept_all,0.026,53,1,1.0,True,0.001996637562764087,True,0.0019966375627641364,1.0
drift_away,-1,accept_all,0.026,54,0,0.0018066323770450665,False,1.0,True,0.0018066323770450365,0.0018066323770450665
drift_away,-1,accept_all,0.026,54,1,1.0,True,0.0018066323770450665,True,0.0018066323770450365,1.0
drift_away,-1,accept_all,0.026,55,0,0.0016347085753856266,False,1.0,True,0.0016347085753856128,0.0016347085753856266
drift_away,-1,accept_all,0.026,55,1,1.0,True,0.0016347085753856266,True,0.0016347085753856128,1.0
drift_away,-1,accept_all,0.026,56,0,0.001479145486593173,False,1.0,True,0.0014791454865932252,0.001479145486593173
drift_away,-1,accept_all,0.026,56,1,1.0,True,0.001479145486593173,True,0.0014791454865932252,1.0
drift_away,-1,accept_all,0.026,57,0,0.001338386182988509,False,1.0,True,0.001338386182988538,0.001338386182988509
drift_away,-1,accept_all,0.026,57,1,1.0,True,0.001338386182988509,True,0.001338386182988538,1.0
drift_away,-1,accept_all,0.026,58,0,0.0012110218981503263,False,1.0,True,0.0012110218981503662,0.0012110218981503263
drift_away,-1,accept_all,0.026,58,1,1.0,True,0.0012110218981503263,True,0.0012110218981503662,1.0
drift_away,-1,accept_all,0.026,59,0,0.0010957779275073474,False,1.0,True,0.0010957779275073687,0.0010957779275073474
drift_away,-1,accept_all,0.026,59,1,1.0,True,0.0010957779275073474,True,0.0010957779275073687,1.0
drift_away,-1,accept_all,0.026,60,0,0.0009915008706665434,False,1.0,True,0.0009915008706665729,0.0009915008706665434
drift_away,-1,accept_all,0.026,60,1,1.0,True,0.0009915008706665434,True,0.0009915008706665729,1.0
drift_away,-1,accept_all,0.026,61,0,0.0008971470877943213,False,1.0,True,0.0008971470877943144,0.0008971470877943213
drift_away,-1,accept_all,0.026,61,1,1.0,True,0.0008971470877943213,True,0.0008971470877943144,1.0
drift_away,-1,accept_all,0.026,62,0,0.0008117722545182937,False,1.0,True,0.0008117722545183392,0.0008117722545182937
drift_away,-1,accept_all,0.026,62,1,1.0,True,0.0008117722545182937,True,0.0008117722545183392,1.0
drift_away,-1,accept_all,0.026,63,0,0.0007345219108115629,False,1.0,True,0.0007345219108115808,0.0007345219108115629
drift_away,-1,accept_all,0.026,63,1,1.0,True,0.0007345219108115629,True,0.0007345219108115808,1.0
drift_away,-1,accept_all,0.026,64,0,0.0006646229092695736,False,1.0,True,0.0006646229092696077,0.0006646229092695736
drift_away,-1,accept_all,0.026,64,1,1.0,True,0.0006646229092695736,True,0.0006646229092696077,1.0
drift_away,-1,accept_all,0.026,65,0,0.000601375677191029,False,1.0,True,0.0006013756771909851,0.000601375677191029
drift_away,-1,accept_all,0.026,65,1,1.0,True,0.000601375677191029,True,0.0006013756771909851,1.0
drift_away,-1,accept_all,0.026,66,0,0.0005441472150191576,False,1.0,True,0.000544147215019164,0.0005441472150191576
drift_away,-1,accept_all,0.026,66,1,1.0,True,0.0005441472150191576,True,0.000544147215019164,1.0
drift_away,-1,accept_all,0.026,67,0,0.0004923647610693924,False,1.0,True,0.0004923647610693971,0.0004923647610693924
drift_away,-1,accept_all,0.026,67,1,1.0,True,0.0004923647610693924,True,0.0004923647610693971,1.0
drift_away,-1,accept_all,0.026,68,0,0.0004455100591379213,False,1.0,True,0.0004455100591379546,0.0004455100591379213
drift_away,-1,accept_all,0.026,68,1,1.0,True,0.0004455100591379213,True,0.0004455100591379546,1.0
drift_away,-1,accept_all,0.026,69,0,0.0004031141716194042,False,1.0,True,0.0004031141716194231,0.0004031141716194042
drift_away,-1,accept_all,0.026,69,1,1.0,True,0.0004031141716194042,True,0.0004031141716194231,1.0
drift_away,-1,accept_all,0.026,70,0,0.0003647527862218065,False,1.0,True,0.0003647527862218336,0.0003647527862218065
drift_away,-1,accept_all,0.026,70,1,1.0,True,0.0003647527862218065,True,0.0003647527862218336,1.0
drift_away,-1,accept_all,0.026,71,0,0.00033004196930636184,False,1.0,True,0.00033004196930641605,0.00033004196930636184
drift_away,-1,accept_all,0.026,71,1,1.0,True,0.00033004196930636184,True,0.00033004196930641605,1.0
drift_away,-1,accept_all,0.026,72,0,0.0002986343233506717,False,1.0,True,0.0002986343233506439,0.0002986343233506717
drift_away,-1,accept_all,0.026,72,1,1.0,True,0.0002986343233506717,True,0.0002986343233506439,1.0
drift_away,-1,accept_all,0.026,73,0,0.00027021551007753774,False,1.0,True,0.00027021551007755384,0.00027021551007753774
drift_away,-1,accept_all,0.026,73,1,1.0,True,0.00027021551007753774,True,0.00027021551007755384,1.0
drift_away,-1,accept_all,0.026,74,0,0.0002445011044518289,False,1.0,True,0.00024450110445184414,0.0002445011044518289
drift_away,-1,accept_all,0.026,74,1,1.0,True,0.0002445011044518289,True,0.00024450110445184414,1.0
drift_away,-1,accept_all,0.026,75,0,0.00022123374805913345,False,1.0,True,0.00022123374805915752,0.00022123374805913345
drift_away,-1,accept_all,0.026,75,1,1.0,True,0.00022123374805913345,True,0.00022123374805915752,1.0
drift_away,-1,accept_all,0.026,76,0,0.00020018057337624435,False,1.0,True,0.00020018057337622963,0.00020018057337624435
drift_away,-1,accept_all,0.026,76,1,1.0,True,0.00020018057337624435,True,0.00020018057337622963,1.0
drift_away,-1,accept_all,0.026,77,0,0.0001811308731547188,False,1.0,True,0.00018113087315474452,0.0001811308731547188
drift_away,-1,accept_all,0.026,77,1,1.0,True,0.0001811308731547188,True,0.00018113087315474452,1.0
drift_away,-1,accept_all,0.026,78,0,0.00016389399159191472,False,1.0,True,0.00016389399159189022,0.00016389399159191472
drift_away,-1,accept_all,0.026,78,1,1.0,True,0.00016389399159191472,True,0.00016389399159189022,1.0
drift_away,-1,accept_all,0.026,79,0,0.0001482974161836353,False,1.0,True,0.00014829741618360703,0.0001482974161836353
drift_away,-1,accept_all,0.026,79,1,1.0,True,0.0001482974161836353,True,0.00014829741618360703,1.0
drift_away,-1,accept_all,0.026,80,0,0.00013418505116100476,False,1.0,True,0.00013418505116102875,0.00013418505116100476
drift_away,-1,accept_all,0.026,80,1,1.0,True,0.00013418505116100476,True,0.00013418505116102875,1.0
drift_away,-1,reference_only,0.026,1,0,0.36193496721438384,False,0.4,False,0.9619349672143838,0.4
drift_away,-1,reference_only,0.026,1,1,1.0,True,0.4,True,0.4,1.0
drift_away,-1,reference_only,0.026,2,0,0.3274923012311928,False,1.0,False,0.3274923012311928,1.0
drift_away,-1,reference_only,0.026,2,1,1.0,True,1.0,True,1.0,1.0
drift_away,-1,reference_only,0.026,3,0,0.2963272882726872,False,1.0,False,0.2963272882726872,1.0
drift_away,-1,reference_only,0.026,3,1,1.0,True,1.0,True,1.0,1.0
drift_away,-1,reference_only,0.026,4,0,0.26812801841425576,False,1.0,False,0.2681280184142558,1.0
drift_away,-1,reference_only,0.026,4,1,1.0,True,1.0,True,1.0,1.0
drift_away,-1,reference_only,0.026,5,0,0.2426122638850534,False,1.0,False,0.24261226388505341,1.0
drift_away,-1,reference_only,0.026,5,1,1.0,True,1.0,True,1.0,1.0
drift_away,-1,reference_only,0.026,6,0,0.21952465443761057,False,1.0,False,0.2195246544376106,1.0
drift_away,-1,reference_only,0.026,6,1,1.0,True,1.0,True,1.0,1.0
drift_away,-1,reference_only,0.026,7,0,0.19863412151656382,False,1.0,False,0.1986341215165638,1.0
drift_away,-1,reference_only,0.026,7,1,1.0,True,1.0,True,1.0,1.0
drift_away,-1,reference_only,0.026,8,0,0.17973158564688863,False,1.0,False,0.17973158564688863,1.0
drift_away,-1,reference_only,0.026,8,1,1.0,True,1.0,True,1.0,1.0
drift_away,-1,reference_only,0.026,9,0,0.16262786389623965,False,1.0,False,0.16262786389623962,1.0
drift_away,-1,reference_only,0.026,9,1,1.0,True,1.0,True,1.0,1.0
drift_away,-1,reference_only,0.026,10,0,0.14715177646857694,False,1.0,False,0.1471517764685769,1.0
drift_away,-1,reference_only,0.026,10,1,1.0,True,1.0,True,1.0,1.0
drift_away,-1,reference_only,0.026,11,0,0.13314843347923183,False,1.0,False,0.1331484334792319,1.0
drift_away,-1,reference_only,0.026,11,1,1.0,True,1.0,True,1.0,1.0
drift_away,-1,reference_only,0.026,12,0,0.12047768476488085,False,1.0,False,0.12047768476488085,1.0
drift_away,-1,reference_only,0.026,12,1,1.0,True,1.0,True,1.0,1.0
drift_away,-1,reference_only,0.026,13,0,0.10901271721360505,False,1.0,False,0.10901271721360506,1.0
drift_away,-1,reference_only,0.026,13,1,1.0,True,1.0,True,1.0,1.0
drift_away,-1,reference_only,0.026,14,0,0.0986387855766426,False,1.0,False,0.09863878557664263,1.0
drift_away,-1,reference_only,0.026,14,1,1.0,True,1.0,True,1.0,1.0
drift_away,-1,reference_only,0.026,15,0,0.08925206405937193,False,1.0,False,0.08925206405937192,1.0
drift_away,-1,reference_only,0.026,15,1,1.0,True,1.0,True,1.0,1.0
drift_away,-1,reference_only,0.026,16,0,0.08075860719786215,False,1.0,False,0.0807586071978621,1.0
drift_away,-1,reference_only,0.026,16,1,1.0,True,1.0,True,1.0,1.0
drift_away,-1,reference_only,0.026,17,0,0.07307340962109386,False,1.0,False,0.07307340962109388,1.0
drift_away,-1,reference_only,0.026,17,1,1.0,True,1.0,True,1.0,1.0
drift_away,-1,reference_only,0.026,18,0,0.06611955528863461,False,1.0,False,0.06611955528863467,1.0
drift_away,-1,reference_only,0.026,18,1,1.0,True,1.0,True,1.0,1.0
drift_away,-1,reference_only,0.026,19,0,0.05982744768905403,False,1.0,False,0.059827447689054014,1.0
drift_away,-1,reference_only,0.026,19,1,1.0,True,1.0,True,1.0,1.0
drift_away,-1,reference_only,0.026,20,0,0.054134113294645084,False,1.0,False,0.054134113294645125,1.0
drift_away,-1,reference_only,0.026,20,1,1.0,True,1.0,True,1.0,1.0
drift_away,-1,reference_only,0.026,21,0,0.04898257130119277,False,1.0,False,0.04898257130119277,1.0
drift_away,-1,reference_only,0.026,21,1,1.0,True,1.0,True,1.0,1.0
drift_away,-1,reference_only,0.026,22,0,0.044321263344933554,False,1.0,False,0.04432126334493358,1.0
drift_away,-1,reference_only,0.026,22,1,1.0,True,1.0,True,1.0,1.0
drift_away,-1,reference_only,0.026,23,0,0.0401035374891215,False,1.0,False,0.040103537489121543,1.0
drift_away,-1,reference_only,0.026,23,1,1.0,True,1.0,True,1.0,1.0
drift_away,-1,reference_only,0.026,24,0,0.036287181315765006,False,1.0,False,0.03628718131576503,1.0
drift_away,-1,reference_only,0.026,24,1,1.0,True,1.0,True,1.0,1.0
drift_away,-1,reference_only,0.026,25,0,0.032833999449559524,False,1.0,False,0.03283399944955956,1.0
drift_away,-1,reference_only,0.026,25,1,1.0,True,1.0,True,1.0,1.0
drift_away,-1,reference_only,0.026,26,0,0.029709431285733553,False,1.0,False,0.029709431285733556,1.0
drift_away,-1,reference_only,0.026,26,1,1.0,True,1.0,True,1.0,1.0
drift_away,-1,reference_only,0.026,27,0,0.026882205095899905,False,1.0,False,0.02688220509589989,1.0
drift_away,-1,reference_only,0.026,27,1,1.0,True,1.0,True,1.0,1.0
drift_away,-1,reference_only,0.026,28,0,0.02432402505008719,False,1.0,False,0.02432402505008724,1.0
drift_away,-1,reference_only,0.026,28,1,1.0,True,1.0,True,1.0,1.0
drift_away,-1,reference_only,0.026,29,0,0.022009288022562894,False,1.0,False,0.022009288022562856,1.0
drift_away,-1,reference_only,0.026,29,1,1.0,True,1.0,True,1.0,1.0
drift_away,-1,reference_only,0.026,30,0,0.01991482734714558,False,1.0,False,0.01991482734714556,1.0
drift_away,-1,reference_only,0.026,30,1,1.0,True,1.0,True,1.0,1.0
drift_away,-1,reference_only,0.026,31,0,0.01801968095742312,False,1.0,False,0.018019680957423123,1.0
drift_away,-1,reference_only,0.026,31,1,1.0,True,1.0,True,1.0,1.0
drift_away,-1,reference_only,0.026,32,0,0.016304881591346486,False,1.0,False,0.016304881591346465,1.0
drift_away,-1,reference_only,0.026,32,1,1.0,True,1.0,True,1.0,1.0
drift_away,-1,reference_only,0.026,33,0,0.014753266960496007,False,1.0,False,0.014753266960496059,1.0
drift_away,-1,reference_only,0.026,33,1,1.0,True,1.0,True,1.0,1.0
drift_away,-1,reference_only,0.026,34,0,0.013349307984130433,False,1.0,False,0.013349307984130476,1.0
drift_away,-1,reference_only,0.026,34,1,1.0,True,1.0,True,1.0,1.0
drift_away,-1,reference_only,0.026,35,0,0.0120789533689274,False,1.0,False,0.012078953368927392,1.0
drift_away,-1,reference_only,0.026,35,1,1.0,True,1.0,True,1.0,1.0
drift_away,-1,reference_only,0.026,36,0,0.010929488978917025,False,1.0,False,0.01092948897891699,1.0
drift_away,-1,reference_only,0.026,36,1,1.0,True,1.0,True,1.0,1.0
drift_away,-1,reference_only,0.026,37,0,0.009889410588135757,False,1.0,False,0.00988941058813575,1.0
drift_away,-1,reference_only,0.026,37,1,1.0,True,1.0,True,1.0,1.0
drift_away,-1,reference_only,0.026,38,0,0.008948308742466242,False,1.0,False,0.008948308742466216,1.0
drift_away,-1,reference_only,0.026,38,1,1.0,True,1.0,True,1.0,1.0
drift_away,-1,reference_only,0.026,39,0,0.008096764578321756,False,1.0,False,0.008096764578321758,1.0
drift_away,-1,reference_only,0.026,39,1,1.0,True,1.0,True,1.0,1.0
drift_away,-1,reference_only,0.026,40,0,0.007326255555493672,False,1.0,False,0.00732625555549371,1.0
drift_away,-1,reference_only,0.026,40,1,1.0,True,1.0,True,1.0,1.0
drift_away,-1,reference_only,0.026,41,0,0.006629070160704503,False,1.0,False,0.006629070160704464,1.0
drift_away,-1,reference_only,0.026,41,1,1.0,True,1.0,True,1.0,1.0
drift_away,-1,reference_only,0.026,42,0,0.0059982307281910814,False,1.0,False,0.005998230728191056,1.0
drift_away,-1,reference_only,0.026,42,1,1.0,True,1.0,True,1.0,1.0
drift_away,-1,reference_only,0.026,43,0,0.005427423604880374,False,1.0,False,0.005427423604880355,1.0
drift_away,-1,reference_only,0.026,43,1,1.0,True,1.0,True,1.0,1.0
drift_away,-1,reference_only,0.026,44,0,0.0049109359612273746,False,1.0,False,0.004910935961227381,1.0
drift_away,-1,reference_only,0.026,44,1,1.0,True,1.0,True,1.0,1.0
drift_away,-1,reference_only,0.026,45,0,0.004443598615296923,False,1.0,False,0.004443598615296973,1.0
drift_away,-1,reference_only,0.026,45,1,1.0,True,1.0,True,1.0,1.0
drift_away,-1,reference_only,0.026,46,0,0.004020734297853434,False,1.0,False,0.004020734297853434,1.0
drift_away,-1,reference_only,0.026,46,1,1.0,True,1.0,True,1.0,1.0
drift_away,-1,reference_only,0.026,47,0,0.0036381108406783264,False,1.0,False,0.0036381108406783325,1.0
drift_away,-1,reference_only,0.026,47,1,1.0,True,1.0,True,1.0,1.0
drift_away,-1,reference_only,0.026,48,0,0.0032918988196080122,False,1.0,False,0.003291898819608008,1.0
drift_away,-1,reference_only,0.026,48,1,1.0,True,1.0,True,1.0,1.0
drift_away,-1,reference_only,0.026,49,0,0.0029786332283697355,False,1.0,False,0.002978633228369776,1.0
drift_away,-1,reference_only,0.026,49,1,1.0,True,1.0,True,1.0,1.0
drift_away,-1,reference_only,0.026,50,0,0.002695178799634187,False,1.0,False,0.0026951787996342125,1.0
drift_away,-1,reference_only,0.026,50,1,1.0,True,1.0,True,1.0,1.0
drift_away,-1,reference_only,0.026,51,0,0.0024386986262062552,False,1.0,False,0.0024386986262062704,1.0
drift_away,-1,reference_only,0.026,51,1,1.0,True,1.0,True,1.0,1.0
drift_away,-1,reference_only,0.026,52,0,0.002206625768304309,False,1.0,False,0.0022066257683043267,1.0
drift_away,-1,reference_only,0.026,52,1,1.0,True,1.0,True,1.0,1.0
drift_away,-1,reference_only,0.026,53,0,0.001996637562764087,False,1.0,False,0.0019966375627641364,1.0
drift_away,-1,reference_only,0.026,53,1,1.0,True,1.0,True,1.0,1.0
drift_away,-1,reference_only,0.026,54,0,0.0018066323770450665,False,1.0,False,0.0018066323770450365,1.0
drift_away,-1,reference_only,0.026,54,1,1.0,True,1.0,True,1.0,1.0
drift_away,-1,reference_only,0.026,55,0,0.0016347085753856266,False,1.0,False,0.0016347085753856128,1.0
drift_away,-1,reference_only,0.026,55,1,1.0,True,1.0,True,1.0,1.0
drift_away,-1,reference_only,0.026,56,0,0.001479145486593173,False,1.0,False,0.0014791454865932252,1.0
drift_away,-1,reference_only,0.026,56,1,1.0,True,1.0,True,1.0,1.0
drift_away,-1,reference_only,0.026,57,0,0.001338386182988509,False,1.0,False,0.001338386182988538,1.0
drift_away,-1,reference_only,0.026,57,1,1.0,True,1.0,True,1.0,1.0
drift_away,-1,reference_only,0.026,58,0,0.0012110218981503263,False,1.0,False,0.0012110218981503662,1.0
drift_away,-1,reference_only,0.026,58,1,1.0,True,1.0,True,1.0,1.0
drift_away,-1,reference_only,0.026,59,0,0.0010957779275073474,False,1.0,False,0.0010957779275073687,1.0
drift_away,-1,reference_only,0.026,59,1,1.0,True,1.0,True,1.0,1.0
drift_away,-1,reference_only,0.026,60,0,0.0009915008706665434,False,1.0,False,0.0009915008706665729,1.0
drift_away,-1,reference_only,0.026,60,1,1.0,True,1.0,True,1.0,1.0
drift_away,-1,reference_only,0.026,61,0,0.0008971470877943213,False,1.0,False,0.0008971470877943144,1.0
drift_away,-1,reference_only,0.026,61,1,1.0,True,1.0,True,1.0,1.0
drift_away,-1,reference_only,0.026,62,0,0.0008117722545182937,False,1.0,False,0.0008117722545183392,1.0
drift_away,-1,reference_only,0.026,62,1,1.0,True,1.0,True,1.0,1.0
drift_away,-1,reference_only,0.026,63,0,0.0007345219108115629,False,1.0,False,0.0007345219108115808,1.0
drift_away,-1,reference_only,0.026,63,1,1.0,True,1.0,True,1.0,1.0
drift_away,-1,reference_only,0.026,64,0,0.0006646229092695736,False,1.0,False,0.0006646229092696077,1.0
drift_away,-1,reference_only,0.026,64,1,1.0,True,1.0,True,1.0,1.0
drift_away,-1,reference_only,0.026,65,0,0.000601375677191029,False,1.0,False,0.0006013756771909851,1.0
drift_away,-1,reference_only,0.026,65,1,1.0,True,1.0,True,1.0,1.0
drift_away,-1,reference_only,0.026,66,0,0.0005441472150191576,False,1.0,False,0.000544147215019164,1.0
drift_away,-1,reference_only,0.026,66,1,1.0,True,1.0,True,1.0,1.0
drift_away,-1,reference_only,0.026,67,0,0.0004923647610693924,False,1.0,False,0.0004923647610693971,1.0
drift_away,-1,reference_only,0.026,67,1,1.0,True,1.0,True,1.0,1.0
drift_away,-1,reference_only,0.026,68,0,0.0004455100591379213,False,1.0,False,0.0004455100591379546,1.0
drift_away,-1,reference_only,0.026,68,1,1.0,True,1.0,True,1.0,1.0
drift_away,-1,reference_only,0.026,69,0,0.0004031141716194042,False,1.0,False,0.0004031141716194231,1.0
drift_away,-1,reference_only,0.026,69,1,1.0,True,1.0,True,1.0,1.0
drift_away,-1,reference_only,0.026,70,0,0.0003647527862218065,False,1.0,False,0.0003647527862218336,1.0
drift_away,-1,reference_only,0.026,70,1,1.0,True,1.0,True,1.0,1.0
drift_away,-1,reference_only,0.026,71,0,0.00033004196930636184,False,1.0,False,0.00033004196930641605,1.0
drift_away,-1,reference_only,0.026,71,1,1.0,True,1.0,True,1.0,1.0
drift_away,-1,reference_only,0.026,72,0,0.0002986343233506717,False,1.0,False,0.0002986343233506439,1.0
drift_away,-1,reference_only,0.026,72,1,1.0,True,1.0,True,1.0,1.0
drift_away,-1,reference_only,0.026,73,0,0.00027021551007753774,False,1.0,False,0.00027021551007755384,1.0
drift_away,-1,reference_only,0.026,73,1,1.0,True,1.0,True,1.0,1.0
drift_away,-1,reference_only,0.026,74,0,0.0002445011044518289,False,1.0,False,0.00024450110445184414,1.0
drift_away,-1,reference_only,0.026,74,1,1.0,True,1.0,True,1.0,1.0
drift_away,-1,reference_only,0.026,75,0,0.00022123374805913345,False,1.0,False,0.00022123374805915752,1.0
drift_away,-1,reference_only,0.026,75,1,1.0,True,1.0,True,1.0,1.0
drift_away,-1,reference_only,0.026,76,0,0.00020018057337624435,False,1.0,False,0.00020018057337622963,1.0
drift_away,-1,reference_only,0.026,76,1,1.0,True,1.0,True,1.0,1.0
drift_away,-1,reference_only,0.026,77,0,0.0001811308731547188,False,1.0,False,0.00018113087315474452,1.0
drift_away,-1,reference_only,0.026,77,1,1.0,True,1.0,True,1.0,1.0
drift_away,-1,reference_only,0.026,78,0,0.00016389399159191472,False,1.0,False,0.00016389399159189022,1.0
drift_away,-1,reference_only,0.026,78,1,1.0,True,1.0,True,1.0,1.0
drift_away,-1,reference_only,0.026,79,0,0.0001482974161836353,False,1.0,False,0.00014829741618360703,1.0
drift_away,-1,reference_only,0.026,79,1,1.0,True,1.0,True,1.0,1.0
drift_away,-1,reference_only,0.026,80,0,0.00013418505116100476,False,1.0,False,0.00013418505116102875,1.0
drift_away,-1,reference_only,0.026,80,1,1.0,True,1.0,True,1.0,1.0
drift_away,-1,gated,0.05,1,0,0.36193496721438384,False,0.4,True,0.9619349672143838,0.36193496721438384
drift_away,-1,gated,0.05,1,1,1.0,True,0.36193496721438384,False,0.3619349672143839,0.36193496721438384
drift_away,-1,gated,0.05,2,0,0.3274923012311928,False,0.36193496721438384,True,0.9655573340168089,0.3274923012311928
drift_away,-1,gated,0.05,2,1,1.0,True,0.3274923012311928,False,0.3274923012311928,0.3274923012311928
drift_away,-1,gated,0.05,3,0,0.2963272882726872,False,0.3274923012311928,True,0.9688349870414944,0.2963272882726872
drift_away,-1,gated,0.05,3,1,1.0,True,0.2963272882726872,False,0.2963272882726872,0.2963272882726872
drift_away,-1,gated,0.05,4,0,0.26812801841425576,False,0.2963272882726872,True,0.9718007301415685,0.26812801841425576
drift_away,-1,gated,0.05,4,1,1.0,True,0.26812801841425576,False,0.2681280184142558,0.26812801841425576
drift_away,-1,gated,0.05,5,0,0.2426122638850534,False,0.26812801841425576,True,0.9744842454707976,0.2426122638850534
drift_away,-1,gated,0.05,5,1,1.0,True,0.2426122638850534,False,0.24261226388505341,0.2426122638850534
drift_away,-1,gated,0.05,6,0,0.21952465443761057,False,0.2426122638850534,True,0.9769123905525572,0.21952465443761057
drift_away,-1,gated,0.05,6,1,1.0,True,0.21952465443761057,False,0.2195246544376106,0.21952465443761057
drift_away,-1,gated,0.05,7,0,0.19863412151656382,False,0.21952465443761057,True,0.9791094670789533,0.19863412151656382
drift_away,-1,gated,0.05,7,1,1.0,True,0.19863412151656382,False,0.1986341215165638,0.19863412151656382
drift_away,-1,gated,0.05,8,0,0.17973158564688863,False,0.19863412151656382,True,0.9810974641303248,0.17973158564688863
drift_away,-1,gated,0.05,8,1,1.0,True,0.17973158564688863,False,0.17973158564688863,0.17973158564688863
drift_away,-1,gated,0.05,9,0,0.16262786389623965,False,0.17973158564688863,True,0.982896278249351,0.16262786389623965
drift_away,-1,gated,0.05,9,1,1.0,True,0.16262786389623965,False,0.16262786389623962,0.16262786389623965
drift_away,-1,gated,0.05,10,0,0.14715177646857694,False,0.16262786389623965,True,0.9845239125723373,0.14715177646857694
drift_away,-1,gated,0.05,10,1,1.0,True,0.14715177646857694,False,0.1471517764685769,0.14715177646857694
drift_away,-1,gated,0.05,11,0,0.13314843347923183,False,0.14715177646857694,True,0.9859966570106549,0.13314843347923183
drift_away,-1,gated,0.05,11,1,1.0,True,0.13314843347923183,False,0.1331484334792319,0.13314843347923183
drift_away,-1,gated,0.05,12,0,0.12047768476488085,False,0.13314843347923183,True,0.9873292512856491,0.12047768476488085
drift_away,-1,gated,0.05,12,1,1.0,True,0.12047768476488085,False,0.12047768476488085,0.12047768476488085
drift_away,-1,gated,0.05,13,0,0.10901271721360505,False,0.12047768476488085,True,0.9885350324487242,0.10901271721360505
drift_away,-1,gated,0.05,13,1,1.0,True,0.10901271721360505,False,0.10901271721360506,0.10901271721360505
drift_away,-1,gated,0.05,14,0,0.0986387855766426,False,0.10901271721360505,True,0.9896260683630376,0.0986387855766426
drift_away,-1,gated,0.05,14,1,1.0,True,0.0986387855766426,False,0.09863878557664263,0.0986387855766426
drift_away,-1,gated,0.05,15,0,0.08925206405937193,False,0.0986387855766426,True,0.9906132784827293,0.08925206405937193
drift_away,-1,gated,0.05,15,1,1.0,True,0.08925206405937193,False,0.08925206405937192,0.08925206405937193
drift_away,-1,gated,0.05,16,0,0.08075860719786215,False,0.08925206405937193,True,0.9915065431384902,0.08075860719786215
drift_away,-1,gated,0.05,16,1,1.0,True,0.08075860719786215,False,0.0807586071978621,0.08075860719786215
drift_away,-1,gated,0.05,17,0,0.07307340962109386,False,0.08075860719786215,True,0.9923148024232317,0.07307340962109386
drift_away,-1,gated,0.05,17,1,1.0,True,0.07307340962109386,False,0.07307340962109388,0.07307340962109386
drift_away,-1,gated,0.05,18,0,0.06611955528863461,False,0.07307340962109386,True,0.9930461456675408,0.06611955528863461
drift_away,-1,gated,0.05,18,1,1.0,True,0.06611955528863461,False,0.06611955528863467,0.06611955528863461
drift_away,-1,gated,0.05,19,0,0.05982744768905403,False,0.06611955528863461,True,0.9937078924004195,0.05982744768905403
drift_away,-1,gated,0.05,19,1,1.0,True,0.05982744768905403,False,0.059827447689054014,0.05982744768905403
drift_away,-1,gated,0.05,20,0,0.054134113294645084,False,0.05982744768905403,True,0.994306665605591,0.054134113294645084
drift_away,-1,gated,0.05,20,1,1.0,True,0.054134113294645084,False,0.054134113294645125,0.054134113294645084
drift_away,-1,gated,0.05,21,0,0.04898257130119277,False,0.054134113294645084,True,0.9948484580065476,0.04898257130119277
drift_away,-1,gated,0.05,21,1,1.0,True,0.04898257130119277,False,0.04898257130119277,0.04898257130119277
drift_away,-1,gated,0.05,22,0,0.044321263344933554,False,0.04898257130119277,True,0.9953386920437408,0.044321263344933554
drift_away,-1,gated,0.05,22,1,1.0,True,0.044321263344933554,False,0.04432126334493358,0.044321263344933554
drift_away,-1,gated,0.05,23,0,0.0401035374891215,False,0.044321263344933554,True,0.995782274144188,0.0401035374891215
drift_away,-1,gated,0.05,23,1,1.0,True,0.0401035374891215,False,0.040103537489121543,0.0401035374891215
drift_away,-1,gated,0.05,24,0,0.036287181315765006,False,0.0401035374891215,True,0.9961836438266435,0.036287181315765006
drift_away,-1,gated,0.05,24,1,1.0,True,0.036287181315765006,False,0.03628718131576503,0.036287181315765006
drift_away,-1,gated,0.05,25,0,0.032833999449559524,False,0.036287181315765006,True,0.9965468181337945,0.032833999449559524
drift_away,-1,gated,0.05,25,1,1.0,True,0.032833999449559524,False,0.03283399944955956,0.032833999449559524
drift_away,-1,gated,0.05,26,0,0.029709431285733553,False,0.032833999449559524,True,0.996875431836174,0.029709431285733553
drift_away,-1,gated,0.05,26,1,1.0,True,0.029709431285733553,False,0.029709431285733556,0.029709431285733553
drift_away,-1,gated,0.05,27,0,0.026882205095899905,False,0.029709431285733553,True,0.9971727738101663,0.026882205095899905
drift_away,-1,gated,0.05,27,1,1.0,True,0.026882205095899905,False,0.02688220509589989,0.026882205095899905
drift_away,-1,gated,0.05,28,0,0.02432402505008719,False,0.026882205095899905,True,0.9974418199541872,0.02432402505008719
drift_away,-1,gated,0.05,28,1,1.0,True,0.02432402505008719,False,0.02432402505008724,0.02432402505008719
drift_away,-1,gated,0.05,29,0,0.022009288022562894,False,0.02432402505008719,True,0.9976852629724757,0.022009288022562894
drift_away,-1,gated,0.05,29,1,1.0,True,0.022009288022562894,False,0.022009288022562856,0.022009288022562894
drift_away,-1,gated,0.05,30,0,0.01991482734714558,False,0.022009288022562894,True,0.9979055393245827,0.01991482734714558
drift_away,-1,gated,0.05,30,1,1.0,True,0.01991482734714558,False,0.01991482734714556,0.01991482734714558
drift_away,-1,gated,0.05,31,0,0.01801968095742312,False,0.01991482734714558,True,0.9981048536102776,0.01801968095742312
drift_away,-1,gated,0.05,31,1,1.0,True,0.01801968095742312,False,0.018019680957423123,0.01801968095742312
drift_away,-1,gated,0.05,32,0,0.016304881591346486,False,0.01801968095742312,True,0.9982852006339233,0.016304881591346486
drift_away,-1,gated,0.05,32,1,1.0,True,0.016304881591346486,False,0.016304881591346465,0.016304881591346486
drift_away,-1,gated,0.05,33,0,0.014753266960496007,False,0.016304881591346486,True,0.9984483853691495,0.014753266960496007
drift_away,-1,gated,0.05,33,1,1.0,True,0.014753266960496007,False,0.014753266960496059,0.014753266960496007
drift_away,-1,gated,0.05,34,0,0.013349307984130433,False,0.014753266960496007,True,0.9985960410236344,0.013349307984130433
drift_away,-1,gated,0.05,34,1,1.0,True,0.013349307984130433,False,0.013349307984130476,0.013349307984130433
drift_away,-1,gated,0.05,35,0,0.0120789533689274,False,0.013349307984130433,True,0.9987296453847969,0.0120789533689274
drift_away,-1,gated,0.05,35,1,1.0,True,0.0120789533689274,False,0.012078953368927392,0.0120789533689274
drift_away,-1,gated,0.05,36,0,0.010929488978917025,False,0.0120789533689274,True,0.9988505356099896,0.010929488978917025
drift_away,-1,gated,0.05,36,1,1.0,True,0.010929488978917025,False,0.01092948897891699,0.010929488978917025
drift_away,-1,gated,0.05,37,0,0.009889410588135757,False,0.010929488978917025,True,0.9989599216092188,0.009889410588135757
drift_away,-1,gated,0.05,37,1,1.0,True,0.009889410588135757,False,0.00988941058813575,0.009889410588135757
drift_away,-1,gated,0.05,38,0,0.008948308742466242,False,0.009889410588135757,True,0.9990588981543305,0.008948308742466242
drift_away,-1,gated,0.05,38,1,1.0,True,0.008948308742466242,False,0.008948308742466216,0.008948308742466242
drift_away,-1,gated,0.05,39,0,0.008096764578321756,False,0.008948308742466242,True,0.9991484558358555,0.008096764578321756
drift_away,-1,gated,0.05,39,1,1.0,True,0.008096764578321756,False,0.008096764578321758,0.008096764578321756
drift_away,-1,gated,0.05,40,0,0.007326255555493672,False,0.008096764578321756,True,0.999229490977172,0.007326255555493672
drift_away,-1,gated,0.05,40,1,1.0,True,0.007326255555493672,False,0.00732625555549371,0.007326255555493672
drift_away,-1,gated,0.05,41,0,0.006629070160704503,False,0.007326255555493672,True,0.9993028146052109,0.006629070160704503
drift_away,-1,gated,0.05,41,1,1.0,True,0.006629070160704503,False,0.006629070160704464,0.006629070160704503
drift_away,-1,gated,0.05,42,0,0.0059982307281910814,False,0.006629070160704503,True,0.9993691605674866,0.0059982307281910814
drift_away,-1,gated,0.05,42,1,1.0,True,0.0059982307281910814,False,0.005998230728191056,0.0059982307281910814
drift_away,-1,gated,0.05,43,0,0.005427423604880374,False,0.0059982307281910814,True,0.9994291928766893,0.005427423604880374
drift_away,-1,gated,0.05,43,1,1.0,True,0.005427423604880374,False,0.005427423604880355,0.005427423604880374
drift_away,-1,gated,0.05,44,0,0.0049109359612273746,False,0.005427423604880374,True,0.999483512356347,0.0049109359612273746
drift_away,-1,gated,0.05,44,1,1.0,True,0.0049109359612273746,False,0.004910935961227381,0.0049109359612273746
drift_away,-1,gated,0.05,45,0,0.004443598615296923,False,0.0049109359612273746,True,0.9995326626540696,0.004443598615296923
drift_away,-1,gated,0.05,45,1,1.0,True,0.004443598615296923,False,0.004443598615296973,0.004443598615296923
drift_away,-1,gated,0.05,46,0,0.004020734297853434,False,0.004443598615296923,True,0.9995771356825565,0.004020734297853434
drift_away,-1,gated,0.05,46,1,1.0,True,0.004020734297853434,False,0.004020734297853434,0.004020734297853434
drift_away,-1,gated,0.05,47,0,0.0036381108406783264,False,0.004020734297853434,True,0.9996173765428249,0.0036381108406783264
drift_away,-1,gated,0.05,47,1,1.0,True,0.0036381108406783264,False,0.0036381108406783325,0.0036381108406783264
drift_away,-1,gated,0.05,48,0,0.0032918988196080122,False,0.0036381108406783264,True,0.9996537879789297,0.0032918988196080122
drift_away,-1,gated,0.05,48,1,1.0,True,0.0032918988196080122,False,0.003291898819608008,0.0032918988196080122
drift_away,-1,gated,0.05,49,0,0.0029786332283697355,False,0.0032918988196080122,True,0.9996867344087618,0.0029786332283697355
drift_away,-1,gated,0.05,49,1,1.0,True,0.0029786332283697355,False,0.002978633228369776,0.0029786332283697355
drift_away,-1,gated,0.05,50,0,0.002695178799634187,False,0.0029786332283697355,True,0.9997165455712644,0.002695178799634187
drift_away,-1,gated,0.05,50,1,1.0,True,0.002695178799634187,False,0.0026951787996342125,0.002695178799634187
drift_away,-1,gated,0.05,51,0,0.0024386986262062552,False,0.002695178799634187,True,0.9997435198265721,0.0024386986262062552
drift_away,-1,gated,0.05,51,1,1.0,True,0.0024386986262062552,False,0.0024386986262062704,0.0024386986262062552
drift_away,-1,gated,0.05,52,0,0.002206625768304309,False,0.0024386986262062552,True,0.9997679271420981,0.002206625768304309
drift_away,-1,gated,0.05,52,1,1.0,True,0.002206625768304309,False,0.0022066257683043267,0.002206625768304309
drift_away,-1,gated,0.05,53,0,0.001996637562764087,False,0.002206625768304309,True,0.9997900117944598,0.001996637562764087
drift_away,-1,gated,0.05,53,1,1.0,True,0.001996637562764087,False,0.0019966375627641364,0.001996637562764087
drift_away,-1,gated,0.05,54,0,0.0018066323770450665,False,0.001996637562764087,True,0.999809994814281,0.0018066323770450665
drift_away,-1,gated,0.05,54,1,1.0,True,0.0018066323770450665,False,0.0018066323770450365,0.0018066323770450665
drift_away,-1,gated,0.05,55,0,0.0016347085753856266,False,0.0018066323770450665,True,0.9998280761983406,0.0016347085753856266
drift_away,-1,gated,0.05,55,1,1.0,True,0.0016347085753856266,False,0.0016347085753856128,0.0016347085753856266
drift_away,-1,gated,0.05,56,0,0.001479145486593173,False,0.0016347085753856266,True,0.9998444369112075,0.001479145486593173
drift_away,-1,gated,0.05,56,1,1.0,True,0.001479145486593173,False,0.0014791454865932252,0.001479145486593173
drift_away,-1,gated,0.05,57,0,0.001338386182988509,False,0.001479145486593173,True,0.9998592406963953,0.001338386182988509
drift_away,-1,gated,0.05,57,1,1.0,True,0.001338386182988509,False,0.001338386182988538,0.001338386182988509
drift_away,-1,gated,0.05,58,0,0.0012110218981503263,False,0.001338386182988509,True,0.9998726357151618,0.0012110218981503263
drift_away,-1,gated,0.05,58,1,1.0,True,0.0012110218981503263,False,0.0012110218981503662,0.0012110218981503263
drift_away,-1,gated,0.05,59,0,0.0010957779275073474,False,0.0012110218981503263,True,0.999884756029357,0.0010957779275073474
drift_away,-1,gated,0.05,59,1,1.0,True,0.0010957779275073474,False,0.0010957779275073687,0.0010957779275073474
drift_away,-1,gated,0.05,60,0,0.0009915008706665434,False,0.0010957779275073474,True,0.9998957229431592,0.0009915008706665434
drift_away,-1,gated,0.05,60,1,1.0,True,0.0009915008706665434,False,0.0009915008706665729,0.0009915008706665434
drift_away,-1,gated,0.05,61,0,0.0008971470877943213,False,0.0009915008706665434,True,0.9999056462171277,0.0008971470877943213
drift_away,-1,gated,0.05,61,1,1.0,True,0.0008971470877943213,False,0.0008971470877943144,0.0008971470877943213
drift_away,-1,gated,0.05,62,0,0.0008117722545182937,False,0.0008971470877943213,True,0.999914625166724,0.0008117722545182937
drift_away,-1,gated,0.05,62,1,1.0,True,0.0008117722545182937,False,0.0008117722545183392,0.0008117722545182937
drift_away,-1,gated,0.05,63,0,0.0007345219108115629,False,0.0008117722545182937,True,0.9999227496562932,0.0007345219108115629
drift_away,-1,gated,0.05,63,1,1.0,True,0.0007345219108115629,False,0.0007345219108115808,0.0007345219108115629
drift_away,-1,gated,0.05,64,0,0.0006646229092695736,False,0.0007345219108115629,True,0.999930100998458,0.0006646229092695736
drift_away,-1,gated,0.05,64,1,1.0,True,0.0006646229092695736,False,0.0006646229092696077,0.0006646229092695736
drift_away,-1,gated,0.05,65,0,0.000601375677191029,False,0.0006646229092695736,True,0.9999367527679215,0.000601375677191029
drift_away,-1,gated,0.05,65,1,1.0,True,0.000601375677191029,False,0.0006013756771909851,0.000601375677191029
drift_away,-1,gated,0.05,66,0,0.0005441472150191576,False,0.000601375677191029,True,0.9999427715378282,0.0005441472150191576
drift_away,-1,gated,0.05,66,1,1.0,True,0.0005441472150191576,False,0.000544147215019164,0.0005441472150191576
drift_away,-1,gated,0.05,67,0,0.0004923647610693924,False,0.0005441472150191576,True,0.9999482175460502,0.0004923647610693924
drift_away,-1,gated,0.05,67,1,1.0,True,0.0004923647610693924,False,0.0004923647610693971,0.0004923647610693924
drift_away,-1,gated,0.05,68,0,0.0004455100591379213,False,0.0004923647610693924,True,0.9999531452980686,0.0004455100591379213
drift_away,-1,gated,0.05,68,1,1.0,True,0.0004455100591379213,False,0.0004455100591379546,0.0004455100591379213
drift_away,-1,gated,0.05,69,0,0.0004031141716194042,False,0.0004455100591379213,True,0.9999576041124815,0.0004031141716194042
drift_away,-1,gated,0.05,69,1,1.0,True,0.0004031141716194042,False,0.0004031141716194231,0.0004031141716194042
drift_away,-1,gated,0.05,70,0,0.0003647527862218065,False,0.0004031141716194042,True,0.9999616386146024,0.0003647527862218065
drift_away,-1,gated,0.05,70,1,1.0,True,0.0003647527862218065,False,0.0003647527862218336,0.0003647527862218065
drift_away,-1,gated,0.05,71,0,0.00033004196930636184,False,0.0003647527862218065,True,0.9999652891830846,0.00033004196930636184
drift_away,-1,gated,0.05,71,1,1.0,True,0.00033004196930636184,False,0.00033004196930641605,0.00033004196930636184
drift_away,-1,gated,0.05,72,0,0.0002986343233506717,False,0.00033004196930636184,True,0.9999685923540443,0.0002986343233506717
drift_away,-1,gated,0.05,72,1,1.0,True,0.0002986343233506717,False,0.0002986343233506439,0.0002986343233506717
drift_away,-1,gated,0.05,73,0,0.00027021551007753774,False,0.0002986343233506717,True,0.9999715811867269,0.00027021551007753774
drift_away,-1,gated,0.05,73,1,1.0,True,0.00027021551007753774,False,0.00027021551007755384,0.00027021551007753774
drift_away,-1,gated,0.05,74,0,0.0002445011044518289,False,0.00027021551007753774,True,0.9999742855943743,0.0002445011044518289
drift_away,-1,gated,0.05,74,1,1.0,True,0.0002445011044518289,False,0.00024450110445184414,0.0002445011044518289
drift_away,-1,gated,0.05,75,0,0.00022123374805913345,False,0.0002445011044518289,True,0.9999767326436073,0.00022123374805913345
drift_away,-1,gated,0.05,75,1,1.0,True,0.00022123374805913345,False,0.00022123374805915752,0.00022123374805913345
drift_away,-1,gated,0.05,76,0,0.00020018057337624435,False,0.00022123374805913345,True,0.9999789468253171,0.00020018057337624435
drift_away,-1,gated,0.05,76,1,1.0,True,0.00020018057337624435,False,0.00020018057337622963,0.00020018057337624435
drift_away,-1,gated,0.05,77,0,0.0001811308731547188,False,0.00020018057337624435,True,0.9999809502997785,0.0001811308731547188
drift_away,-1,gated,0.05,77,1,1.0,True,0.0001811308731547188,False,0.00018113087315474452,0.0001811308731547188
drift_away,-1,gated,0.05,78,0,0.00016389399159191472,False,0.0001811308731547188,True,0.9999827631184371,0.00016389399159191472
drift_away,-1,gated,0.05,78,1,1.0,True,0.00016389399159191472,False,0.00016389399159189022,0.00016389399159191472
drift_away,-1,gated,0.05,79,0,0.0001482974161836353,False,0.00016389399159191472,True,0.9999844034245917,0.0001482974161836353
drift_away,-1,gated,0.05,79,1,1.0,True,0.0001482974161836353,False,0.00014829741618360703,0.0001482974161836353
drift_away,-1,gated,0.05,80,0,0.00013418505116100476,False,0.0001482974161836353,True,0.9999858876349774,0.00013418505116100476
drift_away,-1,gated,0.05,80,1,1.0,True,0.00013418505116100476,False,0.00013418505116102875,0.00013418505116100476
drift_away,-1,accept_all,0.05,1,0,0.36193496721438384,False,0.4,True,0.9619349672143838,0.36193496721438384
drift_away,-1,accept_all,0.05,1,1,1.0,True,0.36193496721438384,True,0.3619349672143839,1.0
drift_away,-1,accept_all,0.05,2,0,0.3274923012311928,False,1.0,True,0.3274923012311928,0.3274923012311928
drift_away,-1,accept_all,0.05,2,1,1.0,True,0.3274923012311928,True,0.3274923012311928,1.0
drift_away,-1,accept_all,0.05,3,0,0.2963272882726872,False,1.0,True,0.2963272882726872,0.2963272882726872
drift_away,-1,accept_all,0.05,3,1,1.0,True,0.2963272882726872,True,0.2963272882726872,1.0
drift_away,-1,accept_all,0.05,4,0,0.26812801841425576,False,1.0,True,0.2681280184142558,0.26812801841425576
drift_away,-1,accept_all,0.05,4,1,1.0,True,0.26812801841425576,True,0.2681280184142558,1.0
drift_away,-1,accept_all,0.05,5,0,0.2426122638850534,False,1.0,True,0.24261226388505341,0.2426122638850534
drift_away,-1,accept_all,0.05,5,1,1.0,True,0.2426122638850534,True,0.24261226388505341,1.0
drift_away,-1,accept_all,0.05,6,0,0.21952465443761057,False,1.0,True,0.2195246544376106,0.21952465443761057
drift_away,-1,accept_all,0.05,6,1,1.0,True,0.21952465443761057,True,0.2195246544376106,1.0
drift_away,-1,accept_all,0.05,7,0,0.19863412151656382,False,1.0,True,0.1986341215165638,0.19863412151656382
drift_away,-1,accept_all,0.05,7,1,1.0,True,0.19863412151656382,True,0.1986341215165638,1.0
drift_away,-1,accept_all,0.05,8,0,0.17973158564688863,False,1.0,True,0.17973158564688863,0.17973158564688863
drift_away,-1,accept_all,0.05,8,1,1.0,True,0.17973158564688863,True,0.17973158564688863,1.0
drift_away,-1,accept_all,0.05,9,0,0.16262786389623965,False,1.0,True,0.16262786389623962,0.16262786389623965
drift_away,-1,accept_all,0.05,9,1,1.0,True,0.16262786389623965,True,0.16262786389623962,1.0
drift_away,-1,accept_all,0.05,10,0,0.14715177646857694,False,1.0,True,0.1471517764685769,0.14715177646857694
drift_away,-1,accept_all,0.05,10,1,1.0,True,0.14715177646857694,True,0.1471517764685769,1.0
drift_away,-1,accept_all,0.05,11,0,0.13314843347923183,False,1.0,True,0.1331484334792319,0.13314843347923183
drift_away,-1,accept_all,0.05,11,1,1.0,True,0.13314843347923183,True,0.1331484334792319,1.0
drift_away,-1,accept_all,0.05,12,0,0.12047768476488085,False,1.0,True,0.12047768476488085,0.12047768476488085
drift_away,-1,accept_all,0.05,12,1,1.0,True,0.12047768476488085,True,0.12047768476488085,1.0
drift_away,-1,accept_all,0.05,13,0,0.10901271721360505,False,1.0,True,0.10901271721360506,0.10901271721360505
drift_away,-1,accept_all,0.05,13,1,1.0,True,0.10901271721360505,True,0.10901271721360506,1.0
drift_away,-1,accept_all,0.05,14,0,0.0986387855766426,False,1.0,True,0.09863878557664263,0.0986387855766426
drift_away,-1,accept_all,0.05,14,1,1.0,True,0.0986387855766426,True,0.09863878557664263,1.0
drift_away,-1,accept_all,0.05,15,0,0.08925206405937193,False,1.0,True,0.08925206405937192,0.08925206405937193
drift_away,-1,accept_all,0.05,15,1,1.0,True,0.08925206405937193,True,0.08925206405937192,1.0
drift_away,-1,accept_all,0.05,16,0,0.08075860719786215,False,1.0,True,0.0807586071978621,0.08075860719786215
drift_away,-1,accept_all,0.05,16,1,1.0,True,0.08075860719786215,True,0.0807586071978621,1.0
drift_away,-1,accept_all,0.05,17,0,0.07307340962109386,False,1.0,True,0.07307340962109388,0.07307340962109386
drift_away,-1,accept_all,0.05,17,1,1.0,True,0.07307340962109386,True,0.07307340962109388,1.0
drift_away,-1,accept_all,0.05,18,0,0.06611955528863461,False,1.0,True,0.06611955528863467,0.06611955528863461
drift_away,-1,accept_all,0.05,18,1,1.0,True,0.06611955528863461,True,0.06611955528863467,1.0
drift_away,-1,accept_all,0.05,19,0,0.05982744768905403,False,1.0,True,0.059827447689054014,0.05982744768905403
drift_away,-1,accept_all,0.05,19,1,1.0,True,0.05982744768905403,True,0.059827447689054014,1.0
drift_away,-1,accept_all,0.05,20,0,0.054134113294645084,False,1.0,True,0.054134113294645125,0.054134113294645084
drift_away,-1,accept_all,0.05,20,1,1.0,True,0.054134113294645084,True,0.054134113294645125,1.0
drift_away,-1,accept_all,0.05,21,0,0.04898257130119277,False,1.0,True,0.04898257130119277,0.04898257130119277
drift_away,-1,accept_all,0.05,21,1,1.0,True,0.04898257130119277,True,0.04898257130119277,1.0
drift_away,-1,accept_all,0.05,22,0,0.044321263344933554,False,1.0,True,0.04432126334493358,0.044321263344933554
drift_away,-1,accept_all,0.05,22,1,1.0,True,0.044321263344933554,True,0.04432126334493358,1.0
drift_away,-1,accept_all,0.05,23,0,0.0401035374891215,False,1.0,True,0.040103537489121543,0.0401035374891215
drift_away,-1,accept_all,0.05,23,1,1.0,True,0.0401035374891215,True,0.040103537489121543,1.0
drift_away,-1,accept_all,0.05,24,0,0.036287181315765006,False,1.0,True,0.03628718131576503,0.036287181315765006
drift_away,-1,accept_all,0.05,24,1,1.0,True,0.036287181315765006,True,0.03628718131576503,1.0
drift_away,-1,accept_all,0.05,25,0,0.032833999449559524,False,1.0,True,0.03283399944955956,0.032833999449559524
drift_away,-1,accept_all,0.05,25,1,1.0,True,0.032833999449559524,True,0.03283399944955956,1.0
drift_away,-1,accept_all,0.05,26,0,0.029709431285733553,False,1.0,True,0.029709431285733556,0.029709431285733553
drift_away,-1,accept_all,0.05,26,1,1.0,True,0.029709431285733553,True,0.029709431285733556,1.0
drift_away,-1,accept_all,0.05,27,0,0.026882205095899905,False,1.0,True,0.02688220509589989,0.026882205095899905
drift_away,-1,accept_all,0.05,27,1,1.0,True,0.026882205095899905,True,0.02688220509589989,1.0
drift_away,-1,accept_all,0.05,28,0,0.02432402505008719,False,1.0,True,0.02432402505008724,0.02432402505008719
drift_away,-1,accept_all,0.05,28,1,1.0,True,0.02432402505008719,True,0.02432402505008724,1.0
drift_away,-1,accept_all,0.05,29,0,0.022009288022562894,False,1.0,True,0.022009288022562856,0.022009288022562894
drift_away,-1,accept_all,0.05,29,1,1.0,True,0.022009288022562894,True,0.022009288022562856,1.0
drift_away,-1,accept_all,0.05,30,0,0.01991482734714558,False,1.0,True,0.01991482734714556,0.01991482734714558
drift_away,-1,accept_all,0.05,30,1,1.0,True,0.01991482734714558,True,0.01991482734714556,1.0
drift_away,-1,accept_all,0.05,31,0,0.01801968095742312,False,1.0,True,0.018019680957423123,0.01801968095742312
drift_away,-1,accept_all,0.05,31,1,1.0,True,0.01801968095742312,True,0.018019680957423123,1.0
drift_away,-1,accept_all,0.05,32,0,0.016304881591346486,False,1.0,True,0.016304881591346465,0.016304881591346486
drift_away,-1,accept_all,0.05,32,1,1.0,True,0.016304881591346486,True,0.016304881591346465,1.0
drift_away,-1,accept_all,0.05,33,0,0.014753266960496007,False,1.0,True,0.014753266960496059,0.014753266960496007
drift_away,-1,accept_all,0.05,33,1,1.0,True,0.014753266960496007,True,0.014753266960496059,1.0
drift_away,-1,accept_all,0.05,34,0,0.013349307984130433,False,1.0,True,0.013349307984130476,0.013349307984130433
drift_away,-1,accept_all,0.05,34,1,1.0,True,0.013349307984130433,True,0.013349307984130476,1.0
drift_away,-1,accept_all,0.05,35,0,0.0120789533689274,False,1.0,True,0.012078953368927392,0.0120789533689274
drift_away,-1,accept_all,0.05,35,1,1.0,True,0.0120789533689274,True,0.012078953368927392,1.0
drift_away,-1,accept_all,0.05,36,0,0.010929488978917025,False,1.0,True,0.01092948897891699,0.010929488978917025
drift_away,-1,accept_all,0.05,36,1,1.0,True,0.010929488978917025,True,0.01092948897891699,1.0
drift_away,-1,accept_all,0.05,37,0,0.009889410588135757,False,1.0,True,0.00988941058813575,0.009889410588135757
drift_away,-1,accept_all,0.05,37,1,1.0,True,0.009889410588135757,True,0.00988941058813575,1.0
drift_away,-1,accept_all,0.05,38,0,0.008948308742466242,False,1.0,True,0.008948308742466216,0.008948308742466242
drift_away,-1,accept_all,0.05,38,1,1.0,True,0.008948308742466242,True,0.008948308742466216,1.0
drift_away,-1,accept_all,0.05,39,0,0.008096764578321756,False,1.0,True,0.008096764578321758,0.008096764578321756
drift_away,-1,accept_all,0.05,39,1,1.0,True,0.008096764578321756,True,0.008096764578321758,1.0
drift_away,-1,accept_all,0.05,40,0,0.007326255555493672,False,1.0,True,0.00732625555549371,0.007326255555493672
drift_away,-1,accept_all,0.05,40,1,1.0,True,0.007326255555493672,True,0.00732625555549371,1.0
drift_away,-1,accept_all,0.05,41,0,0.006629070160704503,False,1.0,True,0.006629070160704464,0.006629070160704503
drift_away,-1,accept_all,0.05,41,1,1.0,True,0.006629070160704503,True,0.006629070160704464,1.0
drift_away,-1,accept_all,0.05,42,0,0.0059982307281910814,False,1.0,True,0.005998230728191056,0.0059982307281910814
drift_away,-1,accept_all,0.05,42,1,1.0,True,0.0059982307281910814,True,0.005998230728191056,1.0
drift_away,-1,accept_all,0.05,43,0,0.005427423604880374,False,1.0,True,0.005427423604880355,0.005427423604880374
drift_away,-1,accept_all,0.05,43,1,1.0,True,0.005427423604880374,True,0.005427423604880355,1.0
drift_away,-1,accept_all,0.05,44,0,0.0049109359612273746,False,1.0,True,0.004910935961227381,0.0049109359612273746
drift_away,-1,accept_all,0.05,44,1,1.0,True,0.0049109359612273746,True,0.004910935961227381,1.0
drift_away,-1,accept_all,0.05,45,0,0.004443598615296923,False,1.0,True,0.004443598615296973,0.004443598615296923
drift_away,-1,accept_all,0.05,45,1,1.0,True,0.004443598615296923,True,0.004443598615296973,1.0
drift_away,-1,accept_all,0.05,46,0,0.004020734297853434,False,1.0,True,0.004020734297853434,0.004020734297853434
drift_away,-1,accept_all,0.05,46,1,1.0,True,0.004020734297853434,True,0.004020734297853434,1.0
drift_away,-1,accept_all,0.05,47,0,0.0036381108406783264,False,1.0,True,0.0036381108406783325,0.0036381108406783264
drift_away,-1,accept_all,0.05,47,1,1.0,True,0.0036381108406783264,True,0.0036381108406783325,1.0
drift_away,-1,accept_all,0.05,48,0,0.0032918988196080122,False,1.0,True,0.003291898819608008,0.0032918988196080122
drift_away,-1,accept_all,0.05,48,1,1.0,True,0.0032918988196080122,True,0.003291898819608008,1.0
drift_away,-1,accept_all,0.05,49,0,0.0029786332283697355,False,1.0,True,0.002978633228369776,0.0029786332283697355
drift_away,-1,accept_all,0.05,49,1,1.0,True,0.0029786332283697355,True,0.002978633228369776,1.0
drift_away,-1,accept_all,0.05,50,0,0.002695178799634187,False,1.0,True,0.0026951787996342125,0.002695178799634187
drift_away,-1,accept_all,0.05,50,1,1.0,True,0.002695178799634187,True,0.0026951787996342125,1.0
drift_away,-1,accept_all,0.05,51,0,0.0024386986262062552,False,1.0,True,0.0024386986262062704,0.0024386986262062552
drift_away,-1,accept_all,0.05,51,1,1.0,True,0.0024386986262062552,True,0.0024386986262062704,1.0
drift_away,-1,accept_all,0.05,52,0,0.002206625768304309,False,1.0,True,0.0022066257683043267,0.002206625768304309
drift_away,-1,accept_all,0.05,52,1,1.0,True,0.002206625768304309,True,0.0022066257683043267,1.0
drift_away,-1,accept_all,0.05,53,0,0.001996637562764087,False,1.0,True,0.0019966375627641364,0.001996637562764087
drift_away,-1,accept_all,0.05,53,1,1.0,True,0.001996637562764087,True,0.0019966375627641364,1.0
drift_away,-1,accept_all,0.05,54,0,0.0018066323770450665,False,1.0,True,0.0018066323770450365,0.0018066323770450665
drift_away,-1,accept_all,0.05,54,1,1.0,True,0.0018066323770450665,True,0.0018066323770450365,1.0
drift_away,-1,accept_all,0.05,55,0,0.0016347085753856266,False,1.0,True,0.0016347085753856128,0.0016347085753856266
drift_away,-1,accept_all,0.05,55,1,1.0,True,0.0016347085753856266,True,0.0016347085753856128,1.0
drift_away,-1,accept_all,0.05,56,0,0.001479145486593173,False,1.0,True,0.0014791454865932252,0.001479145486593173
drift_away,-1,accept_all,0.05,56,1,1.0,True,0.001479145486593173,True,0.0014791454865932252,1.0
drift_away,-1,accept_all,0.05,57,0,0.001338386182988509,False,1.0,True,0.001338386182988538,0.001338386182988509
drift_away,-1,accept_all,0.05,57,1,1.0,True,0.001338386182988509,True,0.001338386182988538,1.0
drift_away,-1,accept_all,0.05,58,0,0.0012110218981503263,False,1.0,True,0.0012110218981503662,0.0012110218981503263
drift_away,-1,accept_all,0.05,58,1,1.0,True,0.0012110218981503263,True,0.0012110218981503662,1.0
drift_away,-1,accept_all,0.05,59,0,0.0010957779275073474,False,1.0,True,0.0010957779275073687,0.0010957779275073474
drift_away,-1,accept_all,0.05,59,1,1.0,True,0.0010957779275073474,True,0.0010957779275073687,1.0
drift_away,-1,accept_all,0.05,60,0,0.0009915008706665434,False,1.0,True,0.0009915008706665729,0.0009915008706665434
drift_away,-1,accept_all,0.05,60,1,1.0,True,0.0009915008706665434,True,0.0009915008706665729,1.0
drift_away,-1,accept_all,0.05,61,0,0.0008971470877943213,False,1.0,True,0.0008971470877943144,0.0008971470877943213
drift_away,-1,accept_all,0.05,61,1,1.0,True,0.0008971470877943213,True,0.0008971470877943144,1.0
drift_away,-1,accept_all,0.05,62,0,0.0008117722545182937,False,1.0,True,0.0008117722545183392,0.0008117722545182937
drift_away,-1,accept_all,0.05,62,1,1.0,True,0.0008117722545182937,True,0.0008117722545183392,1.0
drift_away,-1,accept_all,0.05,63,0,0.0007345219108115629,False,1.0,True,0.0007345219108115808,0.0007345219108115629
drift_away,-1,accept_all,0.05,63,1,1.0,True,0.0007345219108115629,True,0.0007345219108115808,1.0
drift_away,-1,accept_all,0.05,64,0,0.0006646229092695736,False,1.0,True,0.0006646229092696077,0.0006646229092695736
drift_away,-1,accept_all,0.05,64,1,1.0,True,0.0006646229092695736,True,0.0006646229092696077,1.0
drift_away,-1,accept_all,0.05,65,0,0.000601375677191029,False,1.0,True,0.0006013756771909851,0.000601375677191029
drift_away,-1,accept_all,0.05,65,1,1.0,True,0.000601375677191029,True,0.0006013756771909851,1.0
drift_away,-1,accept_all,0.05,66,0,0.0005441472150191576,False,1.0,True,0.000544147215019164,0.0005441472150191576
drift_away,-1,accept_all,0.05,66,1,1.0,True,0.0005441472150191576,True,0.000544147215019164,1.0
drift_away,-1,accept_all,0.05,67,0,0.0004923647610693924,False,1.0,True,0.0004923647610693971,0.0004923647610693924
drift_away,-1,accept_all,0.05,67,1,1.0,True,0.0004923647610693924,True,0.0004923647610693971,1.0
drift_away,-1,accept_all,0.05,68,0,0.0004455100591379213,False,1.0,True,0.0004455100591379546,0.0004455100591379213
drift_away,-1,accept_all,0.05,68,1,1.0,True,0.0004455100591379213,True,0.0004455100591379546,1.0
drift_away,-1,accept_all,0.05,69,0,0.0004031141716194042,False,1.0,True,0.0004031141716194231,0.0004031141716194042
drift_away,-1,accept_all,0.05,69,1,1.0,True,0.0004031141716194042,True,0.0004031141716194231,1.0
drift_away,-1,accept_all,0.05,70,0,0.0003647527862218065,False,1.0,True,0.0003647527862218336,0.0003647527862218065
drift_away,-1,accept_all,0.05,70,1,1.0,True,0.0003647527862218065,True,0.0003647527862218336,1.0
drift_away,-1,accept_all,0.05,71,0,0.00033004196930636184,False,1.0,True,0.00033004196930641605,0.00033004196930636184
drift_away,-1,accept_all,0.05,71,1,1.0,True,0.00033004196930636184,True,0.00033004196930641605,1.0
drift_away,-1,accept_all,0.05,72,0,0.0002986343233506717,False,1.0,True,0.0002986343233506439,0.0002986343233506717
drift_away,-1,accept_all,0.05,72,1,1.0,True,0.0002986343233506717,True,0.0002986343233506439,1.0
drift_away,-1,accept_all,0.05,73,0,0.00027021551007753774,False,1.0,True,0.00027021551007755384,0.00027021551007753774
drift_away,-1,accept_all,0.05,73,1,1.0,True,0.00027021551007753774,True,0.00027021551007755384,1.0
drift_away,-1,accept_all,0.05,74,0,0.0002445011044518289,False,1.0,True,0.00024450110445184414,0.0002445011044518289
drift_away,-1,accept_all,0.05,74,1,1.0,True,0.0002445011044518289,True,0.00024450110445184414,1.0
drift_away,-1,accept_all,0.05,75,0,0.00022123374805913345,False,1.0,True,0.00022123374805915752,0.00022123374805913345
drift_away,-1,accept_all,0.05,75,1,1.0,True,0.00022123374805913345,True,0.00022123374805915752,1.0
drift_away,-1,accept_all,0.05,76,0,0.00020018057337624435,False,1.0,True,0.00020018057337622963,0.00020018057337624435
drift_away,-1,accept_all,0.05,76,1,1.0,True,0.00020018057337624435,True,0.00020018057337622963,1.0
drift_away,-1,accept_all,0.05,77,0,0.0001811308731547188,False,1.0,True,0.00018113087315474452,0.0001811308731547188
drift_away,-1,accept_all,0.05,77,1,1.0,True,0.0001811308731547188,True,0.00018113087315474452,1.0
drift_away,-1,accept_all,0.05,78,0,0.00016389399159191472,False,1.0,True,0.00016389399159189022,0.00016389399159191472
drift_away,-1,accept_all,0.05,78,1,1.0,True,0.00016389399159191472,True,0.00016389399159189022,1.0
drift_away,-1,accept_all,0.05,79,0,0.0001482974161836353,False,1.0,True,0.00014829741618360703,0.0001482974161836353
drift_away,-1,accept_all,0.05,79,1,1.0,True,0.0001482974161836353,True,0.00014829741618360703,1.0
drift_away,-1,accept_all,0.05,80,0,0.00013418505116100476,False,1.0,True,0.00013418505116102875,0.00013418505116100476
drift_away,-1,accept_all,0.05,80,1,1.0,True,0.00013418505116100476,True,0.00013418505116102875,1.0
drift_away,-1,reference_only,0.05,1,0,0.36193496721438384,False,0.4,False,0.9619349672143838,0.4
drift_away,-1,reference_only,0.05,1,1,1.0,True,0.4,True,0.4,1.0
drift_away,-1,reference_only,0.05,2,0,0.3274923012311928,False,1.0,False,0.3274923012311928,1.0
drift_away,-1,reference_only,0.05,2,1,1.0,True,1.0,True,1.0,1.0
drift_away,-1,reference_only,0.05,3,0,0.2963272882726872,False,1.0,False,0.2963272882726872,1.0
drift_away,-1,reference_only,0.05,3,1,1.0,True,1.0,True,1.0,1.0
drift_away,-1,reference_only,0.05,4,0,0.26812801841425576,False,1.0,False,0.2681280184142558,1.0
drift_away,-1,reference_only,0.05,4,1,1.0,True,1.0,True,1.0,1.0
drift_away,-1,reference_only,0.05,5,0,0.2426122638850534,False,1.0,False,0.24261226388505341,1.0
drift_away,-1,reference_only,0.05,5,1,1.0,True,1.0,True,1.0,1.0
drift_away,-1,reference_only,0.05,6,0,0.21952465443761057,False,1.0,False,0.2195246544376106,1.0
drift_away,-1,reference_only,0.05,6,1,1.0,True,1.0,True,1.0,1.0
drift_away,-1,reference_only,0.05,7,0,0.19863412151656382,False,1.0,False,0.1986341215165638,1.0
drift_away,-1,reference_only,0.05,7,1,1.0,True,1.0,True,1.0,1.0
drift_away,-1,reference_only,0.05,8,0,0.17973158564688863,False,1.0,False,0.17973158564688863,1.0
drift_away,-1,reference_only,0.05,8,1,1.0,True,1.0,True,1.0,1.0
drift_away,-1,reference_only,0.05,9,0,0.16262786389623965,False,1.0,False,0.16262786389623962,1.0
drift_away,-1,reference_only,0.05,9,1,1.0,True,1.0,True,1.0,1.0
drift_away,-1,reference_only,0.05,10,0,0.14715177646857694,False,1.0,False,0.1471517764685769,1.0
drift_away,-1,reference_only,0.05,10,1,1.0,True,1.0,True,1.0,1.0
drift_away,-1,reference_only,0.05,11,0,0.13314843347923183,False,1.0,False,0.1331484334792319,1.0
drift_away,-1,reference_only,0.05,11,1,1.0,True,1.0,True,1.0,1.0
drift_away,-1,reference_only,0.05,12,0,0.12047768476488085,False,1.0,False,0.12047768476488085,1.0
drift_away,-1,reference_only,0.05,12,1,1.0,True,1.0,True,1.0,1.0
drift_away,-1,reference_only,0.05,13,0,0.10901271721360505,False,1.0,False,0.10901271721360506,1.0
drift_away,-1,reference_only,0.05,13,1,1.0,True,1.0,True,1.0,1.0
drift_away,-1,reference_only,0.05,14,0,0.0986387855766426,False,1.0,False,0.09863878557664263,1.0
drift_away,-1,reference_only,0.05,14,1,1.0,True,1.0,True,1.0,1.0
drift_away,-1,reference_only,0.05,15,0,0.08925206405937193,False,1.0,False,0.08925206405937192,1.0
drift_away,-1,reference_only,0.05,15,1,1.0,True,1.0,True,1.0,1.0
drift_away,-1,reference_only,0.05,16,0,0.08075860719786215,False,1.0,False,0.0807586071978621,1.0
drift_away,-1,reference_only,0.05,16,1,1.0,True,1.0,True,1.0,1.0
drift_away,-1,reference_only,0.05,17,0,0.07307340962109386,False,1.0,False,0.07307340962109388,1.0
drift_away,-1,reference_only,0.05,17,1,1.0,True,1.0,True,1.0,1.0
drift_away,-1,reference_only,0.05,18,0,0.06611955528863461,False,1.0,False,0.06611955528863467,1.0
drift_away,-1,reference_only,0.05,18,1,1.0,True,1.0,True,1.0,1.0
drift_away,-1,reference_only,0.05,19,0,0.05982744768905403,False,1.0,False,0.059827447689054014,1.0
drift_away,-1,reference_only,0.05,19,1,1.0,True,1.0,True,1.0,1.0
drift_away,-1,reference_only,0.05,20,0,0.054134113294645084,False,1.0,False,0.054134113294645125,1.0
drift_away,-1,reference_only,0.05,20,1,1.0,True,1.0,True,1.0,1.0
drift_away,-1,reference_only,0.05,21,0,0.04898257130119277,False,1.0,False,0.04898257130119277,1.0
drift_away,-1,reference_only,0.05,21,1,1.0,True,1.0,True,1.0,1.0
drift_away,-1,reference_only,0.05,22,0,0.044321263344933554,False,1.0,False,0.04432126334493358,1.0
drift_away,-1,reference_only,0.05,22,1,1.0,True,1.0,True,1.0,1.0
drift_away,-1,reference_only,0.05,23,0,0.0401035374891215,False,1.0,False,0.040103537489121543,1.0
drift_away,-1,reference_only,0.05,23,1,1.0,True,1.0,True,1.0,1.0
drift_away,-1,reference_only,0.05,24,0,0.036287181315765006,False,1.0,False,0.03628718131576503,1.0
drift_away,-1,reference_only,0.05,24,1,1.0,True,1.0,True,1.0,1.0
drift_away,-1,reference_only,0.05,25,0,0.032833999449559524,False,1.0,False,0.03283399944955956,1.0
drift_away,-1,reference_only,0.05,25,1,1.0,True,1.0,True,1.0,1.0
drift_away,-1,reference_only,0.05,26,0,0.029709431285733553,False,1.0,False,0.029709431285733556,1.0
drift_away,-1,reference_only,0.05,26,1,1.0,True,1.0,True,1.0,1.0
drift_away,-1,reference_only,0.05,27,0,0.026882205095899905,False,1.0,False,0.02688220509589989,1.0
drift_away,-1,reference_only,0.05,27,1,1.0,True,1.0,True,1.0,1.0
drift_away,-1,reference_only,0.05,28,0,0.02432402505008719,False,1.0,False,0.02432402505008724,1.0
drift_away,-1,reference_only,0.05,28,1,1.0,True,1.0,True,1.0,1.0
drift_away,-1,reference_only,0.05,29,0,0.022009288022562894,False,1.0,False,0.022009288022562856,1.0
drift_away,-1,reference_only,0.05,29,1,1.0,True,1.0,True,1.0,1.0
drift_away,-1,reference_only,0.05,30,0,0.01991482734714558,False,1.0,False,0.01991482734714556,1.0
drift_away,-1,reference_only,0.05,30,1,1.0,True,1.0,True,1.0,1.0
drift_away,-1,reference_only,0.05,31,0,0.01801968095742312,False,1.0,False,0.018019680957423123,1.0
drift_away,-1,reference_only,0.05,31,1,1.0,True,1.0,True,1.0,1.0
drift_away,-1,reference_only,0.05,32,0,0.016304881591346486,False,1.0,False,0.016304881591346465,1.0
drift_away,-1,reference_only,0.05,32,1,1.0,True,1.0,True,1.0,1.0
drift_away,-1,reference_only,0.05,33,0,0.014753266960496007,False,1.0,False,0.014753266960496059,1.0
drift_away,-1,reference_only,0.05,33,1,1.0,True,1.0,True,1.0,1.0
drift_away,-1,reference_only,0.05,34,0,0.013349307984130433,False,1.0,False,0.013349307984130476,1.0
drift_away,-1,reference_only,0.05,34,1,1.0,True,1.0,True,1.0,1.0
drift_away,-1,reference_only,0.05,35,0,0.0120789533689274,False,1.0,False,0.012078953368927392,1.0
drift_away,-1,reference_only,0.05,35,1,1.0,True,1.0,True,1.0,1.0
drift_away,-1,reference_only,0.05,36,0,0.010929488978917025,False,1.0,False,0.01092948897891699,1.0
drift_away,-1,reference_only,0.05,36,1,1.0,True,1.0,True,1.0,1.0
drift_away,-1,reference_only,0.05,37,0,0.009889410588135757,False,1.0,False,0.00988941058813575,1.0
drift_away,-1,reference_only,0.05,37,1,1.0,True,1.0,True,1.0,1.0
drift_away,-1,reference_only,0.05,38,0,0.008948308742466242,False,1.0,False,0.008948308742466216,1.0
drift_away,-1,reference_only,0.05,38,1,1.0,True,1.0,True,1.0,1.0
drift_away,-1,reference_only,0.05,39,0,0.008096764578321756,False,1.0,False,0.008096764578321758,1.0
drift_away,-1,reference_only,0.05,39,1,1.0,True,1.0,True,1.0,1.0
drift_away,-1,reference_only,0.05,40,0,0.007326255555493672,False,1.0,False,0.00732625555549371,1.0
drift_away,-1,reference_only,0.05,40,1,1.0,True,1.0,True,1.0,1.0
drift_away,-1,reference_only,0.05,41,0,0.006629070160704503,False,1.0,False,0.006629070160704464,1.0
drift_away,-1,reference_only,0.05,41,1,1.0,True,1.0,True,1.0,1.0
drift_away,-1,reference_only,0.05,42,0,0.0059982307281910814,False,1.0,False,0.005998230728191056,1.0
drift_away,-1,reference_only,0.05,42,1,1.0,True,1.0,True,1.0,1.0
drift_away,-1,reference_only,0.05,43,0,0.005427423604880374,False,1.0,False,0.005427423604880355,1.0
drift_away,-1,reference_only,0.05,43,1,1.0,True,1.0,True,1.0,1.0
drift_away,-1,reference_only,0.05,44,0,0.0049109359612273746,False,1.0,False,0.004910935961227381,1.0
drift_away,-1,reference_only,0.05,44,1,1.0,True,1.0,True,1.0,1.0
drift_away,-1,reference_only,0.05,45,0,0.004443598615296923,False,1.0,False,0.004443598615296973,1.0
drift_away,-1,reference_only,0.05,45,1,1.0,True,1.0,True,1.0,1.0
drift_away,-1,reference_only,0.05,46,0,0.004020734297853434,False,1.0,False,0.004020734297853434,1.0
drift_away,-1,reference_only,0.05,46,1,1.0,True,1.0,True,1.0,1.0
drift_away,-1,reference_only,0.05,47,0,0.0036381108406783264,False,1.0,False,0.0036381108406783325,1.0
drift_away,-1,reference_only,0.05,47,1,1.0,True,1.0,True,1.0,1.0
drift_away,-1,reference_only,0.05,48,0,0.0032918988196080122,False,1.0,False,0.003291898819608008,1.0
drift_away,-1,reference_only,0.05,48,1,1.0,True,1.0,True,1.0,1.0
drift_away,-1,reference_only,0.05,49,0,0.0029786332283697355,False,1.0,False,0.002978633228369776,1.0
drift_away,-1,reference_only,0.05,49,1,1.0,True,1.0,True,1.0,1.0
drift_away,-1,reference_only,0.05,50,0,0.002695178799634187,False,1.0,False,0.0026951787996342125,1.0
drift_away,-1,reference_only,0.05,50,1,1.0,True,1.0,True,1.0,1.0
drift_away,-1,reference_only,0.05,51,0,0.0024386986262062552,False,1.0,False,0.0024386986262062704,1.0
drift_away,-1,reference_only,0.05,51,1,1.0,True,1.0,True,1.0,1.0
drift_away,-1,reference_only,0.05,52,0,0.002206625768304309,False,1.0,False,0.0022066257683043267,1.0
drift_away,-1,reference_only,0.05,52,1,1.0,True,1.0,True,1.0,1.0
drift_away,-1,reference_only,0.05,53,0,0.001996637562764087,False,1.0,False,0.0019966375627641364,1.0
drift_away,-1,reference_only,0.05,53,1,1.0,True,1.0,True,1.0,1.0
drift_away,-1,reference_only,0.05,54,0,0.0018066323770450665,False,1.0,False,0.0018066323770450365,1.0
drift_away,-1,reference_only,0.05,54,1,1.0,True,1.0,True,1.0,1.0
drift_away,-1,reference_only,0.05,55,0,0.0016347085753856266,False,1.0,False,0.0016347085753856128,1.0
drift_away,-1,reference_only,0.05,55,1,1.0,True,1.0,True,1.0,1.0
drift_away,-1,reference_only,0.05,56,0,0.001479145486593173,False,1.0,False,0.0014791454865932252,1.0
drift_away,-1,reference_only,0.05,56,1,1.0,True,1.0,True,1.0,1.0
drift_away,-1,reference_only,0.05,57,0,0.001338386182988509,False,1.0,False,0.001338386182988538,1.0
drift_away,-1,reference_only,0.05,57,1,1.0,True,1.0,True,1.0,1.0
drift_away,-1,reference_only,0.05,58,0,0.0012110218981503263,False,1.0,False,0.0012110218981503662,1.0
drift_away,-1,reference_only,0.05,58,1,1.0,True,1.0,True,1.0,1.0
drift_away,-1,reference_only,0.05,59,0,0.0010957779275073474,False,1.0,False,0.0010957779275073687,1.0
drift_away,-1,reference_only,0.05,59,1,1.0,True,1.0,True,1.0,1.0
drift_away,-1,reference_only,0.05,60,0,0.0009915008706665434,False,1.0,False,0.0009915008706665729,1.0
drift_away,-1,reference_only,0.05,60,1,1.0,True,1.0,True,1.0,1.0
drift_away,-1,reference_only,0.05,61,0,0.0008971470877943213,False,1.0,False,0.0008971470877943144,1.0
drift_away,-1,reference_only,0.05,61,1,1.0,True,1.0,True,1.0,1.0
drift_away,-1,reference_only,0.05,62,0,0.0008117722545182937,False,1.0,False,0.0008117722545183392,1.0
drift_away,-1,reference_only,0.05,62,1,1.0,True,1.0,True,1.0,1.0
drift_away,-1,reference_only,0.05,63,0,0.0007345219108115629,False,1.0,False,0.0007345219108115808,1.0
drift_away,-1,reference_only,0.05,63,1,1.0,True,1.0,True,1.0,1.0
drift_away,-1,reference_only,0.05,64,0,0.0006646229092695736,False,1.0,False,0.0006646229092696077,1.0
drift_away,-1,reference_only,0.05,64,1,1.0,True,1.0,True,1.0,1.0
drift_away,-1,reference_only,0.05,65,0,0.000601375677191029,False,1.0,False,0.0006013756771909851,1.0
drift_away,-1,reference_only,0.05,65,1,1.0,True,1.0,True,1.0,1.0
drift_away,-1,reference_only,0.05,66,0,0.0005441472150191576,False,1.0,False,0.000544147215019164,1.0
drift_away,-1,reference_only,0.05,66,1,1.0,True,1.0,True,1.0,1.0
drift_away,-1,reference_only,0.05,67,0,0.0004923647610693924,False,1.0,False,0.0004923647610693971,1.0
drift_away,-1,reference_only,0.05,67,1,1.0,True,1.0,True,1.0,1.0
drift_away,-1,reference_only,0.05,68,0,0.0004455100591379213,False,1.0,False,0.0004455100591379546,1.0
drift_away,-1,reference_only,0.05,68,1,1.0,True,1.0,True,1.0,1.0
drift_away,-1,reference_only,0.05,69,0,0.0004031141716194042,False,1.0,False,0.0004031141716194231,1.0
drift_away,-1,reference_only,0.05,69,1,1.0,True,1.0,True,1.0,1.0
drift_away,-1,reference_only,0.05,70,0,0.0003647527862218065,False,1.0,False,0.0003647527862218336,1.0
drift_away,-1,reference_only,0.05,70,1,1.0,True,1.0,True,1.0,1.0
drift_away,-1,reference_only,0.05,71,0,0.00033004196930636184,False,1.0,False,0.00033004196930641605,1.0
drift_away,-1,reference_only,0.05,71,1,1.0,True,1.0,True,1.0,1.0
drift_away,-1,reference_only,0.05,72,0,0.0002986343233506717,False,1.0,False,0.0002986343233506439,1.0
drift_away,-1,reference_only,0.05,72,1,1.0,True,1.0,True,1.0,1.0
drift_away,-1,reference_only,0.05,73,0,0.00027021551007753774,False,1.0,False,0.00027021551007755384,1.0
drift_away,-1,reference_only,0.05,73,1,1.0,True,1.0,True,1.0,1.0
drift_away,-1,reference_only,0.05,74,0,0.0002445011044518289,False,1.0,False,0.00024450110445184414,1.0
drift_away,-1,reference_only,0.05,74,1,1.0,True,1.0,True,1.0,1.0
drift_away,-1,reference_only,0.05,75,0,0.00022123374805913345,False,1.0,False,0.00022123374805915752,1.0
drift_away,-1,reference_only,0.05,75,1,1.0,True,1.0,True,1.0,1.0
drift_away,-1,reference_only,0.05,76,0,0.00020018057337624435,False,1.0,False,0.00020018057337622963,1.0
drift_away,-1,reference_only,0.05,76,1,1.0,True,1.0,True,1.0,1.0
drift_away,-1,reference_only,0.05,77,0,0.0001811308731547188,False,1.0,False,0.00018113087315474452,1.0
drift_away,-1,reference_only,0.05,77,1,1.0,True,1.0,True,1.0,1.0
drift_away,-1,reference_only,0.05,78,0,0.00016389399159191472,False,1.0,False,0.00016389399159189022,1.0
drift_away,-1,reference_only,0.05,78,1,1.0,True,1.0,True,1.0,1.0
drift_away,-1,reference_only,0.05,79,0,0.0001482974161836353,False,1.0,False,0.00014829741618360703,1.0
drift_away,-1,reference_only,0.05,79,1,1.0,True,1.0,True,1.0,1.0
drift_away,-1,reference_only,0.05,80,0,0.00013418505116100476,False,1.0,False,0.00013418505116102875,1.0
drift_away,-1,reference_only,0.05,80,1,1.0,True,1.0,True,1.0,1.0
drift_away,-1,gated,0.11,1,0,0.36193496721438384,False,0.4,True,0.9619349672143838,0.36193496721438384
drift_away,-1,gated,0.11,1,1,1.0,True,0.36193496721438384,False,0.3619349672143839,0.36193496721438384
drift_away,-1,gated,0.11,2,0,0.3274923012311928,False,0.36193496721438384,True,0.9655573340168089,0.3274923012311928
drift_away,-1,gated,0.11,2,1,1.0,True,0.3274923012311928,False,0.3274923012311928,0.3274923012311928
drift_away,-1,gated,0.11,3,0,0.2963272882726872,False,0.3274923012311928,True,0.9688349870414944,0.2963272882726872
drift_away,-1,gated,0.11,3,1,1.0,True,0.2963272882726872,False,0.2963272882726872,0.2963272882726872
drift_away,-1,gated,0.11,4,0,0.26812801841425576,False,0.2963272882726872,True,0.9718007301415685,0.26812801841425576
drift_away,-1,gated,0.11,4,1,1.0,True,0.26812801841425576,False,0.2681280184142558,0.26812801841425576
drift_away,-1,gated,0.11,5,0,0.2426122638850534,False,0.26812801841425576,True,0.9744842454707976,0.2426122638850534
drift_away,-1,gated,0.11,5,1,1.0,True,0.2426122638850534,False,0.24261226388505341,0.2426122638850534
drift_away,-1,gated,0.11,6,0,0.21952465443761057,False,0.2426122638850534,True,0.9769123905525572,0.21952465443761057
drift_away,-1,gated,0.11,6,1,1.0,True,0.21952465443761057,False,0.2195246544376106,0.21952465443761057
drift_away,-1,gated,0.11,7,0,0.19863412151656382,False,0.21952465443761057,True,0.9791094670789533,0.19863412151656382
drift_away,-1,gated,0.11,7,1,1.0,True,0.19863412151656382,False,0.1986341215165638,0.19863412151656382
drift_away,-1,gated,0.11,8,0,0.17973158564688863,False,0.19863412151656382,True,0.9810974641303248,0.17973158564688863
drift_away,-1,gated,0.11,8,1,1.0,True,0.17973158564688863,False,0.17973158564688863,0.17973158564688863
drift_away,-1,gated,0.11,9,0,0.16262786389623965,False,0.17973158564688863,True,0.982896278249351,0.16262786389623965
drift_away,-1,gated,0.11,9,1,1.0,True,0.16262786389623965,False,0.16262786389623962,0.16262786389623965
drift_away,-1,gated,0.11,10,0,0.14715177646857694,False,0.16262786389623965,True,0.9845239125723373,0.14715177646857694
drift_away,-1,gated,0.11,10,1,1.0,True,0.14715177646857694,False,0.1471517764685769,0.14715177646857694
drift_away,-1,gated,0.11,11,0,0.13314843347923183,False,0.14715177646857694,True,0.9859966570106549,0.13314843347923183
drift_away,-1,gated,0.11,11,1,1.0,True,0.13314843347923183,False,0.1331484334792319,0.13314843347923183
drift_away,-1,gated,0.11,12,0,0.12047768476488085,False,0.13314843347923183,True,0.9873292512856491,0.12047768476488085
drift_away,-1,gated,0.11,12,1,1.0,True,0.12047768476488085,False,0.12047768476488085,0.12047768476488085
drift_away,-1,gated,0.11,13,0,0.10901271721360505,False,0.12047768476488085,True,0.9885350324487242,0.10901271721360505
drift_away,-1,gated,0.11,13,1,1.0,True,0.10901271721360505,False,0.10901271721360506,0.10901271721360505
drift_away,-1,gated,0.11,14,0,0.0986387855766426,False,0.10901271721360505,True,0.9896260683630376,0.0986387855766426
drift_away,-1,gated,0.11,14,1,1.0,True,0.0986387855766426,False,0.09863878557664263,0.0986387855766426
drift_away,-1,gated,0.11,15,0,0.08925206405937193,False,0.0986387855766426,True,0.9906132784827293,0.08925206405937193
drift_away,-1,gated,0.11,15,1,1.0,True,0.08925206405937193,False,0.08925206405937192,0.08925206405937193
drift_away,-1,gated,0.11,16,0,0.08075860719786215,False,0.08925206405937193,True,0.9915065431384902,0.08075860719786215
drift_away,-1,gated,0.11,16,1,1.0,True,0.08075860719786215,False,0.0807586071978621,0.08075860719786215
drift_away,-1,gated,0.11,17,0,0.07307340962109386,False,0.08075860719786215,True,0.9923148024232317,0.07307340962109386
drift_away,-1,gated,0.11,17,1,1.0,True,0.07307340962109386,False,0.07307340962109388,0.07307340962109386
drift_away,-1,gated,0.11,18,0,0.06611955528863461,False,0.07307340962109386,True,0.9930461456675408,0.06611955528863461
drift_away,-1,gated,0.11,18,1,1.0,True,0.06611955528863461,False,0.06611955528863467,0.06611955528863461
drift_away,-1,gated,0.11,19,0,0.05982744768905403,False,0.06611955528863461,True,0.9937078924004195,0.05982744768905403
drift_away,-1,gated,0.11,19,1,1.0,True,0.05982744768905403,False,0.059827447689054014,0.05982744768905403
drift_away,-1,gated,0.11,20,0,0.054134113294645084,False,0.05982744768905403,True,0.994306665605591,0.054134113294645084
drift_away,-1,gated,0.11,20,1,1.0,True,0.054134113294645084,False,0.054134113294645125,0.054134113294645084
drift_away,-1,gated,0.11,21,0,0.04898257130119277,False,0.054134113294645084,True,0.9948484580065476,0.04898257130119277
drift_away,-1,gated,0.11,21,1,1.0,True,0.04898257130119277,False,0.04898257130119277,0.04898257130119277
drift_away,-1,gated,0.11,22,0,0.044321263344933554,False,0.04898257130119277,True,0.9953386920437408,0.044321263344933554
drift_away,-1,gated,0.11,22,1,1.0,True,0.044321263344933554,False,0.04432126334493358,0.044321263344933554
drift_away,-1,gated,0.11,23,0,0.0401035374891215,False,0.044321263344933554,True,0.995782274144188,0.0401035374891215
drift_away,-1,gated,0.11,23,1,1.0,True,0.0401035374891215,False,0.040103537489121543,0.0401035374891215
drift_away,-1,gated,0.11,24,0,0.036287181315765006,False,0.0401035374891215,True,0.9961836438266435,0.036287181315765006
drift_away,-1,gated,0.11,24,1,1.0,True,0.036287181315765006,False,0.03628718131576503,0.036287181315765006
drift_away,-1,gated,0.11,25,0,0.032833999449559524,False,0.036287181315765006,True,0.9965468181337945,0.032833999449559524
drift_away,-1,gated,0.11,25,1,1.0,True,0.032833999449559524,False,0.03283399944955956,0.032833999449559524
drift_away,-1,gated,0.11,26,0,0.029709431285733553,False,0.032833999449559524,True,0.996875431836174,0.029709431285733553
drift_away,-1,gated,0.11,26,1,1.0,True,0.029709431285733553,False,0.029709431285733556,0.029709431285733553
drift_away,-1,gated,0.11,27,0,0.026882205095899905,False,0.029709431285733553,True,0.9971727738101663,0.026882205095899905
drift_away,-1,gated,0.11,27,1,1.0,True,0.026882205095899905,False,0.02688220509589989,0.026882205095899905
drift_away,-1,gated,0.11,28,0,0.02432402505008719,False,0.026882205095899905,True,0.9974418199541872,0.02432402505008719
drift_away,-1,gated,0.11,28,1,1.0,True,0.02432402505008719,False,0.02432402505008724,0.02432402505008719
drift_away,-1,gated,0.11,29,0,0.022009288022562894,False,0.02432402505008719,True,0.9976852629724757,0.022009288022562894
drift_away,-1,gated,0.11,29,1,1.0,True,0.022009288022562894,False,0.022009288022562856,0.022009288022562894
drift_away,-1,gated,0.11,30,0,0.01991482734714558,False,0.022009288022562894,True,0.9979055393245827,0.01991482734714558
drift_away,-1,gated,0.11,30,1,1.0,True,0.01991482734714558,False,0.01991482734714556,0.01991482734714558
drift_away,-1,gated,0.11,31,0,0.01801968095742312,False,0.01991482734714558,True,0.9981048536102776,0.01801968095742312
drift_away,-1,gated,0.11,31,1,1.0,True,0.01801968095742312,False,0.018019680957423123,0.01801968095742312
drift_away,-1,gated,0.11,32,0,0.016304881591346486,False,0.01801968095742312,True,0.9982852006339233,0.016304881591346486
drift_away,-1,gated,0.11,32,1,1.0,True,0.016304881591346486,False,0.016304881591346465,0.016304881591346486
drift_away,-1,gated,0.11,33,0,0.014753266960496007,False,0.016304881591346486,True,0.9984483853691495,0.014753266960496007
drift_away,-1,gated,0.11,33,1,1.0,True,0.014753266960496007,False,0.014753266960496059,0.014753266960496007
drift_away,-1,gated,0.11,34,0,0.013349307984130433,False,0.014753266960496007,True,0.9985960410236344,0.013349307984130433
drift_away,-1,gated,0.11,34,1,1.0,True,0.013349307984130433,False,0.013349307984130476,0.013349307984130433
drift_away,-1,gated,0.11,35,0,0.0120789533689274,False,0.013349307984130433,True,0.9987296453847969,0.0120789533689274
drift_away,-1,gated,0.11,35,1,1.0,True,0.0120789533689274,False,0.012078953368927392,0.0120789533689274
drift_away,-1,gated,0.11,36,0,0.010929488978917025,False,0.0120789533689274,True,0.9988505356099896,0.010929488978917025
drift_away,-1,gated,0.11,36,1,1.0,True,0.010929488978917025,False,0.01092948897891699,0.010929488978917025
drift_away,-1,gated,0.11,37,0,0.009889410588135757,False,0.010929488978917025,True,0.9989599216092188,0.009889410588135757
drift_away,-1,gated,0.11,37,1,1.0,True,0.009889410588135757,False,0.00988941058813575,0.009889410588135757
drift_away,-1,gated,0.11,38,0,0.008948308742466242,False,0.009889410588135757,True,0.9990588981543305,0.008948308742466242
drift_away,-1,gated,0.11,38,1,1.0,True,0.008948308742466242,False,0.008948308742466216,0.008948308742466242
drift_away,-1,gated,0.11,39,0,0.008096764578321756,False,0.008948308742466242,True,0.9991484558358555,0.008096764578321756
drift_away,-1,gated,0.11,39,1,1.0,True,0.008096764578321756,False,0.008096764578321758,0.008096764578321756
drift_away,-1,gated,0.11,40,0,0.007326255555493672,False,0.008096764578321756,True,0.999229490977172,0.007326255555493672
drift_away,-1,gated,0.11,40,1,1.0,True,0.007326255555493672,False,0.00732625555549371,0.007326255555493672
drift_away,-1,gated,0.11,41,0,0.006629070160704503,False,0.007326255555493672,True,0.9993028146052109,0.006629070160704503
drift_away,-1,gated,0.11,41,1,1.0,True,0.006629070160704503,False,0.006629070160704464,0.006629070160704503
drift_away,-1,gated,0.11,42,0,0.0059982307281910814,False,0.006629070160704503,True,0.9993691605674866,0.0059982307281910814
drift_away,-1,gated,0.11,42,1,1.0,True,0.0059982307281910814,False,0.005998230728191056,0.0059982307281910814
drift_away,-1,gated,0.11,43,0,0.005427423604880374,False,0.0059982307281910814,True,0.9994291928766893,0.005427423604880374
drift_away,-1,gated,0.11,43,1,1.0,True,0.005427423604880374,False,0.005427423604880355,0.005427423604880374
drift_away,-1,gated,0.11,44,0,0.0049109359612273746,False,0.005427423604880374,True,0.999483512356347,0.0049109359612273746
drift_away,-1,gated,0.11,44,1,1.0,True,0.0049109359612273746,False,0.004910935961227381,0.0049109359612273746
drift_away,-1,gated,0.11,45,0,0.004443598615296923,False,0.0049109359612273746,True,0.9995326626540696,0.004443598615296923
drift_away,-1,gated,0.11,45,1,1.0,True,0.004443598615296923,False,0.004443598615296973,0.004443598615296923
drift_away,-1,gated,0.11,46,0,0.004020734297853434,False,0.004443598615296923,True,0.9995771356825565,0.004020734297853434
drift_away,-1,gated,0.11,46,1,1.0,True,0.004020734297853434,False,0.004020734297853434,0.004020734297853434
drift_away,-1,gated,0.11,47,0,0.0036381108406783264,False,0.004020734297853434,True,0.9996173765428249,0.0036381108406783264
drift_away,-1,gated,0.11,47,1,1.0,True,0.0036381108406783264,False,0.0036381108406783325,0.0036381108406783264
drift_away,-1,gated,0.11,48,0,0.0032918988196080122,False,0.0036381108406783264,True,0.9996537879789297,0.0032918988196080122
drift_away,-1,gated,0.11,48,1,1.0,True,0.0032918988196080122,False,0.003291898819608008,0.0032918988196080122
drift_away,-1,gated,0.11,49,0,0.0029786332283697355,False,0.0032918988196080122,True,0.9996867344087618,0.0029786332283697355
drift_away,-1,gated,0.11,49,1,1.0,True,0.0029786332283697355,False,0.002978633228369776,0.0029786332283697355
drift_away,-1,gated,0.11,50,0,0.002695178799634187,False,0.0029786332283697355,True,0.9997165455712644,0.002695178799634187
drift_away,-1,gated,0.11,50,1,1.0,True,0.002695178799634187,False,0.0026951787996342125,0.002695178799634187
drift_away,-1,gated,0.11,51,0,0.0024386986262062552,False,0.002695178799634187,True,0.9997435198265721,0.0024386986262062552
drift_away,-1,gated,0.11,51,1,1.0,True,0.0024386986262062552,False,0.0024386986262062704,0.0024386986262062552
drift_away,-1,gated,0.11,52,0,0.002206625768304309,False,0.0024386986262062552,True,0.9997679271420981,0.002206625768304309
drift_away,-1,gated,0.11,52,1,1.0,True,0.002206625768304309,False,0.0022066257683043267,0.002206625768304309
drift_away,-1,gated,0.11,53,0,0.001996637562764087,False,0.002206625768304309,True,0.9997900117944598,0.001996637562764087
drift_away,-1,gated,0.11,53,1,1.0,True,0.001996637562764087,False,0.0019966375627641364,0.001996637562764087
drift_away,-1,gated,0.11,54,0,0.0018066323770450665,False,0.001996637562764087,True,0.999809994814281,0.0018066323770450665
drift_away,-1,gated,0.11,54,1,1.0,True,0.0018066323770450665,False,0.0018066323770450365,0.0018066323770450665
drift_away,-1,gated,0.11,55,0,0.0016347085753856266,False,0.0018066323770450665,True,0.9998280761983406,0.0016347085753856266
drift_away,-1,gated,0.11,55,1,1.0,True,0.0016347085753856266,False,0.0016347085753856128,0.0016347085753856266
drift_away,-1,gated,0.11,56,0,0.001479145486593173,False,0.0016347085753856266,True,0.9998444369112075,0.001479145486593173
drift_away,-1,gated,0.11,56,1,1.0,True,0.001479145486593173,False,0.0014791454865932252,0.001479145486593173
drift_away,-1,gated,0.11,57,0,0.001338386182988509,False,0.001479145486593173,True,0.9998592406963953,0.001338386182988509
drift_away,-1,gated,0.11,57,1,1.0,True,0.001338386182988509,False,0.001338386182988538,0.001338386182988509
drift_away,-1,gated,0.11,58,0,0.0012110218981503263,False,0.001338386182988509,True,0.9998726357151618,0.0012110218981503263
drift_away,-1,gated,0.11,58,1,1.0,True,0.0012110218981503263,False,0.0012110218981503662,0.0012110218981503263
drift_away,-1,gated,0.11,59,0,0.0010957779275073474,False,0.0012110218981503263,True,0.999884756029357,0.0010957779275073474
drift_away,-1,gated,0.11,59,1,1.0,True,0.0010957779275073474,False,0.0010957779275073687,0.0010957779275073474
drift_away,-1,gated,0.11,60,0,0.0009915008706665434,False,0.0010957779275073474,True,0.9998957229431592,0.0009915008706665434
drift_away,-1,gated,0.11,60,1,1.0,True,0.0009915008706665434,False,0.0009915008706665729,0.0009915008706665434
drift_away,-1,gated,0.11,61,0,0.0008971470877943213,False,0.0009915008706665434,True,0.9999056462171277,0.0008971470877943213
drift_away,-1,gated,0.11,61,1,1.0,True,0.0008971470877943213,False,0.0008971470877943144,0.0008971470877943213
drift_away,-1,gated,0.11,62,0,0.0008117722545182937,False,0.0008971470877943213,True,0.999914625166724,0.0008117722545182937
drift_away,-1,gated,0.11,62,1,1.0,True,0.0008117722545182937,False,0.0008117722545183392,0.0008117722545182937
drift_away,-1,gated,0.11,63,0,0.0007345219108115629,False,0.0008117722545182937,True,0.9999227496562932,0.0007345219108115629
drift_away,-1,gated,0.11,63,1,1.0,True,0.0007345219108115629,False,0.0007345219108115808,0.0007345219108115629
drift_away,-1,gated,0.11,64,0,0.0006646229092695736,False,0.0007345219108115629,True,0.999930100998458,0.0006646229092695736
drift_away,-1,gated,0.11,64,1,1.0,True,0.0006646229092695736,False,0.0006646229092696077,0.0006646229092695736
drift_away,-1,gated,0.11,65,0,0.000601375677191029,False,0.0006646229092695736,True,0.9999367527679215,0.000601375677191029
drift_away,-1,gated,0.11,65,1,1.0,True,0.000601375677191029,False,0.0006013756771909851,0.000601375677191029
drift_away,-1,gated,0.11,66,0,0.0005441472150191576,False,0.000601375677191029,True,0.9999427715378282,0.0005441472150191576
drift_away,-1,gated,0.11,66,1,1.0,True,0.0005441472150191576,False,0.000544147215019164,0.0005441472150191576
drift_away,-1,gated,0.11,67,0,0.0004923647610693924,False,0.0005441472150191576,True,0.9999482175460502,0.0004923647610693924
drift_away,-1,gated,0.11,67,1,1.0,True,0.0004923647610693924,False,0.0004923647610693971,0.0004923647610693924
drift_away,-1,gated,0.11,68,0,0.0004455100591379213,False,0.0004923647610693924,True,0.9999531452980686,0.0004455100591379213
drift_away,-1,gated,0.11,68,1,1.0,True,0.0004455100591379213,False,0.0004455100591379546,0.0004455100591379213
drift_away,-1,gated,0.11,69,0,0.0004031141716194042,False,0.0004455100591379213,True,0.9999576041124815,0.0004031141716194042
drift_away,-1,gated,0.11,69,1,1.0,True,0.0004031141716194042,False,0.0004031141716194231,0.0004031141716194042
drift_away,-1,gated,0.11,70,0,0.0003647527862218065,False,0.0004031141716194042,True,0.9999616386146024,0.0003647527862218065
drift_away,-1,gated,0.11,70,1,1.0,True,0.0003647527862218065,False,0.0003647527862218336,0.0003647527862218065
drift_away,-1,gated,0.11,71,0,0.00033004196930636184,False,0.0003647527862218065,True,0.9999652891830846,0.00033004196930636184
drift_away,-1,gated,0.11,71,1,1.0,True,0.00033004196930636184,False,0.00033004196930641605,0.00033004196930636184
drift_away,-1,gated,0.11,72,0,0.0002986343233506717,False,0.00033004196930636184,True,0.9999685923540443,0.0002986343233506717
drift_away,-1,gated,0.11,72,1,1.0,True,0.0002986343233506717,False,0.0002986343233506439,0.0002986343233506717
drift_away,-1,gated,0.11,73,0,0.00027021551007753774,False,0.0002986343233506717,True,0.9999715811867269,0.00027021551007753774
drift_away,-1,gated,0.11,73,1,1.0,True,0.00027021551007753774,False,0.00027021551007755384,0.00027021551007753774
drift_away,-1,gated,0.11,74,0,0.0002445011044518289,False,0.00027021551007753774,True,0.9999742855943743,0.0002445011044518289
drift_away,-1,gated,0.11,74,1,1.0,True,0.0002445011044518289,False,0.00024450110445184414,0.0002445011044518289
drift_away,-1,gated,0.11,75,0,0.00022123374805913345,False,0.0002445011044518289,True,0.9999767326436073,0.00022123374805913345
drift_away,-1,gated,0.11,75,1,1.0,True,0.00022123374805913345,False,0.00022123374805915752,0.00022123374805913345
drift_away,-1,gated,0.11,76,0,0.00020018057337624435,False,0.00022123374805913345,True,0.9999789468253171,0.00020018057337624435
drift_away,-1,gated,0.11,76,1,1.0,True,0.00020018057337624435,False,0.00020018057337622963,0.00020018057337624435
drift_away,-1,gated,0.11,77,0,0.0001811308731547188,False,0.00020018057337624435,True,0.9999809502997785,0.0001811308731547188
drift_away,-1,gated,0.11,77,1,1.0,True,0.0001811308731547188,False,0.00018113087315474452,0.0001811308731547188
drift_away,-1,gated,0.11,78,0,0.00016389399159191472,False,0.0001811308731547188,True,0.9999827631184371,0.00016389399159191472
drift_away,-1,gated,0.11,78,1,1.0,True,0.00016389399159191472,False,0.00016389399159189022,0.00016389399159191472
drift_away,-1,gated,0.11,79,0,0.0001482974161836353,False,0.00016389399159191472,True,0.9999844034245917,0.0001482974161836353
drift_away,-1,gated,0.11,79,1,1.0,True,0.0001482974161836353,False,0.00014829741618360703,0.0001482974161836353
drift_away,-1,gated,0.11,80,0,0.00013418505116100476,False,0.0001482974161836353,True,0.9999858876349774,0.00013418505116100476
drift_away,-1,gated,0.11,80,1,1.0,True,0.00013418505116100476,False,0.00013418505116102875,0.00013418505116100476
drift_away,-1,accept_all,0.11,1,0,0.36193496721438384,False,0.4,True,0.9619349672143838,0.36193496721438384
drift_away,-1,accept_all,0.11,1,1,1.0,True,0.36193496721438384,True,0.3619349672143839,1.0
drift_away,-1,accept_all,0.11,2,0,0.3274923012311928,False,1.0,True,0.3274923012311928,0.3274923012311928
drift_away,-1,accept_all,0.11,2,1,1.0,True,0.3274923012311928,True,0.3274923012311928,1.0
drift_away,-1,accept_all,0.11,3,0,0.2963272882726872,False,1.0,True,0.2963272882726872,0.2963272882726872
drift_away,-1,accept_all,0.11,3,1,1.0,True,0.2963272882726872,True,0.2963272882726872,1.0
drift_away,-1,accept_all,0.11,4,0,0.26812801841425576,False,1.0,True,0.2681280184142558,0.26812801841425576
drift_away,-1,accept_all,0.11,4,1,1.0,True,0.26812801841425576,True,0.2681280184142558,1.0
drift_away,-1,accept_all,0.11,5,0,0.2426122638850534,False,1.0,True,0.24261226388505341,0.2426122638850534
drift_away,-1,accept_all,0.11,5,1,1.0,True,0.2426122638850534,True,0.24261226388505341,1.0
drift_away,-1,accept_all,0.11,6,0,0.21952465443761057,False,1.0,True,0.2195246544376106,0.21952465443761057
drift_away,-1,accept_all,0.11,6,1,1.0,True,0.21952465443761057,True,0.2195246544376106,1.0
drift_away,-1,accept_all,0.11,7,0,0.19863412151656382,False,1.0,True,0.1986341215165638,0.19863412151656382
drift_away,-1,accept_all,0.11,7,1,1.0,True,0.19863412151656382,True,0.1986341215165638,1.0
drift_away,-1,accept_all,0.11,8,0,0.17973158564688863,False,1.0,True,0.17973158564688863,0.17973158564688863
drift_away,-1,accept_all,0.11,8,1,1.0,True,0.17973158564688863,True,0.17973158564688863,1.0
drift_away,-1,accept_all,0.11,9,0,0.16262786389623965,False,1.0,True,0.16262786389623962,0.16262786389623965
drift_away,-1,accept_all,0.11,9,1,1.0,True,0.16262786389623965,True,0.16262786389623962,1.0
drift_away,-1,accept_all,0.11,10,0,0.14715177646857694,False,1.0,True,0.1471517764685769,0.14715177646857694
drift_away,-1,accept_all,0.11,10,1,1.0,True,0.14715177646857694,True,0.1471517764685769,1.0
drift_away,-1,accept_all,0.11,11,0,0.13314843347923183,False,1.0,True,0.1331484334792319,0.13314843347923183
drift_away,-1,accept_all,0.11,11,1,1.0,True,0.13314843347923183,True,0.1331484334792319,1.0
drift_away,-1,accept_all,0.11,12,0,0.12047768476488085,False,1.0,True,0.12047768476488085,0.12047768476488085
drift_away,-1,accept_all,0.11,12,1,1.0,True,0.12047768476488085,True,0.12047768476488085,1.0
drift_away,-1,accept_all,0.11,13,0,0.10901271721360505,False,1.0,True,0.10901271721360506,0.10901271721360505
drift_away,-1,accept_all,0.11,13,1,1.0,True,0.10901271721360505,True,0.10901271721360506,1.0
drift_away,-1,accept_all,0.11,14,0,0.0986387855766426,False,1.0,True,0.09863878557664263,0.0986387855766426
drift_away,-1,accept_all,0.11,14,1,1.0,True,0.0986387855766426,True,0.09863878557664263,1.0
drift_away,-1,accept_all,0.11,15,0,0.08925206405937193,False,1.0,True,0.08925206405937192,0.08925206405937193
drift_away,-1,accept_all,0.11,15,1,1.0,True,0.08925206405937193,True,0.08925206405937192,1.0
drift_away,-1,accept_all,0.11,16,0,0.08075860719786215,False,1.0,True,0.0807586071978621,0.08075860719786215
drift_away,-1,accept_all,0.11,16,1,1.0,True,0.08075860719786215,True,0.0807586071978621,1.0
drift_away,-1,accept_all,0.11,17,0,0.07307340962109386,False,1.0,True,0.07307340962109388,0.07307340962109386
drift_away,-1,accept_all,0.11,17,1,1.0,True,0.07307340962109386,True,0.07307340962109388,1.0
drift_away,-1,accept_all,0.11,18,0,0.06611955528863461,False,1.0,True,0.06611955528863467,0.06611955528863461
drift_away,-1,accept_all,0.11,18,1,1.0,True,0.06611955528863461,True,0.06611955528863467,1.0
drift_away,-1,accept_all,0.11,19,0,0.05982744768905403,False,1.0,True,0.059827447689054014,0.05982744768905403
drift_away,-1,accept_all,0.11,19,1,1.0,True,0.05982744768905403,True,0.059827447689054014,1.0
drift_away,-1,accept_all,0.11,20,0,0.054134113294645084,False,1.0,True,0.054134113294645125,0.054134113294645084
drift_away,-1,accept_all,0.11,20,1,1.0,True,0.054134113294645084,True,0.054134113294645125,1.0
drift_away,-1,accept_all,0.11,21,0,0.04898257130119277,False,1.0,True,0.04898257130119277,0.04898257130119277
drift_away,-1,accept_all,0.11,21,1,1.0,True,0.04898257130119277,True,0.04898257130119277,1.0
drift_away,-1,accept_all,0.11,22,0,0.044321263344933554,False,1.0,True,0.04432126334493358,0.044321263344933554
drift_away,-1,accept_all,0.11,22,1,1.0,True,0.044321263344933554,True,0.04432126334493358,1.0
drift_away,-1,accept_all,0.11,23,0,0.0401035374891215,False,1.0,True,0.040103537489121543,0.0401035374891215
drift_away,-1,accept_all,0.11,23,1,1.0,True,0.0401035374891215,True,0.040103537489121543,1.0
drift_away,-1,accept_all,0.11,24,0,0.036287181315765006,False,1.0,True,0.03628718131576503,0.036287181315765006
drift_away,-1,accept_all,0.11,24,1,1.0,True,0.036287181315765006,True,0.03628718131576503,1.0
drift_away,-1,accept_all,0.11,25,0,0.032833999449559524,False,1.0,True,0.03283399944955956,0.032833999449559524
drift_away,-1,accept_all,0.11,25,1,1.0,True,0.032833999449559524,True,0.03283399944955956,1.0
drift_away,-1,accept_all,0.11,26,0,0.029709431285733553,False,1.0,True,0.029709431285733556,0.029709431285733553
drift_away,-1,accept_all,0.11,26,1,1.0,True,0.029709431285733553,True,0.029709431285733556,1.0
drift_away,-1,accept_all,0.11,27,0,0.026882205095899905,False,1.0,True,0.02688220509589989,0.026882205095899905
drift_away,-1,accept_all,0.11,27,1,1.0,True,0.026882205095899905,True,0.02688220509589989,1.0
drift_away,-1,accept_all,0.11,28,0,0.02432402505008719,False,1.0,True,0.02432402505008724,0.02432402505008719
drift_away,-1,accept_all,0.11,28,1,1.0,True,0.02432402505008719,True,0.02432402505008724,1.0
drift_away,-1,accept_all,0.11,29,0,0.022009288022562894,False,1.0,True,0.022009288022562856,0.022009288022562894
drift_away,-1,accept_all,0.11,29,1,1.0,True,0.022009288022562894,True,0.022009288022562856,1.0
drift_away,-1,accept_all,0.11,30,0,0.01991482734714558,False,1.0,True,0.01991482734714556,0.01991482734714558
drift_away,-1,accept_all,0.11,30,1,1.0,True,0.01991482734714558,True,0.01991482734714556,1.0
drift_away,-1,accept_all,0.11,31,0,0.01801968095742312,False,1.0,True,0.018019680957423123,0.01801968095742312
drift_away,-1,accept_all,0.11,31,1,1.0,True,0.01801968095742312,True,0.018019680957423123,1.0
drift_away,-1,accept_all,0.11,32,0,0.016304881591346486,False,1.0,True,0.016304881591346465,0.016304881591346486
drift_away,-1,accept_all,0.11,32,1,1.0,True,0.016304881591346486,True,0.016304881591346465,1.0
drift_away,-1,accept_all,0.11,33,0,0.014753266960496007,False,1.0,True,0.014753266960496059,0.014753266960496007
drift_away,-1,accept_all,0.11,33,1,1.0,True,0.014753266960496007,True,0.014753266960496059,1.0
drift_away,-1,accept_all,0.11,34,0,0.013349307984130433,False,1.0,True,0.013349307984130476,0.013349307984130433
drift_away,-1,accept_all,0.11,34,1,1.0,True,0.013349307984130433,True,0.013349307984130476,1.0
drift_away,-1,accept_all,0.11,35,0,0.0120789533689274,False,1.0,True,0.012078953368927392,0.0120789533689274
drift_away,-1,accept_all,0.11,35,1,1.0,True,0.0120789533689274,True,0.012078953368927392,1.0
drift_away,-1,accept_all,0.11,36,0,0.010929488978917025,False,1.0,True,0.01092948897891699,0.010929488978917025
drift_away,-1,accept_all,0.11,36,1,1.0,True,0.010929488978917025,True,0.01092948897891699,1.0
drift_away,-1,accept_all,0.11,37,0,0.009889410588135757,False,1.0,True,0.00988941058813575,0.009889410588135757
drift_away,-1,accept_all,0.11,37,1,1.0,True,0.009889410588135757,True,0.00988941058813575,1.0
drift_away,-1,accept_all,0.11,38,0,0.008948308742466242,False,1.0,True,0.008948308742466216,0.008948308742466242
drift_away,-1,accept_all,0.11,38,1,1.0,True,0.008948308742466242,True,0.008948308742466216,1.0
drift_away,-1,accept_all,0.11,39,0,0.008096764578321756,False,1.0,True,0.008096764578321758,0.008096764578321756
drift_away,-1,accept_all,0.11,39,1,1.0,True,0.008096764578321756,True,0.008096764578321758,1.0
drift_away,-1,accept_all,0.11,40,0,0.007326255555493672,False,1.0,True,0.00732625555549371,0.007326255555493672
drift_away,-1,accept_all,0.11,40,1,1.0,True,0.007326255555493672,True,0.00732625555549371,1.0
drift_away,-1,accept_all,0.11,41,0,0.006629070160704503,False,1.0,True,0.006629070160704464,0.006629070160704503
drift_away,-1,accept_all,0.11,41,1,1.0,True,0.006629070160704503,True,0.006629070160704464,1.0
drift_away,-1,accept_all,0.11,42,0,0.0059982307281910814,False,1.0,True,0.005998230728191056,0.0059982307281910814
drift_away,-1,accept_all,0.11,42,1,1.0,True,0.0059982307281910814,True,0.005998230728191056,1.0
drift_away,-1,accept_all,0.11,43,0,0.005427423604880374,False,1.0,True,0.005427423604880355,0.005427423604880374
drift_away,-1,accept_all,0.11,43,1,1.0,True,0.005427423604880374,True,0.005427423604880355,1.0
drift_away,-1,accept_all,0.11,44,0,0.0049109359612273746,False,1.0,True,0.004910935961227381,0.0049109359612273746
drift_away,-1,accept_all,0.11,44,1,1.0,True,0.0049109359612273746,True,0.004910935961227381,1.0
drift_away,-1,accept_all,0.11,45,0,0.004443598615296923,False,1.0,True,0.004443598615296973,0.004443598615296923
drift_away,-1,accept_all,0.11,45,1,1.0,True,0.004443598615296923,True,0.004443598615296973,1.0
drift_away,-1,accept_all,0.11,46,0,0.004020734297853434,False,1.0,True,0.004020734297853434,0.004020734297853434
drift_away,-1,accept_all,0.11,46,1,1.0,True,0.004020734297853434,True,0.004020734297853434,1.0
drift_away,-1,accept_all,0.11,47,0,0.0036381108406783264,False,1.0,True,0.0036381108406783325,0.0036381108406783264
drift_away,-1,accept_all,0.11,47,1,1.0,True,0.0036381108406783264,True,0.0036381108406783325,1.0
drift_away,-1,accept_all,0.11,48,0,0.0032918988196080122,False,1.0,True,0.003291898819608008,0.0032918988196080122
drift_away,-1,accept_all,0.11,48,1,1.0,True,0.0032918988196080122,True,0.003291898819608008,1.0
drift_away,-1,accept_all,0.11,49,0,0.0029786332283697355,False,1.0,True,0.002978633228369776,0.0029786332283697355
drift_away,-1,accept_all,0.11,49,1,1.0,True,0.0029786332283697355,True,0.002978633228369776,1.0
drift_away,-1,accept_all,0.11,50,0,0.002695178799634187,False,1.0,True,0.0026951787996342125,0.002695178799634187
drift_away,-1,accept_all,0.11,50,1,1.0,True,0.002695178799634187,True,0.0026951787996342125,1.0
drift_away,-1,accept_all,0.11,51,0,0.0024386986262062552,False,1.0,True,0.0024386986262062704,0.0024386986262062552
drift_away,-1,accept_all,0.11,51,1,1.0,True,0.0024386986262062552,True,0.0024386986262062704,1.0
drift_away,-1,accept_all,0.11,52,0,0.002206625768304309,False,1.0,True,0.0022066257683043267,0.002206625768304309
drift_away,-1,accept_all,0.11,52,1,1.0,True,0.002206625768304309,True,0.0022066257683043267,1.0
drift_away,-1,accept_all,0.11,53,0,0.001996637562764087,False,1.0,True,0.0019966375627641364,0.001996637562764087
drift_away,-1,accept_all,0.11,53,1,1.0,True,0.001996637562764087,True,0.0019966375627641364,1.0
drift_away,-1,accept_all,0.11,54,0,0.0018066323770450665,False,1.0,True,0.0018066323770450365,0.0018066323770450665
drift_away,-1,accept_all,0.11,54,1,1.0,True,0.0018066323770450665,True,0.0018066323770450365,1.0
drift_away,-1,accept_all,0.11,55,0,0.0016347085753856266,False,1.0,True,0.0016347085753856128,0.0016347085753856266
drift_away,-1,accept_all,0.11,55,1,1.0,True,0.0016347085753856266,True,0.0016347085753856128,1.0
drift_away,-1,accept_all,0.11,56,0,0.001479145486593173,False,1.0,True,0.0014791454865932252,0.001479145486593173
drift_away,-1,accept_all,0.11,56,1,1.0,True,0.001479145486593173,True,0.0014791454865932252,1.0
drift_away,-1,accept_all,0.11,57,0,0.001338386182988509,False,1.0,True,0.001338386182988538,0.001338386182988509
drift_away,-1,accept_all,0.11,57,1,1.0,True,0.001338386182988509,True,0.001338386182988538,1.0
drift_away,-1,accept_all,0.11,58,0,0.0012110218981503263,False,1.0,True,0.0012110218981503662,0.0012110218981503263
drift_away,-1,accept_all,0.11,58,1,1.0,True,0.0012110218981503263,True,0.0012110218981503662,1.0
drift_away,-1,accept_all,0.11,59,0,0.0010957779275073474,False,1.0,True,0.0010957779275073687,0.0010957779275073474
drift_away,-1,accept_all,0.11,59,1,1.0,True,0.0010957779275073474,True,0.0010957779275073687,1.0
drift_away,-1,accept_all,0.11,60,0,0.0009915008706665434,False,1.0,True,0.0009915008706665729,0.0009915008706665434
drift_away,-1,accept_all,0.11,60,1,1.0,True,0.0009915008706665434,True,0.0009915008706665729,1.0
drift_away,-1,accept_all,0.11,61,0,0.0008971470877943213,False,1.0,True,0.0008971470877943144,0.0008971470877943213
drift_away,-1,accept_all,0.11,61,1,1.0,True,0.0008971470877943213,True,0.0008971470877943144,1.0
drift_away,-1,accept_all,0.11,62,0,0.0008117722545182937,False,1.0,True,0.0008117722545183392,0.0008117722545182937
drift_away,-1,accept_all,0.11,62,1,1.0,True,0.0008117722545182937,True,0.0008117722545183392,1.0
drift_away,-1,accept_all,0.11,63,0,0.0007345219108115629,False,1.0,True,0.0007345219108115808,0.0007345219108115629
drift_away,-1,accept_all,0.11,63,1,1.0,True,0.0007345219108115629,True,0.0007345219108115808,1.0
drift_away,-1,accept_all,0.11,64,0,0.0006646229092695736,False,1.0,True,0.0006646229092696077,0.0006646229092695736
drift_away,-1,accept_all,0.11,64,1,1.0,True,0.0006646229092695736,True,0.0006646229092696077,1.0
drift_away,-1,accept_all,0.11,65,0,0.000601375677191029,False,1.0,True,0.0006013756771909851,0.000601375677191029
drift_away,-1,accept_all,0.11,65,1,1.0,True,0.000601375677191029,True,0.0006013756771909851,1.0
drift_away,-1,accept_all,0.11,66,0,0.0005441472150191576,False,1.0,True,0.000544147215019164,0.0005441472150191576
drift_away,-1,accept_all,0.11,66,1,1.0,True,0.0005441472150191576,True,0.000544147215019164,1.0
drift_away,-1,accept_all,0.11,67,0,0.0004923647610693924,False,1.0,True,0.0004923647610693971,0.0004923647610693924
drift_away,-1,accept_all,0.11,67,1,1.0,True,0.0004923647610693924,True,0.0004923647610693971,1.0
drift_away,-1,accept_all,0.11,68,0,0.0004455100591379213,False,1.0,True,0.0004455100591379546,0.0004455100591379213
drift_away,-1,accept_all,0.11,68,1,1.0,True,0.0004455100591379213,True,0.0004455100591379546,1.0
drift_away,-1,accept_all,0.11,69,0,0.0004031141716194042,False,1.0,True,0.0004031141716194231,0.0004031141716194042
drift_away,-1,accept_all,0.11,69,1,1.0,True,0.0004031141716194042,True,0.0004031141716194231,1.0
drift_away,-1,accept_all,0.11,70,0,0.0003647527862218065,False,1.0,True,0.0003647527862218336,0.0003647527862218065
drift_away,-1,accept_all,0.11,70,1,1.0,True,0.0003647527862218065,True,0.0003647527862218336,1.0
drift_away,-1,accept_all,0.11,71,0,0.00033004196930636184,False,1.0,True,0.00033004196930641605,0.00033004196930636184
drift_away,-1,accept_all,0.11,71,1,1.0,True,0.00033004196930636184,True,0.00033004196930641605,1.0
drift_away,-1,accept_all,0.11,72,0,0.0002986343233506717,False,1.0,True,0.0002986343233506439,0.0002986343233506717
drift_away,-1,accept_all,0.11,72,1,1.0,True,0.0002986343233506717,True,0.0002986343233506439,1.0
drift_away,-1,accept_all,0.11,73,0,0.00027021551007753774,False,1.0,True,0.00027021551007755384,0.00027021551007753774
drift_away,-1,accept_all,0.11,73,1,1.0,True,0.00027021551007753774,True,0.00027021551007755384,1.0
drift_away,-1,accept_all,0.11,74,0,0.0002445011044518289,False,1.0,True,0.00024450110445184414,0.0002445011044518289
drift_away,-1,accept_all,0.11,74,1,1.0,True,0.0002445011044518289,True,0.00024450110445184414,1.0
drift_away,-1,accept_all,0.11,75,0,0.00022123374805913345,False,1.0,True,0.00022123374805915752,0.00022123374805913345
drift_away,-1,accept_all,0.11,75,1,1.0,True,0.00022123374805913345,True,0.00022123374805915752,1.0
drift_away,-1,accept_all,0.11,76,0,0.00020018057337624435,False,1.0,True,0.00020018057337622963,0.00020018057337624435
drift_away,-1,accept_all,0.11,76,1,1.0,True,0.00020018057337624435,True,0.00020018057337622963,1.0
drift_away,-1,accept_all,0.11,77,0,0.0001811308731547188,False,1.0,True,0.00018113087315474452,0.0001811308731547188
drift_away,-1,accept_all,0.11,77,1,1.0,True,0.0001811308731547188,True,0.00018113087315474452,1.0
drift_away,-1,accept_all,0.11,78,0,0.00016389399159191472,False,1.0,True,0.00016389399159189022,0.00016389399159191472
drift_away,-1,accept_all,0.11,78,1,1.0,True,0.00016389399159191472,True,0.00016389399159189022,1.0
drift_away,-1,accept_all,0.11,79,0,0.0001482974161836353,False,1.0,True,0.00014829741618360703,0.0001482974161836353
drift_away,-1,accept_all,0.11,79,1,1.0,True,0.0001482974161836353,True,0.00014829741618360703,1.0
drift_away,-1,accept_all,0.11,80,0,0.00013418505116100476,False,1.0,True,0.00013418505116102875,0.00013418505116100476
drift_away,-1,accept_all,0.11,80,1,1.0,True,0.00013418505116100476,True,0.00013418505116102875,1.0
drift_away,-1,reference_only,0.11,1,0,0.36193496721438384,False,0.4,False,0.9619349672143838,0.4
drift_away,-1,reference_only,0.11,1,1,1.0,True,0.4,True,0.4,1.0
drift_away,-1,reference_only,0.11,2,0,0.3274923012311928,False,1.0,False,0.3274923012311928,1.0
drift_away,-1,reference_only,0.11,2,1,1.0,True,1.0,True,1.0,1.0
drift_away,-1,reference_only,0.11,3,0,0.2963272882726872,False,1.0,False,0.2963272882726872,1.0
drift_away,-1,reference_only,0.11,3,1,1.0,True,1.0,True,1.0,1.0
drift_away,-1,reference_only,0.11,4,0,0.26812801841425576,False,1.0,False,0.2681280184142558,1.0
drift_away,-1,reference_only,0.11,4,1,1.0,True,1.0,True,1.0,1.0
drift_away,-1,reference_only,0.11,5,0,0.2426122638850534,False,1.0,False,0.24261226388505341,1.0
drift_away,-1,reference_only,0.11,5,1,1.0,True,1.0,True,1.0,1.0
drift_away,-1,reference_only,0.11,6,0,0.21952465443761057,False,1.0,False,0.2195246544376106,1.0
drift_away,-1,reference_only,0.11,6,1,1.0,True,1.0,True,1.0,1.0
drift_away,-1,reference_only,0.11,7,0,0.19863412151656382,False,1.0,False,0.1986341215165638,1.0
drift_away,-1,reference_only,0.11,7,1,1.0,True,1.0,True,1.0,1.0
drift_away,-1,reference_only,0.11,8,0,0.17973158564688863,False,1.0,False,0.17973158564688863,1.0
drift_away,-1,reference_only,0.11,8,1,1.0,True,1.0,True,1.0,1.0
drift_away,-1,reference_only,0.11,9,0,0.16262786389623965,False,1.0,False,0.16262786389623962,1.0
drift_away,-1,reference_only,0.11,9,1,1.0,True,1.0,True,1.0,1.0
drift_away,-1,reference_only,0.11,10,0,0.14715177646857694,False,1.0,False,0.1471517764685769,1.0
drift_away,-1,reference_only,0.11,10,1,1.0,True,1.0,True,1.0,1.0
drift_away,-1,reference_only,0.11,11,0,0.13314843347923183,False,1.0,False,0.1331484334792319,1.0
drift_away,-1,reference_only,0.11,11,1,1.0,True,1.0,True,1.0,1.0
drift_away,-1,reference_only,0.11,12,0,0.12047768476488085,False,1.0,False,0.12047768476488085,1.0
drift_away,-1,reference_only,0.11,12,1,1.0,True,1.0,True,1.0,1.0
drift_away,-1,reference_only,0.11,13,0,0.10901271721360505,False,1.0,False,0.10901271721360506,1.0
drift_away,-1,reference_only,0.11,13,1,1.0,True,1.0,True,1.0,1.0
drift_away,-1,reference_only,0.11,14,0,0.0986387855766426,False,1.0,False,0.09863878557664263,1.0
drift_away,-1,reference_only,0.11,14,1,1.0,True,1.0,True,1.0,1.0
drift_away,-1,reference_only,0.11,15,0,0.08925206405937193,False,1.0,False,0.08925206405937192,1.0
drift_away,-1,reference_only,0.11,15,1,1.0,True,1.0,True,1.0,1.0
drift_away,-1,reference_only,0.11,16,0,0.08075860719786215,False,1.0,False,0.0807586071978621,1.0
drift_away,-1,reference_only,0.11,16,1,1.0,True,1.0,True,1.0,1.0
drift_away,-1,reference_only,0.11,17,0,0.07307340962109386,False,1.0,False,0.07307340962109388,1.0
drift_away,-1,reference_only,0.11,17,1,1.0,True,1.0,True,1.0,1.0
drift_away,-1,reference_only,0.11,18,0,0.06611955528863461,False,1.0,False,0.06611955528863467,1.0
drift_away,-1,reference_only,0.11,18,1,1.0,True,1.0,True,1.0,1.0
drift_away,-1,reference_only,0.11,19,0,0.05982744768905403,False,1.0,False,0.059827447689054014,1.0
drift_away,-1,reference_only,0.11,19,1,1.0,True,1.0,True,1.0,1.0
drift_away,-1,reference_only,0.11,20,0,0.054134113294645084,False,1.0,False,0.054134113294645125,1.0
drift_away,-1,reference_only,0.11,20,1,1.0,True,1.0,True,1.0,1.0
drift_away,-1,reference_only,0.11,21,0,0.04898257130119277,False,1.0,False,0.04898257130119277,1.0
drift_away,-1,reference_only,0.11,21,1,1.0,True,1.0,True,1.0,1.0
drift_away,-1,reference_only,0.11,22,0,0.044321263344933554,False,1.0,False,0.04432126334493358,1.0
drift_away,-1,reference_only,0.11,22,1,1.0,True,1.0,True,1.0,1.0
drift_away,-1,reference_only,0.11,23,0,0.0401035374891215,False,1.0,False,0.040103537489121543,1.0
drift_away,-1,reference_only,0.11,23,1,1.0,True,1.0,True,1.0,1.0
drift_away,-1,reference_only,0.11,24,0,0.036287181315765006,False,1.0,False,0.03628718131576503,1.0
drift_away,-1,reference_only,0.11,24,1,1.0,True,1.0,True,1.0,1.0
drift_away,-1,reference_only,0.11,25,0,0.032833999449559524,False,1.0,False,0.03283399944955956,1.0
drift_away,-1,reference_only,0.11,25,1,1.0,True,1.0,True,1.0,1.0
drift_away,-1,reference_only,0.11,26,0,0.029709431285733553,False,1.0,False,0.029709431285733556,1.0
drift_away,-1,reference_only,0.11,26,1,1.0,True,1.0,True,1.0,1.0
drift_away,-1,reference_only,0.11,27,0,0.026882205095899905,False,1.0,False,0.02688220509589989,1.0
drift_away,-1,reference_only,0.11,27,1,1.0,True,1.0,True,1.0,1.0
drift_away,-1,reference_only,0.11,28,0,0.02432402505008719,False,1.0,False,0.02432402505008724,1.0
drift_away,-1,reference_only,0.11,28,1,1.0,True,1.0,True,1.0,1.0
drift_away,-1,reference_only,0.11,29,0,0.022009288022562894,False,1.0,False,0.022009288022562856,1.0
drift_away,-1,reference_only,0.11,29,1,1.0,True,1.0,True,1.0,1.0
drift_away,-1,reference_only,0.11,30,0,0.01991482734714558,False,1.0,False,0.01991482734714556,1.0
drift_away,-1,reference_only,0.11,30,1,1.0,True,1.0,True,1.0,1.0
drift_away,-1,reference_only,0.11,31,0,0.01801968095742312,False,1.0,False,0.018019680957423123,1.0
drift_away,-1,reference_only,0.11,31,1,1.0,True,1.0,True,1.0,1.0
drift_away,-1,reference_only,0.11,32,0,0.016304881591346486,False,1.0,False,0.016304881591346465,1.0
drift_away,-1,reference_only,0.11,32,1,1.0,True,1.0,True,1.0,1.0
drift_away,-1,reference_only,0.11,33,0,0.014753266960496007,False,1.0,False,0.014753266960496059,1.0
drift_away,-1,reference_only,0.11,33,1,1.0,True,1.0,True,1.0,1.0
drift_away,-1,reference_only,0.11,34,0,0.013349307984130433,False,1.0,False,0.013349307984130476,1.0
drift_away,-1,reference_only,0.11,34,1,1.0,True,1.0,True,1.0,1.0
drift_away,-1,reference_only,0.11,35,0,0.0120789533689274,False,1.0,False,0.012078953368927392,1.0
drift_away,-1,reference_only,0.11,35,1,1.0,True,1.0,True,1.0,1.0
drift_away,-1,reference_only,0.11,36,0,0.010929488978917025,False,1.0,False,0.01092948897891699,1.0
drift_away,-1,reference_only,0.11,36,1,1.0,True,1.0,True,1.0,1.0
drift_away,-1,reference_only,0.11,37,0,0.009889410588135757,False,1.0,False,0.00988941058813575,1.0
drift_away,-1,reference_only,0.11,37,1,1.0,True,1.0,True,1.0,1.0
drift_away,-1,reference_only,0.11,38,0,0.008948308742466242,False,1.0,False,0.008948308742466216,1.0
drift_away,-1,reference_only,0.11,38,1,1.0,True,1.0,True,1.0,1.0
drift_away,-1,reference_only,0.11,39,0,0.008096764578321756,False,1.0,False,0.008096764578321758,1.0
drift_away,-1,reference_only,0.11,39,1,1.0,True,1.0,True,1.0,1.0
drift_away,-1,reference_only,0.11,40,0,0.007326255555493672,False,1.0,False,0.00732625555549371,1.0
drift_away,-1,reference_only,0.11,40,1,1.0,True,1.0,True,1.0,1.0
drift_away,-1,reference_only,0.11,41,0,0.006629070160704503,False,1.0,False,0.006629070160704464,1.0
drift_away,-1,reference_only,0.11,41,1,1.0,True,1.0,True,1.0,1.0
drift_away,-1,reference_only,0.11,42,0,0.0059982307281910814,False,1.0,False,0.005998230728191056,1.0
drift_away,-1,reference_only,0.11,42,1,1.0,True,1.0,True,1.0,1.0
drift_away,-1,reference_only,0.11,43,0,0.005427423604880374,False,1.0,False,0.005427423604880355,1.0
drift_away,-1,reference_only,0.11,43,1,1.0,True,1.0,True,1.0,1.0
drift_away,-1,reference_only,0.11,44,0,0.0049109359612273746,False,1.0,False,0.004910935961227381,1.0
drift_away,-1,reference_only,0.11,44,1,1.0,True,1.0,True,1.0,1.0
drift_away,-1,reference_only,0.11,45,0,0.004443598615296923,False,1.0,False,0.004443598615296973,1.0
drift_away,-1,reference_only,0.11,45,1,1.0,True,1.0,True,1.0,1.0
drift_away,-1,reference_only,0.11,46,0,0.004020734297853434,False,1.0,False,0.004020734297853434,1.0
drift_away,-1,reference_only,0.11,46,1,1.0,True,1.0,True,1.0,1.0
drift_away,-1,reference_only,0.11,47,0,0.0036381108406783264,False,1.0,False,0.0036381108406783325,1.0
drift_away,-1,reference_only,0.11,47,1,1.0,True,1.0,True,1.0,1.0
drift_away,-1,reference_only,0.11,48,0,0.0032918988196080122,False,1.0,False,0.003291898819608008,1.0
drift_away,-1,reference_only,0.11,48,1,1.0,True,1.0,True,1.0,1.0
drift_away,-1,reference_only,0.11,49,0,0.0029786332283697355,False,1.0,False,0.002978633228369776,1.0
drift_away,-1,reference_only,0.11,49,1,1.0,True,1.0,True,1.0,1.0
drift_away,-1,reference_only,0.11,50,0,0.002695178799634187,False,1.0,False,0.0026951787996342125,1.0
drift_away,-1,reference_only,0.11,50,1,1.0,True,1.0,True,1.0,1.0
drift_away,-1,reference_only,0.11,51,0,0.0024386986262062552,False,1.0,False,0.0024386986262062704,1.0
drift_away,-1,reference_only,0.11,51,1,1.0,True,1.0,True,1.0,1.0
drift_away,-1,reference_only,0.11,52,0,0.002206625768304309,False,1.0,False,0.0022066257683043267,1.0
drift_away,-1,reference_only,0.11,52,1,1.0,True,1.0,True,1.0,1.0
drift_away,-1,reference_only,0.11,53,0,0.001996637562764087,False,1.0,False,0.0019966375627641364,1.0
drift_away,-1,reference_only,0.11,53,1,1.0,True,1.0,True,1.0,1.0
drift_away,-1,reference_only,0.11,54,0,0.0018066323770450665,False,1.0,False,0.0018066323770450365,1.0
drift_away,-1,reference_only,0.11,54,1,1.0,True,1.0,True,1.0,1.0
drift_away,-1,reference_only,0.11,55,0,0.0016347085753856266,False,1.0,False,0.0016347085753856128,1.0
drift_away,-1,reference_only,0.11,55,1,1.0,True,1.0,True,1.0,1.0
drift_away,-1,reference_only,0.11,56,0,0.001479145486593173,False,1.0,False,0.0014791454865932252,1.0
drift_away,-1,reference_only,0.11,56,1,1.0,True,1.0,True,1.0,1.0
drift_away,-1,reference_only,0.11,57,0,0.001338386182988509,False,1.0,False,0.001338386182988538,1.0
drift_away,-1,reference_only,0.11,57,1,1.0,True,1.0,True,1.0,1.0
drift_away,-1,reference_only,0.11,58,0,0.0012110218981503263,False,1.0,False,0.0012110218981503662,1.0
drift_away,-1,reference_only,0.11,58,1,1.0,True,1.0,True,1.0,1.0
drift_away,-1,reference_only,0.11,59,0,0.0010957779275073474,False,1.0,False,0.0010957779275073687,1.0
drift_away,-1,reference_only,0.11,59,1,1.0,True,1.0,True,1.0,1.0
drift_away,-1,reference_only,0.11,60,0,0.0009915008706665434,False,1.0,False,0.0009915008706665729,1.0
drift_away,-1,reference_only,0.11,60,1,1.0,True,1.0,True,1.0,1.0
drift_away,-1,reference_only,0.11,61,0,0.0008971470877943213,False,1.0,False,0.0008971470877943144,1.0
drift_away,-1,reference_only,0.11,61,1,1.0,True,1.0,True,1.0,1.0
drift_away,-1,reference_only,0.11,62,0,0.0008117722545182937,False,1.0,False,0.0008117722545183392,1.0
drift_away,-1,reference_only,0.11,62,1,1.0,True,1.0,True,1.0,1.0
drift_away,-1,reference_only,0.11,63,0,0.0007345219108115629,False,1.0,False,0.0007345219108115808,1.0
drift_away,-1,reference_only,0.11,63,1,1.0,True,1.0,True,1.0,1.0
drift_away,-1,reference_only,0.11,64,0,0.0006646229092695736,False,1.0,False,0.0006646229092696077,1.0
drift_away,-1,reference_only,0.11,64,1,1.0,True,1.0,True,1.0,1.0
drift_away,-1,reference_only,0.11,65,0,0.000601375677191029,False,1.0,False,0.0006013756771909851,1.0
drift_away,-1,reference_only,0.11,65,1,1.0,True,1.0,True,1.0,1.0
drift_away,-1,reference_only,0.11,66,0,0.0005441472150191576,False,1.0,False,0.000544147215019164,1.0
drift_away,-1,reference_only,0.11,66,1,1.0,True,1.0,True,1.0,1.0
drift_away,-1,reference_only,0.11,67,0,0.0004923647610693924,False,1.0,False,0.0004923647610693971,1.0
drift_away,-1,reference_only,0.11,67,1,1.0,True,1.0,True,1.0,1.0
drift_away,-1,reference_only,0.11,68,0,0.0004455100591379213,False,1.0,False,0.0004455100591379546,1.0
drift_away,-1,reference_only,0.11,68,1,1.0,True,1.0,True,1.0,1.0
drift_away,-1,reference_only,0.11,69,0,0.0004031141716194042,False,1.0,False,0.0004031141716194231,1.0
drift_away,-1,reference_only,0.11,69,1,1.0,True,1.0,True,1.0,1.0
drift_away,-1,reference_only,0.11,70,0,0.0003647527862218065,False,1.0,False,0.0003647527862218336,1.0
drift_away,-1,reference_only,0.11,70,1,1.0,True,1.0,True,1.0,1.0
drift_away,-1,reference_only,0.11,71,0,0.00033004196930636184,False,1.0,False,0.00033004196930641605,1.0
drift_away,-1,reference_only,0.11,71,1,1.0,True,1.0,True,1.0,1.0
drift_away,-1,reference_only,0.11,72,0,0.0002986343233506717,False,1.0,False,0.0002986343233506439,1.0
drift_away,-1,reference_only,0.11,72,1,1.0,True,1.0,True,1.0,1.0
drift_away,-1,reference_only,0.11,73,0,0.00027021551007753774,False,1.0,False,0.00027021551007755384,1.0
drift_away,-1,reference_only,0.11,73,1,1.0,True,1.0,True,1.0,1.0
drift_away,-1,reference_only,0.11,74,0,0.0002445011044518289,False,1.0,False,0.00024450110445184414,1.0
drift_away,-1,reference_only,0.11,74,1,1.0,True,1.0,True,1.0,1.0
drift_away,-1,reference_only,0.11,75,0,0.00022123374805913345,False,1.0,False,0.00022123374805915752,1.0
drift_away,-1,reference_only,0.11,75,1,1.0,True,1.0,True,1.0,1.0
drift_away,-1,reference_only,0.11,76,0,0.00020018057337624435,False,1.0,False,0.00020018057337622963,1.0
drift_away,-1,reference_only,0.11,76,1,1.0,True,1.0,True,1.0,1.0
drift_away,-1,reference_only,0.11,77,0,0.0001811308731547188,False,1.0,False,0.00018113087315474452,1.0
drift_away,-1,reference_only,0.11,77,1,1.0,True,1.0,True,1.0,1.0
drift_away,-1,reference_only,0.11,78,0,0.00016389399159191472,False,1.0,False,0.00016389399159189022,1.0
drift_away,-1,reference_only,0.11,78,1,1.0,True,1.0,True,1.0,1.0
drift_away,-1,reference_only,0.11,79,0,0.0001482974161836353,False,1.0,False,0.00014829741618360703,1.0
drift_away,-1,reference_only,0.11,79,1,1.0,True,1.0,True,1.0,1.0
drift_away,-1,reference_only,0.11,80,0,0.00013418505116100476,False,1.0,False,0.00013418505116102875,1.0
drift_away,-1,reference_only,0.11,80,1,1.0,True,1.0,True,1.0,1.0
drift_away,-1,gated,0.25,1,0,0.36193496721438384,False,0.4,True,0.9619349672143838,0.36193496721438384
drift_away,-1,gated,0.25,1,1,1.0,True,0.36193496721438384,False,0.3619349672143839,0.36193496721438384
drift_away,-1,gated,0.25,2,0,0.3274923012311928,False,0.36193496721438384,True,0.9655573340168089,0.3274923012311928
drift_away,-1,gated,0.25,2,1,1.0,True,0.3274923012311928,False,0.3274923012311928,0.3274923012311928
drift_away,-1,gated,0.25,3,0,0.2963272882726872,False,0.3274923012311928,True,0.9688349870414944,0.2963272882726872
drift_away,-1,gated,0.25,3,1,1.0,True,0.2963272882726872,False,0.2963272882726872,0.2963272882726872
drift_away,-1,gated,0.25,4,0,0.26812801841425576,False,0.2963272882726872,True,0.9718007301415685,0.26812801841425576
drift_away,-1,gated,0.25,4,1,1.0,True,0.26812801841425576,False,0.2681280184142558,0.26812801841425576
drift_away,-1,gated,0.25,5,0,0.2426122638850534,False,0.26812801841425576,True,0.9744842454707976,0.2426122638850534
drift_away,-1,gated,0.25,5,1,1.0,True,0.2426122638850534,False,0.24261226388505341,0.2426122638850534
drift_away,-1,gated,0.25,6,0,0.21952465443761057,False,0.2426122638850534,True,0.9769123905525572,0.21952465443761057
drift_away,-1,gated,0.25,6,1,1.0,True,0.21952465443761057,False,0.2195246544376106,0.21952465443761057
drift_away,-1,gated,0.25,7,0,0.19863412151656382,False,0.21952465443761057,True,0.9791094670789533,0.19863412151656382
drift_away,-1,gated,0.25,7,1,1.0,True,0.19863412151656382,False,0.1986341215165638,0.19863412151656382
drift_away,-1,gated,0.25,8,0,0.17973158564688863,False,0.19863412151656382,True,0.9810974641303248,0.17973158564688863
drift_away,-1,gated,0.25,8,1,1.0,True,0.17973158564688863,False,0.17973158564688863,0.17973158564688863
drift_away,-1,gated,0.25,9,0,0.16262786389623965,False,0.17973158564688863,True,0.982896278249351,0.16262786389623965
drift_away,-1,gated,0.25,9,1,1.0,True,0.16262786389623965,False,0.16262786389623962,0.16262786389623965
drift_away,-1,gated,0.25,10,0,0.14715177646857694,False,0.16262786389623965,True,0.9845239125723373,0.14715177646857694
drift_away,-1,gated,0.25,10,1,1.0,True,0.14715177646857694,False,0.1471517764685769,0.14715177646857694
drift_away,-1,gated,0.25,11,0,0.13314843347923183,False,0.14715177646857694,True,0.9859966570106549,0.13314843347923183
drift_away,-1,gated,0.25,11,1,1.0,True,0.13314843347923183,False,0.1331484334792319,0.13314843347923183
drift_away,-1,gated,0.25,12,0,0.12047768476488085,False,0.13314843347923183,True,0.9873292512856491,0.12047768476488085
drift_away,-1,gated,0.25,12,1,1.0,True,0.12047768476488085,False,0.12047768476488085,0.12047768476488085
drift_away,-1,gated,0.25,13,0,0.10901271721360505,False,0.12047768476488085,True,0.9885350324487242,0.10901271721360505
drift_away,-1,gated,0.25,13,1,1.0,True,0.10901271721360505,False,0.10901271721360506,0.10901271721360505
drift_away,-1,gated,0.25,14,0,0.0986387855766426,False,0.10901271721360505,True,0.9896260683630376,0.0986387855766426
drift_away,-1,gated,0.25,14,1,1.0,True,0.0986387855766426,False,0.09863878557664263,0.0986387855766426
drift_away,-1,gated,0.25,15,0,0.08925206405937193,False,0.0986387855766426,True,0.9906132784827293,0.08925206405937193
drift_away,-1,gated,0.25,15,1,1.0,True,0.08925206405937193,False,0.08925206405937192,0.08925206405937193
drift_away,-1,gated,0.25,16,0,0.08075860719786215,False,0.08925206405937193,True,0.9915065431384902,0.08075860719786215
drift_away,-1,gated,0.25,16,1,1.0,True,0.08075860719786215,False,0.0807586071978621,0.08075860719786215
drift_away,-1,gated,0.25,17,0,0.07307340962109386,False,0.08075860719786215,True,0.9923148024232317,0.07307340962109386
drift_away,-1,gated,0.25,17,1,1.0,True,0.07307340962109386,False,0.07307340962109388,0.07307340962109386
drift_away,-1,gated,0.25,18,0,0.06611955528863461,False,0.07307340962109386,True,0.9930461456675408,0.06611955528863461
drift_away,-1,gated,0.25,18,1,1.0,True,0.06611955528863461,False,0.06611955528863467,0.06611955528863461
drift_away,-1,gated,0.25,19,0,0.05982744768905403,False,0.06611955528863461,True,0.9937078924004195,0.05982744768905403
drift_away,-1,gated,0.25,19,1,1.0,True,0.05982744768905403,False,0.059827447689054014,0.05982744768905403
drift_away,-1,gated,0.25,20,0,0.054134113294645084,False,0.05982744768905403,True,0.994306665605591,0.054134113294645084
drift_away,-1,gated,0.25,20,1,1.0,True,0.054134113294645084,False,0.054134113294645125,0.054134113294645084
drift_away,-1,gated,0.25,21,0,0.04898257130119277,False,0.054134113294645084,True,0.9948484580065476,0.04898257130119277
drift_away,-1,gated,0.25,21,1,1.0,True,0.04898257130119277,False,0.04898257130119277,0.04898257130119277
drift_away,-1,gated,0.25,22,0,0.044321263344933554,False,0.04898257130119277,True,0.9953386920437408,0.044321263344933554
drift_away,-1,gated,0.25,22,1,1.0,True,0.044321263344933554,False,0.04432126334493358,0.044321263344933554
drift_away,-1,gated,0.25,23,0,0.0401035374891215,False,0.044321263344933554,True,0.995782274144188,0.0401035374891215
drift_away,-1,gated,0.25,23,1,1.0,True,0.0401035374891215,False,0.040103537489121543,0.0401035374891215
drift_away,-1,gated,0.25,24,0,0.036287181315765006,False,0.0401035374891215,True,0.9961836438266435,0.036287181315765006
drift_away,-1,gated,0.25,24,1,1.0,True,0.036287181315765006,False,0.03628718131576503,0.036287181315765006
drift_away,-1,gated,0.25,25,0,0.032833999449559524,False,0.036287181315765006,True,0.9965468181337945,0.032833999449559524
drift_away,-1,gated,0.25,25,1,1.0,True,0.032833999449559524,False,0.03283399944955956,0.032833999449559524
drift_away,-1,gated,0.25,26,0,0.029709431285733553,False,0.032833999449559524,True,0.996875431836174,0.029709431285733553
drift_away,-1,gated,0.25,26,1,1.0,True,0.029709431285733553,False,0.029709431285733556,0.029709431285733553
drift_away,-1,gated,0.25,27,0,0.026882205095899905,False,0.029709431285733553,True,0.9971727738101663,0.026882205095899905
drift_away,-1,gated,0.25,27,1,1.0,True,0.026882205095899905,False,0.02688220509589989,0.026882205095899905
drift_away,-1,gated,0.25,28,0,0.02432402505008719,False,0.026882205095899905,True,0.9974418199541872,0.02432402505008719
drift_away,-1,gated,0.25,28,1,1.0,True,0.02432402505008719,False,0.02432402505008724,0.02432402505008719
drift_away,-1,gated,0.25,29,0,0.022009288022562894,False,0.02432402505008719,True,0.9976852629724757,0.022009288022562894
drift_away,-1,gated,0.25,29,1,1.0,True,0.022009288022562894,False,0.022009288022562856,0.022009288022562894
drift_away,-1,gated,0.25,30,0,0.01991482734714558,False,0.022009288022562894,True,0.9979055393245827,0.01991482734714558
drift_away,-1,gated,0.25,30,1,1.0,True,0.01991482734714558,False,0.01991482734714556,0.01991482734714558
drift_away,-1,gated,0.25,31,0,0.01801968095742312,False,0.01991482734714558,True,0.9981048536102776,0.01801968095742312
drift_away,-1,gated,0.25,31,1,1.0,True,0.01801968095742312,False,0.018019680957423123,0.01801968095742312
drift_away,-1,gated,0.25,32,0,0.016304881591346486,False,0.01801968095742312,True,0.9982852006339233,0.016304881591346486
drift_away,-1,gated,0.25,32,1,1.0,True,0.016304881591346486,False,0.016304881591346465,0.016304881591346486
drift_away,-1,gated,0.25,33,0,0.014753266960496007,False,0.016304881591346486,True,0.9984483853691495,0.014753266960496007
drift_away,-1,gated,0.25,33,1,1.0,True,0.014753266960496007,False,0.014753266960496059,0.014753266960496007
drift_away,-1,gated,0.25,34,0,0.013349307984130433,False,0.014753266960496007,True,0.9985960410236344,0.013349307984130433
drift_away,-1,gated,0.25,34,1,1.0,True,0.013349307984130433,False,0.013349307984130476,0.013349307984130433
drift_away,-1,gated,0.25,35,0,0.0120789533689274,False,0.013349307984130433,True,0.9987296453847969,0.0120789533689274
drift_away,-1,gated,0.25,35,1,1.0,True,0.0120789533689274,False,0.012078953368927392,0.0120789533689274
drift_away,-1,gated,0.25,36,0,0.010929488978917025,False,0.0120789533689274,True,0.9988505356099896,0.010929488978917025
drift_away,-1,gated,0.25,36,1,1.0,True,0.010929488978917025,False,0.01092948897891699,0.010929488978917025
drift_away,-1,gated,0.25,37,0,0.009889410588135757,False,0.010929488978917025,True,0.9989599216092188,0.009889410588135757
drift_away,-1,gated,0.25,37,1,1.0,True,0.009889410588135757,False,0.00988941058813575,0.009889410588135757
drift_away,-1,gated,0.25,38,0,0.008948308742466242,False,0.009889410588135757,True,0.9990588981543305,0.008948308742466242
drift_away,-1,gated,0.25,38,1,1.0,True,0.008948308742466242,False,0.008948308742466216,0.008948308742466242
drift_away,-1,gated,0.25,39,0,0.008096764578321756,False,0.008948308742466242,True,0.9991484558358555,0.008096764578321756
drift_away,-1,gated,0.25,39,1,1.0,True,0.008096764578321756,False,0.008096764578321758,0.008096764578321756
drift_away,-1,gated,0.25,40,0,0.007326255555493672,False,0.008096764578321756,True,0.999229490977172,0.007326255555493672
drift_away,-1,gated,0.25,40,1,1.0,True,0.007326255555493672,False,0.00732625555549371,0.007326255555493672
drift_away,-1,gated,0.25,41,0,0.006629070160704503,False,0.007326255555493672,True,0.9993028146052109,0.006629070160704503
drift_away,-1,gated,0.25,41,1,1.0,True,0.006629070160704503,False,0.006629070160704464,0.006629070160704503
drift_away,-1,gated,0.25,42,0,0.0059982307281910814,False,0.006629070160704503,True,0.9993691605674866,0.0059982307281910814
drift_away,-1,gated,0.25,42,1,1.0,True,0.0059982307281910814,False,0.005998230728191056,0.0059982307281910814
drift_away,-1,gated,0.25,43,0,0.005427423604880374,False,0.0059982307281910814,True,0.9994291928766893,0.005427423604880374
drift_away,-1,gated,0.25,43,1,1.0,True,0.005427423604880374,False,0.005427423604880355,0.005427423604880374
drift_away,-1,gated,0.25,44,0,0.0049109359612273746,False,0.005427423604880374,True,0.999483512356347,0.0049109359612273746
drift_away,-1,gated,0.25,44,1,1.0,True,0.0049109359612273746,False,0.004910935961227381,0.0049109359612273746
drift_away,-1,gated,0.25,45,0,0.004443598615296923,False,0.0049109359612273746,True,0.9995326626540696,0.004443598615296923
drift_away,-1,gated,0.25,45,1,1.0,True,0.004443598615296923,False,0.004443598615296973,0.004443598615296923
drift_away,-1,gated,0.25,46,0,0.004020734297853434,False,0.004443598615296923,True,0.9995771356825565,0.004020734297853434
drift_away,-1,gated,0.25,46,1,1.0,True,0.004020734297853434,False,0.004020734297853434,0.004020734297853434
drift_away,-1,gated,0.25,47,0,0.0036381108406783264,False,0.004020734297853434,True,0.9996173765428249,0.0036381108406783264
drift_away,-1,gated,0.25,47,1,1.0,True,0.0036381108406783264,False,0.0036381108406783325,0.0036381108406783264
drift_away,-1,gated,0.25,48,0,0.0032918988196080122,False,0.0036381108406783264,True,0.9996537879789297,0.0032918988196080122
drift_away,-1,gated,0.25,48,1,1.0,True,0.0032918988196080122,False,0.003291898819608008,0.0032918988196080122
drift_away,-1,gated,0.25,49,0,0.0029786332283697355,False,0.0032918988196080122,True,0.9996867344087618,0.0029786332283697355
drift_away,-1,gated,0.25,49,1,1.0,True,0.0029786332283697355,False,0.002978633228369776,0.0029786332283697355
drift_away,-1,gated,0.25,50,0,0.002695178799634187,False,0.0029786332283697355,True,0.9997165455712644,0.002695178799634187
drift_away,-1,gated,0.25,50,1,1.0,True,0.002695178799634187,False,0.0026951787996342125,0.002695178799634187
drift_away,-1,gated,0.25,51,0,0.0024386986262062552,False,0.002695178799634187,True,0.9997435198265721,0.0024386986262062552
drift_away,-1,gated,0.25,51,1,1.0,True,0.0024386986262062552,False,0.0024386986262062704,0.0024386986262062552
drift_away,-1,gated,0.25,52,0,0.002206625768304309,False,0.0024386986262062552,True,0.9997679271420981,0.002206625768304309
drift_away,-1,gated,0.25,52,1,1.0,True,0.002206625768304309,False,0.0022066257683043267,0.002206625768304309
drift_away,-1,gated,0.25,53,0,0.001996637562764087,False,0.002206625768304309,True,0.9997900117944598,0.001996637562764087
drift_away,-1,gated,0.25,53,1,1.0,True,0.001996637562764087,False,0.0019966375627641364,0.001996637562764087
drift_away,-1,gated,0.25,54,0,0.0018066323770450665,False,0.001996637562764087,True,0.999809994814281,0.0018066323770450665
drift_away,-1,gated,0.25,54,1,1.0,True,0.0018066323770450665,False,0.0018066323770450365,0.0018066323770450665
drift_away,-1,gated,0.25,55,0,0.0016347085753856266,False,0.0018066323770450665,True,0.9998280761983406,0.0016347085753856266
drift_away,-1,gated,0.25,55,1,1.0,True,0.0016347085753856266,False,0.0016347085753856128,0.0016347085753856266
drift_away,-1,gated,0.25,56,0,0.001479145486593173,False,0.0016347085753856266,True,0.9998444369112075,0.001479145486593173
drift_away,-1,gated,0.25,56,1,1.0,True,0.001479145486593173,False,0.0014791454865932252,0.001479145486593173
drift_away,-1,gated,0.25,57,0,0.001338386182988509,False,0.001479145486593173,True,0.9998592406963953,0.001338386182988509
drift_away,-1,gated,0.25,57,1,1.0,True,0.001338386182988509,False,0.001338386182988538,0.001338386182988509
drift_away,-1,gated,0.25,58,0,0.0012110218981503263,False,0.001338386182988509,True,0.9998726357151618,0.0012110218981503263
drift_away,-1,gated,0.25,58,1,1.0,True,0.0012110218981503263,False,0.0012110218981503662,0.0012110218981503263
drift_away,-1,gated,0.25,59,0,0.0010957779275073474,False,0.0012110218981503263,True,0.999884756029357,0.0010957779275073474
drift_away,-1,gated,0.25,59,1,1.0,True,0.0010957779275073474,False,0.0010957779275073687,0.0010957779275073474
drift_away,-1,gated,0.25,60,0,0.0009915008706665434,False,0.0010957779275073474,True,0.9998957229431592,0.0009915008706665434
drift_away,-1,gated,0.25,60,1,1.0,True,0.0009915008706665434,False,0.0009915008706665729,0.0009915008706665434
drift_away,-1,gated,0.25,61,0,0.0008971470877943213,False,0.0009915008706665434,True,0.9999056462171277,0.0008971470877943213
drift_away,-1,gated,0.25,61,1,1.0,True,0.0008971470877943213,False,0.0008971470877943144,0.0008971470877943213
drift_away,-1,gated,0.25,62,0,0.0008117722545182937,False,0.0008971470877943213,True,0.999914625166724,0.0008117722545182937
drift_away,-1,gated,0.25,62,1,1.0,True,0.0008117722545182937,False,0.0008117722545183392,0.0008117722545182937
drift_away,-1,gated,0.25,63,0,0.0007345219108115629,False,0.0008117722545182937,True,0.9999227496562932,0.0007345219108115629
drift_away,-1,gated,0.25,63,1,1.0,True,0.0007345219108115629,False,0.0007345219108115808,0.0007345219108115629
drift_away,-1,gated,0.25,64,0,0.0006646229092695736,False,0.0007345219108115629,True,0.999930100998458,0.0006646229092695736
drift_away,-1,gated,0.25,64,1,1.0,True,0.0006646229092695736,False,0.0006646229092696077,0.0006646229092695736
drift_away,-1,gated,0.25,65,0,0.000601375677191029,False,0.0006646229092695736,True,0.9999367527679215,0.000601375677191029
drift_away,-1,gated,0.25,65,1,1.0,True,0.000601375677191029,False,0.0006013756771909851,0.000601375677191029
drift_away,-1,gated,0.25,66,0,0.0005441472150191576,False,0.000601375677191029,True,0.9999427715378282,0.0005441472150191576
drift_away,-1,gated,0.25,66,1,1.0,True,0.0005441472150191576,False,0.000544147215019164,0.0005441472150191576
drift_away,-1,gated,0.25,67,0,0.0004923647610693924,False,0.0005441472150191576,True,0.9999482175460502,0.0004923647610693924
drift_away,-1,gated,0.25,67,1,1.0,True,0.0004923647610693924,False,0.0004923647610693971,0.0004923647610693924
drift_away,-1,gated,0.25,68,0,0.0004455100591379213,False,0.0004923647610693924,True,0.9999531452980686,0.0004455100591379213
drift_away,-1,gated,0.25,68,1,1.0,True,0.0004455100591379213,False,0.0004455100591379546,0.0004455100591379213
drift_away,-1,gated,0.25,69,0,0.0004031141716194042,False,0.0004455100591379213,True,0.9999576041124815,0.0004031141716194042
drift_away,-1,gated,0.25,69,1,1.0,True,0.0004031141716194042,False,0.0004031141716194231,0.0004031141716194042
drift_away,-1,gated,0.25,70,0,0.0003647527862218065,False,0.0004031141716194042,True,0.9999616386146024,0.0003647527862218065
drift_away,-1,gated,0.25,70,1,1.0,True,0.0003647527862218065,False,0.0003647527862218336,0.0003647527862218065
drift_away,-1,gated,0.25,71,0,0.00033004196930636184,False,0.0003647527862218065,True,0.9999652891830846,0.00033004196930636184
drift_away,-1,gated,0.25,71,1,1.0,True,0.00033004196930636184,False,0.00033004196930641605,0.00033004196930636184
drift_away,-1,gated,0.25,72,0,0.0002986343233506717,False,0.00033004196930636184,True,0.9999685923540443,0.0002986343233506717
drift_away,-1,gated,0.25,72,1,1.0,True,0.0002986343233506717,False,0.0002986343233506439,0.0002986343233506717
drift_away,-1,gated,0.25,73,0,0.00027021551007753774,False,0.0002986343233506717,True,0.9999715811867269,0.00027021551007753774
drift_away,-1,gated,0.25,73,1,1.0,True,0.00027021551007753774,False,0.00027021551007755384,0.00027021551007753774
drift_away,-1,gated,0.25,74,0,0.0002445011044518289,False,0.00027021551007753774,True,0.9999742855943743,0.0002445011044518289
drift_away,-1,gated,0.25,74,1,1.0,True,0.0002445011044518289,False,0.00024450110445184414,0.0002445011044518289
drift_away,-1,gated,0.25,75,0,0.00022123374805913345,False,0.0002445011044518289,True,0.9999767326436073,0.00022123374805913345
drift_away,-1,gated,0.25,75,1,1.0,True,0.00022123374805913345,False,0.00022123374805915752,0.00022123374805913345
drift_away,-1,gated,0.25,76,0,0.00020018057337624435,False,0.00022123374805913345,True,0.9999789468253171,0.00020018057337624435
drift_away,-1,gated,0.25,76,1,1.0,True,0.00020018057337624435,False,0.00020018057337622963,0.00020018057337624435
drift_away,-1,gated,0.25,77,0,0.0001811308731547188,False,0.00020018057337624435,True,0.9999809502997785,0.0001811308731547188
drift_away,-1,gated,0.25,77,1,1.0,True,0.0001811308731547188,False,0.00018113087315474452,0.0001811308731547188
drift_away,-1,gated,0.25,78,0,0.00016389399159191472,False,0.0001811308731547188,True,0.9999827631184371,0.00016389399159191472
drift_away,-1,gated,0.25,78,1,1.0,True,0.00016389399159191472,False,0.00016389399159189022,0.00016389399159191472
drift_away,-1,gated,0.25,79,0,0.0001482974161836353,False,0.00016389399159191472,True,0.9999844034245917,0.0001482974161836353
drift_away,-1,gated,0.25,79,1,1.0,True,0.0001482974161836353,False,0.00014829741618360703,0.0001482974161836353
drift_away,-1,gated,0.25,80,0,0.00013418505116100476,False,0.0001482974161836353,True,0.9999858876349774,0.00013418505116100476
drift_away,-1,gated,0.25,80,1,1.0,True,0.00013418505116100476,False,0.00013418505116102875,0.00013418505116100476
drift_away,-1,accept_all,0.25,1,0,0.36193496721438384,False,0.4,True,0.9619349672143838,0.36193496721438384
drift_away,-1,accept_all,0.25,1,1,1.0,True,0.36193496721438384,True,0.3619349672143839,1.0
drift_away,-1,accept_all,0.25,2,0,0.3274923012311928,False,1.0,True,0.3274923012311928,0.3274923012311928
drift_away,-1,accept_all,0.25,2,1,1.0,True,0.3274923012311928,True,0.3274923012311928,1.0
drift_away,-1,accept_all,0.25,3,0,0.2963272882726872,False,1.0,True,0.2963272882726872,0.2963272882726872
drift_away,-1,accept_all,0.25,3,1,1.0,True,0.2963272882726872,True,0.2963272882726872,1.0
drift_away,-1,accept_all,0.25,4,0,0.26812801841425576,False,1.0,True,0.2681280184142558,0.26812801841425576
drift_away,-1,accept_all,0.25,4,1,1.0,True,0.26812801841425576,True,0.2681280184142558,1.0
drift_away,-1,accept_all,0.25,5,0,0.2426122638850534,False,1.0,True,0.24261226388505341,0.2426122638850534
drift_away,-1,accept_all,0.25,5,1,1.0,True,0.2426122638850534,True,0.24261226388505341,1.0
drift_away,-1,accept_all,0.25,6,0,0.21952465443761057,False,1.0,True,0.2195246544376106,0.21952465443761057
drift_away,-1,accept_all,0.25,6,1,1.0,True,0.21952465443761057,True,0.2195246544376106,1.0
drift_away,-1,accept_all,0.25,7,0,0.19863412151656382,False,1.0,True,0.1986341215165638,0.19863412151656382
drift_away,-1,accept_all,0.25,7,1,1.0,True,0.19863412151656382,True,0.1986341215165638,1.0
drift_away,-1,accept_all,0.25,8,0,0.17973158564688863,False,1.0,True,0.17973158564688863,0.17973158564688863
drift_away,-1,accept_all,0.25,8,1,1.0,True,0.17973158564688863,True,0.17973158564688863,1.0
drift_away,-1,accept_all,0.25,9,0,0.16262786389623965,False,1.0,True,0.16262786389623962,0.16262786389623965
drift_away,-1,accept_all,0.25,9,1,1.0,True,0.16262786389623965,True,0.16262786389623962,1.0
drift_away,-1,accept_all,0.25,10,0,0.14715177646857694,False,1.0,True,0.1471517764685769,0.14715177646857694
drift_away,-1,accept_all,0.25,10,1,1.0,True,0.14715177646857694,True,0.1471517764685769,1.0
drift_away,-1,accept_all,0.25,11,0,0.13314843347923183,False,1.0,True,0.1331484334792319,0.13314843347923183
drift_away,-1,accept_all,0.25,11,1,1.0,True,0.13314843347923183,True,0.1331484334792319,1.0
drift_away,-1,accept_all,0.25,12,0,0.12047768476488085,False,1.0,True,0.12047768476488085,0.12047768476488085
drift_away,-1,accept_all,0.25,12,1,1.0,True,0.12047768476488085,True,0.12047768476488085,1.0
drift_away,-1,accept_all,0.25,13,0,0.10901271721360505,False,1.0,True,0.10901271721360506,0.10901271721360505
drift_away,-1,accept_all,0.25,13,1,1.0,True,0.10901271721360505,True,0.10901271721360506,1.0
drift_away,-1,accept_all,0.25,14,0,0.0986387855766426,False,1.0,True,0.09863878557664263,0.0986387855766426
drift_away,-1,accept_all,0.25,14,1,1.0,True,0.0986387855766426,True,0.09863878557664263,1.0
drift_away,-1,accept_all,0.25,15,0,0.08925206405937193,False,1.0,True,0.08925206405937192,0.08925206405937193
drift_away,-1,accept_all,0.25,15,1,1.0,True,0.08925206405937193,True,0.08925206405937192,1.0
drift_away,-1,accept_all,0.25,16,0,0.08075860719786215,False,1.0,True,0.0807586071978621,0.08075860719786215
drift_away,-1,accept_all,0.25,16,1,1.0,True,0.08075860719786215,True,0.0807586071978621,1.0
drift_away,-1,accept_all,0.25,17,0,0.07307340962109386,False,1.0,True,0.07307340962109388,0.07307340962109386
drift_away,-1,accept_all,0.25,17,1,1.0,True,0.07307340962109386,True,0.07307340962109388,1.0
drift_away,-1,accept_all,0.25,18,0,0.06611955528863461,False,1.0,True,0.06611955528863467,0.06611955528863461
drift_away,-1,accept_all,0.25,18,1,1.0,True,0.06611955528863461,True,0.06611955528863467,1.0
drift_away,-1,accept_all,0.25,19,0,0.05982744768905403,False,1.0,True,0.059827447689054014,0.05982744768905403
drift_away,-1,accept_all,0.25,19,1,1.0,True,0.05982744768905403,True,0.059827447689054014,1.0
drift_away,-1,accept_all,0.25,20,0,0.054134113294645084,False,1.0,True,0.054134113294645125,0.054134113294645084
drift_away,-1,accept_all,0.25,20,1,1.0,True,0.054134113294645084,True,0.054134113294645125,1.0
drift_away,-1,accept_all,0.25,21,0,0.04898257130119277,False,1.0,True,0.04898257130119277,0.04898257130119277
drift_away,-1,accept_all,0.25,21,1,1.0,True,0.04898257130119277,True,0.04898257130119277,1.0
drift_away,-1,accept_all,0.25,22,0,0.044321263344933554,False,1.0,True,0.04432126334493358,0.044321263344933554
drift_away,-1,accept_all,0.25,22,1,1.0,True,0.044321263344933554,True,0.04432126334493358,1.0
drift_away,-1,accept_all,0.25,23,0,0.0401035374891215,False,1.0,True,0.040103537489121543,0.0401035374891215
drift_away,-1,accept_all,0.25,23,1,1.0,True,0.0401035374891215,True,0.040103537489121543,1.0
drift_away,-1,accept_all,0.25,24,0,0.036287181315765006,False,1.0,True,0.03628718131576503,0.036287181315765006
drift_away,-1,accept_all,0.25,24,1,1.0,True,0.036287181315765006,True,0.03628718131576503,1.0
drift_away,-1,accept_all,0.25,25,0,0.032833999449559524,False,1.0,True,0.03283399944955956,0.032833999449559524
drift_away,-1,accept_all,0.25,25,1,1.0,True,0.032833999449559524,True,0.03283399944955956,1.0
drift_away,-1,accept_all,0.25,26,0,0.029709431285733553,False,1.0,True,0.029709431285733556,0.029709431285733553
drift_away,-1,accept_all,0.25,26,1,1.0,True,0.029709431285733553,True,0.029709431285733556,1.0
drift_away,-1,accept_all,0.25,27,0,0.026882205095899905,False,1.0,True,0.02688220509589989,0.026882205095899905
drift_away,-1,accept_all,0.25,27,1,1.0,True,0.026882205095899905,True,0.02688220509589989,1.0
drift_away,-1,accept_all,0.25,28,0,0.02432402505008719,False,1.0,True,0.02432402505008724,0.02432402505008719
drift_away,-1,accept_all,0.25,28,1,1.0,True,0.02432402505008719,True,0.02432402505008724,1.0
drift_away,-1,accept_all,0.25,29,0,0.022009288022562894,False,1.0,True,0.022009288022562856,0.022009288022562894
drift_away,-1,accept_all,0.25,29,1,1.0,True,0.022009288022562894,True,0.022009288022562856,1.0
drift_away,-1,accept_all,0.25,30,0,0.01991482734714558,False,1.0,True,0.01991482734714556,0.01991482734714558
drift_away,-1,accept_all,0.25,30,1,1.0,True,0.01991482734714558,True,0.01991482734714556,1.0
drift_away,-1,accept_all,0.25,31,0,0.01801968095742312,False,1.0,True,0.018019680957423123,0.01801968095742312
drift_away,-1,accept_all,0.25,31,1,1.0,True,0.01801968095742312,True,0.018019680957423123,1.0
drift_away,-1,accept_all,0.25,32,0,0.016304881591346486,False,1.0,True,0.016304881591346465,0.016304881591346486
drift_away,-1,accept_all,0.25,32,1,1.0,True,0.016304881591346486,True,0.016304881591346465,1.0
drift_away,-1,accept_all,0.25,33,0,0.014753266960496007,False,1.0,True,0.014753266960496059,0.014753266960496007
drift_away,-1,accept_all,0.25,33,1,1.0,True,0.014753266960496007,True,0.014753266960496059,1.0
drift_away,-1,accept_all,0.25,34,0,0.013349307984130433,False,1.0,True,0.013349307984130476,0.013349307984130433
drift_away,-1,accept_all,0.25,34,1,1.0,True,0.013349307984130433,True,0.013349307984130476,1.0
drift_away,-1,accept_all,0.25,35,0,0.0120789533689274,False,1.0,True,0.012078953368927392,0.0120789533689274
drift_away,-1,accept_all,0.25,35,1,1.0,True,0.0120789533689274,True,0.012078953368927392,1.0
drift_away,-1,accept_all,0.25,36,0,0.010929488978917025,False,1.0,True,0.01092948897891699,0.010929488978917025
drift_away,-1,accept_all,0.25,36,1,1.0,True,0.010929488978917025,True,0.01092948897891699,1.0
drift_away,-1,accept_all,0.25,37,0,0.009889410588135757,False,1.0,True,0.00988941058813575,0.009889410588135757
drift_away,-1,accept_all,0.25,37,1,1.0,True,0.009889410588135757,True,0.00988941058813575,1.0
drift_away,-1,accept_all,0.25,38,0,0.008948308742466242,False,1.0,True,0.008948308742466216,0.008948308742466242
drift_away,-1,accept_all,0.25,38,1,1.0,True,0.008948308742466242,True,0.008948308742466216,1.0
drift_away,-1,accept_all,0.25,39,0,0.008096764578321756,False,1.0,True,0.008096764578321758,0.008096764578321756
drift_away,-1,accept_all,0.25,39,1,1.0,True,0.008096764578321756,True,0.008096764578321758,1.0
drift_away,-1,accept_all,0.25,40,0,0.007326255555493672,False,1.0,True,0.00732625555549371,0.007326255555493672
drift_away,-1,accept_all,0.25,40,1,1.0,True,0.007326255555493672,True,0.00732625555549371,1.0
drift_away,-1,accept_all,0.25,41,0,0.006629070160704503,False,1.0,True,0.006629070160704464,0.006629070160704503
drift_away,-1,accept_all,0.25,41,1,1.0,True,0.006629070160704503,True,0.006629070160704464,1.0
drift_away,-1,accept_all,0.25,42,0,0.0059982307281910814,False,1.0,True,0.005998230728191056,0.0059982307281910814
drift_away,-1,accept_all,0.25,42,1,1.0,True,0.0059982307281910814,True,0.005998230728191056,1.0
drift_away,-1,accept_all,0.25,43,0,0.005427423604880374,False,1.0,True,0.005427423604880355,0.005427423604880374
drift_away,-1,accept_all,0.25,43,1,1.0,True,0.005427423604880374,True,0.005427423604880355,1.0
drift_away,-1,accept_all,0.25,44,0,0.0049109359612273746,False,1.0,True,0.004910935961227381,0.0049109359612273746
drift_away,-1,accept_all,0.25,44,1,1.0,True,0.0049109359612273746,True,0.004910935961227381,1.0
drift_away,-1,accept_all,0.25,45,0,0.004443598615296923,False,1.0,True,0.004443598615296973,0.004443598615296923
drift_away,-1,accept_all,0.25,45,1,1.0,True,0.004443598615296923,True,0.004443598615296973,1.0
drift_away,-1,accept_all,0.25,46,0,0.004020734297853434,False,1.0,True,0.004020734297853434,0.004020734297853434
drift_away,-1,accept_all,0.25,46,1,1.0,True,0.004020734297853434,True,0.004020734297853434,1.0
drift_away,-1,accept_all,0.25,47,0,0.0036381108406783264,False,1.0,True,0.0036381108406783325,0.0036381108406783264
drift_away,-1,accept_all,0.25,47,1,1.0,True,0.0036381108406783264,True,0.0036381108406783325,1.0
drift_away,-1,accept_all,0.25,48,0,0.0032918988196080122,False,1.0,True,0.003291898819608008,0.0032918988196080122
drift_away,-1,accept_all,0.25,48,1,1.0,True,0.0032918988196080122,True,0.003291898819608008,1.0
drift_away,-1,accept_all,0.25,49,0,0.0029786332283697355,False,1.0,True,0.002978633228369776,0.0029786332283697355
drift_away,-1,accept_all,0.25,49,1,1.0,True,0.0029786332283697355,True,0.002978633228369776,1.0
drift_away,-1,accept_all,0.25,50,0,0.002695178799634187,False,1.0,True,0.0026951787996342125,0.002695178799634187
drift_away,-1,accept_all,0.25,50,1,1.0,True,0.002695178799634187,True,0.0026951787996342125,1.0
drift_away,-1,accept_all,0.25,51,0,0.0024386986262062552,False,1.0,True,0.0024386986262062704,0.0024386986262062552
drift_away,-1,accept_all,0.25,51,1,1.0,True,0.0024386986262062552,True,0.0024386986262062704,1.0
drift_away,-1,accept_all,0.25,52,0,0.002206625768304309,False,1.0,True,0.0022066257683043267,0.002206625768304309
drift_away,-1,accept_all,0.25,52,1,1.0,True,0.002206625768304309,True,0.0022066257683043267,1.0
drift_away,-1,accept_all,0.25,53,0,0.001996637562764087,False,1.0,True,0.0019966375627641364,0.001996637562764087
drift_away,-1,accept_all,0.25,53,1,1.0,True,0.001996637562764087,True,0.0019966375627641364,1.0
drift_away,-1,accept_all,0.25,54,0,0.0018066323770450665,False,1.0,True,0.0018066323770450365,0.0018066323770450665
drift_away,-1,accept_all,0.25,54,1,1.0,True,0.0018066323770450665,True,0.0018066323770450365,1.0
drift_away,-1,accept_all,0.25,55,0,0.0016347085753856266,False,1.0,True,0.0016347085753856128,0.0016347085753856266
drift_away,-1,accept_all,0.25,55,1,1.0,True,0.0016347085753856266,True,0.0016347085753856128,1.0
drift_away,-1,accept_all,0.25,56,0,0.001479145486593173,False,1.0,True,0.0014791454865932252,0.001479145486593173
drift_away,-1,accept_all,0.25,56,1,1.0,True,0.001479145486593173,True,0.0014791454865932252,1.0
drift_away,-1,accept_all,0.25,57,0,0.001338386182988509,False,1.0,True,0.001338386182988538,0.001338386182988509
drift_away,-1,accept_all,0.25,57,1,1.0,True,0.001338386182988509,True,0.001338386182988538,1.0
drift_away,-1,accept_all,0.25,58,0,0.0012110218981503263,False,1.0,True,0.0012110218981503662,0.0012110218981503263
drift_away,-1,accept_all,0.25,58,1,1.0,True,0.0012110218981503263,True,0.0012110218981503662,1.0
drift_away,-1,accept_all,0.25,59,0,0.0010957779275073474,False,1.0,True,0.0010957779275073687,0.0010957779275073474
drift_away,-1,accept_all,0.25,59,1,1.0,True,0.0010957779275073474,True,0.0010957779275073687,1.0
drift_away,-1,accept_all,0.25,60,0,0.0009915008706665434,False,1.0,True,0.0009915008706665729,0.0009915008706665434
drift_away,-1,accept_all,0.25,60,1,1.0,True,0.0009915008706665434,True,0.0009915008706665729,1.0
drift_away,-1,accept_all,0.25,61,0,0.0008971470877943213,False,1.0,True,0.0008971470877943144,0.0008971470877943213
drift_away,-1,accept_all,0.25,61,1,1.0,True,0.0008971470877943213,True,0.0008971470877943144,1.0
drift_away,-1,accept_all,0.25,62,0,0.0008117722545182937,False,1.0,True,0.0008117722545183392,0.0008117722545182937
drift_away,-1,accept_all,0.25,62,1,1.0,True,0.0008117722545182937,True,0.0008117722545183392,1.0
drift_away,-1,accept_all,0.25,63,0,0.0007345219108115629,False,1.0,True,0.0007345219108115808,0.0007345219108115629
drift_away,-1,accept_all,0.25,63,1,1.0,True,0.0007345219108115629,True,0.0007345219108115808,1.0
drift_away,-1,accept_all,0.25,64,0,0.0006646229092695736,False,1.0,True,0.0006646229092696077,0.0006646229092695736
drift_away,-1,accept_all,0.25,64,1,1.0,True,0.0006646229092695736,True,0.0006646229092696077,1.0
drift_away,-1,accept_all,0.25,65,0,0.000601375677191029,False,1.0,True,0.0006013756771909851,0.000601375677191029
drift_away,-1,accept_all,0.25,65,1,1.0,True,0.000601375677191029,True,0.0006013756771909851,1.0
drift_away,-1,accept_all,0.25,66,0,0.0005441472150191576,False,1.0,True,0.000544147215019164,0.0005441472150191576
drift_away,-1,accept_all,0.25,66,1,1.0,True,0.0005441472150191576,True,0.000544147215019164,1.0
drift_away,-1,accept_all,0.25,67,0,0.0004923647610693924,False,1.0,True,0.0004923647610693971,0.0004923647610693924
drift_away,-1,accept_all,0.25,67,1,1.0,True,0.0004923647610693924,True,0.0004923647610693971,1.0
drift_away,-1,accept_all,0.25,68,0,0.0004455100591379213,False,1.0,True,0.0004455100591379546,0.0004455100591379213
drift_away,-1,accept_all,0.25,68,1,1.0,True,0.0004455100591379213,True,0.0004455100591379546,1.0
drift_away,-1,accept_all,0.25,69,0,0.0004031141716194042,False,1.0,True,0.0004031141716194231,0.0004031141716194042
drift_away,-1,accept_all,0.25,69,1,1.0,True,0.0004031141716194042,True,0.0004031141716194231,1.0
drift_away,-1,accept_all,0.25,70,0,0.0003647527862218065,False,1.0,True,0.0003647527862218336,0.0003647527862218065
drift_away,-1,accept_all,0.25,70,1,1.0,True,0.0003647527862218065,True,0.0003647527862218336,1.0
drift_away,-1,accept_all,0.25,71,0,0.00033004196930636184,False,1.0,True,0.00033004196930641605,0.00033004196930636184
drift_away,-1,accept_all,0.25,71,1,1.0,True,0.00033004196930636184,True,0.00033004196930641605,1.0
drift_away,-1,accept_all,0.25,72,0,0.0002986343233506717,False,1.0,True,0.0002986343233506439,0.0002986343233506717
drift_away,-1,accept_all,0.25,72,1,1.0,True,0.0002986343233506717,True,0.0002986343233506439,1.0
drift_away,-1,accept_all,0.25,73,0,0.00027021551007753774,False,1.0,True,0.00027021551007755384,0.00027021551007753774
drift_away,-1,accept_all,0.25,73,1,1.0,True,0.00027021551007753774,True,0.00027021551007755384,1.0
drift_away,-1,accept_all,0.25,74,0,0.0002445011044518289,False,1.0,True,0.00024450110445184414,0.0002445011044518289
drift_away,-1,accept_all,0.25,74,1,1.0,True,0.0002445011044518289,True,0.00024450110445184414,1.0
drift_away,-1,accept_all,0.25,75,0,0.00022123374805913345,False,1.0,True,0.00022123374805915752,0.00022123374805913345
drift_away,-1,accept_all,0.25,75,1,1.0,True,0.00022123374805913345,True,0.00022123374805915752,1.0
drift_away,-1,accept_all,0.25,76,0,0.00020018057337624435,False,1.0,True,0.00020018057337622963,0.00020018057337624435
drift_away,-1,accept_all,0.25,76,1,1.0,True,0.00020018057337624435,True,0.00020018057337622963,1.0
drift_away,-1,accept_all,0.25,77,0,0.0001811308731547188,False,1.0,True,0.00018113087315474452,0.0001811308731547188
drift_away,-1,accept_all,0.25,77,1,1.0,True,0.0001811308731547188,True,0.00018113087315474452,1.0
drift_away,-1,accept_all,0.25,78,0,0.00016389399159191472,False,1.0,True,0.00016389399159189022,0.00016389399159191472
drift_away,-1,accept_all,0.25,78,1,1.0,True,0.00016389399159191472,True,0.00016389399159189022,1.0
drift_away,-1,accept_all,0.25,79,0,0.0001482974161836353,False,1.0,True,0.00014829741618360703,0.0001482974161836353
drift_away,-1,accept_all,0.25,79,1,1.0,True,0.0001482974161836353,True,0.00014829741618360703,1.0
drift_away,-1,accept_all,0.25,80,0,0.00013418505116100476,False,1.0,True,0.00013418505116102875,0.00013418505116100476
drift_away,-1,accept_all,0.25,80,1,1.0,True,0.00013418505116100476,True,0.00013418505116102875,1.0
drift_away,-1,reference_only,0.25,1,0,0.36193496721438384,False,0.4,False,0.9619349672143838,0.4
drift_away,-1,reference_only,0.25,1,1,1.0,True,0.4,True,0.4,1.0
drift_away,-1,reference_only,0.25,2,0,0.3274923012311928,False,1.0,False,0.3274923012311928,1.0
drift_away,-1,reference_only,0.25,2,1,1.0,True,1.0,True,1.0,1.0
drift_away,-1,reference_only,0.25,3,0,0.2963272882726872,False,1.0,False,0.2963272882726872,1.0
drift_away,-1,reference_only,0.25,3,1,1.0,True,1.0,True,1.0,1.0
drift_away,-1,reference_only,0.25,4,0,0.26812801841425576,False,1.0,False,0.2681280184142558,1.0
drift_away,-1,reference_only,0.25,4,1,1.0,True,1.0,True,1.0,1.0
drift_away,-1,reference_only,0.25,5,0,0.2426122638850534,False,1.0,False,0.24261226388505341,1.0
drift_away,-1,reference_only,0.25,5,1,1.0,True,1.0,True,1.0,1.0
drift_away,-1,reference_only,0.25,6,0,0.21952465443761057,False,1.0,False,0.2195246544376106,1.0
drift_away,-1,reference_only,0.25,6,1,1.0,True,1.0,True,1.0,1.0
drift_away,-1,reference_only,0.25,7,0,0.19863412151656382,False,1.0,False,0.1986341215165638,1.0
drift_away,-1,reference_only,0.25,7,1,1.0,True,1.0,True,1.0,1.0
drift_away,-1,reference_only,0.25,8,0,0.17973158564688863,False,1.0,False,0.17973158564688863,1.0
drift_away,-1,reference_only,0.25,8,1,1.0,True,1.0,True,1.0,1.0
drift_away,-1,reference_only,0.25,9,0,0.16262786389623965,False,1.0,False,0.16262786389623962,1.0
drift_away,-1,reference_only,0.25,9,1,1.0,True,1.0,True,1.0,1.0
drift_away,-1,reference_only,0.25,10,0,0.14715177646857694,False,1.0,False,0.1471517764685769,1.0
drift_away,-1,reference_only,0.25,10,1,1.0,True,1.0,True,1.0,1.0
drift_away,-1,reference_only,0.25,11,0,0.13314843347923183,False,1.0,False,0.1331484334792319,1.0
drift_away,-1,reference_only,0.25,11,1,1.0,True,1.0,True,1.0,1.0
drift_away,-1,reference_only,0.25,12,0,0.12047768476488085,False,1.0,False,0.12047768476488085,1.0
drift_away,-1,reference_only,0.25,12,1,1.0,True,1.0,True,1.0,1.0
drift_away,-1,reference_only,0.25,13,0,0.10901271721360505,False,1.0,False,0.10901271721360506,1.0
drift_away,-1,reference_only,0.25,13,1,1.0,True,1.0,True,1.0,1.0
drift_away,-1,reference_only,0.25,14,0,0.0986387855766426,False,1.0,False,0.09863878557664263,1.0
drift_away,-1,reference_only,0.25,14,1,1.0,True,1.0,True,1.0,1.0
drift_away,-1,reference_only,0.25,15,0,0.08925206405937193,False,1.0,False,0.08925206405937192,1.0
drift_away,-1,reference_only,0.25,15,1,1.0,True,1.0,True,1.0,1.0
drift_away,-1,reference_only,0.25,16,0,0.08075860719786215,False,1.0,False,0.0807586071978621,1.0
drift_away,-1,reference_only,0.25,16,1,1.0,True,1.0,True,1.0,1.0
drift_away,-1,reference_only,0.25,17,0,0.07307340962109386,False,1.0,False,0.07307340962109388,1.0
drift_away,-1,reference_only,0.25,17,1,1.0,True,1.0,True,1.0,1.0
drift_away,-1,reference_only,0.25,18,0,0.06611955528863461,False,1.0,False,0.06611955528863467,1.0
drift_away,-1,reference_only,0.25,18,1,1.0,True,1.0,True,1.0,1.0
drift_away,-1,reference_only,0.25,19,0,0.05982744768905403,False,1.0,False,0.059827447689054014,1.0
drift_away,-1,reference_only,0.25,19,1,1.0,True,1.0,True,1.0,1.0
drift_away,-1,reference_only,0.25,20,0,0.054134113294645084,False,1.0,False,0.054134113294645125,1.0
drift_away,-1,reference_only,0.25,20,1,1.0,True,1.0,True,1.0,1.0
drift_away,-1,reference_only,0.25,21,0,0.04898257130119277,False,1.0,False,0.04898257130119277,1.0
drift_away,-1,reference_only,0.25,21,1,1.0,True,1.0,True,1.0,1.0
drift_away,-1,reference_only,0.25,22,0,0.044321263344933554,False,1.0,False,0.04432126334493358,1.0
drift_away,-1,reference_only,0.25,22,1,1.0,True,1.0,True,1.0,1.0
drift_away,-1,reference_only,0.25,23,0,0.0401035374891215,False,1.0,False,0.040103537489121543,1.0
drift_away,-1,reference_only,0.25,23,1,1.0,True,1.0,True,1.0,1.0
drift_away,-1,reference_only,0.25,24,0,0.036287181315765006,False,1.0,False,0.03628718131576503,1.0
drift_away,-1,reference_only,0.25,24,1,1.0,True,1.0,True,1.0,1.0
drift_away,-1,reference_only,0.25,25,0,0.032833999449559524,False,1.0,False,0.03283399944955956,1.0
drift_away,-1,reference_only,0.25,25,1,1.0,True,1.0,True,1.0,1.0
drift_away,-1,reference_only,0.25,26,0,0.029709431285733553,False,1.0,False,0.029709431285733556,1.0
drift_away,-1,reference_only,0.25,26,1,1.0,True,1.0,True,1.0,1.0
drift_away,-1,reference_only,0.25,27,0,0.026882205095899905,False,1.0,False,0.02688220509589989,1.0
drift_away,-1,reference_only,0.25,27,1,1.0,True,1.0,True,1.0,1.0
drift_away,-1,reference_only,0.25,28,0,0.02432402505008719,False,1.0,False,0.02432402505008724,1.0
drift_away,-1,reference_only,0.25,28,1,1.0,True,1.0,True,1.0,1.0
drift_away,-1,reference_only,0.25,29,0,0.022009288022562894,False,1.0,False,0.022009288022562856,1.0
drift_away,-1,reference_only,0.25,29,1,1.0,True,1.0,True,1.0,1.0
drift_away,-1,reference_only,0.25,30,0,0.01991482734714558,False,1.0,False,0.01991482734714556,1.0
drift_away,-1,reference_only,0.25,30,1,1.0,True,1.0,True,1.0,1.0
drift_away,-1,reference_only,0.25,31,0,0.01801968095742312,False,1.0,False,0.018019680957423123,1.0
drift_away,-1,reference_only,0.25,31,1,1.0,True,1.0,True,1.0,1.0
drift_away,-1,reference_only,0.25,32,0,0.016304881591346486,False,1.0,False,0.016304881591346465,1.0
drift_away,-1,reference_only,0.25,32,1,1.0,True,1.0,True,1.0,1.0
drift_away,-1,reference_only,0.25,33,0,0.014753266960496007,False,1.0,False,0.014753266960496059,1.0
drift_away,-1,reference_only,0.25,33,1,1.0,True,1.0,True,1.0,1.0
drift_away,-1,reference_only,0.25,34,0,0.013349307984130433,False,1.0,False,0.013349307984130476,1.0
drift_away,-1,reference_only,0.25,34,1,1.0,True,1.0,True,1.0,1.0
drift_away,-1,reference_only,0.25,35,0,0.0120789533689274,False,1.0,False,0.012078953368927392,1.0
drift_away,-1,reference_only,0.25,35,1,1.0,True,1.0,True,1.0,1.0
drift_away,-1,reference_only,0.25,36,0,0.010929488978917025,False,1.0,False,0.01092948897891699,1.0
drift_away,-1,reference_only,0.25,36,1,1.0,True,1.0,True,1.0,1.0
drift_away,-1,reference_only,0.25,37,0,0.009889410588135757,False,1.0,False,0.00988941058813575,1.0
drift_away,-1,reference_only,0.25,37,1,1.0,True,1.0,True,1.0,1.0
drift_away,-1,reference_only,0.25,38,0,0.008948308742466242,False,1.0,False,0.008948308742466216,1.0
drift_away,-1,reference_only,0.25,38,1,1.0,True,1.0,True,1.0,1.0
drift_away,-1,reference_only,0.25,39,0,0.008096764578321756,False,1.0,False,0.008096764578321758,1.0
drift_away,-1,reference_only,0.25,39,1,1.0,True,1.0,True,1.0,1.0
drift_away,-1,reference_only,0.25,40,0,0.007326255555493672,False,1.0,False,0.00732625555549371,1.0
drift_away,-1,reference_only,0.25,40,1,1.0,True,1.0,True,1.0,1.0
drift_away,-1,reference_only,0.25,41,0,0.006629070160704503,False,1.0,False,0.006629070160704464,1.0
drift_away,-1,reference_only,0.25,41,1,1.0,True,1.0,True,1.0,1.0
drift_away,-1,reference_only,0.25,42,0,0.0059982307281910814,False,1.0,False,0.005998230728191056,1.0
drift_away,-1,reference_only,0.25,42,1,1.0,True,1.0,True,1.0,1.0
drift_away,-1,reference_only,0.25,43,0,0.005427423604880374,False,1.0,False,0.005427423604880355,1.0
drift_away,-1,reference_only,0.25,43,1,1.0,True,1.0,True,1.0,1.0
drift_away,-1,reference_only,0.25,44,0,0.0049109359612273746,False,1.0,False,0.004910935961227381,1.0
drift_away,-1,reference_only,0.25,44,1,1.0,True,1.0,True,1.0,1.0
drift_away,-1,reference_only,0.25,45,0,0.004443598615296923,False,1.0,False,0.004443598615296973,1.0
drift_away,-1,reference_only,0.25,45,1,1.0,True,1.0,True,1.0,1.0
drift_away,-1,reference_only,0.25,46,0,0.004020734297853434,False,1.0,False,0.004020734297853434,1.0
drift_away,-1,reference_only,0.25,46,1,1.0,True,1.0,True,1.0,1.0
drift_away,-1,reference_only,0.25,47,0,0.0036381108406783264,False,1.0,False,0.0036381108406783325,1.0
drift_away,-1,reference_only,0.25,47,1,1.0,True,1.0,True,1.0,1.0
drift_away,-1,reference_only,0.25,48,0,0.0032918988196080122,False,1.0,False,0.003291898819608008,1.0
drift_away,-1,reference_only,0.25,48,1,1.0,True,1.0,True,1.0,1.0
drift_away,-1,reference_only,0.25,49,0,0.0029786332283697355,False,1.0,False,0.002978633228369776,1.0
drift_away,-1,reference_only,0.25,49,1,1.0,True,1.0,True,1.0,1.0
drift_away,-1,reference_only,0.25,50,0,0.002695178799634187,False,1.0,False,0.0026951787996342125,1.0
drift_away,-1,reference_only,0.25,50,1,1.0,True,1.0,True,1.0,1.0
drift_away,-1,reference_only,0.25,51,0,0.0024386986262062552,False,1.0,False,0.0024386986262062704,1.0
drift_away,-1,reference_only,0.25,51,1,1.0,True,1.0,True,1.0,1.0
drift_away,-1,reference_only,0.25,52,0,0.002206625768304309,False,1.0,False,0.0022066257683043267,1.0
drift_away,-1,reference_only,0.25,52,1,1.0,True,1.0,True,1.0,1.0
drift_away,-1,reference_only,0.25,53,0,0.001996637562764087,False,1.0,False,0.0019966375627641364,1.0
drift_away,-1,reference_only,0.25,53,1,1.0,True,1.0,True,1.0,1.0
drift_away,-1,reference_only,0.25,54,0,0.0018066323770450665,False,1.0,False,0.0018066323770450365,1.0
drift_away,-1,reference_only,0.25,54,1,1.0,True,1.0,True,1.0,1.0
drift_away,-1,reference_only,0.25,55,0,0.0016347085753856266,False,1.0,False,0.0016347085753856128,1.0
drift_away,-1,reference_only,0.25,55,1,1.0,True,1.0,True,1.0,1.0
drift_away,-1,reference_only,0.25,56,0,0.001479145486593173,False,1.0,False,0.0014791454865932252,1.0
drift_away,-1,reference_only,0.25,56,1,1.0,True,1.0,True,1.0,1.0
drift_away,-1,reference_only,0.25,57,0,0.001338386182988509,False,1.0,False,0.001338386182988538,1.0
drift_away,-1,reference_only,0.25,57,1,1.0,True,1.0,True,1.0,1.0
drift_away,-1,reference_only,0.25,58,0,0.0012110218981503263,False,1.0,False,0.0012110218981503662,1.0
drift_away,-1,reference_only,0.25,58,1,1.0,True,1.0,True,1.0,1.0
drift_away,-1,reference_only,0.25,59,0,0.0010957779275073474,False,1.0,False,0.0010957779275073687,1.0
drift_away,-1,reference_only,0.25,59,1,1.0,True,1.0,True,1.0,1.0
drift_away,-1,reference_only,0.25,60,0,0.0009915008706665434,False,1.0,False,0.0009915008706665729,1.0
drift_away,-1,reference_only,0.25,60,1,1.0,True,1.0,True,1.0,1.0
drift_away,-1,reference_only,0.25,61,0,0.0008971470877943213,False,1.0,False,0.0008971470877943144,1.0
drift_away,-1,reference_only,0.25,61,1,1.0,True,1.0,True,1.0,1.0
drift_away,-1,reference_only,0.25,62,0,0.0008117722545182937,False,1.0,False,0.0008117722545183392,1.0
drift_away,-1,reference_only,0.25,62,1,1.0,True,1.0,True,1.0,1.0
drift_away,-1,reference_only,0.25,63,0,0.0007345219108115629,False,1.0,False,0.0007345219108115808,1.0
drift_away,-1,reference_only,0.25,63,1,1.0,True,1.0,True,1.0,1.0
drift_away,-1,reference_only,0.25,64,0,0.0006646229092695736,False,1.0,False,0.0006646229092696077,1.0
drift_away,-1,reference_only,0.25,64,1,1.0,True,1.0,True,1.0,1.0
drift_away,-1,reference_only,0.25,65,0,0.000601375677191029,False,1.0,False,0.0006013756771909851,1.0
drift_away,-1,reference_only,0.25,65,1,1.0,True,1.0,True,1.0,1.0
drift_away,-1,reference_only,0.25,66,0,0.0005441472150191576,False,1.0,False,0.000544147215019164,1.0
drift_away,-1,reference_only,0.25,66,1,1.0,True,1.0,True,1.0,1.0
drift_away,-1,reference_only,0.25,67,0,0.0004923647610693924,False,1.0,False,0.0004923647610693971,1.0
drift_away,-1,reference_only,0.25,67,1,1.0,True,1.0,True,1.0,1.0
drift_away,-1,reference_only,0.25,68,0,0.0004455100591379213,False,1.0,False,0.0004455100591379546,1.0
drift_away,-1,reference_only,0.25,68,1,1.0,True,1.0,True,1.0,1.0
drift_away,-1,reference_only,0.25,69,0,0.0004031141716194042,False,1.0,False,0.0004031141716194231,1.0
drift_away,-1,reference_only,0.25,69,1,1.0,True,1.0,True,1.0,1.0
drift_away,-1,reference_only,0.25,70,0,0.0003647527862218065,False,1.0,False,0.0003647527862218336,1.0
drift_away,-1,reference_only,0.25,70,1,1.0,True,1.0,True,1.0,1.0
drift_away,-1,reference_only,0.25,71,0,0.00033004196930636184,False,1.0,False,0.00033004196930641605,1.0
drift_away,-1,reference_only,0.25,71,1,1.0,True,1.0,True,1.0,1.0
drift_away,-1,reference_only,0.25,72,0,0.0002986343233506717,False,1.0,False,0.0002986343233506439,1.0
drift_away,-1,reference_only,0.25,72,1,1.0,True,1.0,True,1.0,1.0
drift_away,-1,reference_only,0.25,73,0,0.00027021551007753774,False,1.0,False,0.00027021551007755384,1.0
drift_away,-1,reference_only,0.25,73,1,1.0,True,1.0,True,1.0,1.0
drift_away,-1,reference_only,0.25,74,0,0.0002445011044518289,False,1.0,False,0.00024450110445184414,1.0
drift_away,-1,reference_only,0.25,74,1,1.0,True,1.0,True,1.0,1.0
drift_away,-1,reference_only,0.25,75,0,0.00022123374805913345,False,1.0,False,0.00022123374805915752,1.0
drift_away,-1,reference_only,0.25,75,1,1.0,True,1.0,True,1.0,1.0
drift_away,-1,reference_only,0.25,76,0,0.00020018057337624435,False,1.0,False,0.00020018057337622963,1.0
drift_away,-1,reference_only,0.25,76,1,1.0,True,1.0,True,1.0,1.0
drift_away,-1,reference_only,0.25,77,0,0.0001811308731547188,False,1.0,False,0.00018113087315474452,1.0
drift_away,-1,reference_only,0.25,77,1,1.0,True,1.0,True,1.0,1.0
drift_away,-1,reference_only,0.25,78,0,0.00016389399159191472,False,1.0,False,0.00016389399159189022,1.0
drift_away,-1,reference_only,0.25,78,1,1.0,True,1.0,True,1.0,1.0
drift_away,-1,reference_only,0.25,79,0,0.0001482974161836353,False,1.0,False,0.00014829741618360703,1.0
drift_away,-1,reference_only,0.25,79,1,1.0,True,1.0,True,1.0,1.0
drift_away,-1,reference_only,0.25,80,0,0.00013418505116100476,False,1.0,False,0.00013418505116102875,1.0
drift_away,-1,reference_only,0.25,80,1,1.0,True,1.0,True,1.0,1.0
drift_away,-1,gated,1.0,1,0,0.36193496721438384,False,0.4,True,0.9619349672143838,0.36193496721438384
drift_away,-1,gated,1.0,1,1,1.0,True,0.36193496721438384,True,0.3619349672143839,1.0
drift_away,-1,gated,1.0,2,0,0.3274923012311928,False,1.0,True,0.3274923012311928,0.3274923012311928
drift_away,-1,gated,1.0,2,1,1.0,True,0.3274923012311928,True,0.3274923012311928,1.0
drift_away,-1,gated,1.0,3,0,0.2963272882726872,False,1.0,True,0.2963272882726872,0.2963272882726872
drift_away,-1,gated,1.0,3,1,1.0,True,0.2963272882726872,True,0.2963272882726872,1.0
drift_away,-1,gated,1.0,4,0,0.26812801841425576,False,1.0,True,0.2681280184142558,0.26812801841425576
drift_away,-1,gated,1.0,4,1,1.0,True,0.26812801841425576,True,0.2681280184142558,1.0
drift_away,-1,gated,1.0,5,0,0.2426122638850534,False,1.0,True,0.24261226388505341,0.2426122638850534
drift_away,-1,gated,1.0,5,1,1.0,True,0.2426122638850534,True,0.24261226388505341,1.0
drift_away,-1,gated,1.0,6,0,0.21952465443761057,False,1.0,True,0.2195246544376106,0.21952465443761057
drift_away,-1,gated,1.0,6,1,1.0,True,0.21952465443761057,True,0.2195246544376106,1.0
drift_away,-1,gated,1.0,7,0,0.19863412151656382,False,1.0,True,0.1986341215165638,0.19863412151656382
drift_away,-1,gated,1.0,7,1,1.0,True,0.19863412151656382,True,0.1986341215165638,1.0
drift_away,-1,gated,1.0,8,0,0.17973158564688863,False,1.0,True,0.17973158564688863,0.17973158564688863
drift_away,-1,gated,1.0,8,1,1.0,True,0.17973158564688863,True,0.17973158564688863,1.0
drift_away,-1,gated,1.0,9,0,0.16262786389623965,False,1.0,True,0.16262786389623962,0.16262786389623965
drift_away,-1,gated,1.0,9,1,1.0,True,0.16262786389623965,True,0.16262786389623962,1.0
drift_away,-1,gated,1.0,10,0,0.14715177646857694,False,1.0,True,0.1471517764685769,0.14715177646857694
drift_away,-1,gated,1.0,10,1,1.0,True,0.14715177646857694,True,0.1471517764685769,1.0
drift_away,-1,gated,1.0,11,0,0.13314843347923183,False,1.0,True,0.1331484334792319,0.13314843347923183
drift_away,-1,gated,1.0,11,1,1.0,True,0.13314843347923183,True,0.1331484334792319,1.0
drift_away,-1,gated,1.0,12,0,0.12047768476488085,False,1.0,True,0.12047768476488085,0.12047768476488085
drift_away,-1,gated,1.0,12,1,1.0,True,0.12047768476488085,True,0.12047768476488085,1.0
drift_away,-1,gated,1.0,13,0,0.10901271721360505,False,1.0,True,0.10901271721360506,0.10901271721360505
drift_away,-1,gated,1.0,13,1,1.0,True,0.10901271721360505,True,0.10901271721360506,1.0
drift_away,-1,gated,1.0,14,0,0.0986387855766426,False,1.0,True,0.09863878557664263,0.0986387855766426
drift_away,-1,gated,1.0,14,1,1.0,True,0.0986387855766426,True,0.09863878557664263,1.0
drift_away,-1,gated,1.0,15,0,0.08925206405937193,False,1.0,True,0.08925206405937192,0.08925206405937193
drift_away,-1,gated,1.0,15,1,1.0,True,0.08925206405937193,True,0.08925206405937192,1.0
drift_away,-1,gated,1.0,16,0,0.08075860719786215,False,1.0,True,0.0807586071978621,0.08075860719786215
drift_away,-1,gated,1.0,16,1,1.0,True,0.08075860719786215,True,0.0807586071978621,1.0
drift_away,-1,gated,1.0,17,0,0.07307340962109386,False,1.0,True,0.07307340962109388,0.07307340962109386
drift_away,-1,gated,1.0,17,1,1.0,True,0.07307340962109386,True,0.07307340962109388,1.0
drift_away,-1,gated,1.0,18,0,0.06611955528863461,False,1.0,True,0.06611955528863467,0.06611955528863461
drift_away,-1,gated,1.0,18,1,1.0,True,0.06611955528863461,True,0.06611955528863467,1.0
drift_away,-1,gated,1.0,19,0,0.05982744768905403,False,1.0,True,0.059827447689054014,0.05982744768905403
drift_away,-1,gated,1.0,19,1,1.0,True,0.05982744768905403,True,0.059827447689054014,1.0
drift_away,-1,gated,1.0,20,0,0.054134113294645084,False,1.0,True,0.054134113294645125,0.054134113294645084
drift_away,-1,gated,1.0,20,1,1.0,True,0.054134113294645084,True,0.054134113294645125,1.0
drift_away,-1,gated,1.0,21,0,0.04898257130119277,False,1.0,True,0.04898257130119277,0.04898257130119277
drift_away,-1,gated,1.0,21,1,1.0,True,0.04898257130119277,True,0.04898257130119277,1.0
drift_away,-1,gated,1.0,22,0,0.044321263344933554,False,1.0,True,0.04432126334493358,0.044321263344933554
drift_away,-1,gated,1.0,22,1,1.0,True,0.044321263344933554,True,0.04432126334493358,1.0
drift_away,-1,gated,1.0,23,0,0.0401035374891215,False,1.0,True,0.040103537489121543,0.0401035374891215
drift_away,-1,gated,1.0,23,1,1.0,True,0.0401035374891215,True,0.040103537489121543,1.0
drift_away,-1,gated,1.0,24,0,0.036287181315765006,False,1.0,True,0.03628718131576503,0.036287181315765006
drift_away,-1,gated,1.0,24,1,1.0,True,0.036287181315765006,True,0.03628718131576503,1.0
drift_away,-1,gated,1.0,25,0,0.032833999449559524,False,1.0,True,0.03283399944955956,0.032833999449559524
drift_away,-1,gated,1.0,25,1,1.0,True,0.032833999449559524,True,0.03283399944955956,1.0
drift_away,-1,gated,1.0,26,0,0.029709431285733553,False,1.0,True,0.029709431285733556,0.029709431285733553
drift_away,-1,gated,1.0,26,1,1.0,True,0.029709431285733553,True,0.029709431285733556,1.0
drift_away,-1,gated,1.0,27,0,0.026882205095899905,False,1.0,True,0.02688220509589989,0.026882205095899905
drift_away,-1,gated,1.0,27,1,1.0,True,0.026882205095899905,True,0.02688220509589989,1.0
drift_away,-1,gated,1.0,28,0,0.02432402505008719,False,1.0,True,0.02432402505008724,0.02432402505008719
drift_away,-1,gated,1.0,28,1,1.0,True,0.02432402505008719,True,0.02432402505008724,1.0
drift_away,-1,gated,1.0,29,0,0.022009288022562894,False,1.0,True,0.022009288022562856,0.022009288022562894
drift_away,-1,gated,1.0,29,1,1.0,True,0.022009288022562894,True,0.022009288022562856,1.0
drift_away,-1,gated,1.0,30,0,0.01991482734714558,False,1.0,True,0.01991482734714556,0.01991482734714558
drift_away,-1,gated,1.0,30,1,1.0,True,0.01991482734714558,True,0.01991482734714556,1.0
drift_away,-1,gated,1.0,31,0,0.01801968095742312,False,1.0,True,0.018019680957423123,0.01801968095742312
drift_away,-1,gated,1.0,31,1,1.0,True,0.01801968095742312,True,0.018019680957423123,1.0
drift_away,-1,gated,1.0,32,0,0.016304881591346486,False,1.0,True,0.016304881591346465,0.016304881591346486
drift_away,-1,gated,1.0,32,1,1.0,True,0.016304881591346486,True,0.016304881591346465,1.0
drift_away,-1,gated,1.0,33,0,0.014753266960496007,False,1.0,True,0.014753266960496059,0.014753266960496007
drift_away,-1,gated,1.0,33,1,1.0,True,0.014753266960496007,True,0.014753266960496059,1.0
drift_away,-1,gated,1.0,34,0,0.013349307984130433,False,1.0,True,0.013349307984130476,0.013349307984130433
drift_away,-1,gated,1.0,34,1,1.0,True,0.013349307984130433,True,0.013349307984130476,1.0
drift_away,-1,gated,1.0,35,0,0.0120789533689274,False,1.0,True,0.012078953368927392,0.0120789533689274
drift_away,-1,gated,1.0,35,1,1.0,True,0.0120789533689274,True,0.012078953368927392,1.0
drift_away,-1,gated,1.0,36,0,0.010929488978917025,False,1.0,True,0.01092948897891699,0.010929488978917025
drift_away,-1,gated,1.0,36,1,1.0,True,0.010929488978917025,True,0.01092948897891699,1.0
drift_away,-1,gated,1.0,37,0,0.009889410588135757,False,1.0,True,0.00988941058813575,0.009889410588135757
drift_away,-1,gated,1.0,37,1,1.0,True,0.009889410588135757,True,0.00988941058813575,1.0
drift_away,-1,gated,1.0,38,0,0.008948308742466242,False,1.0,True,0.008948308742466216,0.008948308742466242
drift_away,-1,gated,1.0,38,1,1.0,True,0.008948308742466242,True,0.008948308742466216,1.0
drift_away,-1,gated,1.0,39,0,0.008096764578321756,False,1.0,True,0.008096764578321758,0.008096764578321756
drift_away,-1,gated,1.0,39,1,1.0,True,0.008096764578321756,True,0.008096764578321758,1.0
drift_away,-1,gated,1.0,40,0,0.007326255555493672,False,1.0,True,0.00732625555549371,0.007326255555493672
drift_away,-1,gated,1.0,40,1,1.0,True,0.007326255555493672,True,0.00732625555549371,1.0
drift_away,-1,gated,1.0,41,0,0.006629070160704503,False,1.0,True,0.006629070160704464,0.006629070160704503
drift_away,-1,gated,1.0,41,1,1.0,True,0.006629070160704503,True,0.006629070160704464,1.0
drift_away,-1,gated,1.0,42,0,0.0059982307281910814,False,1.0,True,0.005998230728191056,0.0059982307281910814
drift_away,-1,gated,1.0,42,1,1.0,True,0.0059982307281910814,True,0.005998230728191056,1.0
drift_away,-1,gated,1.0,43,0,0.005427423604880374,False,1.0,True,0.005427423604880355,0.005427423604880374
drift_away,-1,gated,1.0,43,1,1.0,True,0.005427423604880374,True,0.005427423604880355,1.0
drift_away,-1,gated,1.0,44,0,0.0049109359612273746,False,1.0,True,0.004910935961227381,0.0049109359612273746
drift_away,-1,gated,1.0,44,1,1.0,True,0.0049109359612273746,True,0.004910935961227381,1.0
drift_away,-1,gated,1.0,45,0,0.004443598615296923,False,1.0,True,0.004443598615296973,0.004443598615296923
drift_away,-1,gated,1.0,45,1,1.0,True,0.004443598615296923,True,0.004443598615296973,1.0
drift_away,-1,gated,1.0,46,0,0.004020734297853434,False,1.0,True,0.004020734297853434,0.004020734297853434
drift_away,-1,gated,1.0,46,1,1.0,True,0.004020734297853434,True,0.004020734297853434,1.0
drift_away,-1,gated,1.0,47,0,0.0036381108406783264,False,1.0,True,0.0036381108406783325,0.0036381108406783264
drift_away,-1,gated,1.0,47,1,1.0,True,0.0036381108406783264,True,0.0036381108406783325,1.0
drift_away,-1,gated,1.0,48,0,0.0032918988196080122,False,1.0,True,0.003291898819608008,0.0032918988196080122
drift_away,-1,gated,1.0,48,1,1.0,True,0.0032918988196080122,True,0.003291898819608008,1.0
drift_away,-1,gated,1.0,49,0,0.0029786332283697355,False,1.0,True,0.002978633228369776,0.0029786332283697355
drift_away,-1,gated,1.0,49,1,1.0,True,0.0029786332283697355,True,0.002978633228369776,1.0
drift_away,-1,gated,1.0,50,0,0.002695178799634187,False,1.0,True,0.0026951787996342125,0.002695178799634187
drift_away,-1,gated,1.0,50,1,1.0,True,0.002695178799634187,True,0.0026951787996342125,1.0
drift_away,-1,gated,1.0,51,0,0.0024386986262062552,False,1.0,True,0.0024386986262062704,0.0024386986262062552
drift_away,-1,gated,1.0,51,1,1.0,True,0.0024386986262062552,True,0.0024386986262062704,1.0
drift_away,-1,gated,1.0,52,0,0.002206625768304309,False,1.0,True,0.0022066257683043267,0.002206625768304309
drift_away,-1,gated,1.0,52,1,1.0,True,0.002206625768304309,True,0.0022066257683043267,1.0
drift_away,-1,gated,1.0,53,0,0.001996637562764087,False,1.0,True,0.0019966375627641364,0.001996637562764087
drift_away,-1,gated,1.0,53,1,1.0,True,0.001996637562764087,True,0.0019966375627641364,1.0
drift_away,-1,gated,1.0,54,0,0.0018066323770450665,False,1.0,True,0.0018066323770450365,0.0018066323770450665
drift_away,-1,gated,1.0,54,1,1.0,True,0.0018066323770450665,True,0.0018066323770450365,1.0
drift_away,-1,gated,1.0,55,0,0.0016347085753856266,False,1.0,True,0.0016347085753856128,0.0016347085753856266
drift_away,-1,gated,1.0,55,1,1.0,True,0.0016347085753856266,True,0.0016347085753856128,1.0
drift_away,-1,gated,1.0,56,0,0.001479145486593173,False,1.0,True,0.0014791454865932252,0.001479145486593173
drift_away,-1,gated,1.0,56,1,1.0,True,0.001479145486593173,True,0.0014791454865932252,1.0
drift_away,-1,gated,1.0,57,0,0.001338386182988509,False,1.0,True,0.001338386182988538,0.001338386182988509
drift_away,-1,gated,1.0,57,1,1.0,True,0.001338386182988509,True,0.001338386182988538,1.0
drift_away,-1,gated,1.0,58,0,0.0012110218981503263,False,1.0,True,0.0012110218981503662,0.0012110218981503263
drift_away,-1,gated,1.0,58,1,1.0,True,0.0012110218981503263,True,0.0012110218981503662,1.0
drift_away,-1,gated,1.0,59,0,0.0010957779275073474,False,1.0,True,0.0010957779275073687,0.0010957779275073474
drift_away,-1,gated,1.0,59,1,1.0,True,0.0010957779275073474,True,0.0010957779275073687,1.0
drift_away,-1,gated,1.0,60,0,0.0009915008706665434,False,1.0,True,0.0009915008706665729,0.0009915008706665434
drift_away,-1,gated,1.0,60,1,1.0,True,0.0009915008706665434,True,0.0009915008706665729,1.0
drift_away,-1,gated,1.0,61,0,0.0008971470877943213,False,1.0,True,0.0008971470877943144,0.0008971470877943213
drift_away,-1,gated,1.0,61,1,1.0,True,0.0008971470877943213,True,0.0008971470877943144,1.0
drift_away,-1,gated,1.0,62,0,0.0008117722545182937,False,1.0,True,0.0008117722545183392,0.0008117722545182937
drift_away,-1,gated,1.0,62,1,1.0,True,0.0008117722545182937,True,0.0008117722545183392,1.0
drift_away,-1,gated,1.0,63,0,0.0007345219108115629,False,1.0,True,0.0007345219108115808,0.0007345219108115629
drift_away,-1,gated,1.0,63,1,1.0,True,0.0007345219108115629,True,0.0007345219108115808,1.0
drift_away,-1,gated,1.0,64,0,0.0006646229092695736,False,1.0,True,0.0006646229092696077,0.0006646229092695736
drift_away,-1,gated,1.0,64,1,1.0,True,0.0006646229092695736,True,0.0006646229092696077,1.0
drift_away,-1,gated,1.0,65,0,0.000601375677191029,False,1.0,True,0.0006013756771909851,0.000601375677191029
drift_away,-1,gated,1.0,65,1,1.0,True,0.000601375677191029,True,0.0006013756771909851,1.0
drift_away,-1,gated,1.0,66,0,0.0005441472150191576,False,1.0,True,0.000544147215019164,0.0005441472150191576
drift_away,-1,gated,1.0,66,1,1.0,True,0.0005441472150191576,True,0.000544147215019164,1.0
drift_away,-1,gated,1.0,67,0,0.0004923647610693924,False,1.0,True,0.0004923647610693971,0.0004923647610693924
drift_away,-1,gated,1.0,67,1,1.0,True,0.0004923647610693924,True,0.0004923647610693971,1.0
drift_away,-1,gated,1.0,68,0,0.0004455100591379213,False,1.0,True,0.0004455100591379546,0.0004455100591379213
drift_away,-1,gated,1.0,68,1,1.0,True,0.0004455100591379213,True,0.0004455100591379546,1.0
drift_away,-1,gated,1.0,69,0,0.0004031141716194042,False,1.0,True,0.0004031141716194231,0.0004031141716194042
drift_away,-1,gated,1.0,69,1,1.0,True,0.0004031141716194042,True,0.0004031141716194231,1.0
drift_away,-1,gated,1.0,70,0,0.0003647527862218065,False,1.0,True,0.0003647527862218336,0.0003647527862218065
drift_away,-1,gated,1.0,70,1,1.0,True,0.0003647527862218065,True,0.0003647527862218336,1.0
drift_away,-1,gated,1.0,71,0,0.00033004196930636184,False,1.0,True,0.00033004196930641605,0.00033004196930636184
drift_away,-1,gated,1.0,71,1,1.0,True,0.00033004196930636184,True,0.00033004196930641605,1.0
drift_away,-1,gated,1.0,72,0,0.0002986343233506717,False,1.0,True,0.0002986343233506439,0.0002986343233506717
drift_away,-1,gated,1.0,72,1,1.0,True,0.0002986343233506717,True,0.0002986343233506439,1.0
drift_away,-1,gated,1.0,73,0,0.00027021551007753774,False,1.0,True,0.00027021551007755384,0.00027021551007753774
drift_away,-1,gated,1.0,73,1,1.0,True,0.00027021551007753774,True,0.00027021551007755384,1.0
drift_away,-1,gated,1.0,74,0,0.0002445011044518289,False,1.0,True,0.00024450110445184414,0.0002445011044518289
drift_away,-1,gated,1.0,74,1,1.0,True,0.0002445011044518289,True,0.00024450110445184414,1.0
drift_away,-1,gated,1.0,75,0,0.00022123374805913345,False,1.0,True,0.00022123374805915752,0.00022123374805913345
drift_away,-1,gated,1.0,75,1,1.0,True,0.00022123374805913345,True,0.00022123374805915752,1.0
drift_away,-1,gated,1.0,76,0,0.00020018057337624435,False,1.0,True,0.00020018057337622963,0.00020018057337624435
drift_away,-1,gated,1.0,76,1,1.0,True,0.00020018057337624435,True,0.00020018057337622963,1.0
drift_away,-1,gated,1.0,77,0,0.0001811308731547188,False,1.0,True,0.00018113087315474452,0.0001811308731547188
drift_away,-1,gated,1.0,77,1,1.0,True,0.0001811308731547188,True,0.00018113087315474452,1.0
drift_away,-1,gated,1.0,78,0,0.00016389399159191472,False,1.0,True,0.00016389399159189022,0.00016389399159191472
drift_away,-1,gated,1.0,78,1,1.0,True,0.00016389399159191472,True,0.00016389399159189022,1.0
drift_away,-1,gated,1.0,79,0,0.0001482974161836353,False,1.0,True,0.00014829741618360703,0.0001482974161836353
drift_away,-1,gated,1.0,79,1,1.0,True,0.0001482974161836353,True,0.00014829741618360703,1.0
drift_away,-1,gated,1.0,80,0,0.00013418505116100476,False,1.0,True,0.00013418505116102875,0.00013418505116100476
drift_away,-1,gated,1.0,80,1,1.0,True,0.00013418505116100476,True,0.00013418505116102875,1.0
drift_away,-1,accept_all,1.0,1,0,0.36193496721438384,False,0.4,True,0.9619349672143838,0.36193496721438384
drift_away,-1,accept_all,1.0,1,1,1.0,True,0.36193496721438384,True,0.3619349672143839,1.0
drift_away,-1,accept_all,1.0,2,0,0.3274923012311928,False,1.0,True,0.3274923012311928,0.3274923012311928
drift_away,-1,accept_all,1.0,2,1,1.0,True,0.3274923012311928,True,0.3274923012311928,1.0
drift_away,-1,accept_all,1.0,3,0,0.2963272882726872,False,1.0,True,0.2963272882726872,0.2963272882726872
drift_away,-1,accept_all,1.0,3,1,1.0,True,0.2963272882726872,True,0.2963272882726872,1.0
drift_away,-1,accept_all,1.0,4,0,0.26812801841425576,False,1.0,True,0.2681280184142558,0.26812801841425576
drift_away,-1,accept_all,1.0,4,1,1.0,True,0.26812801841425576,True,0.2681280184142558,1.0
drift_away,-1,accept_all,1.0,5,0,0.2426122638850534,False,1.0,True,0.24261226388505341,0.2426122638850534
drift_away,-1,accept_all,1.0,5,1,1.0,True,0.2426122638850534,True,0.24261226388505341,1.0
drift_away,-1,accept_all,1.0,6,0,0.21952465443761057,False,1.0,True,0.2195246544376106,0.21952465443761057
drift_away,-1,accept_all,1.0,6,1,1.0,True,0.21952465443761057,True,0.2195246544376106,1.0
drift_away,-1,accept_all,1.0,7,0,0.19863412151656382,False,1.0,True,0.1986341215165638,0.19863412151656382
drift_away,-1,accept_all,1.0,7,1,1.0,True,0.19863412151656382,True,0.1986341215165638,1.0
drift_away,-1,accept_all,1.0,8,0,0.17973158564688863,False,1.0,True,0.17973158564688863,0.17973158564688863
drift_away,-1,accept_all,1.0,8,1,1.0,True,0.17973158564688863,True,0.17973158564688863,1.0
drift_away,-1,accept_all,1.0,9,0,0.16262786389623965,False,1.0,True,0.16262786389623962,0.16262786389623965
drift_away,-1,accept_all,1.0,9,1,1.0,True,0.16262786389623965,True,0.16262786389623962,1.0
drift_away,-1,accept_all,1.0,10,0,0.14715177646857694,False,1.0,True,0.1471517764685769,0.14715177646857694
drift_away,-1,accept_all,1.0,10,1,1.0,True,0.14715177646857694,True,0.1471517764685769,1.0
drift_away,-1,accept_all,1.0,11,0,0.13314843347923183,False,1.0,True,0.1331484334792319,0.13314843347923183
drift_away,-1,accept_all,1.0,11,1,1.0,True,0.13314843347923183,True,0.1331484334792319,1.0
drift_away,-1,accept_all,1.0,12,0,0.12047768476488085,False,1.0,True,0.12047768476488085,0.12047768476488085
drift_away,-1,accept_all,1.0,12,1,1.0,True,0.12047768476488085,True,0.12047768476488085,1.0
drift_away,-1,accept_all,1.0,13,0,0.10901271721360505,False,1.0,True,0.10901271721360506,0.10901271721360505
drift_away,-1,accept_all,1.0,13,1,1.0,True,0.10901271721360505,True,0.10901271721360506,1.0
drift_away,-1,accept_all,1.0,14,0,0.0986387855766426,False,1.0,True,0.09863878557664263,0.0986387855766426
drift_away,-1,accept_all,1.0,14,1,1.0,True,0.0986387855766426,True,0.09863878557664263,1.0
drift_away,-1,accept_all,1.0,15,0,0.08925206405937193,False,1.0,True,0.08925206405937192,0.08925206405937193
drift_away,-1,accept_all,1.0,15,1,1.0,True,0.08925206405937193,True,0.08925206405937192,1.0
drift_away,-1,accept_all,1.0,16,0,0.08075860719786215,False,1.0,True,0.0807586071978621,0.08075860719786215
drift_away,-1,accept_all,1.0,16,1,1.0,True,0.08075860719786215,True,0.0807586071978621,1.0
drift_away,-1,accept_all,1.0,17,0,0.07307340962109386,False,1.0,True,0.07307340962109388,0.07307340962109386
drift_away,-1,accept_all,1.0,17,1,1.0,True,0.07307340962109386,True,0.07307340962109388,1.0
drift_away,-1,accept_all,1.0,18,0,0.06611955528863461,False,1.0,True,0.06611955528863467,0.06611955528863461
drift_away,-1,accept_all,1.0,18,1,1.0,True,0.06611955528863461,True,0.06611955528863467,1.0
drift_away,-1,accept_all,1.0,19,0,0.05982744768905403,False,1.0,True,0.059827447689054014,0.05982744768905403
drift_away,-1,accept_all,1.0,19,1,1.0,True,0.05982744768905403,True,0.059827447689054014,1.0
drift_away,-1,accept_all,1.0,20,0,0.054134113294645084,False,1.0,True,0.054134113294645125,0.054134113294645084
drift_away,-1,accept_all,1.0,20,1,1.0,True,0.054134113294645084,True,0.054134113294645125,1.0
drift_away,-1,accept_all,1.0,21,0,0.04898257130119277,False,1.0,True,0.04898257130119277,0.04898257130119277
drift_away,-1,accept_all,1.0,21,1,1.0,True,0.04898257130119277,True,0.04898257130119277,1.0
drift_away,-1,accept_all,1.0,22,0,0.044321263344933554,False,1.0,True,0.04432126334493358,0.044321263344933554
drift_away,-1,accept_all,1.0,22,1,1.0,True,0.044321263344933554,True,0.04432126334493358,1.0
drift_away,-1,accept_all,1.0,23,0,0.0401035374891215,False,1.0,True,0.040103537489121543,0.0401035374891215
drift_away,-1,accept_all,1.0,23,1,1.0,True,0.0401035374891215,True,0.040103537489121543,1.0
drift_away,-1,accept_all,1.0,24,0,0.036287181315765006,False,1.0,True,0.03628718131576503,0.036287181315765006
drift_away,-1,accept_all,1.0,24,1,1.0,True,0.036287181315765006,True,0.03628718131576503,1.0
drift_away,-1,accept_all,1.0,25,0,0.032833999449559524,False,1.0,True,0.03283399944955956,0.032833999449559524
drift_away,-1,accept_all,1.0,25,1,1.0,True,0.032833999449559524,True,0.03283399944955956,1.0
drift_away,-1,accept_all,1.0,26,0,0.029709431285733553,False,1.0,True,0.029709431285733556,0.029709431285733553
drift_away,-1,accept_all,1.0,26,1,1.0,True,0.029709431285733553,True,0.029709431285733556,1.0
drift_away,-1,accept_all,1.0,27,0,0.026882205095899905,False,1.0,True,0.02688220509589989,0.026882205095899905
drift_away,-1,accept_all,1.0,27,1,1.0,True,0.026882205095899905,True,0.02688220509589989,1.0
drift_away,-1,accept_all,1.0,28,0,0.02432402505008719,False,1.0,True,0.02432402505008724,0.02432402505008719
drift_away,-1,accept_all,1.0,28,1,1.0,True,0.02432402505008719,True,0.02432402505008724,1.0
drift_away,-1,accept_all,1.0,29,0,0.022009288022562894,False,1.0,True,0.022009288022562856,0.022009288022562894
drift_away,-1,accept_all,1.0,29,1,1.0,True,0.022009288022562894,True,0.022009288022562856,1.0
drift_away,-1,accept_all,1.0,30,0,0.01991482734714558,False,1.0,True,0.01991482734714556,0.01991482734714558
drift_away,-1,accept_all,1.0,30,1,1.0,True,0.01991482734714558,True,0.01991482734714556,1.0
drift_away,-1,accept_all,1.0,31,0,0.01801968095742312,False,1.0,True,0.018019680957423123,0.01801968095742312
drift_away,-1,accept_all,1.0,31,1,1.0,True,0.01801968095742312,True,0.018019680957423123,1.0
drift_away,-1,accept_all,1.0,32,0,0.016304881591346486,False,1.0,True,0.016304881591346465,0.016304881591346486
drift_away,-1,accept_all,1.0,32,1,1.0,True,0.016304881591346486,True,0.016304881591346465,1.0
drift_away,-1,accept_all,1.0,33,0,0.014753266960496007,False,1.0,True,0.014753266960496059,0.014753266960496007
drift_away,-1,accept_all,1.0,33,1,1.0,True,0.014753266960496007,True,0.014753266960496059,1.0
drift_away,-1,accept_all,1.0,34,0,0.013349307984130433,False,1.0,True,0.013349307984130476,0.013349307984130433
drift_away,-1,accept_all,1.0,34,1,1.0,True,0.013349307984130433,True,0.013349307984130476,1.0
drift_away,-1,accept_all,1.0,35,0,0.0120789533689274,False,1.0,True,0.012078953368927392,0.0120789533689274
drift_away,-1,accept_all,1.0,35,1,1.0,True,0.0120789533689274,True,0.012078953368927392,1.0
drift_away,-1,accept_all,1.0,36,0,0.010929488978917025,False,1.0,True,0.01092948897891699,0.010929488978917025
drift_away,-1,accept_all,1.0,36,1,1.0,True,0.010929488978917025,True,0.01092948897891699,1.0
drift_away,-1,accept_all,1.0,37,0,0.009889410588135757,False,1.0,True,0.00988941058813575,0.009889410588135757
drift_away,-1,accept_all,1.0,37,1,1.0,True,0.009889410588135757,True,0.00988941058813575,1.0
drift_away,-1,accept_all,1.0,38,0,0.008948308742466242,False,1.0,True,0.008948308742466216,0.008948308742466242
drift_away,-1,accept_all,1.0,38,1,1.0,True,0.008948308742466242,True,0.008948308742466216,1.0
drift_away,-1,accept_all,1.0,39,0,0.008096764578321756,False,1.0,True,0.008096764578321758,0.008096764578321756
drift_away,-1,accept_all,1.0,39,1,1.0,True,0.008096764578321756,True,0.008096764578321758,1.0
drift_away,-1,accept_all,1.0,40,0,0.007326255555493672,False,1.0,True,0.00732625555549371,0.007326255555493672
drift_away,-1,accept_all,1.0,40,1,1.0,True,0.007326255555493672,True,0.00732625555549371,1.0
drift_away,-1,accept_all,1.0,41,0,0.006629070160704503,False,1.0,True,0.006629070160704464,0.006629070160704503
drift_away,-1,accept_all,1.0,41,1,1.0,True,0.006629070160704503,True,0.006629070160704464,1.0
drift_away,-1,accept_all,1.0,42,0,0.0059982307281910814,False,1.0,True,0.005998230728191056,0.0059982307281910814
drift_away,-1,accept_all,1.0,42,1,1.0,True,0.0059982307281910814,True,0.005998230728191056,1.0
drift_away,-1,accept_all,1.0,43,0,0.005427423604880374,False,1.0,True,0.005427423604880355,0.005427423604880374
drift_away,-1,accept_all,1.0,43,1,1.0,True,0.005427423604880374,True,0.005427423604880355,1.0
drift_away,-1,accept_all,1.0,44,0,0.0049109359612273746,False,1.0,True,0.004910935961227381,0.0049109359612273746
drift_away,-1,accept_all,1.0,44,1,1.0,True,0.0049109359612273746,True,0.004910935961227381,1.0
drift_away,-1,accept_all,1.0,45,0,0.004443598615296923,False,1.0,True,0.004443598615296973,0.004443598615296923
drift_away,-1,accept_all,1.0,45,1,1.0,True,0.004443598615296923,True,0.004443598615296973,1.0
drift_away,-1,accept_all,1.0,46,0,0.004020734297853434,False,1.0,True,0.004020734297853434,0.004020734297853434
drift_away,-1,accept_all,1.0,46,1,1.0,True,0.004020734297853434,True,0.004020734297853434,1.0
drift_away,-1,accept_all,1.0,47,0,0.0036381108406783264,False,1.0,True,0.0036381108406783325,0.0036381108406783264
drift_away,-1,accept_all,1.0,47,1,1.0,True,0.0036381108406783264,True,0.0036381108406783325,1.0
drift_away,-1,accept_all,1.0,48,0,0.0032918988196080122,False,1.0,True,0.003291898819608008,0.0032918988196080122
drift_away,-1,accept_all,1.0,48,1,1.0,True,0.0032918988196080122,True,0.003291898819608008,1.0
drift_away,-1,accept_all,1.0,49,0,0.0029786332283697355,False,1.0,True,0.002978633228369776,0.0029786332283697355
drift_away,-1,accept_all,1.0,49,1,1.0,True,0.0029786332283697355,True,0.002978633228369776,1.0
drift_away,-1,accept_all,1.0,50,0,0.002695178799634187,False,1.0,True,0.0026951787996342125,0.002695178799634187
drift_away,-1,accept_all,1.0,50,1,1.0,True,0.002695178799634187,True,0.0026951787996342125,1.0
drift_away,-1,accept_all,1.0,51,0,0.0024386986262062552,False,1.0,True,0.0024386986262062704,0.0024386986262062552
drift_away,-1,accept_all,1.0,51,1,1.0,True,0.0024386986262062552,True,0.0024386986262062704,1.0
drift_away,-1,accept_all,1.0,52,0,0.002206625768304309,False,1.0,True,0.0022066257683043267,0.002206625768304309
drift_away,-1,accept_all,1.0,52,1,1.0,True,0.002206625768304309,True,0.0022066257683043267,1.0
drift_away,-1,accept_all,1.0,53,0,0.001996637562764087,False,1.0,True,0.0019966375627641364,0.001996637562764087
drift_away,-1,accept_all,1.0,53,1,1.0,True,0.001996637562764087,True,0.0019966375627641364,1.0
drift_away,-1,accept_all,1.0,54,0,0.0018066323770450665,False,1.0,True,0.0018066323770450365,0.0018066323770450665
drift_away,-1,accept_all,1.0,54,1,1.0,True,0.0018066323770450665,True,0.0018066323770450365,1.0
drift_away,-1,accept_all,1.0,55,0,0.0016347085753856266,False,1.0,True,0.0016347085753856128,0.0016347085753856266
drift_away,-1,accept_all,1.0,55,1,1.0,True,0.0016347085753856266,True,0.0016347085753856128,1.0
drift_away,-1,accept_all,1.0,56,0,0.001479145486593173,False,1.0,True,0.0014791454865932252,0.001479145486593173
drift_away,-1,accept_all,1.0,56,1,1.0,True,0.001479145486593173,True,0.0014791454865932252,1.0
drift_away,-1,accept_all,1.0,57,0,0.001338386182988509,False,1.0,True,0.001338386182988538,0.001338386182988509
drift_away,-1,accept_all,1.0,57,1,1.0,True,0.001338386182988509,True,0.001338386182988538,1.0
drift_away,-1,accept_all,1.0,58,0,0.0012110218981503263,False,1.0,True,0.0012110218981503662,0.0012110218981503263
drift_away,-1,accept_all,1.0,58,1,1.0,True,0.0012110218981503263,True,0.0012110218981503662,1.0
drift_away,-1,accept_all,1.0,59,0,0.0010957779275073474,False,1.0,True,0.0010957779275073687,0.0010957779275073474
drift_away,-1,accept_all,1.0,59,1,1.0,True,0.0010957779275073474,True,0.0010957779275073687,1.0
drift_away,-1,accept_all,1.0,60,0,0.0009915008706665434,False,1.0,True,0.0009915008706665729,0.0009915008706665434
drift_away,-1,accept_all,1.0,60,1,1.0,True,0.0009915008706665434,True,0.0009915008706665729,1.0
drift_away,-1,accept_all,1.0,61,0,0.0008971470877943213,False,1.0,True,0.0008971470877943144,0.0008971470877943213
drift_away,-1,accept_all,1.0,61,1,1.0,True,0.0008971470877943213,True,0.0008971470877943144,1.0
drift_away,-1,accept_all,1.0,62,0,0.0008117722545182937,False,1.0,True,0.0008117722545183392,0.0008117722545182937
drift_away,-1,accept_all,1.0,62,1,1.0,True,0.0008117722545182937,True,0.0008117722545183392,1.0
drift_away,-1,accept_all,1.0,63,0,0.0007345219108115629,False,1.0,True,0.0007345219108115808,0.0007345219108115629
drift_away,-1,accept_all,1.0,63,1,1.0,True,0.0007345219108115629,True,0.0007345219108115808,1.0
drift_away,-1,accept_all,1.0,64,0,0.0006646229092695736,False,1.0,True,0.0006646229092696077,0.0006646229092695736
drift_away,-1,accept_all,1.0,64,1,1.0,True,0.0006646229092695736,True,0.0006646229092696077,1.0
drift_away,-1,accept_all,1.0,65,0,0.000601375677191029,False,1.0,True,0.0006013756771909851,0.000601375677191029
drift_away,-1,accept_all,1.0,65,1,1.0,True,0.000601375677191029,True,0.0006013756771909851,1.0
drift_away,-1,accept_all,1.0,66,0,0.0005441472150191576,False,1.0,True,0.000544147215019164,0.0005441472150191576
drift_away,-1,accept_all,1.0,66,1,1.0,True,0.0005441472150191576,True,0.000544147215019164,1.0
drift_away,-1,accept_all,1.0,67,0,0.0004923647610693924,False,1.0,True,0.0004923647610693971,0.0004923647610693924
drift_away,-1,accept_all,1.0,67,1,1.0,True,0.0004923647610693924,True,0.0004923647610693971,1.0
drift_away,-1,accept_all,1.0,68,0,0.0004455100591379213,False,1.0,True,0.0004455100591379546,0.0004455100591379213
drift_away,-1,accept_all,1.0,68,1,1.0,True,0.0004455100591379213,True,0.0004455100591379546,1.0
drift_away,-1,accept_all,1.0,69,0,0.0004031141716194042,False,1.0,True,0.0004031141716194231,0.0004031141716194042
drift_away,-1,accept_all,1.0,69,1,1.0,True,0.0004031141716194042,True,0.0004031141716194231,1.0
drift_away,-1,accept_all,1.0,70,0,0.0003647527862218065,False,1.0,True,0.0003647527862218336,0.0003647527862218065
drift_away,-1,accept_all,1.0,70,1,1.0,True,0.0003647527862218065,True,0.0003647527862218336,1.0
drift_away,-1,accept_all,1.0,71,0,0.00033004196930636184,False,1.0,True,0.00033004196930641605,0.00033004196930636184
drift_away,-1,accept_all,1.0,71,1,1.0,True,0.00033004196930636184,True,0.00033004196930641605,1.0
drift_away,-1,accept_all,1.0,72,0,0.0002986343233506717,False,1.0,True,0.0002986343233506439,0.0002986343233506717
drift_away,-1,accept_all,1.0,72,1,1.0,True,0.0002986343233506717,True,0.0002986343233506439,1.0
drift_away,-1,accept_all,1.0,73,0,0.00027021551007753774,False,1.0,True,0.00027021551007755384,0.00027021551007753774
drift_away,-1,accept_all,1.0,73,1,1.0,True,0.00027021551007753774,True,0.00027021551007755384,1.0
drift_away,-1,accept_all,1.0,74,0,0.0002445011044518289,False,1.0,True,0.00024450110445184414,0.0002445011044518289
drift_away,-1,accept_all,1.0,74,1,1.0,True,0.0002445011044518289,True,0.00024450110445184414,1.0
drift_away,-1,accept_all,1.0,75,0,0.00022123374805913345,False,1.0,True,0.00022123374805915752,0.00022123374805913345
drift_away,-1,accept_all,1.0,75,1,1.0,True,0.00022123374805913345,True,0.00022123374805915752,1.0
drift_away,-1,accept_all,1.0,76,0,0.00020018057337624435,False,1.0,True,0.00020018057337622963,0.00020018057337624435
drift_away,-1,accept_all,1.0,76,1,1.0,True,0.00020018057337624435,True,0.00020018057337622963,1.0
drift_away,-1,accept_all,1.0,77,0,0.0001811308731547188,False,1.0,True,0.00018113087315474452,0.0001811308731547188
drift_away,-1,accept_all,1.0,77,1,1.0,True,0.0001811308731547188,True,0.00018113087315474452,1.0
drift_away,-1,accept_all,1.0,78,0,0.00016389399159191472,False,1.0,True,0.00016389399159189022,0.00016389399159191472
drift_away,-1,accept_all,1.0,78,1,1.0,True,0.00016389399159191472,True,0.00016389399159189022,1.0
drift_away,-1,accept_all,1.0,79,0,0.0001482974161836353,False,1.0,True,0.00014829741618360703,0.0001482974161836353
drift_away,-1,accept_all,1.0,79,1,1.0,True,0.0001482974161836353,True,0.00014829741618360703,1.0
drift_away,-1,accept_all,1.0,80,0,0.00013418505116100476,False,1.0,True,0.00013418505116102875,0.00013418505116100476
drift_away,-1,accept_all,1.0,80,1,1.0,True,0.00013418505116100476,True,0.00013418505116102875,1.0
drift_away,-1,reference_only,1.0,1,0,0.36193496721438384,False,0.4,False,0.9619349672143838,0.4
drift_away,-1,reference_only,1.0,1,1,1.0,True,0.4,True,0.4,1.0
drift_away,-1,reference_only,1.0,2,0,0.3274923012311928,False,1.0,False,0.3274923012311928,1.0
drift_away,-1,reference_only,1.0,2,1,1.0,True,1.0,True,1.0,1.0
drift_away,-1,reference_only,1.0,3,0,0.2963272882726872,False,1.0,False,0.2963272882726872,1.0
drift_away,-1,reference_only,1.0,3,1,1.0,True,1.0,True,1.0,1.0
drift_away,-1,reference_only,1.0,4,0,0.26812801841425576,False,1.0,False,0.2681280184142558,1.0
drift_away,-1,reference_only,1.0,4,1,1.0,True,1.0,True,1.0,1.0
drift_away,-1,reference_only,1.0,5,0,0.2426122638850534,False,1.0,False,0.24261226388505341,1.0
drift_away,-1,reference_only,1.0,5,1,1.0,True,1.0,True,1.0,1.0
drift_away,-1,reference_only,1.0,6,0,0.21952465443761057,False,1.0,False,0.2195246544376106,1.0
drift_away,-1,reference_only,1.0,6,1,1.0,True,1.0,True,1.0,1.0
drift_away,-1,reference_only,1.0,7,0,0.19863412151656382,False,1.0,False,0.1986341215165638,1.0
drift_away,-1,reference_only,1.0,7,1,1.0,True,1.0,True,1.0,1.0
drift_away,-1,reference_only,1.0,8,0,0.17973158564688863,False,1.0,False,0.17973158564688863,1.0
drift_away,-1,reference_only,1.0,8,1,1.0,True,1.0,True,1.0,1.0
drift_away,-1,reference_only,1.0,9,0,0.16262786389623965,False,1.0,False,0.16262786389623962,1.0
drift_away,-1,reference_only,1.0,9,1,1.0,True,1.0,True,1.0,1.0
drift_away,-1,reference_only,1.0,10,0,0.14715177646857694,False,1.0,False,0.1471517764685769,1.0
drift_away,-1,reference_only,1.0,10,1,1.0,True,1.0,True,1.0,1.0
drift_away,-1,reference_only,1.0,11,0,0.13314843347923183,False,1.0,False,0.1331484334792319,1.0
drift_away,-1,reference_only,1.0,11,1,1.0,True,1.0,True,1.0,1.0
drift_away,-1,reference_only,1.0,12,0,0.12047768476488085,False,1.0,False,0.12047768476488085,1.0
drift_away,-1,reference_only,1.0,12,1,1.0,True,1.0,True,1.0,1.0
drift_away,-1,reference_only,1.0,13,0,0.10901271721360505,False,1.0,False,0.10901271721360506,1.0
drift_away,-1,reference_only,1.0,13,1,1.0,True,1.0,True,1.0,1.0
drift_away,-1,reference_only,1.0,14,0,0.0986387855766426,False,1.0,False,0.09863878557664263,1.0
drift_away,-1,reference_only,1.0,14,1,1.0,True,1.0,True,1.0,1.0
drift_away,-1,reference_only,1.0,15,0,0.08925206405937193,False,1.0,False,0.08925206405937192,1.0
drift_away,-1,reference_only,1.0,15,1,1.0,True,1.0,True,1.0,1.0
drift_away,-1,reference_only,1.0,16,0,0.08075860719786215,False,1.0,False,0.0807586071978621,1.0
drift_away,-1,reference_only,1.0,16,1,1.0,True,1.0,True,1.0,1.0
drift_away,-1,reference_only,1.0,17,0,0.07307340962109386,False,1.0,False,0.07307340962109388,1.0
drift_away,-1,reference_only,1.0,17,1,1.0,True,1.0,True,1.0,1.0
drift_away,-1,reference_only,1.0,18,0,0.06611955528863461,False,1.0,False,0.06611955528863467,1.0
drift_away,-1,reference_only,1.0,18,1,1.0,True,1.0,True,1.0,1.0
drift_away,-1,reference_only,1.0,19,0,0.05982744768905403,False,1.0,False,0.059827447689054014,1.0
drift_away,-1,reference_only,1.0,19,1,1.0,True,1.0,True,1.0,1.0
drift_away,-1,reference_only,1.0,20,0,0.054134113294645084,False,1.0,False,0.054134113294645125,1.0
drift_away,-1,reference_only,1.0,20,1,1.0,True,1.0,True,1.0,1.0
drift_away,-1,reference_only,1.0,21,0,0.04898257130119277,False,1.0,False,0.04898257130119277,1.0
drift_away,-1,reference_only,1.0,21,1,1.0,True,1.0,True,1.0,1.0
drift_away,-1,reference_only,1.0,22,0,0.044321263344933554,False,1.0,False,0.04432126334493358,1.0
drift_away,-1,reference_only,1.0,22,1,1.0,True,1.0,True,1.0,1.0
drift_away,-1,reference_only,1.0,23,0,0.0401035374891215,False,1.0,False,0.040103537489121543,1.0
drift_away,-1,reference_only,1.0,23,1,1.0,True,1.0,True,1.0,1.0
drift_away,-1,reference_only,1.0,24,0,0.036287181315765006,False,1.0,False,0.03628718131576503,1.0
drift_away,-1,reference_only,1.0,24,1,1.0,True,1.0,True,1.0,1.0
drift_away,-1,reference_only,1.0,25,0,0.032833999449559524,False,1.0,False,0.03283399944955956,1.0
drift_away,-1,reference_only,1.0,25,1,1.0,True,1.0,True,1.0,1.0
drift_away,-1,reference_only,1.0,26,0,0.029709431285733553,False,1.0,False,0.029709431285733556,1.0
drift_away,-1,reference_only,1.0,26,1,1.0,True,1.0,True,1.0,1.0
drift_away,-1,reference_only,1.0,27,0,0.026882205095899905,False,1.0,False,0.02688220509589989,1.0
drift_away,-1,reference_only,1.0,27,1,1.0,True,1.0,True,1.0,1.0
drift_away,-1,reference_only,1.0,28,0,0.02432402505008719,False,1.0,False,0.02432402505008724,1.0
drift_away,-1,reference_only,1.0,28,1,1.0,True,1.0,True,1.0,1.0
drift_away,-1,reference_only,1.0,29,0,0.022009288022562894,False,1.0,False,0.022009288022562856,1.0
drift_away,-1,reference_only,1.0,29,1,1.0,True,1.0,True,1.0,1.0
drift_away,-1,reference_only,1.0,30,0,0.01991482734714558,False,1.0,False,0.01991482734714556,1.0
drift_away,-1,reference_only,1.0,30,1,1.0,True,1.0,True,1.0,1.0
drift_away,-1,reference_only,1.0,31,0,0.01801968095742312,False,1.0,False,0.018019680957423123,1.0
drift_away,-1,reference_only,1.0,31,1,1.0,True,1.0,True,1.0,1.0
drift_away,-1,reference_only,1.0,32,0,0.016304881591346486,False,1.0,False,0.016304881591346465,1.0
drift_away,-1,reference_only,1.0,32,1,1.0,True,1.0,True,1.0,1.0
drift_away,-1,reference_only,1.0,33,0,0.014753266960496007,False,1.0,False,0.014753266960496059,1.0
drift_away,-1,reference_only,1.0,33,1,1.0,True,1.0,True,1.0,1.0
drift_away,-1,reference_only,1.0,34,0,0.013349307984130433,False,1.0,False,0.013349307984130476,1.0
drift_away,-1,reference_only,1.0,34,1,1.0,True,1.0,True,1.0,1.0
drift_away,-1,reference_only,1.0,35,0,0.0120789533689274,False,1.0,False,0.012078953368927392,1.0
drift_away,-1,reference_only,1.0,35,1,1.0,True,1.0,True,1.0,1.0
drift_away,-1,reference_only,1.0,36,0,0.010929488978917025,False,1.0,False,0.01092948897891699,1.0
drift_away,-1,reference_only,1.0,36,1,1.0,True,1.0,True,1.0,1.0
drift_away,-1,reference_only,1.0,37,0,0.009889410588135757,False,1.0,False,0.00988941058813575,1.0
drift_away,-1,reference_only,1.0,37,1,1.0,True,1.0,True,1.0,1.0
drift_away,-1,reference_only,1.0,38,0,0.008948308742466242,False,1.0,False,0.008948308742466216,1.0
drift_away,-1,reference_only,1.0,38,1,1.0,True,1.0,True,1.0,1.0
drift_away,-1,reference_only,1.0,39,0,0.008096764578321756,False,1.0,False,0.008096764578321758,1.0
drift_away,-1,reference_only,1.0,39,1,1.0,True,1.0,True,1.0,1.0
drift_away,-1,reference_only,1.0,40,0,0.007326255555493672,False,1.0,False,0.00732625555549371,1.0
drift_away,-1,reference_only,1.0,40,1,1.0,True,1.0,True,1.0,1.0
drift_away,-1,reference_only,1.0,41,0,0.006629070160704503,False,1.0,False,0.006629070160704464,1.0
drift_away,-1,reference_only,1.0,41,1,1.0,True,1.0,True,1.0,1.0
drift_away,-1,reference_only,1.0,42,0,0.0059982307281910814,False,1.0,False,0.005998230728191056,1.0
drift_away,-1,reference_only,1.0,42,1,1.0,True,1.0,True,1.0,1.0
drift_away,-1,reference_only,1.0,43,0,0.005427423604880374,False,1.0,False,0.005427423604880355,1.0
drift_away,-1,reference_only,1.0,43,1,1.0,True,1.0,True,1.0,1.0
drift_away,-1,reference_only,1.0,44,0,0.0049109359612273746,False,1.0,False,0.004910935961227381,1.0
drift_away,-1,reference_only,1.0,44,1,1.0,True,1.0,True,1.0,1.0
drift_away,-1,reference_only,1.0,45,0,0.004443598615296923,False,1.0,False,0.004443598615296973,1.0
drift_away,-1,reference_only,1.0,45,1,1.0,True,1.0,True,1.0,1.0
drift_away,-1,reference_only,1.0,46,0,0.004020734297853434,False,1.0,False,0.004020734297853434,1.0
drift_away,-1,reference_only,1.0,46,1,1.0,True,1.0,True,1.0,1.0
drift_away,-1,reference_only,1.0,47,0,0.0036381108406783264,False,1.0,False,0.0036381108406783325,1.0
drift_away,-1,reference_only,1.0,47,1,1.0,True,1.0,True,1.0,1.0
drift_away,-1,reference_only,1.0,48,0,0.0032918988196080122,False,1.0,False,0.003291898819608008,1.0
drift_away,-1,reference_only,1.0,48,1,1.0,True,1.0,True,1.0,1.0
drift_away,-1,reference_only,1.0,49,0,0.0029786332283697355,False,1.0,False,0.002978633228369776,1.0
drift_away,-1,reference_only,1.0,49,1,1.0,True,1.0,True,1.0,1.0
drift_away,-1,reference_only,1.0,50,0,0.002695178799634187,False,1.0,False,0.0026951787996342125,1.0
drift_away,-1,reference_only,1.0,50,1,1.0,True,1.0,True,1.0,1.0
drift_away,-1,reference_only,1.0,51,0,0.0024386986262062552,False,1.0,False,0.0024386986262062704,1.0
drift_away,-1,reference_only,1.0,51,1,1.0,True,1.0,True,1.0,1.0
drift_away,-1,reference_only,1.0,52,0,0.002206625768304309,False,1.0,False,0.0022066257683043267,1.0
drift_away,-1,reference_only,1.0,52,1,1.0,True,1.0,True,1.0,1.0
drift_away,-1,reference_only,1.0,53,0,0.001996637562764087,False,1.0,False,0.0019966375627641364,1.0
drift_away,-1,reference_only,1.0,53,1,1.0,True,1.0,True,1.0,1.0
drift_away,-1,reference_only,1.0,54,0,0.0018066323770450665,False,1.0,False,0.0018066323770450365,1.0
drift_away,-1,reference_only,1.0,54,1,1.0,True,1.0,True,1.0,1.0
drift_away,-1,reference_only,1.0,55,0,0.0016347085753856266,False,1.0,False,0.0016347085753856128,1.0
drift_away,-1,reference_only,1.0,55,1,1.0,True,1.0,True,1.0,1.0
drift_away,-1,reference_only,1.0,56,0,0.001479145486593173,False,1.0,False,0.0014791454865932252,1.0
drift_away,-1,reference_only,1.0,56,1,1.0,True,1.0,True,1.0,1.0
drift_away,-1,reference_only,1.0,57,0,0.001338386182988509,False,1.0,False,0.001338386182988538,1.0
drift_away,-1,reference_only,1.0,57,1,1.0,True,1.0,True,1.0,1.0
drift_away,-1,reference_only,1.0,58,0,0.0012110218981503263,False,1.0,False,0.0012110218981503662,1.0
drift_away,-1,reference_only,1.0,58,1,1.0,True,1.0,True,1.0,1.0
drift_away,-1,reference_only,1.0,59,0,0.0010957779275073474,False,1.0,False,0.0010957779275073687,1.0
drift_away,-1,reference_only,1.0,59,1,1.0,True,1.0,True,1.0,1.0
drift_away,-1,reference_only,1.0,60,0,0.0009915008706665434,False,1.0,False,0.0009915008706665729,1.0
drift_away,-1,reference_only,1.0,60,1,1.0,True,1.0,True,1.0,1.0
drift_away,-1,reference_only,1.0,61,0,0.0008971470877943213,False,1.0,False,0.0008971470877943144,1.0
drift_away,-1,reference_only,1.0,61,1,1.0,True,1.0,True,1.0,1.0
drift_away,-1,reference_only,1.0,62,0,0.0008117722545182937,False,1.0,False,0.0008117722545183392,1.0
drift_away,-1,reference_only,1.0,62,1,1.0,True,1.0,True,1.0,1.0
drift_away,-1,reference_only,1.0,63,0,0.0007345219108115629,False,1.0,False,0.0007345219108115808,1.0
drift_away,-1,reference_only,1.0,63,1,1.0,True,1.0,True,1.0,1.0
drift_away,-1,reference_only,1.0,64,0,0.0006646229092695736,False,1.0,False,0.0006646229092696077,1.0
drift_away,-1,reference_only,1.0,64,1,1.0,True,1.0,True,1.0,1.0
drift_away,-1,reference_only,1.0,65,0,0.000601375677191029,False,1.0,False,0.0006013756771909851,1.0
drift_away,-1,reference_only,1.0,65,1,1.0,True,1.0,True,1.0,1.0
drift_away,-1,reference_only,1.0,66,0,0.0005441472150191576,False,1.0,False,0.000544147215019164,1.0
drift_away,-1,reference_only,1.0,66,1,1.0,True,1.0,True,1.0,1.0
drift_away,-1,reference_only,1.0,67,0,0.0004923647610693924,False,1.0,False,0.0004923647610693971,1.0
drift_away,-1,reference_only,1.0,67,1,1.0,True,1.0,True,1.0,1.0
drift_away,-1,reference_only,1.0,68,0,0.0004455100591379213,False,1.0,False,0.0004455100591379546,1.0
drift_away,-1,reference_only,1.0,68,1,1.0,True,1.0,True,1.0,1.0
drift_away,-1,reference_only,1.0,69,0,0.0004031141716194042,False,1.0,False,0.0004031141716194231,1.0
drift_away,-1,reference_only,1.0,69,1,1.0,True,1.0,True,1.0,1.0
drift_away,-1,reference_only,1.0,70,0,0.0003647527862218065,False,1.0,False,0.0003647527862218336,1.0
drift_away,-1,reference_only,1.0,70,1,1.0,True,1.0,True,1.0,1.0
drift_away,-1,reference_only,1.0,71,0,0.00033004196930636184,False,1.0,False,0.00033004196930641605,1.0
drift_away,-1,reference_only,1.0,71,1,1.0,True,1.0,True,1.0,1.0
drift_away,-1,reference_only,1.0,72,0,0.0002986343233506717,False,1.0,False,0.0002986343233506439,1.0
drift_away,-1,reference_only,1.0,72,1,1.0,True,1.0,True,1.0,1.0
drift_away,-1,reference_only,1.0,73,0,0.00027021551007753774,False,1.0,False,0.00027021551007755384,1.0
drift_away,-1,reference_only,1.0,73,1,1.0,True,1.0,True,1.0,1.0
drift_away,-1,reference_only,1.0,74,0,0.0002445011044518289,False,1.0,False,0.00024450110445184414,1.0
drift_away,-1,reference_only,1.0,74,1,1.0,True,1.0,True,1.0,1.0
drift_away,-1,reference_only,1.0,75,0,0.00022123374805913345,False,1.0,False,0.00022123374805915752,1.0
drift_away,-1,reference_only,1.0,75,1,1.0,True,1.0,True,1.0,1.0
drift_away,-1,reference_only,1.0,76,0,0.00020018057337624435,False,1.0,False,0.00020018057337622963,1.0
drift_away,-1,reference_only,1.0,76,1,1.0,True,1.0,True,1.0,1.0
drift_away,-1,reference_only,1.0,77,0,0.0001811308731547188,False,1.0,False,0.00018113087315474452,1.0
drift_away,-1,reference_only,1.0,77,1,1.0,True,1.0,True,1.0,1.0
drift_away,-1,reference_only,1.0,78,0,0.00016389399159191472,False,1.0,False,0.00016389399159189022,1.0
drift_away,-1,reference_only,1.0,78,1,1.0,True,1.0,True,1.0,1.0
drift_away,-1,reference_only,1.0,79,0,0.0001482974161836353,False,1.0,False,0.00014829741618360703,1.0
drift_away,-1,reference_only,1.0,79,1,1.0,True,1.0,True,1.0,1.0
drift_away,-1,reference_only,1.0,80,0,0.00013418505116100476,False,1.0,False,0.00013418505116102875,1.0
drift_away,-1,reference_only,1.0,80,1,1.0,True,1.0,True,1.0,1.0
oscillation,-1,gated,0.0,1,0,0.45,False,0.5,False,0.95,0.5
oscillation,-1,gated,0.0,2,0,0.55,False,0.5,False,0.95,0.5
oscillation,-1,gated,0.0,3,0,0.45,False,0.5,False,0.95,0.5
oscillation,-1,gated,0.0,4,0,0.55,False,0.5,False,0.95,0.5
oscillation,-1,gated,0.0,5,0,0.45,False,0.5,False,0.95,0.5
oscillation,-1,gated,0.0,6,0,0.55,False,0.5,False,0.95,0.5
oscillation,-1,gated,0.0,7,0,0.45,False,0.5,False,0.95,0.5
oscillation,-1,gated,0.0,8,0,0.55,False,0.5,False,0.95,0.5
oscillation,-1,gated,0.0,9,0,0.45,False,0.5,False,0.95,0.5
oscillation,-1,gated,0.0,10,0,0.55,False,0.5,False,0.95,0.5
oscillation,-1,gated,0.0,11,0,0.45,False,0.5,False,0.95,0.5
oscillation,-1,gated,0.0,12,0,0.55,False,0.5,False,0.95,0.5
oscillation,-1,gated,0.0,13,0,0.45,False,0.5,False,0.95,0.5
oscillation,-1,gated,0.0,14,0,0.55,False,0.5,False,0.95,0.5
oscillation,-1,gated,0.0,15,0,0.45,False,0.5,False,0.95,0.5
oscillation,-1,gated,0.0,16,0,0.55,False,0.5,False,0.95,0.5
oscillation,-1,gated,0.0,17,0,0.45,False,0.5,False,0.95,0.5
oscillation,-1,gated,0.0,18,0,0.55,False,0.5,False,0.95,0.5
oscillation,-1,gated,0.0,19,0,0.45,False,0.5,False,0.95,0.5
oscillation,-1,gated,0.0,20,0,0.55,False,0.5,False,0.95,0.5
oscillation,-1,gated,0.0,21,0,0.45,False,0.5,False,0.95,0.5
oscillation,-1,gated,0.0,22,0,0.55,False,0.5,False,0.95,0.5
oscillation,-1,gated,0.0,23,0,0.45,False,0.5,False,0.95,0.5
oscillation,-1,gated,0.0,24,0,0.55,False,0.5,False,0.95,0.5
oscillation,-1,gated,0.0,25,0,0.45,False,0.5,False,0.95,0.5
oscillation,-1,gated,0.0,26,0,0.55,False,0.5,False,0.95,0.5
oscillation,-1,gated,0.0,27,0,0.45,False,0.5,False,0.95,0.5
oscillation,-1,gated,0.0,28,0,0.55,False,0.5,False,0.95,0.5
oscillation,-1,gated,0.0,29,0,0.45,False,0.5,False,0.95,0.5
oscillation,-1,gated,0.0,30,0,0.55,False,0.5,False,0.95,0.5
oscillation,-1,gated,0.0,31,0,0.45,False,0.5,False,0.95,0.5
oscillation,-1,gated,0.0,32,0,0.55,False,0.5,False,0.95,0.5
oscillation,-1,gated,0.0,33,0,0.45,False,0.5,False,0.95,0.5
oscillation,-1,gated,0.0,34,0,0.55,False,0.5,False,0.95,0.5
oscillation,-1,gated,0.0,35,0,0.45,False,0.5,False,0.95,0.5
oscillation,-1,gated,0.0,36,0,0.55,False,0.5,False,0.95,0.5
oscillation,-1,gated,0.0,37,0,0.45,False,0.5,False,0.95,0.5
oscillation,-1,gated,0.0,38,0,0.55,False,0.5,False,0.95,0.5
oscillation,-1,gated,0.0,39,0,0.45,False,0.5,False,0.95,0.5
oscillation,-1,gated,0.0,40,0,0.55,False,0.5,False,0.95,0.5
oscillation,-1,gated,0.0,41,0,0.45,False,0.5,False,0.95,0.5
oscillation,-1,gated,0.0,42,0,0.55,False,0.5,False,0.95,0.5
oscillation,-1,gated,0.0,43,0,0.45,False,0.5,False,0.95,0.5
oscillation,-1,gated,0.0,44,0,0.55,False,0.5,False,0.95,0.5
oscillation,-1,gated,0.0,45,0,0.45,False,0.5,False,0.95,0.5
oscillation,-1,gated,0.0,46,0,0.55,False,0.5,False,0.95,0.5
oscillation,-1,gated,0.0,47,0,0.45,False,0.5,False,0.95,0.5
oscillation,-1,gated,0.0,48,0,0.55,False,0.5,False,0.95,0.5
oscillation,-1,gated,0.0,49,0,0.45,False,0.5,False,0.95,0.5
oscillation,-1,gated,0.0,50,0,0.55,False,0.5,False,0.95,0.5
oscillation,-1,gated,0.0,51,0,0.45,False,0.5,False,0.95,0.5
oscillation,-1,gated,0.0,52,0,0.55,False,0.5,False,0.95,0.5
oscillation,-1,gated,0.0,53,0,0.45,False,0.5,False,0.95,0.5
oscillation,-1,gated,0.0,54,0,0.55,False,0.5,False,0.95,0.5
oscillation,-1,gated,0.0,55,0,0.45,False,0.5,False,0.95,0.5
oscillation,-1,gated,0.0,56,0,0.55,False,0.5,False,0.95,0.5
oscillation,-1,gated,0.0,57,0,0.45,False,0.5,False,0.95,0.5
oscillation,-1,gated,0.0,58,0,0.55,False,0.5,False,0.95,0.5
oscillation,-1,gated,0.0,59,0,0.45,False,0.5,False,0.95,0.5
oscillation,-1,gated,0.0,60,0,0.55,False,0.5,False,0.95,0.5
oscillation,-1,gated,0.0,61,0,0.45,False,0.5,False,0.95,0.5
oscillation,-1,gated,0.0,62,0,0.55,False,0.5,False,0.95,0.5
oscillation,-1,gated,0.0,63,0,0.45,False,0.5,False,0.95,0.5
oscillation,-1,gated,0.0,64,0,0.55,False,0.5,False,0.95,0.5
oscillation,-1,gated,0.0,65,0,0.45,False,0.5,False,0.95,0.5
oscillation,-1,gated,0.0,66,0,0.55,False,0.5,False,0.95,0.5
oscillation,-1,gated,0.0,67,0,0.45,False,0.5,False,0.95,0.5
oscillation,-1,gated,0.0,68,0,0.55,False,0.5,False,0.95,0.5
oscillation,-1,gated,0.0,69,0,0.45,False,0.5,False,0.95,0.5
oscillation,-1,gated,0.0,70,0,0.55,False,0.5,False,0.95,0.5
oscillation,-1,gated,0.0,71,0,0.45,False,0.5,False,0.95,0.5
oscillation,-1,gated,0.0,72,0,0.55,False,0.5,False,0.95,0.5
oscillation,-1,gated,0.0,73,0,0.45,False,0.5,False,0.95,0.5
oscillation,-1,gated,0.0,74,0,0.55,False,0.5,False,0.95,0.5
oscillation,-1,gated,0.0,75,0,0.45,False,0.5,False,0.95,0.5
oscillation,-1,gated,0.0,76,0,0.55,False,0.5,False,0.95,0.5
oscillation,-1,gated,0.0,77,0,0.45,False,0.5,False,0.95,0.5
oscillation,-1,gated,0.0,78,0,0.55,False,0.5,False,0.95,0.5
oscillation,-1,gated,0.0,79,0,0.45,False,0.5,False,0.95,0.5
oscillation,-1,gated,0.0,80,0,0.55,False,0.5,False,0.95,0.5
oscillation,-1,accept_all,0.0,1,0,0.45,False,0.5,True,0.95,0.45
oscillation,-1,accept_all,0.0,2,0,0.55,False,0.45,True,0.8999999999999999,0.55
oscillation,-1,accept_all,0.0,3,0,0.45,False,0.55,True,0.8999999999999999,0.45
oscillation,-1,accept_all,0.0,4,0,0.55,False,0.45,True,0.8999999999999999,0.55
oscillation,-1,accept_all,0.0,5,0,0.45,False,0.55,True,0.8999999999999999,0.45
oscillation,-1,accept_all,0.0,6,0,0.55,False,0.45,True,0.8999999999999999,0.55
oscillation,-1,accept_all,0.0,7,0,0.45,False,0.55,True,0.8999999999999999,0.45
oscillation,-1,accept_all,0.0,8,0,0.55,False,0.45,True,0.8999999999999999,0.55
oscillation,-1,accept_all,0.0,9,0,0.45,False,0.55,True,0.8999999999999999,0.45
oscillation,-1,accept_all,0.0,10,0,0.55,False,0.45,True,0.8999999999999999,0.55
oscillation,-1,accept_all,0.0,11,0,0.45,False,0.55,True,0.8999999999999999,0.45
oscillation,-1,accept_all,0.0,12,0,0.55,False,0.45,True,0.8999999999999999,0.55
oscillation,-1,accept_all,0.0,13,0,0.45,False,0.55,True,0.8999999999999999,0.45
oscillation,-1,accept_all,0.0,14,0,0.55,False,0.45,True,0.8999999999999999,0.55
oscillation,-1,accept_all,0.0,15,0,0.45,False,0.55,True,0.8999999999999999,0.45
oscillation,-1,accept_all,0.0,16,0,0.55,False,0.45,True,0.8999999999999999,0.55
oscillation,-1,accept_all,0.0,17,0,0.45,False,0.55,True,0.8999999999999999,0.45
oscillation,-1,accept_all,0.0,18,0,0.55,False,0.45,True,0.8999999999999999,0.55
oscillation,-1,accept_all,0.0,19,0,0.45,False,0.55,True,0.8999999999999999,0.45
oscillation,-1,accept_all,0.0,20,0,0.55,False,0.45,True,0.8999999999999999,0.55
oscillation,-1,accept_all,0.0,21,0,0.45,False,0.55,True,0.8999999999999999,0.45
oscillation,-1,accept_all,0.0,22,0,0.55,False,0.45,True,0.8999999999999999,0.55
oscillation,-1,accept_all,0.0,23,0,0.45,False,0.55,True,0.8999999999999999,0.45
oscillation,-1,accept_all,0.0,24,0,0.55,False,0.45,True,0.8999999999999999,0.55
oscillation,-1,accept_all,0.0,25,0,0.45,False,0.55,True,0.8999999999999999,0.45
oscillation,-1,accept_all,0.0,26,0,0.55,False,0.45,True,0.8999999999999999,0.55
oscillation,-1,accept_all,0.0,27,0,0.45,False,0.55,True,0.8999999999999999,0.45
oscillation,-1,accept_all,0.0,28,0,0.55,False,0.45,True,0.8999999999999999,0.55
oscillation,-1,accept_all,0.0,29,0,0.45,False,0.55,True,0.8999999999999999,0.45
oscillation,-1,accept_all,0.0,30,0,0.55,False,0.45,True,0.8999999999999999,0.55
oscillation,-1,accept_all,0.0,31,0,0.45,False,0.55,True,0.8999999999999999,0.45
oscillation,-1,accept_all,0.0,32,0,0.55,False,0.45,True,0.8999999999999999,0.55
oscillation,-1,accept_all,0.0,33,0,0.45,False,0.55,True,0.8999999999999999,0.45
oscillation,-1,accept_all,0.0,34,0,0.55,False,0.45,True,0.8999999999999999,0.55
oscillation,-1,accept_all,0.0,35,0,0.45,False,0.55,True,0.8999999999999999,0.45
oscillation,-1,accept_all,0.0,36,0,0.55,False,0.45,True,0.8999999999999999,0.55
oscillation,-1,accept_all,0.0,37,0,0.45,False,0.55,True,0.8999999999999999,0.45
oscillation,-1,accept_all,0.0,38,0,0.55,False,0.45,True,0.8999999999999999,0.55
oscillation,-1,accept_all,0.0,39,0,0.45,False,0.55,True,0.8999999999999999,0.45
oscillation,-1,accept_all,0.0,40,0,0.55,False,0.45,True,0.8999999999999999,0.55
oscillation,-1,accept_all,0.0,41,0,0.45,False,0.55,True,0.8999999999999999,0.45
oscillation,-1,accept_all,0.0,42,0,0.55,False,0.45,True,0.8999999999999999,0.55
oscillation,-1,accept_all,0.0,43,0,0.45,False,0.55,True,0.8999999999999999,0.45
oscillation,-1,accept_all,0.0,44,0,0.55,False,0.45,True,0.8999999999999999,0.55
oscillation,-1,accept_all,0.0,45,0,0.45,False,0.55,True,0.8999999999999999,0.45
oscillation,-1,accept_all,0.0,46,0,0.55,False,0.45,True,0.8999999999999999,0.55
oscillation,-1,accept_all,0.0,47,0,0.45,False,0.55,True,0.8999999999999999,0.45
oscillation,-1,accept_all,0.0,48,0,0.55,False,0.45,True,0.8999999999999999,0.55
oscillation,-1,accept_all,0.0,49,0,0.45,False,0.55,True,0.8999999999999999,0.45
oscillation,-1,accept_all,0.0,50,0,0.55,False,0.45,True,0.8999999999999999,0.55
oscillation,-1,accept_all,0.0,51,0,0.45,False,0.55,True,0.8999999999999999,0.45
oscillation,-1,accept_all,0.0,52,0,0.55,False,0.45,True,0.8999999999999999,0.55
oscillation,-1,accept_all,0.0,53,0,0.45,False,0.55,True,0.8999999999999999,0.45
oscillation,-1,accept_all,0.0,54,0,0.55,False,0.45,True,0.8999999999999999,0.55
oscillation,-1,accept_all,0.0,55,0,0.45,False,0.55,True,0.8999999999999999,0.45
oscillation,-1,accept_all,0.0,56,0,0.55,False,0.45,True,0.8999999999999999,0.55
oscillation,-1,accept_all,0.0,57,0,0.45,False,0.55,True,0.8999999999999999,0.45
oscillation,-1,accept_all,0.0,58,0,0.55,False,0.45,True,0.8999999999999999,0.55
oscillation,-1,accept_all,0.0,59,0,0.45,False,0.55,True,0.8999999999999999,0.45
oscillation,-1,accept_all,0.0,60,0,0.55,False,0.45,True,0.8999999999999999,0.55
oscillation,-1,accept_all,0.0,61,0,0.45,False,0.55,True,0.8999999999999999,0.45
oscillation,-1,accept_all,0.0,62,0,0.55,False,0.45,True,0.8999999999999999,0.55
oscillation,-1,accept_all,0.0,63,0,0.45,False,0.55,True,0.8999999999999999,0.45
oscillation,-1,accept_all,0.0,64,0,0.55,False,0.45,True,0.8999999999999999,0.55
oscillation,-1,accept_all,0.0,65,0,0.45,False,0.55,True,0.8999999999999999,0.45
oscillation,-1,accept_all,0.0,66,0,0.55,False,0.45,True,0.8999999999999999,0.55
oscillation,-1,accept_all,0.0,67,0,0.45,False,0.55,True,0.8999999999999999,0.45
oscillation,-1,accept_all,0.0,68,0,0.55,False,0.45,True,0.8999999999999999,0.55
oscillation,-1,accept_all,0.0,69,0,0.45,False,0.55,True,0.8999999999999999,0.45
oscillation,-1,accept_all,0.0,70,0,0.55,False,0.45,True,0.8999999999999999,0.55
oscillation,-1,accept_all,0.0,71,0,0.45,False,0.55,True,0.8999999999999999,0.45
oscillation,-1,accept_all,0.0,72,0,0.55,False,0.45,True,0.8999999999999999,0.55
oscillation,-1,accept_all,0.0,73,0,0.45,False,0.55,True,0.8999999999999999,0.45
oscillation,-1,accept_all,0.0,74,0,0.55,False,0.45,True,0.8999999999999999,0.55
oscillation,-1,accept_all,0.0,75,0,0.45,False,0.55,True,0.8999999999999999,0.45
oscillation,-1,accept_all,0.0,76,0,0.55,False,0.45,True,0.8999999999999999,0.55
oscillation,-1,accept_all,0.0,77,0,0.45,False,0.55,True,0.8999999999999999,0.45
oscillation,-1,accept_all,0.0,78,0,0.55,False,0.45,True,0.8999999999999999,0.55
oscillation,-1,accept_all,0.0,79,0,0.45,False,0.55,True,0.8999999999999999,0.45
oscillation,-1,accept_all,0.0,80,0,0.55,False,0.45,True,0.8999999999999999,0.55
oscillation,-1,reference_only,0.0,1,0,0.45,False,0.5,False,0.95,0.5
oscillation,-1,reference_only,0.0,2,0,0.55,False,0.5,False,0.95,0.5
oscillation,-1,reference_only,0.0,3,0,0.45,False,0.5,False,0.95,0.5
oscillation,-1,reference_only,0.0,4,0,0.55,False,0.5,False,0.95,0.5
oscillation,-1,reference_only,0.0,5,0,0.45,False,0.5,False,0.95,0.5
oscillation,-1,reference_only,0.0,6,0,0.55,False,0.5,False,0.95,0.5
oscillation,-1,reference_only,0.0,7,0,0.45,False,0.5,False,0.95,0.5
oscillation,-1,reference_only,0.0,8,0,0.55,False,0.5,False,0.95,0.5
oscillation,-1,reference_only,0.0,9,0,0.45,False,0.5,False,0.95,0.5
oscillation,-1,reference_only,0.0,10,0,0.55,False,0.5,False,0.95,0.5
oscillation,-1,reference_only,0.0,11,0,0.45,False,0.5,False,0.95,0.5
oscillation,-1,reference_only,0.0,12,0,0.55,False,0.5,False,0.95,0.5
oscillation,-1,reference_only,0.0,13,0,0.45,False,0.5,False,0.95,0.5
oscillation,-1,reference_only,0.0,14,0,0.55,False,0.5,False,0.95,0.5
oscillation,-1,reference_only,0.0,15,0,0.45,False,0.5,False,0.95,0.5
oscillation,-1,reference_only,0.0,16,0,0.55,False,0.5,False,0.95,0.5
oscillation,-1,reference_only,0.0,17,0,0.45,False,0.5,False,0.95,0.5
oscillation,-1,reference_only,0.0,18,0,0.55,False,0.5,False,0.95,0.5
oscillation,-1,reference_only,0.0,19,0,0.45,False,0.5,False,0.95,0.5
oscillation,-1,reference_only,0.0,20,0,0.55,False,0.5,False,0.95,0.5
oscillation,-1,reference_only,0.0,21,0,0.45,False,0.5,False,0.95,0.5
oscillation,-1,reference_only,0.0,22,0,0.55,False,0.5,False,0.95,0.5
oscillation,-1,reference_only,0.0,23,0,0.45,False,0.5,False,0.95,0.5
oscillation,-1,reference_only,0.0,24,0,0.55,False,0.5,False,0.95,0.5
oscillation,-1,reference_only,0.0,25,0,0.45,False,0.5,False,0.95,0.5
oscillation,-1,reference_only,0.0,26,0,0.55,False,0.5,False,0.95,0.5
oscillation,-1,reference_only,0.0,27,0,0.45,False,0.5,False,0.95,0.5
oscillation,-1,reference_only,0.0,28,0,0.55,False,0.5,False,0.95,0.5
oscillation,-1,reference_only,0.0,29,0,0.45,False,0.5,False,0.95,0.5
oscillation,-1,reference_only,0.0,30,0,0.55,False,0.5,False,0.95,0.5
oscillation,-1,reference_only,0.0,31,0,0.45,False,0.5,False,0.95,0.5
oscillation,-1,reference_only,0.0,32,0,0.55,False,0.5,False,0.95,0.5
oscillation,-1,reference_only,0.0,33,0,0.45,False,0.5,False,0.95,0.5
oscillation,-1,reference_only,0.0,34,0,0.55,False,0.5,False,0.95,0.5
oscillation,-1,reference_only,0.0,35,0,0.45,False,0.5,False,0.95,0.5
oscillation,-1,reference_only,0.0,36,0,0.55,False,0.5,False,0.95,0.5
oscillation,-1,reference_only,0.0,37,0,0.45,False,0.5,False,0.95,0.5
oscillation,-1,reference_only,0.0,38,0,0.55,False,0.5,False,0.95,0.5
oscillation,-1,reference_only,0.0,39,0,0.45,False,0.5,False,0.95,0.5
oscillation,-1,reference_only,0.0,40,0,0.55,False,0.5,False,0.95,0.5
oscillation,-1,reference_only,0.0,41,0,0.45,False,0.5,False,0.95,0.5
oscillation,-1,reference_only,0.0,42,0,0.55,False,0.5,False,0.95,0.5
oscillation,-1,reference_only,0.0,43,0,0.45,False,0.5,False,0.95,0.5
oscillation,-1,reference_only,0.0,44,0,0.55,False,0.5,False,0.95,0.5
oscillation,-1,reference_only,0.0,45,0,0.45,False,0.5,False,0.95,0.5
oscillation,-1,reference_only,0.0,46,0,0.55,False,0.5,False,0.95,0.5
oscillation,-1,reference_only,0.0,47,0,0.45,False,0.5,False,0.95,0.5
oscillation,-1,reference_only,0.0,48,0,0.55,False,0.5,False,0.95,0.5
oscillation,-1,reference_only,0.0,49,0,0.45,False,0.5,False,0.95,0.5
oscillation,-1,reference_only,0.0,50,0,0.55,False,0.5,False,0.95,0.5
oscillation,-1,reference_only,0.0,51,0,0.45,False,0.5,False,0.95,0.5
oscillation,-1,reference_only,0.0,52,0,0.55,False,0.5,False,0.95,0.5
oscillation,-1,reference_only,0.0,53,0,0.45,False,0.5,False,0.95,0.5
oscillation,-1,reference_only,0.0,54,0,0.55,False,0.5,False,0.95,0.5
oscillation,-1,reference_only,0.0,55,0,0.45,False,0.5,False,0.95,0.5
oscillation,-1,reference_only,0.0,56,0,0.55,False,0.5,False,0.95,0.5
oscillation,-1,reference_only,0.0,57,0,0.45,False,0.5,False,0.95,0.5
oscillation,-1,reference_only,0.0,58,0,0.55,False,0.5,False,0.95,0.5
oscillation,-1,reference_only,0.0,59,0,0.45,False,0.5,False,0.95,0.5
oscillation,-1,reference_only,0.0,60,0,0.55,False,0.5,False,0.95,0.5
oscillation,-1,reference_only,0.0,61,0,0.45,False,0.5,False,0.95,0.5
oscillation,-1,reference_only,0.0,62,0,0.55,False,0.5,False,0.95,0.5
oscillation,-1,reference_only,0.0,63,0,0.45,False,0.5,False,0.95,0.5
oscillation,-1,reference_only,0.0,64,0,0.55,False,0.5,False,0.95,0.5
oscillation,-1,reference_only,0.0,65,0,0.45,False,0.5,False,0.95,0.5
oscillation,-1,reference_only,0.0,66,0,0.55,False,0.5,False,0.95,0.5
oscillation,-1,reference_only,0.0,67,0,0.45,False,0.5,False,0.95,0.5
oscillation,-1,reference_only,0.0,68,0,0.55,False,0.5,False,0.95,0.5
oscillation,-1,reference_only,0.0,69,0,0.45,False,0.5,False,0.95,0.5
oscillation,-1,reference_only,0.0,70,0,0.55,False,0.5,False,0.95,0.5
oscillation,-1,reference_only,0.0,71,0,0.45,False,0.5,False,0.95,0.5
oscillation,-1,reference_only,0.0,72,0,0.55,False,0.5,False,0.95,0.5
oscillation,-1,reference_only,0.0,73,0,0.45,False,0.5,False,0.95,0.5
oscillation,-1,reference_only,0.0,74,0,0.55,False,0.5,False,0.95,0.5
oscillation,-1,reference_only,0.0,75,0,0.45,False,0.5,False,0.95,0.5
oscillation,-1,reference_only,0.0,76,0,0.55,False,0.5,False,0.95,0.5
oscillation,-1,reference_only,0.0,77,0,0.45,False,0.5,False,0.95,0.5
oscillation,-1,reference_only,0.0,78,0,0.55,False,0.5,False,0.95,0.5
oscillation,-1,reference_only,0.0,79,0,0.45,False,0.5,False,0.95,0.5
oscillation,-1,reference_only,0.0,80,0,0.55,False,0.5,False,0.95,0.5
oscillation,-1,gated,0.01,1,0,0.45,False,0.5,False,0.95,0.5
oscillation,-1,gated,0.01,2,0,0.55,False,0.5,False,0.95,0.5
oscillation,-1,gated,0.01,3,0,0.45,False,0.5,False,0.95,0.5
oscillation,-1,gated,0.01,4,0,0.55,False,0.5,False,0.95,0.5
oscillation,-1,gated,0.01,5,0,0.45,False,0.5,False,0.95,0.5
oscillation,-1,gated,0.01,6,0,0.55,False,0.5,False,0.95,0.5
oscillation,-1,gated,0.01,7,0,0.45,False,0.5,False,0.95,0.5
oscillation,-1,gated,0.01,8,0,0.55,False,0.5,False,0.95,0.5
oscillation,-1,gated,0.01,9,0,0.45,False,0.5,False,0.95,0.5
oscillation,-1,gated,0.01,10,0,0.55,False,0.5,False,0.95,0.5
oscillation,-1,gated,0.01,11,0,0.45,False,0.5,False,0.95,0.5
oscillation,-1,gated,0.01,12,0,0.55,False,0.5,False,0.95,0.5
oscillation,-1,gated,0.01,13,0,0.45,False,0.5,False,0.95,0.5
oscillation,-1,gated,0.01,14,0,0.55,False,0.5,False,0.95,0.5
oscillation,-1,gated,0.01,15,0,0.45,False,0.5,False,0.95,0.5
oscillation,-1,gated,0.01,16,0,0.55,False,0.5,False,0.95,0.5
oscillation,-1,gated,0.01,17,0,0.45,False,0.5,False,0.95,0.5
oscillation,-1,gated,0.01,18,0,0.55,False,0.5,False,0.95,0.5
oscillation,-1,gated,0.01,19,0,0.45,False,0.5,False,0.95,0.5
oscillation,-1,gated,0.01,20,0,0.55,False,0.5,False,0.95,0.5
oscillation,-1,gated,0.01,21,0,0.45,False,0.5,False,0.95,0.5
oscillation,-1,gated,0.01,22,0,0.55,False,0.5,False,0.95,0.5
oscillation,-1,gated,0.01,23,0,0.45,False,0.5,False,0.95,0.5
oscillation,-1,gated,0.01,24,0,0.55,False,0.5,False,0.95,0.5
oscillation,-1,gated,0.01,25,0,0.45,False,0.5,False,0.95,0.5
oscillation,-1,gated,0.01,26,0,0.55,False,0.5,False,0.95,0.5
oscillation,-1,gated,0.01,27,0,0.45,False,0.5,False,0.95,0.5
oscillation,-1,gated,0.01,28,0,0.55,False,0.5,False,0.95,0.5
oscillation,-1,gated,0.01,29,0,0.45,False,0.5,False,0.95,0.5
oscillation,-1,gated,0.01,30,0,0.55,False,0.5,False,0.95,0.5
oscillation,-1,gated,0.01,31,0,0.45,False,0.5,False,0.95,0.5
oscillation,-1,gated,0.01,32,0,0.55,False,0.5,False,0.95,0.5
oscillation,-1,gated,0.01,33,0,0.45,False,0.5,False,0.95,0.5
oscillation,-1,gated,0.01,34,0,0.55,False,0.5,False,0.95,0.5
oscillation,-1,gated,0.01,35,0,0.45,False,0.5,False,0.95,0.5
oscillation,-1,gated,0.01,36,0,0.55,False,0.5,False,0.95,0.5
oscillation,-1,gated,0.01,37,0,0.45,False,0.5,False,0.95,0.5
oscillation,-1,gated,0.01,38,0,0.55,False,0.5,False,0.95,0.5
oscillation,-1,gated,0.01,39,0,0.45,False,0.5,False,0.95,0.5
oscillation,-1,gated,0.01,40,0,0.55,False,0.5,False,0.95,0.5
oscillation,-1,gated,0.01,41,0,0.45,False,0.5,False,0.95,0.5
oscillation,-1,gated,0.01,42,0,0.55,False,0.5,False,0.95,0.5
oscillation,-1,gated,0.01,43,0,0.45,False,0.5,False,0.95,0.5
oscillation,-1,gated,0.01,44,0,0.55,False,0.5,False,0.95,0.5
oscillation,-1,gated,0.01,45,0,0.45,False,0.5,False,0.95,0.5
oscillation,-1,gated,0.01,46,0,0.55,False,0.5,False,0.95,0.5
oscillation,-1,gated,0.01,47,0,0.45,False,0.5,False,0.95,0.5
oscillation,-1,gated,0.01,48,0,0.55,False,0.5,False,0.95,0.5
oscillation,-1,gated,0.01,49,0,0.45,False,0.5,False,0.95,0.5
oscillation,-1,gated,0.01,50,0,0.55,False,0.5,False,0.95,0.5
oscillation,-1,gated,0.01,51,0,0.45,False,0.5,False,0.95,0.5
oscillation,-1,gated,0.01,52,0,0.55,False,0.5,False,0.95,0.5
oscillation,-1,gated,0.01,53,0,0.45,False,0.5,False,0.95,0.5
oscillation,-1,gated,0.01,54,0,0.55,False,0.5,False,0.95,0.5
oscillation,-1,gated,0.01,55,0,0.45,False,0.5,False,0.95,0.5
oscillation,-1,gated,0.01,56,0,0.55,False,0.5,False,0.95,0.5
oscillation,-1,gated,0.01,57,0,0.45,False,0.5,False,0.95,0.5
oscillation,-1,gated,0.01,58,0,0.55,False,0.5,False,0.95,0.5
oscillation,-1,gated,0.01,59,0,0.45,False,0.5,False,0.95,0.5
oscillation,-1,gated,0.01,60,0,0.55,False,0.5,False,0.95,0.5
oscillation,-1,gated,0.01,61,0,0.45,False,0.5,False,0.95,0.5
oscillation,-1,gated,0.01,62,0,0.55,False,0.5,False,0.95,0.5
oscillation,-1,gated,0.01,63,0,0.45,False,0.5,False,0.95,0.5
oscillation,-1,gated,0.01,64,0,0.55,False,0.5,False,0.95,0.5
oscillation,-1,gated,0.01,65,0,0.45,False,0.5,False,0.95,0.5
oscillation,-1,gated,0.01,66,0,0.55,False,0.5,False,0.95,0.5
oscillation,-1,gated,0.01,67,0,0.45,False,0.5,False,0.95,0.5
oscillation,-1,gated,0.01,68,0,0.55,False,0.5,False,0.95,0.5
oscillation,-1,gated,0.01,69,0,0.45,False,0.5,False,0.95,0.5
oscillation,-1,gated,0.01,70,0,0.55,False,0.5,False,0.95,0.5
oscillation,-1,gated,0.01,71,0,0.45,False,0.5,False,0.95,0.5
oscillation,-1,gated,0.01,72,0,0.55,False,0.5,False,0.95,0.5
oscillation,-1,gated,0.01,73,0,0.45,False,0.5,False,0.95,0.5
oscillation,-1,gated,0.01,74,0,0.55,False,0.5,False,0.95,0.5
oscillation,-1,gated,0.01,75,0,0.45,False,0.5,False,0.95,0.5
oscillation,-1,gated,0.01,76,0,0.55,False,0.5,False,0.95,0.5
oscillation,-1,gated,0.01,77,0,0.45,False,0.5,False,0.95,0.5
oscillation,-1,gated,0.01,78,0,0.55,False,0.5,False,0.95,0.5
oscillation,-1,gated,0.01,79,0,0.45,False,0.5,False,0.95,0.5
oscillation,-1,gated,0.01,80,0,0.55,False,0.5,False,0.95,0.5
oscillation,-1,accept_all,0.01,1,0,0.45,False,0.5,True,0.95,0.45
oscillation,-1,accept_all,0.01,2,0,0.55,False,0.45,True,0.8999999999999999,0.55
oscillation,-1,accept_all,0.01,3,0,0.45,False,0.55,True,0.8999999999999999,0.45
oscillation,-1,accept_all,0.01,4,0,0.55,False,0.45,True,0.8999999999999999,0.55
oscillation,-1,accept_all,0.01,5,0,0.45,False,0.55,True,0.8999999999999999,0.45
oscillation,-1,accept_all,0.01,6,0,0.55,False,0.45,True,0.8999999999999999,0.55
oscillation,-1,accept_all,0.01,7,0,0.45,False,0.55,True,0.8999999999999999,0.45
oscillation,-1,accept_all,0.01,8,0,0.55,False,0.45,True,0.8999999999999999,0.55
oscillation,-1,accept_all,0.01,9,0,0.45,False,0.55,True,0.8999999999999999,0.45
oscillation,-1,accept_all,0.01,10,0,0.55,False,0.45,True,0.8999999999999999,0.55
oscillation,-1,accept_all,0.01,11,0,0.45,False,0.55,True,0.8999999999999999,0.45
oscillation,-1,accept_all,0.01,12,0,0.55,False,0.45,True,0.8999999999999999,0.55
oscillation,-1,accept_all,0.01,13,0,0.45,False,0.55,True,0.8999999999999999,0.45
oscillation,-1,accept_all,0.01,14,0,0.55,False,0.45,True,0.8999999999999999,0.55
oscillation,-1,accept_all,0.01,15,0,0.45,False,0.55,True,0.8999999999999999,0.45
oscillation,-1,accept_all,0.01,16,0,0.55,False,0.45,True,0.8999999999999999,0.55
oscillation,-1,accept_all,0.01,17,0,0.45,False,0.55,True,0.8999999999999999,0.45
oscillation,-1,accept_all,0.01,18,0,0.55,False,0.45,True,0.8999999999999999,0.55
oscillation,-1,accept_all,0.01,19,0,0.45,False,0.55,True,0.8999999999999999,0.45
oscillation,-1,accept_all,0.01,20,0,0.55,False,0.45,True,0.8999999999999999,0.55
oscillation,-1,accept_all,0.01,21,0,0.45,False,0.55,True,0.8999999999999999,0.45
oscillation,-1,accept_all,0.01,22,0,0.55,False,0.45,True,0.8999999999999999,0.55
oscillation,-1,accept_all,0.01,23,0,0.45,False,0.55,True,0.8999999999999999,0.45
oscillation,-1,accept_all,0.01,24,0,0.55,False,0.45,True,0.8999999999999999,0.55
oscillation,-1,accept_all,0.01,25,0,0.45,False,0.55,True,0.8999999999999999,0.45
oscillation,-1,accept_all,0.01,26,0,0.55,False,0.45,True,0.8999999999999999,0.55
oscillation,-1,accept_all,0.01,27,0,0.45,False,0.55,True,0.8999999999999999,0.45
oscillation,-1,accept_all,0.01,28,0,0.55,False,0.45,True,0.8999999999999999,0.55
oscillation,-1,accept_all,0.01,29,0,0.45,False,0.55,True,0.8999999999999999,0.45
oscillation,-1,accept_all,0.01,30,0,0.55,False,0.45,True,0.8999999999999999,0.55
oscillation,-1,accept_all,0.01,31,0,0.45,False,0.55,True,0.8999999999999999,0.45
oscillation,-1,accept_all,0.01,32,0,0.55,False,0.45,True,0.8999999999999999,0.55
oscillation,-1,accept_all,0.01,33,0,0.45,False,0.55,True,0.8999999999999999,0.45
oscillation,-1,accept_all,0.01,34,0,0.55,False,0.45,True,0.8999999999999999,0.55
oscillation,-1,accept_all,0.01,35,0,0.45,False,0.55,True,0.8999999999999999,0.45
oscillation,-1,accept_all,0.01,36,0,0.55,False,0.45,True,0.8999999999999999,0.55
oscillation,-1,accept_all,0.01,37,0,0.45,False,0.55,True,0.8999999999999999,0.45
oscillation,-1,accept_all,0.01,38,0,0.55,False,0.45,True,0.8999999999999999,0.55
oscillation,-1,accept_all,0.01,39,0,0.45,False,0.55,True,0.8999999999999999,0.45
oscillation,-1,accept_all,0.01,40,0,0.55,False,0.45,True,0.8999999999999999,0.55
oscillation,-1,accept_all,0.01,41,0,0.45,False,0.55,True,0.8999999999999999,0.45
oscillation,-1,accept_all,0.01,42,0,0.55,False,0.45,True,0.8999999999999999,0.55
oscillation,-1,accept_all,0.01,43,0,0.45,False,0.55,True,0.8999999999999999,0.45
oscillation,-1,accept_all,0.01,44,0,0.55,False,0.45,True,0.8999999999999999,0.55
oscillation,-1,accept_all,0.01,45,0,0.45,False,0.55,True,0.8999999999999999,0.45
oscillation,-1,accept_all,0.01,46,0,0.55,False,0.45,True,0.8999999999999999,0.55
oscillation,-1,accept_all,0.01,47,0,0.45,False,0.55,True,0.8999999999999999,0.45
oscillation,-1,accept_all,0.01,48,0,0.55,False,0.45,True,0.8999999999999999,0.55
oscillation,-1,accept_all,0.01,49,0,0.45,False,0.55,True,0.8999999999999999,0.45
oscillation,-1,accept_all,0.01,50,0,0.55,False,0.45,True,0.8999999999999999,0.55
oscillation,-1,accept_all,0.01,51,0,0.45,False,0.55,True,0.8999999999999999,0.45
oscillation,-1,accept_all,0.01,52,0,0.55,False,0.45,True,0.8999999999999999,0.55
oscillation,-1,accept_all,0.01,53,0,0.45,False,0.55,True,0.8999999999999999,0.45
oscillation,-1,accept_all,0.01,54,0,0.55,False,0.45,True,0.8999999999999999,0.55
oscillation,-1,accept_all,0.01,55,0,0.45,False,0.55,True,0.8999999999999999,0.45
oscillation,-1,accept_all,0.01,56,0,0.55,False,0.45,True,0.8999999999999999,0.55
oscillation,-1,accept_all,0.01,57,0,0.45,False,0.55,True,0.8999999999999999,0.45
oscillation,-1,accept_all,0.01,58,0,0.55,False,0.45,True,0.8999999999999999,0.55
oscillation,-1,accept_all,0.01,59,0,0.45,False,0.55,True,0.8999999999999999,0.45
oscillation,-1,accept_all,0.01,60,0,0.55,False,0.45,True,0.8999999999999999,0.55
oscillation,-1,accept_all,0.01,61,0,0.45,False,0.55,True,0.8999999999999999,0.45
oscillation,-1,accept_all,0.01,62,0,0.55,False,0.45,True,0.8999999999999999,0.55
oscillation,-1,accept_all,0.01,63,0,0.45,False,0.55,True,0.8999999999999999,0.45
oscillation,-1,accept_all,0.01,64,0,0.55,False,0.45,True,0.8999999999999999,0.55
oscillation,-1,accept_all,0.01,65,0,0.45,False,0.55,True,0.8999999999999999,0.45
oscillation,-1,accept_all,0.01,66,0,0.55,False,0.45,True,0.8999999999999999,0.55
oscillation,-1,accept_all,0.01,67,0,0.45,False,0.55,True,0.8999999999999999,0.45
oscillation,-1,accept_all,0.01,68,0,0.55,False,0.45,True,0.8999999999999999,0.55
oscillation,-1,accept_all,0.01,69,0,0.45,False,0.55,True,0.8999999999999999,0.45
oscillation,-1,accept_all,0.01,70,0,0.55,False,0.45,True,0.8999999999999999,0.55
oscillation,-1,accept_all,0.01,71,0,0.45,False,0.55,True,0.8999999999999999,0.45
oscillation,-1,accept_all,0.01,72,0,0.55,False,0.45,True,0.8999999999999999,0.55
oscillation,-1,accept_all,0.01,73,0,0.45,False,0.55,True,0.8999999999999999,0.45
oscillation,-1,accept_all,0.01,74,0,0.55,False,0.45,True,0.8999999999999999,0.55
oscillation,-1,accept_all,0.01,75,0,0.45,False,0.55,True,0.8999999999999999,0.45
oscillation,-1,accept_all,0.01,76,0,0.55,False,0.45,True,0.8999999999999999,0.55
oscillation,-1,accept_all,0.01,77,0,0.45,False,0.55,True,0.8999999999999999,0.45
oscillation,-1,accept_all,0.01,78,0,0.55,False,0.45,True,0.8999999999999999,0.55
oscillation,-1,accept_all,0.01,79,0,0.45,False,0.55,True,0.8999999999999999,0.45
oscillation,-1,accept_all,0.01,80,0,0.55,False,0.45,True,0.8999999999999999,0.55
oscillation,-1,reference_only,0.01,1,0,0.45,False,0.5,False,0.95,0.5
oscillation,-1,reference_only,0.01,2,0,0.55,False,0.5,False,0.95,0.5
oscillation,-1,reference_only,0.01,3,0,0.45,False,0.5,False,0.95,0.5
oscillation,-1,reference_only,0.01,4,0,0.55,False,0.5,False,0.95,0.5
oscillation,-1,reference_only,0.01,5,0,0.45,False,0.5,False,0.95,0.5
oscillation,-1,reference_only,0.01,6,0,0.55,False,0.5,False,0.95,0.5
oscillation,-1,reference_only,0.01,7,0,0.45,False,0.5,False,0.95,0.5
oscillation,-1,reference_only,0.01,8,0,0.55,False,0.5,False,0.95,0.5
oscillation,-1,reference_only,0.01,9,0,0.45,False,0.5,False,0.95,0.5
oscillation,-1,reference_only,0.01,10,0,0.55,False,0.5,False,0.95,0.5
oscillation,-1,reference_only,0.01,11,0,0.45,False,0.5,False,0.95,0.5
oscillation,-1,reference_only,0.01,12,0,0.55,False,0.5,False,0.95,0.5
oscillation,-1,reference_only,0.01,13,0,0.45,False,0.5,False,0.95,0.5
oscillation,-1,reference_only,0.01,14,0,0.55,False,0.5,False,0.95,0.5
oscillation,-1,reference_only,0.01,15,0,0.45,False,0.5,False,0.95,0.5
oscillation,-1,reference_only,0.01,16,0,0.55,False,0.5,False,0.95,0.5
oscillation,-1,reference_only,0.01,17,0,0.45,False,0.5,False,0.95,0.5
oscillation,-1,reference_only,0.01,18,0,0.55,False,0.5,False,0.95,0.5
oscillation,-1,reference_only,0.01,19,0,0.45,False,0.5,False,0.95,0.5
oscillation,-1,reference_only,0.01,20,0,0.55,False,0.5,False,0.95,0.5
oscillation,-1,reference_only,0.01,21,0,0.45,False,0.5,False,0.95,0.5
oscillation,-1,reference_only,0.01,22,0,0.55,False,0.5,False,0.95,0.5
oscillation,-1,reference_only,0.01,23,0,0.45,False,0.5,False,0.95,0.5
oscillation,-1,reference_only,0.01,24,0,0.55,False,0.5,False,0.95,0.5
oscillation,-1,reference_only,0.01,25,0,0.45,False,0.5,False,0.95,0.5
oscillation,-1,reference_only,0.01,26,0,0.55,False,0.5,False,0.95,0.5
oscillation,-1,reference_only,0.01,27,0,0.45,False,0.5,False,0.95,0.5
oscillation,-1,reference_only,0.01,28,0,0.55,False,0.5,False,0.95,0.5
oscillation,-1,reference_only,0.01,29,0,0.45,False,0.5,False,0.95,0.5
oscillation,-1,reference_only,0.01,30,0,0.55,False,0.5,False,0.95,0.5
oscillation,-1,reference_only,0.01,31,0,0.45,False,0.5,False,0.95,0.5
oscillation,-1,reference_only,0.01,32,0,0.55,False,0.5,False,0.95,0.5
oscillation,-1,reference_only,0.01,33,0,0.45,False,0.5,False,0.95,0.5
oscillation,-1,reference_only,0.01,34,0,0.55,False,0.5,False,0.95,0.5
oscillation,-1,reference_only,0.01,35,0,0.45,False,0.5,False,0.95,0.5
oscillation,-1,reference_only,0.01,36,0,0.55,False,0.5,False,0.95,0.5
oscillation,-1,reference_only,0.01,37,0,0.45,False,0.5,False,0.95,0.5
oscillation,-1,reference_only,0.01,38,0,0.55,False,0.5,False,0.95,0.5
oscillation,-1,reference_only,0.01,39,0,0.45,False,0.5,False,0.95,0.5
oscillation,-1,reference_only,0.01,40,0,0.55,False,0.5,False,0.95,0.5
oscillation,-1,reference_only,0.01,41,0,0.45,False,0.5,False,0.95,0.5
oscillation,-1,reference_only,0.01,42,0,0.55,False,0.5,False,0.95,0.5
oscillation,-1,reference_only,0.01,43,0,0.45,False,0.5,False,0.95,0.5
oscillation,-1,reference_only,0.01,44,0,0.55,False,0.5,False,0.95,0.5
oscillation,-1,reference_only,0.01,45,0,0.45,False,0.5,False,0.95,0.5
oscillation,-1,reference_only,0.01,46,0,0.55,False,0.5,False,0.95,0.5
oscillation,-1,reference_only,0.01,47,0,0.45,False,0.5,False,0.95,0.5
oscillation,-1,reference_only,0.01,48,0,0.55,False,0.5,False,0.95,0.5
oscillation,-1,reference_only,0.01,49,0,0.45,False,0.5,False,0.95,0.5
oscillation,-1,reference_only,0.01,50,0,0.55,False,0.5,False,0.95,0.5
oscillation,-1,reference_only,0.01,51,0,0.45,False,0.5,False,0.95,0.5
oscillation,-1,reference_only,0.01,52,0,0.55,False,0.5,False,0.95,0.5
oscillation,-1,reference_only,0.01,53,0,0.45,False,0.5,False,0.95,0.5
oscillation,-1,reference_only,0.01,54,0,0.55,False,0.5,False,0.95,0.5
oscillation,-1,reference_only,0.01,55,0,0.45,False,0.5,False,0.95,0.5
oscillation,-1,reference_only,0.01,56,0,0.55,False,0.5,False,0.95,0.5
oscillation,-1,reference_only,0.01,57,0,0.45,False,0.5,False,0.95,0.5
oscillation,-1,reference_only,0.01,58,0,0.55,False,0.5,False,0.95,0.5
oscillation,-1,reference_only,0.01,59,0,0.45,False,0.5,False,0.95,0.5
oscillation,-1,reference_only,0.01,60,0,0.55,False,0.5,False,0.95,0.5
oscillation,-1,reference_only,0.01,61,0,0.45,False,0.5,False,0.95,0.5
oscillation,-1,reference_only,0.01,62,0,0.55,False,0.5,False,0.95,0.5
oscillation,-1,reference_only,0.01,63,0,0.45,False,0.5,False,0.95,0.5
oscillation,-1,reference_only,0.01,64,0,0.55,False,0.5,False,0.95,0.5
oscillation,-1,reference_only,0.01,65,0,0.45,False,0.5,False,0.95,0.5
oscillation,-1,reference_only,0.01,66,0,0.55,False,0.5,False,0.95,0.5
oscillation,-1,reference_only,0.01,67,0,0.45,False,0.5,False,0.95,0.5
oscillation,-1,reference_only,0.01,68,0,0.55,False,0.5,False,0.95,0.5
oscillation,-1,reference_only,0.01,69,0,0.45,False,0.5,False,0.95,0.5
oscillation,-1,reference_only,0.01,70,0,0.55,False,0.5,False,0.95,0.5
oscillation,-1,reference_only,0.01,71,0,0.45,False,0.5,False,0.95,0.5
oscillation,-1,reference_only,0.01,72,0,0.55,False,0.5,False,0.95,0.5
oscillation,-1,reference_only,0.01,73,0,0.45,False,0.5,False,0.95,0.5
oscillation,-1,reference_only,0.01,74,0,0.55,False,0.5,False,0.95,0.5
oscillation,-1,reference_only,0.01,75,0,0.45,False,0.5,False,0.95,0.5
oscillation,-1,reference_only,0.01,76,0,0.55,False,0.5,False,0.95,0.5
oscillation,-1,reference_only,0.01,77,0,0.45,False,0.5,False,0.95,0.5
oscillation,-1,reference_only,0.01,78,0,0.55,False,0.5,False,0.95,0.5
oscillation,-1,reference_only,0.01,79,0,0.45,False,0.5,False,0.95,0.5
oscillation,-1,reference_only,0.01,80,0,0.55,False,0.5,False,0.95,0.5
oscillation,-1,gated,0.024,1,0,0.45,False,0.5,False,0.95,0.5
oscillation,-1,gated,0.024,2,0,0.55,False,0.5,False,0.95,0.5
oscillation,-1,gated,0.024,3,0,0.45,False,0.5,False,0.95,0.5
oscillation,-1,gated,0.024,4,0,0.55,False,0.5,False,0.95,0.5
oscillation,-1,gated,0.024,5,0,0.45,False,0.5,False,0.95,0.5
oscillation,-1,gated,0.024,6,0,0.55,False,0.5,False,0.95,0.5
oscillation,-1,gated,0.024,7,0,0.45,False,0.5,False,0.95,0.5
oscillation,-1,gated,0.024,8,0,0.55,False,0.5,False,0.95,0.5
oscillation,-1,gated,0.024,9,0,0.45,False,0.5,False,0.95,0.5
oscillation,-1,gated,0.024,10,0,0.55,False,0.5,False,0.95,0.5
oscillation,-1,gated,0.024,11,0,0.45,False,0.5,False,0.95,0.5
oscillation,-1,gated,0.024,12,0,0.55,False,0.5,False,0.95,0.5
oscillation,-1,gated,0.024,13,0,0.45,False,0.5,False,0.95,0.5
oscillation,-1,gated,0.024,14,0,0.55,False,0.5,False,0.95,0.5
oscillation,-1,gated,0.024,15,0,0.45,False,0.5,False,0.95,0.5
oscillation,-1,gated,0.024,16,0,0.55,False,0.5,False,0.95,0.5
oscillation,-1,gated,0.024,17,0,0.45,False,0.5,False,0.95,0.5
oscillation,-1,gated,0.024,18,0,0.55,False,0.5,False,0.95,0.5
oscillation,-1,gated,0.024,19,0,0.45,False,0.5,False,0.95,0.5
oscillation,-1,gated,0.024,20,0,0.55,False,0.5,False,0.95,0.5
oscillation,-1,gated,0.024,21,0,0.45,False,0.5,False,0.95,0.5
oscillation,-1,gated,0.024,22,0,0.55,False,0.5,False,0.95,0.5
oscillation,-1,gated,0.024,23,0,0.45,False,0.5,False,0.95,0.5
oscillation,-1,gated,0.024,24,0,0.55,False,0.5,False,0.95,0.5
oscillation,-1,gated,0.024,25,0,0.45,False,0.5,False,0.95,0.5
oscillation,-1,gated,0.024,26,0,0.55,False,0.5,False,0.95,0.5
oscillation,-1,gated,0.024,27,0,0.45,False,0.5,False,0.95,0.5
oscillation,-1,gated,0.024,28,0,0.55,False,0.5,False,0.95,0.5
oscillation,-1,gated,0.024,29,0,0.45,False,0.5,False,0.95,0.5
oscillation,-1,gated,0.024,30,0,0.55,False,0.5,False,0.95,0.5
oscillation,-1,gated,0.024,31,0,0.45,False,0.5,False,0.95,0.5
oscillation,-1,gated,0.024,32,0,0.55,False,0.5,False,0.95,0.5
oscillation,-1,gated,0.024,33,0,0.45,False,0.5,False,0.95,0.5
oscillation,-1,gated,0.024,34,0,0.55,False,0.5,False,0.95,0.5
oscillation,-1,gated,0.024,35,0,0.45,False,0.5,False,0.95,0.5
oscillation,-1,gated,0.024,36,0,0.55,False,0.5,False,0.95,0.5
oscillation,-1,gated,0.024,37,0,0.45,False,0.5,False,0.95,0.5
oscillation,-1,gated,0.024,38,0,0.55,False,0.5,False,0.95,0.5
oscillation,-1,gated,0.024,39,0,0.45,False,0.5,False,0.95,0.5
oscillation,-1,gated,0.024,40,0,0.55,False,0.5,False,0.95,0.5
oscillation,-1,gated,0.024,41,0,0.45,False,0.5,False,0.95,0.5
oscillation,-1,gated,0.024,42,0,0.55,False,0.5,False,0.95,0.5
oscillation,-1,gated,0.024,43,0,0.45,False,0.5,False,0.95,0.5
oscillation,-1,gated,0.024,44,0,0.55,False,0.5,False,0.95,0.5
oscillation,-1,gated,0.024,45,0,0.45,False,0.5,False,0.95,0.5
oscillation,-1,gated,0.024,46,0,0.55,False,0.5,False,0.95,0.5
oscillation,-1,gated,0.024,47,0,0.45,False,0.5,False,0.95,0.5
oscillation,-1,gated,0.024,48,0,0.55,False,0.5,False,0.95,0.5
oscillation,-1,gated,0.024,49,0,0.45,False,0.5,False,0.95,0.5
oscillation,-1,gated,0.024,50,0,0.55,False,0.5,False,0.95,0.5
oscillation,-1,gated,0.024,51,0,0.45,False,0.5,False,0.95,0.5
oscillation,-1,gated,0.024,52,0,0.55,False,0.5,False,0.95,0.5
oscillation,-1,gated,0.024,53,0,0.45,False,0.5,False,0.95,0.5
oscillation,-1,gated,0.024,54,0,0.55,False,0.5,False,0.95,0.5
oscillation,-1,gated,0.024,55,0,0.45,False,0.5,False,0.95,0.5
oscillation,-1,gated,0.024,56,0,0.55,False,0.5,False,0.95,0.5
oscillation,-1,gated,0.024,57,0,0.45,False,0.5,False,0.95,0.5
oscillation,-1,gated,0.024,58,0,0.55,False,0.5,False,0.95,0.5
oscillation,-1,gated,0.024,59,0,0.45,False,0.5,False,0.95,0.5
oscillation,-1,gated,0.024,60,0,0.55,False,0.5,False,0.95,0.5
oscillation,-1,gated,0.024,61,0,0.45,False,0.5,False,0.95,0.5
oscillation,-1,gated,0.024,62,0,0.55,False,0.5,False,0.95,0.5
oscillation,-1,gated,0.024,63,0,0.45,False,0.5,False,0.95,0.5
oscillation,-1,gated,0.024,64,0,0.55,False,0.5,False,0.95,0.5
oscillation,-1,gated,0.024,65,0,0.45,False,0.5,False,0.95,0.5
oscillation,-1,gated,0.024,66,0,0.55,False,0.5,False,0.95,0.5
oscillation,-1,gated,0.024,67,0,0.45,False,0.5,False,0.95,0.5
oscillation,-1,gated,0.024,68,0,0.55,False,0.5,False,0.95,0.5
oscillation,-1,gated,0.024,69,0,0.45,False,0.5,False,0.95,0.5
oscillation,-1,gated,0.024,70,0,0.55,False,0.5,False,0.95,0.5
oscillation,-1,gated,0.024,71,0,0.45,False,0.5,False,0.95,0.5
oscillation,-1,gated,0.024,72,0,0.55,False,0.5,False,0.95,0.5
oscillation,-1,gated,0.024,73,0,0.45,False,0.5,False,0.95,0.5
oscillation,-1,gated,0.024,74,0,0.55,False,0.5,False,0.95,0.5
oscillation,-1,gated,0.024,75,0,0.45,False,0.5,False,0.95,0.5
oscillation,-1,gated,0.024,76,0,0.55,False,0.5,False,0.95,0.5
oscillation,-1,gated,0.024,77,0,0.45,False,0.5,False,0.95,0.5
oscillation,-1,gated,0.024,78,0,0.55,False,0.5,False,0.95,0.5
oscillation,-1,gated,0.024,79,0,0.45,False,0.5,False,0.95,0.5
oscillation,-1,gated,0.024,80,0,0.55,False,0.5,False,0.95,0.5
oscillation,-1,accept_all,0.024,1,0,0.45,False,0.5,True,0.95,0.45
oscillation,-1,accept_all,0.024,2,0,0.55,False,0.45,True,0.8999999999999999,0.55
oscillation,-1,accept_all,0.024,3,0,0.45,False,0.55,True,0.8999999999999999,0.45
oscillation,-1,accept_all,0.024,4,0,0.55,False,0.45,True,0.8999999999999999,0.55
oscillation,-1,accept_all,0.024,5,0,0.45,False,0.55,True,0.8999999999999999,0.45
oscillation,-1,accept_all,0.024,6,0,0.55,False,0.45,True,0.8999999999999999,0.55
oscillation,-1,accept_all,0.024,7,0,0.45,False,0.55,True,0.8999999999999999,0.45
oscillation,-1,accept_all,0.024,8,0,0.55,False,0.45,True,0.8999999999999999,0.55
oscillation,-1,accept_all,0.024,9,0,0.45,False,0.55,True,0.8999999999999999,0.45
oscillation,-1,accept_all,0.024,10,0,0.55,False,0.45,True,0.8999999999999999,0.55
oscillation,-1,accept_all,0.024,11,0,0.45,False,0.55,True,0.8999999999999999,0.45
oscillation,-1,accept_all,0.024,12,0,0.55,False,0.45,True,0.8999999999999999,0.55
oscillation,-1,accept_all,0.024,13,0,0.45,False,0.55,True,0.8999999999999999,0.45
oscillation,-1,accept_all,0.024,14,0,0.55,False,0.45,True,0.8999999999999999,0.55
oscillation,-1,accept_all,0.024,15,0,0.45,False,0.55,True,0.8999999999999999,0.45
oscillation,-1,accept_all,0.024,16,0,0.55,False,0.45,True,0.8999999999999999,0.55
oscillation,-1,accept_all,0.024,17,0,0.45,False,0.55,True,0.8999999999999999,0.45
oscillation,-1,accept_all,0.024,18,0,0.55,False,0.45,True,0.8999999999999999,0.55
oscillation,-1,accept_all,0.024,19,0,0.45,False,0.55,True,0.8999999999999999,0.45
oscillation,-1,accept_all,0.024,20,0,0.55,False,0.45,True,0.8999999999999999,0.55
oscillation,-1,accept_all,0.024,21,0,0.45,False,0.55,True,0.8999999999999999,0.45
oscillation,-1,accept_all,0.024,22,0,0.55,False,0.45,True,0.8999999999999999,0.55
oscillation,-1,accept_all,0.024,23,0,0.45,False,0.55,True,0.8999999999999999,0.45
oscillation,-1,accept_all,0.024,24,0,0.55,False,0.45,True,0.8999999999999999,0.55
oscillation,-1,accept_all,0.024,25,0,0.45,False,0.55,True,0.8999999999999999,0.45
oscillation,-1,accept_all,0.024,26,0,0.55,False,0.45,True,0.8999999999999999,0.55
oscillation,-1,accept_all,0.024,27,0,0.45,False,0.55,True,0.8999999999999999,0.45
oscillation,-1,accept_all,0.024,28,0,0.55,False,0.45,True,0.8999999999999999,0.55
oscillation,-1,accept_all,0.024,29,0,0.45,False,0.55,True,0.8999999999999999,0.45
oscillation,-1,accept_all,0.024,30,0,0.55,False,0.45,True,0.8999999999999999,0.55
oscillation,-1,accept_all,0.024,31,0,0.45,False,0.55,True,0.8999999999999999,0.45
oscillation,-1,accept_all,0.024,32,0,0.55,False,0.45,True,0.8999999999999999,0.55
oscillation,-1,accept_all,0.024,33,0,0.45,False,0.55,True,0.8999999999999999,0.45
oscillation,-1,accept_all,0.024,34,0,0.55,False,0.45,True,0.8999999999999999,0.55
oscillation,-1,accept_all,0.024,35,0,0.45,False,0.55,True,0.8999999999999999,0.45
oscillation,-1,accept_all,0.024,36,0,0.55,False,0.45,True,0.8999999999999999,0.55
oscillation,-1,accept_all,0.024,37,0,0.45,False,0.55,True,0.8999999999999999,0.45
oscillation,-1,accept_all,0.024,38,0,0.55,False,0.45,True,0.8999999999999999,0.55
oscillation,-1,accept_all,0.024,39,0,0.45,False,0.55,True,0.8999999999999999,0.45
oscillation,-1,accept_all,0.024,40,0,0.55,False,0.45,True,0.8999999999999999,0.55
oscillation,-1,accept_all,0.024,41,0,0.45,False,0.55,True,0.8999999999999999,0.45
oscillation,-1,accept_all,0.024,42,0,0.55,False,0.45,True,0.8999999999999999,0.55
oscillation,-1,accept_all,0.024,43,0,0.45,False,0.55,True,0.8999999999999999,0.45
oscillation,-1,accept_all,0.024,44,0,0.55,False,0.45,True,0.8999999999999999,0.55
oscillation,-1,accept_all,0.024,45,0,0.45,False,0.55,True,0.8999999999999999,0.45
oscillation,-1,accept_all,0.024,46,0,0.55,False,0.45,True,0.8999999999999999,0.55
oscillation,-1,accept_all,0.024,47,0,0.45,False,0.55,True,0.8999999999999999,0.45
oscillation,-1,accept_all,0.024,48,0,0.55,False,0.45,True,0.8999999999999999,0.55
oscillation,-1,accept_all,0.024,49,0,0.45,False,0.55,True,0.8999999999999999,0.45
oscillation,-1,accept_all,0.024,50,0,0.55,False,0.45,True,0.8999999999999999,0.55
oscillation,-1,accept_all,0.024,51,0,0.45,False,0.55,True,0.8999999999999999,0.45
oscillation,-1,accept_all,0.024,52,0,0.55,False,0.45,True,0.8999999999999999,0.55
oscillation,-1,accept_all,0.024,53,0,0.45,False,0.55,True,0.8999999999999999,0.45
oscillation,-1,accept_all,0.024,54,0,0.55,False,0.45,True,0.8999999999999999,0.55
oscillation,-1,accept_all,0.024,55,0,0.45,False,0.55,True,0.8999999999999999,0.45
oscillation,-1,accept_all,0.024,56,0,0.55,False,0.45,True,0.8999999999999999,0.55
oscillation,-1,accept_all,0.024,57,0,0.45,False,0.55,True,0.8999999999999999,0.45
oscillation,-1,accept_all,0.024,58,0,0.55,False,0.45,True,0.8999999999999999,0.55
oscillation,-1,accept_all,0.024,59,0,0.45,False,0.55,True,0.8999999999999999,0.45
oscillation,-1,accept_all,0.024,60,0,0.55,False,0.45,True,0.8999999999999999,0.55
oscillation,-1,accept_all,0.024,61,0,0.45,False,0.55,True,0.8999999999999999,0.45
oscillation,-1,accept_all,0.024,62,0,0.55,False,0.45,True,0.8999999999999999,0.55
oscillation,-1,accept_all,0.024,63,0,0.45,False,0.55,True,0.8999999999999999,0.45
oscillation,-1,accept_all,0.024,64,0,0.55,False,0.45,True,0.8999999999999999,0.55
oscillation,-1,accept_all,0.024,65,0,0.45,False,0.55,True,0.8999999999999999,0.45
oscillation,-1,accept_all,0.024,66,0,0.55,False,0.45,True,0.8999999999999999,0.55
oscillation,-1,accept_all,0.024,67,0,0.45,False,0.55,True,0.8999999999999999,0.45
oscillation,-1,accept_all,0.024,68,0,0.55,False,0.45,True,0.8999999999999999,0.55
oscillation,-1,accept_all,0.024,69,0,0.45,False,0.55,True,0.8999999999999999,0.45
oscillation,-1,accept_all,0.024,70,0,0.55,False,0.45,True,0.8999999999999999,0.55
oscillation,-1,accept_all,0.024,71,0,0.45,False,0.55,True,0.8999999999999999,0.45
oscillation,-1,accept_all,0.024,72,0,0.55,False,0.45,True,0.8999999999999999,0.55
oscillation,-1,accept_all,0.024,73,0,0.45,False,0.55,True,0.8999999999999999,0.45
oscillation,-1,accept_all,0.024,74,0,0.55,False,0.45,True,0.8999999999999999,0.55
oscillation,-1,accept_all,0.024,75,0,0.45,False,0.55,True,0.8999999999999999,0.45
oscillation,-1,accept_all,0.024,76,0,0.55,False,0.45,True,0.8999999999999999,0.55
oscillation,-1,accept_all,0.024,77,0,0.45,False,0.55,True,0.8999999999999999,0.45
oscillation,-1,accept_all,0.024,78,0,0.55,False,0.45,True,0.8999999999999999,0.55
oscillation,-1,accept_all,0.024,79,0,0.45,False,0.55,True,0.8999999999999999,0.45
oscillation,-1,accept_all,0.024,80,0,0.55,False,0.45,True,0.8999999999999999,0.55
oscillation,-1,reference_only,0.024,1,0,0.45,False,0.5,False,0.95,0.5
oscillation,-1,reference_only,0.024,2,0,0.55,False,0.5,False,0.95,0.5
oscillation,-1,reference_only,0.024,3,0,0.45,False,0.5,False,0.95,0.5
oscillation,-1,reference_only,0.024,4,0,0.55,False,0.5,False,0.95,0.5
oscillation,-1,reference_only,0.024,5,0,0.45,False,0.5,False,0.95,0.5
oscillation,-1,reference_only,0.024,6,0,0.55,False,0.5,False,0.95,0.5
oscillation,-1,reference_only,0.024,7,0,0.45,False,0.5,False,0.95,0.5
oscillation,-1,reference_only,0.024,8,0,0.55,False,0.5,False,0.95,0.5
oscillation,-1,reference_only,0.024,9,0,0.45,False,0.5,False,0.95,0.5
oscillation,-1,reference_only,0.024,10,0,0.55,False,0.5,False,0.95,0.5
oscillation,-1,reference_only,0.024,11,0,0.45,False,0.5,False,0.95,0.5
oscillation,-1,reference_only,0.024,12,0,0.55,False,0.5,False,0.95,0.5
oscillation,-1,reference_only,0.024,13,0,0.45,False,0.5,False,0.95,0.5
oscillation,-1,reference_only,0.024,14,0,0.55,False,0.5,False,0.95,0.5
oscillation,-1,reference_only,0.024,15,0,0.45,False,0.5,False,0.95,0.5
oscillation,-1,reference_only,0.024,16,0,0.55,False,0.5,False,0.95,0.5
oscillation,-1,reference_only,0.024,17,0,0.45,False,0.5,False,0.95,0.5
oscillation,-1,reference_only,0.024,18,0,0.55,False,0.5,False,0.95,0.5
oscillation,-1,reference_only,0.024,19,0,0.45,False,0.5,False,0.95,0.5
oscillation,-1,reference_only,0.024,20,0,0.55,False,0.5,False,0.95,0.5
oscillation,-1,reference_only,0.024,21,0,0.45,False,0.5,False,0.95,0.5
oscillation,-1,reference_only,0.024,22,0,0.55,False,0.5,False,0.95,0.5
oscillation,-1,reference_only,0.024,23,0,0.45,False,0.5,False,0.95,0.5
oscillation,-1,reference_only,0.024,24,0,0.55,False,0.5,False,0.95,0.5
oscillation,-1,reference_only,0.024,25,0,0.45,False,0.5,False,0.95,0.5
oscillation,-1,reference_only,0.024,26,0,0.55,False,0.5,False,0.95,0.5
oscillation,-1,reference_only,0.024,27,0,0.45,False,0.5,False,0.95,0.5
oscillation,-1,reference_only,0.024,28,0,0.55,False,0.5,False,0.95,0.5
oscillation,-1,reference_only,0.024,29,0,0.45,False,0.5,False,0.95,0.5
oscillation,-1,reference_only,0.024,30,0,0.55,False,0.5,False,0.95,0.5
oscillation,-1,reference_only,0.024,31,0,0.45,False,0.5,False,0.95,0.5
oscillation,-1,reference_only,0.024,32,0,0.55,False,0.5,False,0.95,0.5
oscillation,-1,reference_only,0.024,33,0,0.45,False,0.5,False,0.95,0.5
oscillation,-1,reference_only,0.024,34,0,0.55,False,0.5,False,0.95,0.5
oscillation,-1,reference_only,0.024,35,0,0.45,False,0.5,False,0.95,0.5
oscillation,-1,reference_only,0.024,36,0,0.55,False,0.5,False,0.95,0.5
oscillation,-1,reference_only,0.024,37,0,0.45,False,0.5,False,0.95,0.5
oscillation,-1,reference_only,0.024,38,0,0.55,False,0.5,False,0.95,0.5
oscillation,-1,reference_only,0.024,39,0,0.45,False,0.5,False,0.95,0.5
oscillation,-1,reference_only,0.024,40,0,0.55,False,0.5,False,0.95,0.5
oscillation,-1,reference_only,0.024,41,0,0.45,False,0.5,False,0.95,0.5
oscillation,-1,reference_only,0.024,42,0,0.55,False,0.5,False,0.95,0.5
oscillation,-1,reference_only,0.024,43,0,0.45,False,0.5,False,0.95,0.5
oscillation,-1,reference_only,0.024,44,0,0.55,False,0.5,False,0.95,0.5
oscillation,-1,reference_only,0.024,45,0,0.45,False,0.5,False,0.95,0.5
oscillation,-1,reference_only,0.024,46,0,0.55,False,0.5,False,0.95,0.5
oscillation,-1,reference_only,0.024,47,0,0.45,False,0.5,False,0.95,0.5
oscillation,-1,reference_only,0.024,48,0,0.55,False,0.5,False,0.95,0.5
oscillation,-1,reference_only,0.024,49,0,0.45,False,0.5,False,0.95,0.5
oscillation,-1,reference_only,0.024,50,0,0.55,False,0.5,False,0.95,0.5
oscillation,-1,reference_only,0.024,51,0,0.45,False,0.5,False,0.95,0.5
oscillation,-1,reference_only,0.024,52,0,0.55,False,0.5,False,0.95,0.5
oscillation,-1,reference_only,0.024,53,0,0.45,False,0.5,False,0.95,0.5
oscillation,-1,reference_only,0.024,54,0,0.55,False,0.5,False,0.95,0.5
oscillation,-1,reference_only,0.024,55,0,0.45,False,0.5,False,0.95,0.5
oscillation,-1,reference_only,0.024,56,0,0.55,False,0.5,False,0.95,0.5
oscillation,-1,reference_only,0.024,57,0,0.45,False,0.5,False,0.95,0.5
oscillation,-1,reference_only,0.024,58,0,0.55,False,0.5,False,0.95,0.5
oscillation,-1,reference_only,0.024,59,0,0.45,False,0.5,False,0.95,0.5
oscillation,-1,reference_only,0.024,60,0,0.55,False,0.5,False,0.95,0.5
oscillation,-1,reference_only,0.024,61,0,0.45,False,0.5,False,0.95,0.5
oscillation,-1,reference_only,0.024,62,0,0.55,False,0.5,False,0.95,0.5
oscillation,-1,reference_only,0.024,63,0,0.45,False,0.5,False,0.95,0.5
oscillation,-1,reference_only,0.024,64,0,0.55,False,0.5,False,0.95,0.5
oscillation,-1,reference_only,0.024,65,0,0.45,False,0.5,False,0.95,0.5
oscillation,-1,reference_only,0.024,66,0,0.55,False,0.5,False,0.95,0.5
oscillation,-1,reference_only,0.024,67,0,0.45,False,0.5,False,0.95,0.5
oscillation,-1,reference_only,0.024,68,0,0.55,False,0.5,False,0.95,0.5
oscillation,-1,reference_only,0.024,69,0,0.45,False,0.5,False,0.95,0.5
oscillation,-1,reference_only,0.024,70,0,0.55,False,0.5,False,0.95,0.5
oscillation,-1,reference_only,0.024,71,0,0.45,False,0.5,False,0.95,0.5
oscillation,-1,reference_only,0.024,72,0,0.55,False,0.5,False,0.95,0.5
oscillation,-1,reference_only,0.024,73,0,0.45,False,0.5,False,0.95,0.5
oscillation,-1,reference_only,0.024,74,0,0.55,False,0.5,False,0.95,0.5
oscillation,-1,reference_only,0.024,75,0,0.45,False,0.5,False,0.95,0.5
oscillation,-1,reference_only,0.024,76,0,0.55,False,0.5,False,0.95,0.5
oscillation,-1,reference_only,0.024,77,0,0.45,False,0.5,False,0.95,0.5
oscillation,-1,reference_only,0.024,78,0,0.55,False,0.5,False,0.95,0.5
oscillation,-1,reference_only,0.024,79,0,0.45,False,0.5,False,0.95,0.5
oscillation,-1,reference_only,0.024,80,0,0.55,False,0.5,False,0.95,0.5
oscillation,-1,gated,0.026,1,0,0.45,False,0.5,False,0.95,0.5
oscillation,-1,gated,0.026,2,0,0.55,False,0.5,False,0.95,0.5
oscillation,-1,gated,0.026,3,0,0.45,False,0.5,False,0.95,0.5
oscillation,-1,gated,0.026,4,0,0.55,False,0.5,False,0.95,0.5
oscillation,-1,gated,0.026,5,0,0.45,False,0.5,False,0.95,0.5
oscillation,-1,gated,0.026,6,0,0.55,False,0.5,False,0.95,0.5
oscillation,-1,gated,0.026,7,0,0.45,False,0.5,False,0.95,0.5
oscillation,-1,gated,0.026,8,0,0.55,False,0.5,False,0.95,0.5
oscillation,-1,gated,0.026,9,0,0.45,False,0.5,False,0.95,0.5
oscillation,-1,gated,0.026,10,0,0.55,False,0.5,False,0.95,0.5
oscillation,-1,gated,0.026,11,0,0.45,False,0.5,False,0.95,0.5
oscillation,-1,gated,0.026,12,0,0.55,False,0.5,False,0.95,0.5
oscillation,-1,gated,0.026,13,0,0.45,False,0.5,False,0.95,0.5
oscillation,-1,gated,0.026,14,0,0.55,False,0.5,False,0.95,0.5
oscillation,-1,gated,0.026,15,0,0.45,False,0.5,False,0.95,0.5
oscillation,-1,gated,0.026,16,0,0.55,False,0.5,False,0.95,0.5
oscillation,-1,gated,0.026,17,0,0.45,False,0.5,False,0.95,0.5
oscillation,-1,gated,0.026,18,0,0.55,False,0.5,False,0.95,0.5
oscillation,-1,gated,0.026,19,0,0.45,False,0.5,False,0.95,0.5
oscillation,-1,gated,0.026,20,0,0.55,False,0.5,False,0.95,0.5
oscillation,-1,gated,0.026,21,0,0.45,False,0.5,False,0.95,0.5
oscillation,-1,gated,0.026,22,0,0.55,False,0.5,False,0.95,0.5
oscillation,-1,gated,0.026,23,0,0.45,False,0.5,False,0.95,0.5
oscillation,-1,gated,0.026,24,0,0.55,False,0.5,False,0.95,0.5
oscillation,-1,gated,0.026,25,0,0.45,False,0.5,False,0.95,0.5
oscillation,-1,gated,0.026,26,0,0.55,False,0.5,False,0.95,0.5
oscillation,-1,gated,0.026,27,0,0.45,False,0.5,False,0.95,0.5
oscillation,-1,gated,0.026,28,0,0.55,False,0.5,False,0.95,0.5
oscillation,-1,gated,0.026,29,0,0.45,False,0.5,False,0.95,0.5
oscillation,-1,gated,0.026,30,0,0.55,False,0.5,False,0.95,0.5
oscillation,-1,gated,0.026,31,0,0.45,False,0.5,False,0.95,0.5
oscillation,-1,gated,0.026,32,0,0.55,False,0.5,False,0.95,0.5
oscillation,-1,gated,0.026,33,0,0.45,False,0.5,False,0.95,0.5
oscillation,-1,gated,0.026,34,0,0.55,False,0.5,False,0.95,0.5
oscillation,-1,gated,0.026,35,0,0.45,False,0.5,False,0.95,0.5
oscillation,-1,gated,0.026,36,0,0.55,False,0.5,False,0.95,0.5
oscillation,-1,gated,0.026,37,0,0.45,False,0.5,False,0.95,0.5
oscillation,-1,gated,0.026,38,0,0.55,False,0.5,False,0.95,0.5
oscillation,-1,gated,0.026,39,0,0.45,False,0.5,False,0.95,0.5
oscillation,-1,gated,0.026,40,0,0.55,False,0.5,False,0.95,0.5
oscillation,-1,gated,0.026,41,0,0.45,False,0.5,False,0.95,0.5
oscillation,-1,gated,0.026,42,0,0.55,False,0.5,False,0.95,0.5
oscillation,-1,gated,0.026,43,0,0.45,False,0.5,False,0.95,0.5
oscillation,-1,gated,0.026,44,0,0.55,False,0.5,False,0.95,0.5
oscillation,-1,gated,0.026,45,0,0.45,False,0.5,False,0.95,0.5
oscillation,-1,gated,0.026,46,0,0.55,False,0.5,False,0.95,0.5
oscillation,-1,gated,0.026,47,0,0.45,False,0.5,False,0.95,0.5
oscillation,-1,gated,0.026,48,0,0.55,False,0.5,False,0.95,0.5
oscillation,-1,gated,0.026,49,0,0.45,False,0.5,False,0.95,0.5
oscillation,-1,gated,0.026,50,0,0.55,False,0.5,False,0.95,0.5
oscillation,-1,gated,0.026,51,0,0.45,False,0.5,False,0.95,0.5
oscillation,-1,gated,0.026,52,0,0.55,False,0.5,False,0.95,0.5
oscillation,-1,gated,0.026,53,0,0.45,False,0.5,False,0.95,0.5
oscillation,-1,gated,0.026,54,0,0.55,False,0.5,False,0.95,0.5
oscillation,-1,gated,0.026,55,0,0.45,False,0.5,False,0.95,0.5
oscillation,-1,gated,0.026,56,0,0.55,False,0.5,False,0.95,0.5
oscillation,-1,gated,0.026,57,0,0.45,False,0.5,False,0.95,0.5
oscillation,-1,gated,0.026,58,0,0.55,False,0.5,False,0.95,0.5
oscillation,-1,gated,0.026,59,0,0.45,False,0.5,False,0.95,0.5
oscillation,-1,gated,0.026,60,0,0.55,False,0.5,False,0.95,0.5
oscillation,-1,gated,0.026,61,0,0.45,False,0.5,False,0.95,0.5
oscillation,-1,gated,0.026,62,0,0.55,False,0.5,False,0.95,0.5
oscillation,-1,gated,0.026,63,0,0.45,False,0.5,False,0.95,0.5
oscillation,-1,gated,0.026,64,0,0.55,False,0.5,False,0.95,0.5
oscillation,-1,gated,0.026,65,0,0.45,False,0.5,False,0.95,0.5
oscillation,-1,gated,0.026,66,0,0.55,False,0.5,False,0.95,0.5
oscillation,-1,gated,0.026,67,0,0.45,False,0.5,False,0.95,0.5
oscillation,-1,gated,0.026,68,0,0.55,False,0.5,False,0.95,0.5
oscillation,-1,gated,0.026,69,0,0.45,False,0.5,False,0.95,0.5
oscillation,-1,gated,0.026,70,0,0.55,False,0.5,False,0.95,0.5
oscillation,-1,gated,0.026,71,0,0.45,False,0.5,False,0.95,0.5
oscillation,-1,gated,0.026,72,0,0.55,False,0.5,False,0.95,0.5
oscillation,-1,gated,0.026,73,0,0.45,False,0.5,False,0.95,0.5
oscillation,-1,gated,0.026,74,0,0.55,False,0.5,False,0.95,0.5
oscillation,-1,gated,0.026,75,0,0.45,False,0.5,False,0.95,0.5
oscillation,-1,gated,0.026,76,0,0.55,False,0.5,False,0.95,0.5
oscillation,-1,gated,0.026,77,0,0.45,False,0.5,False,0.95,0.5
oscillation,-1,gated,0.026,78,0,0.55,False,0.5,False,0.95,0.5
oscillation,-1,gated,0.026,79,0,0.45,False,0.5,False,0.95,0.5
oscillation,-1,gated,0.026,80,0,0.55,False,0.5,False,0.95,0.5
oscillation,-1,accept_all,0.026,1,0,0.45,False,0.5,True,0.95,0.45
oscillation,-1,accept_all,0.026,2,0,0.55,False,0.45,True,0.8999999999999999,0.55
oscillation,-1,accept_all,0.026,3,0,0.45,False,0.55,True,0.8999999999999999,0.45
oscillation,-1,accept_all,0.026,4,0,0.55,False,0.45,True,0.8999999999999999,0.55
oscillation,-1,accept_all,0.026,5,0,0.45,False,0.55,True,0.8999999999999999,0.45
oscillation,-1,accept_all,0.026,6,0,0.55,False,0.45,True,0.8999999999999999,0.55
oscillation,-1,accept_all,0.026,7,0,0.45,False,0.55,True,0.8999999999999999,0.45
oscillation,-1,accept_all,0.026,8,0,0.55,False,0.45,True,0.8999999999999999,0.55
oscillation,-1,accept_all,0.026,9,0,0.45,False,0.55,True,0.8999999999999999,0.45
oscillation,-1,accept_all,0.026,10,0,0.55,False,0.45,True,0.8999999999999999,0.55
oscillation,-1,accept_all,0.026,11,0,0.45,False,0.55,True,0.8999999999999999,0.45
oscillation,-1,accept_all,0.026,12,0,0.55,False,0.45,True,0.8999999999999999,0.55
oscillation,-1,accept_all,0.026,13,0,0.45,False,0.55,True,0.8999999999999999,0.45
oscillation,-1,accept_all,0.026,14,0,0.55,False,0.45,True,0.8999999999999999,0.55
oscillation,-1,accept_all,0.026,15,0,0.45,False,0.55,True,0.8999999999999999,0.45
oscillation,-1,accept_all,0.026,16,0,0.55,False,0.45,True,0.8999999999999999,0.55
oscillation,-1,accept_all,0.026,17,0,0.45,False,0.55,True,0.8999999999999999,0.45
oscillation,-1,accept_all,0.026,18,0,0.55,False,0.45,True,0.8999999999999999,0.55
oscillation,-1,accept_all,0.026,19,0,0.45,False,0.55,True,0.8999999999999999,0.45
oscillation,-1,accept_all,0.026,20,0,0.55,False,0.45,True,0.8999999999999999,0.55
oscillation,-1,accept_all,0.026,21,0,0.45,False,0.55,True,0.8999999999999999,0.45
oscillation,-1,accept_all,0.026,22,0,0.55,False,0.45,True,0.8999999999999999,0.55
oscillation,-1,accept_all,0.026,23,0,0.45,False,0.55,True,0.8999999999999999,0.45
oscillation,-1,accept_all,0.026,24,0,0.55,False,0.45,True,0.8999999999999999,0.55
oscillation,-1,accept_all,0.026,25,0,0.45,False,0.55,True,0.8999999999999999,0.45
oscillation,-1,accept_all,0.026,26,0,0.55,False,0.45,True,0.8999999999999999,0.55
oscillation,-1,accept_all,0.026,27,0,0.45,False,0.55,True,0.8999999999999999,0.45
oscillation,-1,accept_all,0.026,28,0,0.55,False,0.45,True,0.8999999999999999,0.55
oscillation,-1,accept_all,0.026,29,0,0.45,False,0.55,True,0.8999999999999999,0.45
oscillation,-1,accept_all,0.026,30,0,0.55,False,0.45,True,0.8999999999999999,0.55
oscillation,-1,accept_all,0.026,31,0,0.45,False,0.55,True,0.8999999999999999,0.45
oscillation,-1,accept_all,0.026,32,0,0.55,False,0.45,True,0.8999999999999999,0.55
oscillation,-1,accept_all,0.026,33,0,0.45,False,0.55,True,0.8999999999999999,0.45
oscillation,-1,accept_all,0.026,34,0,0.55,False,0.45,True,0.8999999999999999,0.55
oscillation,-1,accept_all,0.026,35,0,0.45,False,0.55,True,0.8999999999999999,0.45
oscillation,-1,accept_all,0.026,36,0,0.55,False,0.45,True,0.8999999999999999,0.55
oscillation,-1,accept_all,0.026,37,0,0.45,False,0.55,True,0.8999999999999999,0.45
oscillation,-1,accept_all,0.026,38,0,0.55,False,0.45,True,0.8999999999999999,0.55
oscillation,-1,accept_all,0.026,39,0,0.45,False,0.55,True,0.8999999999999999,0.45
oscillation,-1,accept_all,0.026,40,0,0.55,False,0.45,True,0.8999999999999999,0.55
oscillation,-1,accept_all,0.026,41,0,0.45,False,0.55,True,0.8999999999999999,0.45
oscillation,-1,accept_all,0.026,42,0,0.55,False,0.45,True,0.8999999999999999,0.55
oscillation,-1,accept_all,0.026,43,0,0.45,False,0.55,True,0.8999999999999999,0.45
oscillation,-1,accept_all,0.026,44,0,0.55,False,0.45,True,0.8999999999999999,0.55
oscillation,-1,accept_all,0.026,45,0,0.45,False,0.55,True,0.8999999999999999,0.45
oscillation,-1,accept_all,0.026,46,0,0.55,False,0.45,True,0.8999999999999999,0.55
oscillation,-1,accept_all,0.026,47,0,0.45,False,0.55,True,0.8999999999999999,0.45
oscillation,-1,accept_all,0.026,48,0,0.55,False,0.45,True,0.8999999999999999,0.55
oscillation,-1,accept_all,0.026,49,0,0.45,False,0.55,True,0.8999999999999999,0.45
oscillation,-1,accept_all,0.026,50,0,0.55,False,0.45,True,0.8999999999999999,0.55
oscillation,-1,accept_all,0.026,51,0,0.45,False,0.55,True,0.8999999999999999,0.45
oscillation,-1,accept_all,0.026,52,0,0.55,False,0.45,True,0.8999999999999999,0.55
oscillation,-1,accept_all,0.026,53,0,0.45,False,0.55,True,0.8999999999999999,0.45
oscillation,-1,accept_all,0.026,54,0,0.55,False,0.45,True,0.8999999999999999,0.55
oscillation,-1,accept_all,0.026,55,0,0.45,False,0.55,True,0.8999999999999999,0.45
oscillation,-1,accept_all,0.026,56,0,0.55,False,0.45,True,0.8999999999999999,0.55
oscillation,-1,accept_all,0.026,57,0,0.45,False,0.55,True,0.8999999999999999,0.45
oscillation,-1,accept_all,0.026,58,0,0.55,False,0.45,True,0.8999999999999999,0.55
oscillation,-1,accept_all,0.026,59,0,0.45,False,0.55,True,0.8999999999999999,0.45
oscillation,-1,accept_all,0.026,60,0,0.55,False,0.45,True,0.8999999999999999,0.55
oscillation,-1,accept_all,0.026,61,0,0.45,False,0.55,True,0.8999999999999999,0.45
oscillation,-1,accept_all,0.026,62,0,0.55,False,0.45,True,0.8999999999999999,0.55
oscillation,-1,accept_all,0.026,63,0,0.45,False,0.55,True,0.8999999999999999,0.45
oscillation,-1,accept_all,0.026,64,0,0.55,False,0.45,True,0.8999999999999999,0.55
oscillation,-1,accept_all,0.026,65,0,0.45,False,0.55,True,0.8999999999999999,0.45
oscillation,-1,accept_all,0.026,66,0,0.55,False,0.45,True,0.8999999999999999,0.55
oscillation,-1,accept_all,0.026,67,0,0.45,False,0.55,True,0.8999999999999999,0.45
oscillation,-1,accept_all,0.026,68,0,0.55,False,0.45,True,0.8999999999999999,0.55
oscillation,-1,accept_all,0.026,69,0,0.45,False,0.55,True,0.8999999999999999,0.45
oscillation,-1,accept_all,0.026,70,0,0.55,False,0.45,True,0.8999999999999999,0.55
oscillation,-1,accept_all,0.026,71,0,0.45,False,0.55,True,0.8999999999999999,0.45
oscillation,-1,accept_all,0.026,72,0,0.55,False,0.45,True,0.8999999999999999,0.55
oscillation,-1,accept_all,0.026,73,0,0.45,False,0.55,True,0.8999999999999999,0.45
oscillation,-1,accept_all,0.026,74,0,0.55,False,0.45,True,0.8999999999999999,0.55
oscillation,-1,accept_all,0.026,75,0,0.45,False,0.55,True,0.8999999999999999,0.45
oscillation,-1,accept_all,0.026,76,0,0.55,False,0.45,True,0.8999999999999999,0.55
oscillation,-1,accept_all,0.026,77,0,0.45,False,0.55,True,0.8999999999999999,0.45
oscillation,-1,accept_all,0.026,78,0,0.55,False,0.45,True,0.8999999999999999,0.55
oscillation,-1,accept_all,0.026,79,0,0.45,False,0.55,True,0.8999999999999999,0.45
oscillation,-1,accept_all,0.026,80,0,0.55,False,0.45,True,0.8999999999999999,0.55
oscillation,-1,reference_only,0.026,1,0,0.45,False,0.5,False,0.95,0.5
oscillation,-1,reference_only,0.026,2,0,0.55,False,0.5,False,0.95,0.5
oscillation,-1,reference_only,0.026,3,0,0.45,False,0.5,False,0.95,0.5
oscillation,-1,reference_only,0.026,4,0,0.55,False,0.5,False,0.95,0.5
oscillation,-1,reference_only,0.026,5,0,0.45,False,0.5,False,0.95,0.5
oscillation,-1,reference_only,0.026,6,0,0.55,False,0.5,False,0.95,0.5
oscillation,-1,reference_only,0.026,7,0,0.45,False,0.5,False,0.95,0.5
oscillation,-1,reference_only,0.026,8,0,0.55,False,0.5,False,0.95,0.5
oscillation,-1,reference_only,0.026,9,0,0.45,False,0.5,False,0.95,0.5
oscillation,-1,reference_only,0.026,10,0,0.55,False,0.5,False,0.95,0.5
oscillation,-1,reference_only,0.026,11,0,0.45,False,0.5,False,0.95,0.5
oscillation,-1,reference_only,0.026,12,0,0.55,False,0.5,False,0.95,0.5
oscillation,-1,reference_only,0.026,13,0,0.45,False,0.5,False,0.95,0.5
oscillation,-1,reference_only,0.026,14,0,0.55,False,0.5,False,0.95,0.5
oscillation,-1,reference_only,0.026,15,0,0.45,False,0.5,False,0.95,0.5
oscillation,-1,reference_only,0.026,16,0,0.55,False,0.5,False,0.95,0.5
oscillation,-1,reference_only,0.026,17,0,0.45,False,0.5,False,0.95,0.5
oscillation,-1,reference_only,0.026,18,0,0.55,False,0.5,False,0.95,0.5
oscillation,-1,reference_only,0.026,19,0,0.45,False,0.5,False,0.95,0.5
oscillation,-1,reference_only,0.026,20,0,0.55,False,0.5,False,0.95,0.5
oscillation,-1,reference_only,0.026,21,0,0.45,False,0.5,False,0.95,0.5
oscillation,-1,reference_only,0.026,22,0,0.55,False,0.5,False,0.95,0.5
oscillation,-1,reference_only,0.026,23,0,0.45,False,0.5,False,0.95,0.5
oscillation,-1,reference_only,0.026,24,0,0.55,False,0.5,False,0.95,0.5
oscillation,-1,reference_only,0.026,25,0,0.45,False,0.5,False,0.95,0.5
oscillation,-1,reference_only,0.026,26,0,0.55,False,0.5,False,0.95,0.5
oscillation,-1,reference_only,0.026,27,0,0.45,False,0.5,False,0.95,0.5
oscillation,-1,reference_only,0.026,28,0,0.55,False,0.5,False,0.95,0.5
oscillation,-1,reference_only,0.026,29,0,0.45,False,0.5,False,0.95,0.5
oscillation,-1,reference_only,0.026,30,0,0.55,False,0.5,False,0.95,0.5
oscillation,-1,reference_only,0.026,31,0,0.45,False,0.5,False,0.95,0.5
oscillation,-1,reference_only,0.026,32,0,0.55,False,0.5,False,0.95,0.5
oscillation,-1,reference_only,0.026,33,0,0.45,False,0.5,False,0.95,0.5
oscillation,-1,reference_only,0.026,34,0,0.55,False,0.5,False,0.95,0.5
oscillation,-1,reference_only,0.026,35,0,0.45,False,0.5,False,0.95,0.5
oscillation,-1,reference_only,0.026,36,0,0.55,False,0.5,False,0.95,0.5
oscillation,-1,reference_only,0.026,37,0,0.45,False,0.5,False,0.95,0.5
oscillation,-1,reference_only,0.026,38,0,0.55,False,0.5,False,0.95,0.5
oscillation,-1,reference_only,0.026,39,0,0.45,False,0.5,False,0.95,0.5
oscillation,-1,reference_only,0.026,40,0,0.55,False,0.5,False,0.95,0.5
oscillation,-1,reference_only,0.026,41,0,0.45,False,0.5,False,0.95,0.5
oscillation,-1,reference_only,0.026,42,0,0.55,False,0.5,False,0.95,0.5
oscillation,-1,reference_only,0.026,43,0,0.45,False,0.5,False,0.95,0.5
oscillation,-1,reference_only,0.026,44,0,0.55,False,0.5,False,0.95,0.5
oscillation,-1,reference_only,0.026,45,0,0.45,False,0.5,False,0.95,0.5
oscillation,-1,reference_only,0.026,46,0,0.55,False,0.5,False,0.95,0.5
oscillation,-1,reference_only,0.026,47,0,0.45,False,0.5,False,0.95,0.5
oscillation,-1,reference_only,0.026,48,0,0.55,False,0.5,False,0.95,0.5
oscillation,-1,reference_only,0.026,49,0,0.45,False,0.5,False,0.95,0.5
oscillation,-1,reference_only,0.026,50,0,0.55,False,0.5,False,0.95,0.5
oscillation,-1,reference_only,0.026,51,0,0.45,False,0.5,False,0.95,0.5
oscillation,-1,reference_only,0.026,52,0,0.55,False,0.5,False,0.95,0.5
oscillation,-1,reference_only,0.026,53,0,0.45,False,0.5,False,0.95,0.5
oscillation,-1,reference_only,0.026,54,0,0.55,False,0.5,False,0.95,0.5
oscillation,-1,reference_only,0.026,55,0,0.45,False,0.5,False,0.95,0.5
oscillation,-1,reference_only,0.026,56,0,0.55,False,0.5,False,0.95,0.5
oscillation,-1,reference_only,0.026,57,0,0.45,False,0.5,False,0.95,0.5
oscillation,-1,reference_only,0.026,58,0,0.55,False,0.5,False,0.95,0.5
oscillation,-1,reference_only,0.026,59,0,0.45,False,0.5,False,0.95,0.5
oscillation,-1,reference_only,0.026,60,0,0.55,False,0.5,False,0.95,0.5
oscillation,-1,reference_only,0.026,61,0,0.45,False,0.5,False,0.95,0.5
oscillation,-1,reference_only,0.026,62,0,0.55,False,0.5,False,0.95,0.5
oscillation,-1,reference_only,0.026,63,0,0.45,False,0.5,False,0.95,0.5
oscillation,-1,reference_only,0.026,64,0,0.55,False,0.5,False,0.95,0.5
oscillation,-1,reference_only,0.026,65,0,0.45,False,0.5,False,0.95,0.5
oscillation,-1,reference_only,0.026,66,0,0.55,False,0.5,False,0.95,0.5
oscillation,-1,reference_only,0.026,67,0,0.45,False,0.5,False,0.95,0.5
oscillation,-1,reference_only,0.026,68,0,0.55,False,0.5,False,0.95,0.5
oscillation,-1,reference_only,0.026,69,0,0.45,False,0.5,False,0.95,0.5
oscillation,-1,reference_only,0.026,70,0,0.55,False,0.5,False,0.95,0.5
oscillation,-1,reference_only,0.026,71,0,0.45,False,0.5,False,0.95,0.5
oscillation,-1,reference_only,0.026,72,0,0.55,False,0.5,False,0.95,0.5
oscillation,-1,reference_only,0.026,73,0,0.45,False,0.5,False,0.95,0.5
oscillation,-1,reference_only,0.026,74,0,0.55,False,0.5,False,0.95,0.5
oscillation,-1,reference_only,0.026,75,0,0.45,False,0.5,False,0.95,0.5
oscillation,-1,reference_only,0.026,76,0,0.55,False,0.5,False,0.95,0.5
oscillation,-1,reference_only,0.026,77,0,0.45,False,0.5,False,0.95,0.5
oscillation,-1,reference_only,0.026,78,0,0.55,False,0.5,False,0.95,0.5
oscillation,-1,reference_only,0.026,79,0,0.45,False,0.5,False,0.95,0.5
oscillation,-1,reference_only,0.026,80,0,0.55,False,0.5,False,0.95,0.5
oscillation,-1,gated,0.05,1,0,0.45,False,0.5,True,0.95,0.45
oscillation,-1,gated,0.05,2,0,0.55,False,0.45,False,0.8999999999999999,0.45
oscillation,-1,gated,0.05,3,0,0.45,False,0.45,True,1.0,0.45
oscillation,-1,gated,0.05,4,0,0.55,False,0.45,False,0.8999999999999999,0.45
oscillation,-1,gated,0.05,5,0,0.45,False,0.45,True,1.0,0.45
oscillation,-1,gated,0.05,6,0,0.55,False,0.45,False,0.8999999999999999,0.45
oscillation,-1,gated,0.05,7,0,0.45,False,0.45,True,1.0,0.45
oscillation,-1,gated,0.05,8,0,0.55,False,0.45,False,0.8999999999999999,0.45
oscillation,-1,gated,0.05,9,0,0.45,False,0.45,True,1.0,0.45
oscillation,-1,gated,0.05,10,0,0.55,False,0.45,False,0.8999999999999999,0.45
oscillation,-1,gated,0.05,11,0,0.45,False,0.45,True,1.0,0.45
oscillation,-1,gated,0.05,12,0,0.55,False,0.45,False,0.8999999999999999,0.45
oscillation,-1,gated,0.05,13,0,0.45,False,0.45,True,1.0,0.45
oscillation,-1,gated,0.05,14,0,0.55,False,0.45,False,0.8999999999999999,0.45
oscillation,-1,gated,0.05,15,0,0.45,False,0.45,True,1.0,0.45
oscillation,-1,gated,0.05,16,0,0.55,False,0.45,False,0.8999999999999999,0.45
oscillation,-1,gated,0.05,17,0,0.45,False,0.45,True,1.0,0.45
oscillation,-1,gated,0.05,18,0,0.55,False,0.45,False,0.8999999999999999,0.45
oscillation,-1,gated,0.05,19,0,0.45,False,0.45,True,1.0,0.45
oscillation,-1,gated,0.05,20,0,0.55,False,0.45,False,0.8999999999999999,0.45
oscillation,-1,gated,0.05,21,0,0.45,False,0.45,True,1.0,0.45
oscillation,-1,gated,0.05,22,0,0.55,False,0.45,False,0.8999999999999999,0.45
oscillation,-1,gated,0.05,23,0,0.45,False,0.45,True,1.0,0.45
oscillation,-1,gated,0.05,24,0,0.55,False,0.45,False,0.8999999999999999,0.45
oscillation,-1,gated,0.05,25,0,0.45,False,0.45,True,1.0,0.45
oscillation,-1,gated,0.05,26,0,0.55,False,0.45,False,0.8999999999999999,0.45
oscillation,-1,gated,0.05,27,0,0.45,False,0.45,True,1.0,0.45
oscillation,-1,gated,0.05,28,0,0.55,False,0.45,False,0.8999999999999999,0.45
oscillation,-1,gated,0.05,29,0,0.45,False,0.45,True,1.0,0.45
oscillation,-1,gated,0.05,30,0,0.55,False,0.45,False,0.8999999999999999,0.45
oscillation,-1,gated,0.05,31,0,0.45,False,0.45,True,1.0,0.45
oscillation,-1,gated,0.05,32,0,0.55,False,0.45,False,0.8999999999999999,0.45
oscillation,-1,gated,0.05,33,0,0.45,False,0.45,True,1.0,0.45
oscillation,-1,gated,0.05,34,0,0.55,False,0.45,False,0.8999999999999999,0.45
oscillation,-1,gated,0.05,35,0,0.45,False,0.45,True,1.0,0.45
oscillation,-1,gated,0.05,36,0,0.55,False,0.45,False,0.8999999999999999,0.45
oscillation,-1,gated,0.05,37,0,0.45,False,0.45,True,1.0,0.45
oscillation,-1,gated,0.05,38,0,0.55,False,0.45,False,0.8999999999999999,0.45
oscillation,-1,gated,0.05,39,0,0.45,False,0.45,True,1.0,0.45
oscillation,-1,gated,0.05,40,0,0.55,False,0.45,False,0.8999999999999999,0.45
oscillation,-1,gated,0.05,41,0,0.45,False,0.45,True,1.0,0.45
oscillation,-1,gated,0.05,42,0,0.55,False,0.45,False,0.8999999999999999,0.45
oscillation,-1,gated,0.05,43,0,0.45,False,0.45,True,1.0,0.45
oscillation,-1,gated,0.05,44,0,0.55,False,0.45,False,0.8999999999999999,0.45
oscillation,-1,gated,0.05,45,0,0.45,False,0.45,True,1.0,0.45
oscillation,-1,gated,0.05,46,0,0.55,False,0.45,False,0.8999999999999999,0.45
oscillation,-1,gated,0.05,47,0,0.45,False,0.45,True,1.0,0.45
oscillation,-1,gated,0.05,48,0,0.55,False,0.45,False,0.8999999999999999,0.45
oscillation,-1,gated,0.05,49,0,0.45,False,0.45,True,1.0,0.45
oscillation,-1,gated,0.05,50,0,0.55,False,0.45,False,0.8999999999999999,0.45
oscillation,-1,gated,0.05,51,0,0.45,False,0.45,True,1.0,0.45
oscillation,-1,gated,0.05,52,0,0.55,False,0.45,False,0.8999999999999999,0.45
oscillation,-1,gated,0.05,53,0,0.45,False,0.45,True,1.0,0.45
oscillation,-1,gated,0.05,54,0,0.55,False,0.45,False,0.8999999999999999,0.45
oscillation,-1,gated,0.05,55,0,0.45,False,0.45,True,1.0,0.45
oscillation,-1,gated,0.05,56,0,0.55,False,0.45,False,0.8999999999999999,0.45
oscillation,-1,gated,0.05,57,0,0.45,False,0.45,True,1.0,0.45
oscillation,-1,gated,0.05,58,0,0.55,False,0.45,False,0.8999999999999999,0.45
oscillation,-1,gated,0.05,59,0,0.45,False,0.45,True,1.0,0.45
oscillation,-1,gated,0.05,60,0,0.55,False,0.45,False,0.8999999999999999,0.45
oscillation,-1,gated,0.05,61,0,0.45,False,0.45,True,1.0,0.45
oscillation,-1,gated,0.05,62,0,0.55,False,0.45,False,0.8999999999999999,0.45
oscillation,-1,gated,0.05,63,0,0.45,False,0.45,True,1.0,0.45
oscillation,-1,gated,0.05,64,0,0.55,False,0.45,False,0.8999999999999999,0.45
oscillation,-1,gated,0.05,65,0,0.45,False,0.45,True,1.0,0.45
oscillation,-1,gated,0.05,66,0,0.55,False,0.45,False,0.8999999999999999,0.45
oscillation,-1,gated,0.05,67,0,0.45,False,0.45,True,1.0,0.45
oscillation,-1,gated,0.05,68,0,0.55,False,0.45,False,0.8999999999999999,0.45
oscillation,-1,gated,0.05,69,0,0.45,False,0.45,True,1.0,0.45
oscillation,-1,gated,0.05,70,0,0.55,False,0.45,False,0.8999999999999999,0.45
oscillation,-1,gated,0.05,71,0,0.45,False,0.45,True,1.0,0.45
oscillation,-1,gated,0.05,72,0,0.55,False,0.45,False,0.8999999999999999,0.45
oscillation,-1,gated,0.05,73,0,0.45,False,0.45,True,1.0,0.45
oscillation,-1,gated,0.05,74,0,0.55,False,0.45,False,0.8999999999999999,0.45
oscillation,-1,gated,0.05,75,0,0.45,False,0.45,True,1.0,0.45
oscillation,-1,gated,0.05,76,0,0.55,False,0.45,False,0.8999999999999999,0.45
oscillation,-1,gated,0.05,77,0,0.45,False,0.45,True,1.0,0.45
oscillation,-1,gated,0.05,78,0,0.55,False,0.45,False,0.8999999999999999,0.45
oscillation,-1,gated,0.05,79,0,0.45,False,0.45,True,1.0,0.45
oscillation,-1,gated,0.05,80,0,0.55,False,0.45,False,0.8999999999999999,0.45
oscillation,-1,accept_all,0.05,1,0,0.45,False,0.5,True,0.95,0.45
oscillation,-1,accept_all,0.05,2,0,0.55,False,0.45,True,0.8999999999999999,0.55
oscillation,-1,accept_all,0.05,3,0,0.45,False,0.55,True,0.8999999999999999,0.45
oscillation,-1,accept_all,0.05,4,0,0.55,False,0.45,True,0.8999999999999999,0.55
oscillation,-1,accept_all,0.05,5,0,0.45,False,0.55,True,0.8999999999999999,0.45
oscillation,-1,accept_all,0.05,6,0,0.55,False,0.45,True,0.8999999999999999,0.55
oscillation,-1,accept_all,0.05,7,0,0.45,False,0.55,True,0.8999999999999999,0.45
oscillation,-1,accept_all,0.05,8,0,0.55,False,0.45,True,0.8999999999999999,0.55
oscillation,-1,accept_all,0.05,9,0,0.45,False,0.55,True,0.8999999999999999,0.45
oscillation,-1,accept_all,0.05,10,0,0.55,False,0.45,True,0.8999999999999999,0.55
oscillation,-1,accept_all,0.05,11,0,0.45,False,0.55,True,0.8999999999999999,0.45
oscillation,-1,accept_all,0.05,12,0,0.55,False,0.45,True,0.8999999999999999,0.55
oscillation,-1,accept_all,0.05,13,0,0.45,False,0.55,True,0.8999999999999999,0.45
oscillation,-1,accept_all,0.05,14,0,0.55,False,0.45,True,0.8999999999999999,0.55
oscillation,-1,accept_all,0.05,15,0,0.45,False,0.55,True,0.8999999999999999,0.45
oscillation,-1,accept_all,0.05,16,0,0.55,False,0.45,True,0.8999999999999999,0.55
oscillation,-1,accept_all,0.05,17,0,0.45,False,0.55,True,0.8999999999999999,0.45
oscillation,-1,accept_all,0.05,18,0,0.55,False,0.45,True,0.8999999999999999,0.55
oscillation,-1,accept_all,0.05,19,0,0.45,False,0.55,True,0.8999999999999999,0.45
oscillation,-1,accept_all,0.05,20,0,0.55,False,0.45,True,0.8999999999999999,0.55
oscillation,-1,accept_all,0.05,21,0,0.45,False,0.55,True,0.8999999999999999,0.45
oscillation,-1,accept_all,0.05,22,0,0.55,False,0.45,True,0.8999999999999999,0.55
oscillation,-1,accept_all,0.05,23,0,0.45,False,0.55,True,0.8999999999999999,0.45
oscillation,-1,accept_all,0.05,24,0,0.55,False,0.45,True,0.8999999999999999,0.55
oscillation,-1,accept_all,0.05,25,0,0.45,False,0.55,True,0.8999999999999999,0.45
oscillation,-1,accept_all,0.05,26,0,0.55,False,0.45,True,0.8999999999999999,0.55
oscillation,-1,accept_all,0.05,27,0,0.45,False,0.55,True,0.8999999999999999,0.45
oscillation,-1,accept_all,0.05,28,0,0.55,False,0.45,True,0.8999999999999999,0.55
oscillation,-1,accept_all,0.05,29,0,0.45,False,0.55,True,0.8999999999999999,0.45
oscillation,-1,accept_all,0.05,30,0,0.55,False,0.45,True,0.8999999999999999,0.55
oscillation,-1,accept_all,0.05,31,0,0.45,False,0.55,True,0.8999999999999999,0.45
oscillation,-1,accept_all,0.05,32,0,0.55,False,0.45,True,0.8999999999999999,0.55
oscillation,-1,accept_all,0.05,33,0,0.45,False,0.55,True,0.8999999999999999,0.45
oscillation,-1,accept_all,0.05,34,0,0.55,False,0.45,True,0.8999999999999999,0.55
oscillation,-1,accept_all,0.05,35,0,0.45,False,0.55,True,0.8999999999999999,0.45
oscillation,-1,accept_all,0.05,36,0,0.55,False,0.45,True,0.8999999999999999,0.55
oscillation,-1,accept_all,0.05,37,0,0.45,False,0.55,True,0.8999999999999999,0.45
oscillation,-1,accept_all,0.05,38,0,0.55,False,0.45,True,0.8999999999999999,0.55
oscillation,-1,accept_all,0.05,39,0,0.45,False,0.55,True,0.8999999999999999,0.45
oscillation,-1,accept_all,0.05,40,0,0.55,False,0.45,True,0.8999999999999999,0.55
oscillation,-1,accept_all,0.05,41,0,0.45,False,0.55,True,0.8999999999999999,0.45
oscillation,-1,accept_all,0.05,42,0,0.55,False,0.45,True,0.8999999999999999,0.55
oscillation,-1,accept_all,0.05,43,0,0.45,False,0.55,True,0.8999999999999999,0.45
oscillation,-1,accept_all,0.05,44,0,0.55,False,0.45,True,0.8999999999999999,0.55
oscillation,-1,accept_all,0.05,45,0,0.45,False,0.55,True,0.8999999999999999,0.45
oscillation,-1,accept_all,0.05,46,0,0.55,False,0.45,True,0.8999999999999999,0.55
oscillation,-1,accept_all,0.05,47,0,0.45,False,0.55,True,0.8999999999999999,0.45
oscillation,-1,accept_all,0.05,48,0,0.55,False,0.45,True,0.8999999999999999,0.55
oscillation,-1,accept_all,0.05,49,0,0.45,False,0.55,True,0.8999999999999999,0.45
oscillation,-1,accept_all,0.05,50,0,0.55,False,0.45,True,0.8999999999999999,0.55
oscillation,-1,accept_all,0.05,51,0,0.45,False,0.55,True,0.8999999999999999,0.45
oscillation,-1,accept_all,0.05,52,0,0.55,False,0.45,True,0.8999999999999999,0.55
oscillation,-1,accept_all,0.05,53,0,0.45,False,0.55,True,0.8999999999999999,0.45
oscillation,-1,accept_all,0.05,54,0,0.55,False,0.45,True,0.8999999999999999,0.55
oscillation,-1,accept_all,0.05,55,0,0.45,False,0.55,True,0.8999999999999999,0.45
oscillation,-1,accept_all,0.05,56,0,0.55,False,0.45,True,0.8999999999999999,0.55
oscillation,-1,accept_all,0.05,57,0,0.45,False,0.55,True,0.8999999999999999,0.45
oscillation,-1,accept_all,0.05,58,0,0.55,False,0.45,True,0.8999999999999999,0.55
oscillation,-1,accept_all,0.05,59,0,0.45,False,0.55,True,0.8999999999999999,0.45
oscillation,-1,accept_all,0.05,60,0,0.55,False,0.45,True,0.8999999999999999,0.55
oscillation,-1,accept_all,0.05,61,0,0.45,False,0.55,True,0.8999999999999999,0.45
oscillation,-1,accept_all,0.05,62,0,0.55,False,0.45,True,0.8999999999999999,0.55
oscillation,-1,accept_all,0.05,63,0,0.45,False,0.55,True,0.8999999999999999,0.45
oscillation,-1,accept_all,0.05,64,0,0.55,False,0.45,True,0.8999999999999999,0.55
oscillation,-1,accept_all,0.05,65,0,0.45,False,0.55,True,0.8999999999999999,0.45
oscillation,-1,accept_all,0.05,66,0,0.55,False,0.45,True,0.8999999999999999,0.55
oscillation,-1,accept_all,0.05,67,0,0.45,False,0.55,True,0.8999999999999999,0.45
oscillation,-1,accept_all,0.05,68,0,0.55,False,0.45,True,0.8999999999999999,0.55
oscillation,-1,accept_all,0.05,69,0,0.45,False,0.55,True,0.8999999999999999,0.45
oscillation,-1,accept_all,0.05,70,0,0.55,False,0.45,True,0.8999999999999999,0.55
oscillation,-1,accept_all,0.05,71,0,0.45,False,0.55,True,0.8999999999999999,0.45
oscillation,-1,accept_all,0.05,72,0,0.55,False,0.45,True,0.8999999999999999,0.55
oscillation,-1,accept_all,0.05,73,0,0.45,False,0.55,True,0.8999999999999999,0.45
oscillation,-1,accept_all,0.05,74,0,0.55,False,0.45,True,0.8999999999999999,0.55
oscillation,-1,accept_all,0.05,75,0,0.45,False,0.55,True,0.8999999999999999,0.45
oscillation,-1,accept_all,0.05,76,0,0.55,False,0.45,True,0.8999999999999999,0.55
oscillation,-1,accept_all,0.05,77,0,0.45,False,0.55,True,0.8999999999999999,0.45
oscillation,-1,accept_all,0.05,78,0,0.55,False,0.45,True,0.8999999999999999,0.55
oscillation,-1,accept_all,0.05,79,0,0.45,False,0.55,True,0.8999999999999999,0.45
oscillation,-1,accept_all,0.05,80,0,0.55,False,0.45,True,0.8999999999999999,0.55
oscillation,-1,reference_only,0.05,1,0,0.45,False,0.5,False,0.95,0.5
oscillation,-1,reference_only,0.05,2,0,0.55,False,0.5,False,0.95,0.5
oscillation,-1,reference_only,0.05,3,0,0.45,False,0.5,False,0.95,0.5
oscillation,-1,reference_only,0.05,4,0,0.55,False,0.5,False,0.95,0.5
oscillation,-1,reference_only,0.05,5,0,0.45,False,0.5,False,0.95,0.5
oscillation,-1,reference_only,0.05,6,0,0.55,False,0.5,False,0.95,0.5
oscillation,-1,reference_only,0.05,7,0,0.45,False,0.5,False,0.95,0.5
oscillation,-1,reference_only,0.05,8,0,0.55,False,0.5,False,0.95,0.5
oscillation,-1,reference_only,0.05,9,0,0.45,False,0.5,False,0.95,0.5
oscillation,-1,reference_only,0.05,10,0,0.55,False,0.5,False,0.95,0.5
oscillation,-1,reference_only,0.05,11,0,0.45,False,0.5,False,0.95,0.5
oscillation,-1,reference_only,0.05,12,0,0.55,False,0.5,False,0.95,0.5
oscillation,-1,reference_only,0.05,13,0,0.45,False,0.5,False,0.95,0.5
oscillation,-1,reference_only,0.05,14,0,0.55,False,0.5,False,0.95,0.5
oscillation,-1,reference_only,0.05,15,0,0.45,False,0.5,False,0.95,0.5
oscillation,-1,reference_only,0.05,16,0,0.55,False,0.5,False,0.95,0.5
oscillation,-1,reference_only,0.05,17,0,0.45,False,0.5,False,0.95,0.5
oscillation,-1,reference_only,0.05,18,0,0.55,False,0.5,False,0.95,0.5
oscillation,-1,reference_only,0.05,19,0,0.45,False,0.5,False,0.95,0.5
oscillation,-1,reference_only,0.05,20,0,0.55,False,0.5,False,0.95,0.5
oscillation,-1,reference_only,0.05,21,0,0.45,False,0.5,False,0.95,0.5
oscillation,-1,reference_only,0.05,22,0,0.55,False,0.5,False,0.95,0.5
oscillation,-1,reference_only,0.05,23,0,0.45,False,0.5,False,0.95,0.5
oscillation,-1,reference_only,0.05,24,0,0.55,False,0.5,False,0.95,0.5
oscillation,-1,reference_only,0.05,25,0,0.45,False,0.5,False,0.95,0.5
oscillation,-1,reference_only,0.05,26,0,0.55,False,0.5,False,0.95,0.5
oscillation,-1,reference_only,0.05,27,0,0.45,False,0.5,False,0.95,0.5
oscillation,-1,reference_only,0.05,28,0,0.55,False,0.5,False,0.95,0.5
oscillation,-1,reference_only,0.05,29,0,0.45,False,0.5,False,0.95,0.5
oscillation,-1,reference_only,0.05,30,0,0.55,False,0.5,False,0.95,0.5
oscillation,-1,reference_only,0.05,31,0,0.45,False,0.5,False,0.95,0.5
oscillation,-1,reference_only,0.05,32,0,0.55,False,0.5,False,0.95,0.5
oscillation,-1,reference_only,0.05,33,0,0.45,False,0.5,False,0.95,0.5
oscillation,-1,reference_only,0.05,34,0,0.55,False,0.5,False,0.95,0.5
oscillation,-1,reference_only,0.05,35,0,0.45,False,0.5,False,0.95,0.5
oscillation,-1,reference_only,0.05,36,0,0.55,False,0.5,False,0.95,0.5
oscillation,-1,reference_only,0.05,37,0,0.45,False,0.5,False,0.95,0.5
oscillation,-1,reference_only,0.05,38,0,0.55,False,0.5,False,0.95,0.5
oscillation,-1,reference_only,0.05,39,0,0.45,False,0.5,False,0.95,0.5
oscillation,-1,reference_only,0.05,40,0,0.55,False,0.5,False,0.95,0.5
oscillation,-1,reference_only,0.05,41,0,0.45,False,0.5,False,0.95,0.5
oscillation,-1,reference_only,0.05,42,0,0.55,False,0.5,False,0.95,0.5
oscillation,-1,reference_only,0.05,43,0,0.45,False,0.5,False,0.95,0.5
oscillation,-1,reference_only,0.05,44,0,0.55,False,0.5,False,0.95,0.5
oscillation,-1,reference_only,0.05,45,0,0.45,False,0.5,False,0.95,0.5
oscillation,-1,reference_only,0.05,46,0,0.55,False,0.5,False,0.95,0.5
oscillation,-1,reference_only,0.05,47,0,0.45,False,0.5,False,0.95,0.5
oscillation,-1,reference_only,0.05,48,0,0.55,False,0.5,False,0.95,0.5
oscillation,-1,reference_only,0.05,49,0,0.45,False,0.5,False,0.95,0.5
oscillation,-1,reference_only,0.05,50,0,0.55,False,0.5,False,0.95,0.5
oscillation,-1,reference_only,0.05,51,0,0.45,False,0.5,False,0.95,0.5
oscillation,-1,reference_only,0.05,52,0,0.55,False,0.5,False,0.95,0.5
oscillation,-1,reference_only,0.05,53,0,0.45,False,0.5,False,0.95,0.5
oscillation,-1,reference_only,0.05,54,0,0.55,False,0.5,False,0.95,0.5
oscillation,-1,reference_only,0.05,55,0,0.45,False,0.5,False,0.95,0.5
oscillation,-1,reference_only,0.05,56,0,0.55,False,0.5,False,0.95,0.5
oscillation,-1,reference_only,0.05,57,0,0.45,False,0.5,False,0.95,0.5
oscillation,-1,reference_only,0.05,58,0,0.55,False,0.5,False,0.95,0.5
oscillation,-1,reference_only,0.05,59,0,0.45,False,0.5,False,0.95,0.5
oscillation,-1,reference_only,0.05,60,0,0.55,False,0.5,False,0.95,0.5
oscillation,-1,reference_only,0.05,61,0,0.45,False,0.5,False,0.95,0.5
oscillation,-1,reference_only,0.05,62,0,0.55,False,0.5,False,0.95,0.5
oscillation,-1,reference_only,0.05,63,0,0.45,False,0.5,False,0.95,0.5
oscillation,-1,reference_only,0.05,64,0,0.55,False,0.5,False,0.95,0.5
oscillation,-1,reference_only,0.05,65,0,0.45,False,0.5,False,0.95,0.5
oscillation,-1,reference_only,0.05,66,0,0.55,False,0.5,False,0.95,0.5
oscillation,-1,reference_only,0.05,67,0,0.45,False,0.5,False,0.95,0.5
oscillation,-1,reference_only,0.05,68,0,0.55,False,0.5,False,0.95,0.5
oscillation,-1,reference_only,0.05,69,0,0.45,False,0.5,False,0.95,0.5
oscillation,-1,reference_only,0.05,70,0,0.55,False,0.5,False,0.95,0.5
oscillation,-1,reference_only,0.05,71,0,0.45,False,0.5,False,0.95,0.5
oscillation,-1,reference_only,0.05,72,0,0.55,False,0.5,False,0.95,0.5
oscillation,-1,reference_only,0.05,73,0,0.45,False,0.5,False,0.95,0.5
oscillation,-1,reference_only,0.05,74,0,0.55,False,0.5,False,0.95,0.5
oscillation,-1,reference_only,0.05,75,0,0.45,False,0.5,False,0.95,0.5
oscillation,-1,reference_only,0.05,76,0,0.55,False,0.5,False,0.95,0.5
oscillation,-1,reference_only,0.05,77,0,0.45,False,0.5,False,0.95,0.5
oscillation,-1,reference_only,0.05,78,0,0.55,False,0.5,False,0.95,0.5
oscillation,-1,reference_only,0.05,79,0,0.45,False,0.5,False,0.95,0.5
oscillation,-1,reference_only,0.05,80,0,0.55,False,0.5,False,0.95,0.5
oscillation,-1,gated,0.11,1,0,0.45,False,0.5,True,0.95,0.45
oscillation,-1,gated,0.11,2,0,0.55,False,0.45,True,0.8999999999999999,0.55
oscillation,-1,gated,0.11,3,0,0.45,False,0.55,True,0.8999999999999999,0.45
oscillation,-1,gated,0.11,4,0,0.55,False,0.45,True,0.8999999999999999,0.55
oscillation,-1,gated,0.11,5,0,0.45,False,0.55,True,0.8999999999999999,0.45
oscillation,-1,gated,0.11,6,0,0.55,False,0.45,True,0.8999999999999999,0.55
oscillation,-1,gated,0.11,7,0,0.45,False,0.55,True,0.8999999999999999,0.45
oscillation,-1,gated,0.11,8,0,0.55,False,0.45,True,0.8999999999999999,0.55
oscillation,-1,gated,0.11,9,0,0.45,False,0.55,True,0.8999999999999999,0.45
oscillation,-1,gated,0.11,10,0,0.55,False,0.45,True,0.8999999999999999,0.55
oscillation,-1,gated,0.11,11,0,0.45,False,0.55,True,0.8999999999999999,0.45
oscillation,-1,gated,0.11,12,0,0.55,False,0.45,True,0.8999999999999999,0.55
oscillation,-1,gated,0.11,13,0,0.45,False,0.55,True,0.8999999999999999,0.45
oscillation,-1,gated,0.11,14,0,0.55,False,0.45,True,0.8999999999999999,0.55
oscillation,-1,gated,0.11,15,0,0.45,False,0.55,True,0.8999999999999999,0.45
oscillation,-1,gated,0.11,16,0,0.55,False,0.45,True,0.8999999999999999,0.55
oscillation,-1,gated,0.11,17,0,0.45,False,0.55,True,0.8999999999999999,0.45
oscillation,-1,gated,0.11,18,0,0.55,False,0.45,True,0.8999999999999999,0.55
oscillation,-1,gated,0.11,19,0,0.45,False,0.55,True,0.8999999999999999,0.45
oscillation,-1,gated,0.11,20,0,0.55,False,0.45,True,0.8999999999999999,0.55
oscillation,-1,gated,0.11,21,0,0.45,False,0.55,True,0.8999999999999999,0.45
oscillation,-1,gated,0.11,22,0,0.55,False,0.45,True,0.8999999999999999,0.55
oscillation,-1,gated,0.11,23,0,0.45,False,0.55,True,0.8999999999999999,0.45
oscillation,-1,gated,0.11,24,0,0.55,False,0.45,True,0.8999999999999999,0.55
oscillation,-1,gated,0.11,25,0,0.45,False,0.55,True,0.8999999999999999,0.45
oscillation,-1,gated,0.11,26,0,0.55,False,0.45,True,0.8999999999999999,0.55
oscillation,-1,gated,0.11,27,0,0.45,False,0.55,True,0.8999999999999999,0.45
oscillation,-1,gated,0.11,28,0,0.55,False,0.45,True,0.8999999999999999,0.55
oscillation,-1,gated,0.11,29,0,0.45,False,0.55,True,0.8999999999999999,0.45
oscillation,-1,gated,0.11,30,0,0.55,False,0.45,True,0.8999999999999999,0.55
oscillation,-1,gated,0.11,31,0,0.45,False,0.55,True,0.8999999999999999,0.45
oscillation,-1,gated,0.11,32,0,0.55,False,0.45,True,0.8999999999999999,0.55
oscillation,-1,gated,0.11,33,0,0.45,False,0.55,True,0.8999999999999999,0.45
oscillation,-1,gated,0.11,34,0,0.55,False,0.45,True,0.8999999999999999,0.55
oscillation,-1,gated,0.11,35,0,0.45,False,0.55,True,0.8999999999999999,0.45
oscillation,-1,gated,0.11,36,0,0.55,False,0.45,True,0.8999999999999999,0.55
oscillation,-1,gated,0.11,37,0,0.45,False,0.55,True,0.8999999999999999,0.45
oscillation,-1,gated,0.11,38,0,0.55,False,0.45,True,0.8999999999999999,0.55
oscillation,-1,gated,0.11,39,0,0.45,False,0.55,True,0.8999999999999999,0.45
oscillation,-1,gated,0.11,40,0,0.55,False,0.45,True,0.8999999999999999,0.55
oscillation,-1,gated,0.11,41,0,0.45,False,0.55,True,0.8999999999999999,0.45
oscillation,-1,gated,0.11,42,0,0.55,False,0.45,True,0.8999999999999999,0.55
oscillation,-1,gated,0.11,43,0,0.45,False,0.55,True,0.8999999999999999,0.45
oscillation,-1,gated,0.11,44,0,0.55,False,0.45,True,0.8999999999999999,0.55
oscillation,-1,gated,0.11,45,0,0.45,False,0.55,True,0.8999999999999999,0.45
oscillation,-1,gated,0.11,46,0,0.55,False,0.45,True,0.8999999999999999,0.55
oscillation,-1,gated,0.11,47,0,0.45,False,0.55,True,0.8999999999999999,0.45
oscillation,-1,gated,0.11,48,0,0.55,False,0.45,True,0.8999999999999999,0.55
oscillation,-1,gated,0.11,49,0,0.45,False,0.55,True,0.8999999999999999,0.45
oscillation,-1,gated,0.11,50,0,0.55,False,0.45,True,0.8999999999999999,0.55
oscillation,-1,gated,0.11,51,0,0.45,False,0.55,True,0.8999999999999999,0.45
oscillation,-1,gated,0.11,52,0,0.55,False,0.45,True,0.8999999999999999,0.55
oscillation,-1,gated,0.11,53,0,0.45,False,0.55,True,0.8999999999999999,0.45
oscillation,-1,gated,0.11,54,0,0.55,False,0.45,True,0.8999999999999999,0.55
oscillation,-1,gated,0.11,55,0,0.45,False,0.55,True,0.8999999999999999,0.45
oscillation,-1,gated,0.11,56,0,0.55,False,0.45,True,0.8999999999999999,0.55
oscillation,-1,gated,0.11,57,0,0.45,False,0.55,True,0.8999999999999999,0.45
oscillation,-1,gated,0.11,58,0,0.55,False,0.45,True,0.8999999999999999,0.55
oscillation,-1,gated,0.11,59,0,0.45,False,0.55,True,0.8999999999999999,0.45
oscillation,-1,gated,0.11,60,0,0.55,False,0.45,True,0.8999999999999999,0.55
oscillation,-1,gated,0.11,61,0,0.45,False,0.55,True,0.8999999999999999,0.45
oscillation,-1,gated,0.11,62,0,0.55,False,0.45,True,0.8999999999999999,0.55
oscillation,-1,gated,0.11,63,0,0.45,False,0.55,True,0.8999999999999999,0.45
oscillation,-1,gated,0.11,64,0,0.55,False,0.45,True,0.8999999999999999,0.55
oscillation,-1,gated,0.11,65,0,0.45,False,0.55,True,0.8999999999999999,0.45
oscillation,-1,gated,0.11,66,0,0.55,False,0.45,True,0.8999999999999999,0.55
oscillation,-1,gated,0.11,67,0,0.45,False,0.55,True,0.8999999999999999,0.45
oscillation,-1,gated,0.11,68,0,0.55,False,0.45,True,0.8999999999999999,0.55
oscillation,-1,gated,0.11,69,0,0.45,False,0.55,True,0.8999999999999999,0.45
oscillation,-1,gated,0.11,70,0,0.55,False,0.45,True,0.8999999999999999,0.55
oscillation,-1,gated,0.11,71,0,0.45,False,0.55,True,0.8999999999999999,0.45
oscillation,-1,gated,0.11,72,0,0.55,False,0.45,True,0.8999999999999999,0.55
oscillation,-1,gated,0.11,73,0,0.45,False,0.55,True,0.8999999999999999,0.45
oscillation,-1,gated,0.11,74,0,0.55,False,0.45,True,0.8999999999999999,0.55
oscillation,-1,gated,0.11,75,0,0.45,False,0.55,True,0.8999999999999999,0.45
oscillation,-1,gated,0.11,76,0,0.55,False,0.45,True,0.8999999999999999,0.55
oscillation,-1,gated,0.11,77,0,0.45,False,0.55,True,0.8999999999999999,0.45
oscillation,-1,gated,0.11,78,0,0.55,False,0.45,True,0.8999999999999999,0.55
oscillation,-1,gated,0.11,79,0,0.45,False,0.55,True,0.8999999999999999,0.45
oscillation,-1,gated,0.11,80,0,0.55,False,0.45,True,0.8999999999999999,0.55
oscillation,-1,accept_all,0.11,1,0,0.45,False,0.5,True,0.95,0.45
oscillation,-1,accept_all,0.11,2,0,0.55,False,0.45,True,0.8999999999999999,0.55
oscillation,-1,accept_all,0.11,3,0,0.45,False,0.55,True,0.8999999999999999,0.45
oscillation,-1,accept_all,0.11,4,0,0.55,False,0.45,True,0.8999999999999999,0.55
oscillation,-1,accept_all,0.11,5,0,0.45,False,0.55,True,0.8999999999999999,0.45
oscillation,-1,accept_all,0.11,6,0,0.55,False,0.45,True,0.8999999999999999,0.55
oscillation,-1,accept_all,0.11,7,0,0.45,False,0.55,True,0.8999999999999999,0.45
oscillation,-1,accept_all,0.11,8,0,0.55,False,0.45,True,0.8999999999999999,0.55
oscillation,-1,accept_all,0.11,9,0,0.45,False,0.55,True,0.8999999999999999,0.45
oscillation,-1,accept_all,0.11,10,0,0.55,False,0.45,True,0.8999999999999999,0.55
oscillation,-1,accept_all,0.11,11,0,0.45,False,0.55,True,0.8999999999999999,0.45
oscillation,-1,accept_all,0.11,12,0,0.55,False,0.45,True,0.8999999999999999,0.55
oscillation,-1,accept_all,0.11,13,0,0.45,False,0.55,True,0.8999999999999999,0.45
oscillation,-1,accept_all,0.11,14,0,0.55,False,0.45,True,0.8999999999999999,0.55
oscillation,-1,accept_all,0.11,15,0,0.45,False,0.55,True,0.8999999999999999,0.45
oscillation,-1,accept_all,0.11,16,0,0.55,False,0.45,True,0.8999999999999999,0.55
oscillation,-1,accept_all,0.11,17,0,0.45,False,0.55,True,0.8999999999999999,0.45
oscillation,-1,accept_all,0.11,18,0,0.55,False,0.45,True,0.8999999999999999,0.55
oscillation,-1,accept_all,0.11,19,0,0.45,False,0.55,True,0.8999999999999999,0.45
oscillation,-1,accept_all,0.11,20,0,0.55,False,0.45,True,0.8999999999999999,0.55
oscillation,-1,accept_all,0.11,21,0,0.45,False,0.55,True,0.8999999999999999,0.45
oscillation,-1,accept_all,0.11,22,0,0.55,False,0.45,True,0.8999999999999999,0.55
oscillation,-1,accept_all,0.11,23,0,0.45,False,0.55,True,0.8999999999999999,0.45
oscillation,-1,accept_all,0.11,24,0,0.55,False,0.45,True,0.8999999999999999,0.55
oscillation,-1,accept_all,0.11,25,0,0.45,False,0.55,True,0.8999999999999999,0.45
oscillation,-1,accept_all,0.11,26,0,0.55,False,0.45,True,0.8999999999999999,0.55
oscillation,-1,accept_all,0.11,27,0,0.45,False,0.55,True,0.8999999999999999,0.45
oscillation,-1,accept_all,0.11,28,0,0.55,False,0.45,True,0.8999999999999999,0.55
oscillation,-1,accept_all,0.11,29,0,0.45,False,0.55,True,0.8999999999999999,0.45
oscillation,-1,accept_all,0.11,30,0,0.55,False,0.45,True,0.8999999999999999,0.55
oscillation,-1,accept_all,0.11,31,0,0.45,False,0.55,True,0.8999999999999999,0.45
oscillation,-1,accept_all,0.11,32,0,0.55,False,0.45,True,0.8999999999999999,0.55
oscillation,-1,accept_all,0.11,33,0,0.45,False,0.55,True,0.8999999999999999,0.45
oscillation,-1,accept_all,0.11,34,0,0.55,False,0.45,True,0.8999999999999999,0.55
oscillation,-1,accept_all,0.11,35,0,0.45,False,0.55,True,0.8999999999999999,0.45
oscillation,-1,accept_all,0.11,36,0,0.55,False,0.45,True,0.8999999999999999,0.55
oscillation,-1,accept_all,0.11,37,0,0.45,False,0.55,True,0.8999999999999999,0.45
oscillation,-1,accept_all,0.11,38,0,0.55,False,0.45,True,0.8999999999999999,0.55
oscillation,-1,accept_all,0.11,39,0,0.45,False,0.55,True,0.8999999999999999,0.45
oscillation,-1,accept_all,0.11,40,0,0.55,False,0.45,True,0.8999999999999999,0.55
oscillation,-1,accept_all,0.11,41,0,0.45,False,0.55,True,0.8999999999999999,0.45
oscillation,-1,accept_all,0.11,42,0,0.55,False,0.45,True,0.8999999999999999,0.55
oscillation,-1,accept_all,0.11,43,0,0.45,False,0.55,True,0.8999999999999999,0.45
oscillation,-1,accept_all,0.11,44,0,0.55,False,0.45,True,0.8999999999999999,0.55
oscillation,-1,accept_all,0.11,45,0,0.45,False,0.55,True,0.8999999999999999,0.45
oscillation,-1,accept_all,0.11,46,0,0.55,False,0.45,True,0.8999999999999999,0.55
oscillation,-1,accept_all,0.11,47,0,0.45,False,0.55,True,0.8999999999999999,0.45
oscillation,-1,accept_all,0.11,48,0,0.55,False,0.45,True,0.8999999999999999,0.55
oscillation,-1,accept_all,0.11,49,0,0.45,False,0.55,True,0.8999999999999999,0.45
oscillation,-1,accept_all,0.11,50,0,0.55,False,0.45,True,0.8999999999999999,0.55
oscillation,-1,accept_all,0.11,51,0,0.45,False,0.55,True,0.8999999999999999,0.45
oscillation,-1,accept_all,0.11,52,0,0.55,False,0.45,True,0.8999999999999999,0.55
oscillation,-1,accept_all,0.11,53,0,0.45,False,0.55,True,0.8999999999999999,0.45
oscillation,-1,accept_all,0.11,54,0,0.55,False,0.45,True,0.8999999999999999,0.55
oscillation,-1,accept_all,0.11,55,0,0.45,False,0.55,True,0.8999999999999999,0.45
oscillation,-1,accept_all,0.11,56,0,0.55,False,0.45,True,0.8999999999999999,0.55
oscillation,-1,accept_all,0.11,57,0,0.45,False,0.55,True,0.8999999999999999,0.45
oscillation,-1,accept_all,0.11,58,0,0.55,False,0.45,True,0.8999999999999999,0.55
oscillation,-1,accept_all,0.11,59,0,0.45,False,0.55,True,0.8999999999999999,0.45
oscillation,-1,accept_all,0.11,60,0,0.55,False,0.45,True,0.8999999999999999,0.55
oscillation,-1,accept_all,0.11,61,0,0.45,False,0.55,True,0.8999999999999999,0.45
oscillation,-1,accept_all,0.11,62,0,0.55,False,0.45,True,0.8999999999999999,0.55
oscillation,-1,accept_all,0.11,63,0,0.45,False,0.55,True,0.8999999999999999,0.45
oscillation,-1,accept_all,0.11,64,0,0.55,False,0.45,True,0.8999999999999999,0.55
oscillation,-1,accept_all,0.11,65,0,0.45,False,0.55,True,0.8999999999999999,0.45
oscillation,-1,accept_all,0.11,66,0,0.55,False,0.45,True,0.8999999999999999,0.55
oscillation,-1,accept_all,0.11,67,0,0.45,False,0.55,True,0.8999999999999999,0.45
oscillation,-1,accept_all,0.11,68,0,0.55,False,0.45,True,0.8999999999999999,0.55
oscillation,-1,accept_all,0.11,69,0,0.45,False,0.55,True,0.8999999999999999,0.45
oscillation,-1,accept_all,0.11,70,0,0.55,False,0.45,True,0.8999999999999999,0.55
oscillation,-1,accept_all,0.11,71,0,0.45,False,0.55,True,0.8999999999999999,0.45
oscillation,-1,accept_all,0.11,72,0,0.55,False,0.45,True,0.8999999999999999,0.55
oscillation,-1,accept_all,0.11,73,0,0.45,False,0.55,True,0.8999999999999999,0.45
oscillation,-1,accept_all,0.11,74,0,0.55,False,0.45,True,0.8999999999999999,0.55
oscillation,-1,accept_all,0.11,75,0,0.45,False,0.55,True,0.8999999999999999,0.45
oscillation,-1,accept_all,0.11,76,0,0.55,False,0.45,True,0.8999999999999999,0.55
oscillation,-1,accept_all,0.11,77,0,0.45,False,0.55,True,0.8999999999999999,0.45
oscillation,-1,accept_all,0.11,78,0,0.55,False,0.45,True,0.8999999999999999,0.55
oscillation,-1,accept_all,0.11,79,0,0.45,False,0.55,True,0.8999999999999999,0.45
oscillation,-1,accept_all,0.11,80,0,0.55,False,0.45,True,0.8999999999999999,0.55
oscillation,-1,reference_only,0.11,1,0,0.45,False,0.5,False,0.95,0.5
oscillation,-1,reference_only,0.11,2,0,0.55,False,0.5,False,0.95,0.5
oscillation,-1,reference_only,0.11,3,0,0.45,False,0.5,False,0.95,0.5
oscillation,-1,reference_only,0.11,4,0,0.55,False,0.5,False,0.95,0.5
oscillation,-1,reference_only,0.11,5,0,0.45,False,0.5,False,0.95,0.5
oscillation,-1,reference_only,0.11,6,0,0.55,False,0.5,False,0.95,0.5
oscillation,-1,reference_only,0.11,7,0,0.45,False,0.5,False,0.95,0.5
oscillation,-1,reference_only,0.11,8,0,0.55,False,0.5,False,0.95,0.5
oscillation,-1,reference_only,0.11,9,0,0.45,False,0.5,False,0.95,0.5
oscillation,-1,reference_only,0.11,10,0,0.55,False,0.5,False,0.95,0.5
oscillation,-1,reference_only,0.11,11,0,0.45,False,0.5,False,0.95,0.5
oscillation,-1,reference_only,0.11,12,0,0.55,False,0.5,False,0.95,0.5
oscillation,-1,reference_only,0.11,13,0,0.45,False,0.5,False,0.95,0.5
oscillation,-1,reference_only,0.11,14,0,0.55,False,0.5,False,0.95,0.5
oscillation,-1,reference_only,0.11,15,0,0.45,False,0.5,False,0.95,0.5
oscillation,-1,reference_only,0.11,16,0,0.55,False,0.5,False,0.95,0.5
oscillation,-1,reference_only,0.11,17,0,0.45,False,0.5,False,0.95,0.5
oscillation,-1,reference_only,0.11,18,0,0.55,False,0.5,False,0.95,0.5
oscillation,-1,reference_only,0.11,19,0,0.45,False,0.5,False,0.95,0.5
oscillation,-1,reference_only,0.11,20,0,0.55,False,0.5,False,0.95,0.5
oscillation,-1,reference_only,0.11,21,0,0.45,False,0.5,False,0.95,0.5
oscillation,-1,reference_only,0.11,22,0,0.55,False,0.5,False,0.95,0.5
oscillation,-1,reference_only,0.11,23,0,0.45,False,0.5,False,0.95,0.5
oscillation,-1,reference_only,0.11,24,0,0.55,False,0.5,False,0.95,0.5
oscillation,-1,reference_only,0.11,25,0,0.45,False,0.5,False,0.95,0.5
oscillation,-1,reference_only,0.11,26,0,0.55,False,0.5,False,0.95,0.5
oscillation,-1,reference_only,0.11,27,0,0.45,False,0.5,False,0.95,0.5
oscillation,-1,reference_only,0.11,28,0,0.55,False,0.5,False,0.95,0.5
oscillation,-1,reference_only,0.11,29,0,0.45,False,0.5,False,0.95,0.5
oscillation,-1,reference_only,0.11,30,0,0.55,False,0.5,False,0.95,0.5
oscillation,-1,reference_only,0.11,31,0,0.45,False,0.5,False,0.95,0.5
oscillation,-1,reference_only,0.11,32,0,0.55,False,0.5,False,0.95,0.5
oscillation,-1,reference_only,0.11,33,0,0.45,False,0.5,False,0.95,0.5
oscillation,-1,reference_only,0.11,34,0,0.55,False,0.5,False,0.95,0.5
oscillation,-1,reference_only,0.11,35,0,0.45,False,0.5,False,0.95,0.5
oscillation,-1,reference_only,0.11,36,0,0.55,False,0.5,False,0.95,0.5
oscillation,-1,reference_only,0.11,37,0,0.45,False,0.5,False,0.95,0.5
oscillation,-1,reference_only,0.11,38,0,0.55,False,0.5,False,0.95,0.5
oscillation,-1,reference_only,0.11,39,0,0.45,False,0.5,False,0.95,0.5
oscillation,-1,reference_only,0.11,40,0,0.55,False,0.5,False,0.95,0.5
oscillation,-1,reference_only,0.11,41,0,0.45,False,0.5,False,0.95,0.5
oscillation,-1,reference_only,0.11,42,0,0.55,False,0.5,False,0.95,0.5
oscillation,-1,reference_only,0.11,43,0,0.45,False,0.5,False,0.95,0.5
oscillation,-1,reference_only,0.11,44,0,0.55,False,0.5,False,0.95,0.5
oscillation,-1,reference_only,0.11,45,0,0.45,False,0.5,False,0.95,0.5
oscillation,-1,reference_only,0.11,46,0,0.55,False,0.5,False,0.95,0.5
oscillation,-1,reference_only,0.11,47,0,0.45,False,0.5,False,0.95,0.5
oscillation,-1,reference_only,0.11,48,0,0.55,False,0.5,False,0.95,0.5
oscillation,-1,reference_only,0.11,49,0,0.45,False,0.5,False,0.95,0.5
oscillation,-1,reference_only,0.11,50,0,0.55,False,0.5,False,0.95,0.5
oscillation,-1,reference_only,0.11,51,0,0.45,False,0.5,False,0.95,0.5
oscillation,-1,reference_only,0.11,52,0,0.55,False,0.5,False,0.95,0.5
oscillation,-1,reference_only,0.11,53,0,0.45,False,0.5,False,0.95,0.5
oscillation,-1,reference_only,0.11,54,0,0.55,False,0.5,False,0.95,0.5
oscillation,-1,reference_only,0.11,55,0,0.45,False,0.5,False,0.95,0.5
oscillation,-1,reference_only,0.11,56,0,0.55,False,0.5,False,0.95,0.5
oscillation,-1,reference_only,0.11,57,0,0.45,False,0.5,False,0.95,0.5
oscillation,-1,reference_only,0.11,58,0,0.55,False,0.5,False,0.95,0.5
oscillation,-1,reference_only,0.11,59,0,0.45,False,0.5,False,0.95,0.5
oscillation,-1,reference_only,0.11,60,0,0.55,False,0.5,False,0.95,0.5
oscillation,-1,reference_only,0.11,61,0,0.45,False,0.5,False,0.95,0.5
oscillation,-1,reference_only,0.11,62,0,0.55,False,0.5,False,0.95,0.5
oscillation,-1,reference_only,0.11,63,0,0.45,False,0.5,False,0.95,0.5
oscillation,-1,reference_only,0.11,64,0,0.55,False,0.5,False,0.95,0.5
oscillation,-1,reference_only,0.11,65,0,0.45,False,0.5,False,0.95,0.5
oscillation,-1,reference_only,0.11,66,0,0.55,False,0.5,False,0.95,0.5
oscillation,-1,reference_only,0.11,67,0,0.45,False,0.5,False,0.95,0.5
oscillation,-1,reference_only,0.11,68,0,0.55,False,0.5,False,0.95,0.5
oscillation,-1,reference_only,0.11,69,0,0.45,False,0.5,False,0.95,0.5
oscillation,-1,reference_only,0.11,70,0,0.55,False,0.5,False,0.95,0.5
oscillation,-1,reference_only,0.11,71,0,0.45,False,0.5,False,0.95,0.5
oscillation,-1,reference_only,0.11,72,0,0.55,False,0.5,False,0.95,0.5
oscillation,-1,reference_only,0.11,73,0,0.45,False,0.5,False,0.95,0.5
oscillation,-1,reference_only,0.11,74,0,0.55,False,0.5,False,0.95,0.5
oscillation,-1,reference_only,0.11,75,0,0.45,False,0.5,False,0.95,0.5
oscillation,-1,reference_only,0.11,76,0,0.55,False,0.5,False,0.95,0.5
oscillation,-1,reference_only,0.11,77,0,0.45,False,0.5,False,0.95,0.5
oscillation,-1,reference_only,0.11,78,0,0.55,False,0.5,False,0.95,0.5
oscillation,-1,reference_only,0.11,79,0,0.45,False,0.5,False,0.95,0.5
oscillation,-1,reference_only,0.11,80,0,0.55,False,0.5,False,0.95,0.5
oscillation,-1,gated,0.25,1,0,0.45,False,0.5,True,0.95,0.45
oscillation,-1,gated,0.25,2,0,0.55,False,0.45,True,0.8999999999999999,0.55
oscillation,-1,gated,0.25,3,0,0.45,False,0.55,True,0.8999999999999999,0.45
oscillation,-1,gated,0.25,4,0,0.55,False,0.45,True,0.8999999999999999,0.55
oscillation,-1,gated,0.25,5,0,0.45,False,0.55,True,0.8999999999999999,0.45
oscillation,-1,gated,0.25,6,0,0.55,False,0.45,True,0.8999999999999999,0.55
oscillation,-1,gated,0.25,7,0,0.45,False,0.55,True,0.8999999999999999,0.45
oscillation,-1,gated,0.25,8,0,0.55,False,0.45,True,0.8999999999999999,0.55
oscillation,-1,gated,0.25,9,0,0.45,False,0.55,True,0.8999999999999999,0.45
oscillation,-1,gated,0.25,10,0,0.55,False,0.45,True,0.8999999999999999,0.55
oscillation,-1,gated,0.25,11,0,0.45,False,0.55,True,0.8999999999999999,0.45
oscillation,-1,gated,0.25,12,0,0.55,False,0.45,True,0.8999999999999999,0.55
oscillation,-1,gated,0.25,13,0,0.45,False,0.55,True,0.8999999999999999,0.45
oscillation,-1,gated,0.25,14,0,0.55,False,0.45,True,0.8999999999999999,0.55
oscillation,-1,gated,0.25,15,0,0.45,False,0.55,True,0.8999999999999999,0.45
oscillation,-1,gated,0.25,16,0,0.55,False,0.45,True,0.8999999999999999,0.55
oscillation,-1,gated,0.25,17,0,0.45,False,0.55,True,0.8999999999999999,0.45
oscillation,-1,gated,0.25,18,0,0.55,False,0.45,True,0.8999999999999999,0.55
oscillation,-1,gated,0.25,19,0,0.45,False,0.55,True,0.8999999999999999,0.45
oscillation,-1,gated,0.25,20,0,0.55,False,0.45,True,0.8999999999999999,0.55
oscillation,-1,gated,0.25,21,0,0.45,False,0.55,True,0.8999999999999999,0.45
oscillation,-1,gated,0.25,22,0,0.55,False,0.45,True,0.8999999999999999,0.55
oscillation,-1,gated,0.25,23,0,0.45,False,0.55,True,0.8999999999999999,0.45
oscillation,-1,gated,0.25,24,0,0.55,False,0.45,True,0.8999999999999999,0.55
oscillation,-1,gated,0.25,25,0,0.45,False,0.55,True,0.8999999999999999,0.45
oscillation,-1,gated,0.25,26,0,0.55,False,0.45,True,0.8999999999999999,0.55
oscillation,-1,gated,0.25,27,0,0.45,False,0.55,True,0.8999999999999999,0.45
oscillation,-1,gated,0.25,28,0,0.55,False,0.45,True,0.8999999999999999,0.55
oscillation,-1,gated,0.25,29,0,0.45,False,0.55,True,0.8999999999999999,0.45
oscillation,-1,gated,0.25,30,0,0.55,False,0.45,True,0.8999999999999999,0.55
oscillation,-1,gated,0.25,31,0,0.45,False,0.55,True,0.8999999999999999,0.45
oscillation,-1,gated,0.25,32,0,0.55,False,0.45,True,0.8999999999999999,0.55
oscillation,-1,gated,0.25,33,0,0.45,False,0.55,True,0.8999999999999999,0.45
oscillation,-1,gated,0.25,34,0,0.55,False,0.45,True,0.8999999999999999,0.55
oscillation,-1,gated,0.25,35,0,0.45,False,0.55,True,0.8999999999999999,0.45
oscillation,-1,gated,0.25,36,0,0.55,False,0.45,True,0.8999999999999999,0.55
oscillation,-1,gated,0.25,37,0,0.45,False,0.55,True,0.8999999999999999,0.45
oscillation,-1,gated,0.25,38,0,0.55,False,0.45,True,0.8999999999999999,0.55
oscillation,-1,gated,0.25,39,0,0.45,False,0.55,True,0.8999999999999999,0.45
oscillation,-1,gated,0.25,40,0,0.55,False,0.45,True,0.8999999999999999,0.55
oscillation,-1,gated,0.25,41,0,0.45,False,0.55,True,0.8999999999999999,0.45
oscillation,-1,gated,0.25,42,0,0.55,False,0.45,True,0.8999999999999999,0.55
oscillation,-1,gated,0.25,43,0,0.45,False,0.55,True,0.8999999999999999,0.45
oscillation,-1,gated,0.25,44,0,0.55,False,0.45,True,0.8999999999999999,0.55
oscillation,-1,gated,0.25,45,0,0.45,False,0.55,True,0.8999999999999999,0.45
oscillation,-1,gated,0.25,46,0,0.55,False,0.45,True,0.8999999999999999,0.55
oscillation,-1,gated,0.25,47,0,0.45,False,0.55,True,0.8999999999999999,0.45
oscillation,-1,gated,0.25,48,0,0.55,False,0.45,True,0.8999999999999999,0.55
oscillation,-1,gated,0.25,49,0,0.45,False,0.55,True,0.8999999999999999,0.45
oscillation,-1,gated,0.25,50,0,0.55,False,0.45,True,0.8999999999999999,0.55
oscillation,-1,gated,0.25,51,0,0.45,False,0.55,True,0.8999999999999999,0.45
oscillation,-1,gated,0.25,52,0,0.55,False,0.45,True,0.8999999999999999,0.55
oscillation,-1,gated,0.25,53,0,0.45,False,0.55,True,0.8999999999999999,0.45
oscillation,-1,gated,0.25,54,0,0.55,False,0.45,True,0.8999999999999999,0.55
oscillation,-1,gated,0.25,55,0,0.45,False,0.55,True,0.8999999999999999,0.45
oscillation,-1,gated,0.25,56,0,0.55,False,0.45,True,0.8999999999999999,0.55
oscillation,-1,gated,0.25,57,0,0.45,False,0.55,True,0.8999999999999999,0.45
oscillation,-1,gated,0.25,58,0,0.55,False,0.45,True,0.8999999999999999,0.55
oscillation,-1,gated,0.25,59,0,0.45,False,0.55,True,0.8999999999999999,0.45
oscillation,-1,gated,0.25,60,0,0.55,False,0.45,True,0.8999999999999999,0.55
oscillation,-1,gated,0.25,61,0,0.45,False,0.55,True,0.8999999999999999,0.45
oscillation,-1,gated,0.25,62,0,0.55,False,0.45,True,0.8999999999999999,0.55
oscillation,-1,gated,0.25,63,0,0.45,False,0.55,True,0.8999999999999999,0.45
oscillation,-1,gated,0.25,64,0,0.55,False,0.45,True,0.8999999999999999,0.55
oscillation,-1,gated,0.25,65,0,0.45,False,0.55,True,0.8999999999999999,0.45
oscillation,-1,gated,0.25,66,0,0.55,False,0.45,True,0.8999999999999999,0.55
oscillation,-1,gated,0.25,67,0,0.45,False,0.55,True,0.8999999999999999,0.45
oscillation,-1,gated,0.25,68,0,0.55,False,0.45,True,0.8999999999999999,0.55
oscillation,-1,gated,0.25,69,0,0.45,False,0.55,True,0.8999999999999999,0.45
oscillation,-1,gated,0.25,70,0,0.55,False,0.45,True,0.8999999999999999,0.55
oscillation,-1,gated,0.25,71,0,0.45,False,0.55,True,0.8999999999999999,0.45
oscillation,-1,gated,0.25,72,0,0.55,False,0.45,True,0.8999999999999999,0.55
oscillation,-1,gated,0.25,73,0,0.45,False,0.55,True,0.8999999999999999,0.45
oscillation,-1,gated,0.25,74,0,0.55,False,0.45,True,0.8999999999999999,0.55
oscillation,-1,gated,0.25,75,0,0.45,False,0.55,True,0.8999999999999999,0.45
oscillation,-1,gated,0.25,76,0,0.55,False,0.45,True,0.8999999999999999,0.55
oscillation,-1,gated,0.25,77,0,0.45,False,0.55,True,0.8999999999999999,0.45
oscillation,-1,gated,0.25,78,0,0.55,False,0.45,True,0.8999999999999999,0.55
oscillation,-1,gated,0.25,79,0,0.45,False,0.55,True,0.8999999999999999,0.45
oscillation,-1,gated,0.25,80,0,0.55,False,0.45,True,0.8999999999999999,0.55
oscillation,-1,accept_all,0.25,1,0,0.45,False,0.5,True,0.95,0.45
oscillation,-1,accept_all,0.25,2,0,0.55,False,0.45,True,0.8999999999999999,0.55
oscillation,-1,accept_all,0.25,3,0,0.45,False,0.55,True,0.8999999999999999,0.45
oscillation,-1,accept_all,0.25,4,0,0.55,False,0.45,True,0.8999999999999999,0.55
oscillation,-1,accept_all,0.25,5,0,0.45,False,0.55,True,0.8999999999999999,0.45
oscillation,-1,accept_all,0.25,6,0,0.55,False,0.45,True,0.8999999999999999,0.55
oscillation,-1,accept_all,0.25,7,0,0.45,False,0.55,True,0.8999999999999999,0.45
oscillation,-1,accept_all,0.25,8,0,0.55,False,0.45,True,0.8999999999999999,0.55
oscillation,-1,accept_all,0.25,9,0,0.45,False,0.55,True,0.8999999999999999,0.45
oscillation,-1,accept_all,0.25,10,0,0.55,False,0.45,True,0.8999999999999999,0.55
oscillation,-1,accept_all,0.25,11,0,0.45,False,0.55,True,0.8999999999999999,0.45
oscillation,-1,accept_all,0.25,12,0,0.55,False,0.45,True,0.8999999999999999,0.55
oscillation,-1,accept_all,0.25,13,0,0.45,False,0.55,True,0.8999999999999999,0.45
oscillation,-1,accept_all,0.25,14,0,0.55,False,0.45,True,0.8999999999999999,0.55
oscillation,-1,accept_all,0.25,15,0,0.45,False,0.55,True,0.8999999999999999,0.45
oscillation,-1,accept_all,0.25,16,0,0.55,False,0.45,True,0.8999999999999999,0.55
oscillation,-1,accept_all,0.25,17,0,0.45,False,0.55,True,0.8999999999999999,0.45
oscillation,-1,accept_all,0.25,18,0,0.55,False,0.45,True,0.8999999999999999,0.55
oscillation,-1,accept_all,0.25,19,0,0.45,False,0.55,True,0.8999999999999999,0.45
oscillation,-1,accept_all,0.25,20,0,0.55,False,0.45,True,0.8999999999999999,0.55
oscillation,-1,accept_all,0.25,21,0,0.45,False,0.55,True,0.8999999999999999,0.45
oscillation,-1,accept_all,0.25,22,0,0.55,False,0.45,True,0.8999999999999999,0.55
oscillation,-1,accept_all,0.25,23,0,0.45,False,0.55,True,0.8999999999999999,0.45
oscillation,-1,accept_all,0.25,24,0,0.55,False,0.45,True,0.8999999999999999,0.55
oscillation,-1,accept_all,0.25,25,0,0.45,False,0.55,True,0.8999999999999999,0.45
oscillation,-1,accept_all,0.25,26,0,0.55,False,0.45,True,0.8999999999999999,0.55
oscillation,-1,accept_all,0.25,27,0,0.45,False,0.55,True,0.8999999999999999,0.45
oscillation,-1,accept_all,0.25,28,0,0.55,False,0.45,True,0.8999999999999999,0.55
oscillation,-1,accept_all,0.25,29,0,0.45,False,0.55,True,0.8999999999999999,0.45
oscillation,-1,accept_all,0.25,30,0,0.55,False,0.45,True,0.8999999999999999,0.55
oscillation,-1,accept_all,0.25,31,0,0.45,False,0.55,True,0.8999999999999999,0.45
oscillation,-1,accept_all,0.25,32,0,0.55,False,0.45,True,0.8999999999999999,0.55
oscillation,-1,accept_all,0.25,33,0,0.45,False,0.55,True,0.8999999999999999,0.45
oscillation,-1,accept_all,0.25,34,0,0.55,False,0.45,True,0.8999999999999999,0.55
oscillation,-1,accept_all,0.25,35,0,0.45,False,0.55,True,0.8999999999999999,0.45
oscillation,-1,accept_all,0.25,36,0,0.55,False,0.45,True,0.8999999999999999,0.55
oscillation,-1,accept_all,0.25,37,0,0.45,False,0.55,True,0.8999999999999999,0.45
oscillation,-1,accept_all,0.25,38,0,0.55,False,0.45,True,0.8999999999999999,0.55
oscillation,-1,accept_all,0.25,39,0,0.45,False,0.55,True,0.8999999999999999,0.45
oscillation,-1,accept_all,0.25,40,0,0.55,False,0.45,True,0.8999999999999999,0.55
oscillation,-1,accept_all,0.25,41,0,0.45,False,0.55,True,0.8999999999999999,0.45
oscillation,-1,accept_all,0.25,42,0,0.55,False,0.45,True,0.8999999999999999,0.55
oscillation,-1,accept_all,0.25,43,0,0.45,False,0.55,True,0.8999999999999999,0.45
oscillation,-1,accept_all,0.25,44,0,0.55,False,0.45,True,0.8999999999999999,0.55
oscillation,-1,accept_all,0.25,45,0,0.45,False,0.55,True,0.8999999999999999,0.45
oscillation,-1,accept_all,0.25,46,0,0.55,False,0.45,True,0.8999999999999999,0.55
oscillation,-1,accept_all,0.25,47,0,0.45,False,0.55,True,0.8999999999999999,0.45
oscillation,-1,accept_all,0.25,48,0,0.55,False,0.45,True,0.8999999999999999,0.55
oscillation,-1,accept_all,0.25,49,0,0.45,False,0.55,True,0.8999999999999999,0.45
oscillation,-1,accept_all,0.25,50,0,0.55,False,0.45,True,0.8999999999999999,0.55
oscillation,-1,accept_all,0.25,51,0,0.45,False,0.55,True,0.8999999999999999,0.45
oscillation,-1,accept_all,0.25,52,0,0.55,False,0.45,True,0.8999999999999999,0.55
oscillation,-1,accept_all,0.25,53,0,0.45,False,0.55,True,0.8999999999999999,0.45
oscillation,-1,accept_all,0.25,54,0,0.55,False,0.45,True,0.8999999999999999,0.55
oscillation,-1,accept_all,0.25,55,0,0.45,False,0.55,True,0.8999999999999999,0.45
oscillation,-1,accept_all,0.25,56,0,0.55,False,0.45,True,0.8999999999999999,0.55
oscillation,-1,accept_all,0.25,57,0,0.45,False,0.55,True,0.8999999999999999,0.45
oscillation,-1,accept_all,0.25,58,0,0.55,False,0.45,True,0.8999999999999999,0.55
oscillation,-1,accept_all,0.25,59,0,0.45,False,0.55,True,0.8999999999999999,0.45
oscillation,-1,accept_all,0.25,60,0,0.55,False,0.45,True,0.8999999999999999,0.55
oscillation,-1,accept_all,0.25,61,0,0.45,False,0.55,True,0.8999999999999999,0.45
oscillation,-1,accept_all,0.25,62,0,0.55,False,0.45,True,0.8999999999999999,0.55
oscillation,-1,accept_all,0.25,63,0,0.45,False,0.55,True,0.8999999999999999,0.45
oscillation,-1,accept_all,0.25,64,0,0.55,False,0.45,True,0.8999999999999999,0.55
oscillation,-1,accept_all,0.25,65,0,0.45,False,0.55,True,0.8999999999999999,0.45
oscillation,-1,accept_all,0.25,66,0,0.55,False,0.45,True,0.8999999999999999,0.55
oscillation,-1,accept_all,0.25,67,0,0.45,False,0.55,True,0.8999999999999999,0.45
oscillation,-1,accept_all,0.25,68,0,0.55,False,0.45,True,0.8999999999999999,0.55
oscillation,-1,accept_all,0.25,69,0,0.45,False,0.55,True,0.8999999999999999,0.45
oscillation,-1,accept_all,0.25,70,0,0.55,False,0.45,True,0.8999999999999999,0.55
oscillation,-1,accept_all,0.25,71,0,0.45,False,0.55,True,0.8999999999999999,0.45
oscillation,-1,accept_all,0.25,72,0,0.55,False,0.45,True,0.8999999999999999,0.55
oscillation,-1,accept_all,0.25,73,0,0.45,False,0.55,True,0.8999999999999999,0.45
oscillation,-1,accept_all,0.25,74,0,0.55,False,0.45,True,0.8999999999999999,0.55
oscillation,-1,accept_all,0.25,75,0,0.45,False,0.55,True,0.8999999999999999,0.45
oscillation,-1,accept_all,0.25,76,0,0.55,False,0.45,True,0.8999999999999999,0.55
oscillation,-1,accept_all,0.25,77,0,0.45,False,0.55,True,0.8999999999999999,0.45
oscillation,-1,accept_all,0.25,78,0,0.55,False,0.45,True,0.8999999999999999,0.55
oscillation,-1,accept_all,0.25,79,0,0.45,False,0.55,True,0.8999999999999999,0.45
oscillation,-1,accept_all,0.25,80,0,0.55,False,0.45,True,0.8999999999999999,0.55
oscillation,-1,reference_only,0.25,1,0,0.45,False,0.5,False,0.95,0.5
oscillation,-1,reference_only,0.25,2,0,0.55,False,0.5,False,0.95,0.5
oscillation,-1,reference_only,0.25,3,0,0.45,False,0.5,False,0.95,0.5
oscillation,-1,reference_only,0.25,4,0,0.55,False,0.5,False,0.95,0.5
oscillation,-1,reference_only,0.25,5,0,0.45,False,0.5,False,0.95,0.5
oscillation,-1,reference_only,0.25,6,0,0.55,False,0.5,False,0.95,0.5
oscillation,-1,reference_only,0.25,7,0,0.45,False,0.5,False,0.95,0.5
oscillation,-1,reference_only,0.25,8,0,0.55,False,0.5,False,0.95,0.5
oscillation,-1,reference_only,0.25,9,0,0.45,False,0.5,False,0.95,0.5
oscillation,-1,reference_only,0.25,10,0,0.55,False,0.5,False,0.95,0.5
oscillation,-1,reference_only,0.25,11,0,0.45,False,0.5,False,0.95,0.5
oscillation,-1,reference_only,0.25,12,0,0.55,False,0.5,False,0.95,0.5
oscillation,-1,reference_only,0.25,13,0,0.45,False,0.5,False,0.95,0.5
oscillation,-1,reference_only,0.25,14,0,0.55,False,0.5,False,0.95,0.5
oscillation,-1,reference_only,0.25,15,0,0.45,False,0.5,False,0.95,0.5
oscillation,-1,reference_only,0.25,16,0,0.55,False,0.5,False,0.95,0.5
oscillation,-1,reference_only,0.25,17,0,0.45,False,0.5,False,0.95,0.5
oscillation,-1,reference_only,0.25,18,0,0.55,False,0.5,False,0.95,0.5
oscillation,-1,reference_only,0.25,19,0,0.45,False,0.5,False,0.95,0.5
oscillation,-1,reference_only,0.25,20,0,0.55,False,0.5,False,0.95,0.5
oscillation,-1,reference_only,0.25,21,0,0.45,False,0.5,False,0.95,0.5
oscillation,-1,reference_only,0.25,22,0,0.55,False,0.5,False,0.95,0.5
oscillation,-1,reference_only,0.25,23,0,0.45,False,0.5,False,0.95,0.5
oscillation,-1,reference_only,0.25,24,0,0.55,False,0.5,False,0.95,0.5
oscillation,-1,reference_only,0.25,25,0,0.45,False,0.5,False,0.95,0.5
oscillation,-1,reference_only,0.25,26,0,0.55,False,0.5,False,0.95,0.5
oscillation,-1,reference_only,0.25,27,0,0.45,False,0.5,False,0.95,0.5
oscillation,-1,reference_only,0.25,28,0,0.55,False,0.5,False,0.95,0.5
oscillation,-1,reference_only,0.25,29,0,0.45,False,0.5,False,0.95,0.5
oscillation,-1,reference_only,0.25,30,0,0.55,False,0.5,False,0.95,0.5
oscillation,-1,reference_only,0.25,31,0,0.45,False,0.5,False,0.95,0.5
oscillation,-1,reference_only,0.25,32,0,0.55,False,0.5,False,0.95,0.5
oscillation,-1,reference_only,0.25,33,0,0.45,False,0.5,False,0.95,0.5
oscillation,-1,reference_only,0.25,34,0,0.55,False,0.5,False,0.95,0.5
oscillation,-1,reference_only,0.25,35,0,0.45,False,0.5,False,0.95,0.5
oscillation,-1,reference_only,0.25,36,0,0.55,False,0.5,False,0.95,0.5
oscillation,-1,reference_only,0.25,37,0,0.45,False,0.5,False,0.95,0.5
oscillation,-1,reference_only,0.25,38,0,0.55,False,0.5,False,0.95,0.5
oscillation,-1,reference_only,0.25,39,0,0.45,False,0.5,False,0.95,0.5
oscillation,-1,reference_only,0.25,40,0,0.55,False,0.5,False,0.95,0.5
oscillation,-1,reference_only,0.25,41,0,0.45,False,0.5,False,0.95,0.5
oscillation,-1,reference_only,0.25,42,0,0.55,False,0.5,False,0.95,0.5
oscillation,-1,reference_only,0.25,43,0,0.45,False,0.5,False,0.95,0.5
oscillation,-1,reference_only,0.25,44,0,0.55,False,0.5,False,0.95,0.5
oscillation,-1,reference_only,0.25,45,0,0.45,False,0.5,False,0.95,0.5
oscillation,-1,reference_only,0.25,46,0,0.55,False,0.5,False,0.95,0.5
oscillation,-1,reference_only,0.25,47,0,0.45,False,0.5,False,0.95,0.5
oscillation,-1,reference_only,0.25,48,0,0.55,False,0.5,False,0.95,0.5
oscillation,-1,reference_only,0.25,49,0,0.45,False,0.5,False,0.95,0.5
oscillation,-1,reference_only,0.25,50,0,0.55,False,0.5,False,0.95,0.5
oscillation,-1,reference_only,0.25,51,0,0.45,False,0.5,False,0.95,0.5
oscillation,-1,reference_only,0.25,52,0,0.55,False,0.5,False,0.95,0.5
oscillation,-1,reference_only,0.25,53,0,0.45,False,0.5,False,0.95,0.5
oscillation,-1,reference_only,0.25,54,0,0.55,False,0.5,False,0.95,0.5
oscillation,-1,reference_only,0.25,55,0,0.45,False,0.5,False,0.95,0.5
oscillation,-1,reference_only,0.25,56,0,0.55,False,0.5,False,0.95,0.5
oscillation,-1,reference_only,0.25,57,0,0.45,False,0.5,False,0.95,0.5
oscillation,-1,reference_only,0.25,58,0,0.55,False,0.5,False,0.95,0.5
oscillation,-1,reference_only,0.25,59,0,0.45,False,0.5,False,0.95,0.5
oscillation,-1,reference_only,0.25,60,0,0.55,False,0.5,False,0.95,0.5
oscillation,-1,reference_only,0.25,61,0,0.45,False,0.5,False,0.95,0.5
oscillation,-1,reference_only,0.25,62,0,0.55,False,0.5,False,0.95,0.5
oscillation,-1,reference_only,0.25,63,0,0.45,False,0.5,False,0.95,0.5
oscillation,-1,reference_only,0.25,64,0,0.55,False,0.5,False,0.95,0.5
oscillation,-1,reference_only,0.25,65,0,0.45,False,0.5,False,0.95,0.5
oscillation,-1,reference_only,0.25,66,0,0.55,False,0.5,False,0.95,0.5
oscillation,-1,reference_only,0.25,67,0,0.45,False,0.5,False,0.95,0.5
oscillation,-1,reference_only,0.25,68,0,0.55,False,0.5,False,0.95,0.5
oscillation,-1,reference_only,0.25,69,0,0.45,False,0.5,False,0.95,0.5
oscillation,-1,reference_only,0.25,70,0,0.55,False,0.5,False,0.95,0.5
oscillation,-1,reference_only,0.25,71,0,0.45,False,0.5,False,0.95,0.5
oscillation,-1,reference_only,0.25,72,0,0.55,False,0.5,False,0.95,0.5
oscillation,-1,reference_only,0.25,73,0,0.45,False,0.5,False,0.95,0.5
oscillation,-1,reference_only,0.25,74,0,0.55,False,0.5,False,0.95,0.5
oscillation,-1,reference_only,0.25,75,0,0.45,False,0.5,False,0.95,0.5
oscillation,-1,reference_only,0.25,76,0,0.55,False,0.5,False,0.95,0.5
oscillation,-1,reference_only,0.25,77,0,0.45,False,0.5,False,0.95,0.5
oscillation,-1,reference_only,0.25,78,0,0.55,False,0.5,False,0.95,0.5
oscillation,-1,reference_only,0.25,79,0,0.45,False,0.5,False,0.95,0.5
oscillation,-1,reference_only,0.25,80,0,0.55,False,0.5,False,0.95,0.5
oscillation,-1,gated,1.0,1,0,0.45,False,0.5,True,0.95,0.45
oscillation,-1,gated,1.0,2,0,0.55,False,0.45,True,0.8999999999999999,0.55
oscillation,-1,gated,1.0,3,0,0.45,False,0.55,True,0.8999999999999999,0.45
oscillation,-1,gated,1.0,4,0,0.55,False,0.45,True,0.8999999999999999,0.55
oscillation,-1,gated,1.0,5,0,0.45,False,0.55,True,0.8999999999999999,0.45
oscillation,-1,gated,1.0,6,0,0.55,False,0.45,True,0.8999999999999999,0.55
oscillation,-1,gated,1.0,7,0,0.45,False,0.55,True,0.8999999999999999,0.45
oscillation,-1,gated,1.0,8,0,0.55,False,0.45,True,0.8999999999999999,0.55
oscillation,-1,gated,1.0,9,0,0.45,False,0.55,True,0.8999999999999999,0.45
oscillation,-1,gated,1.0,10,0,0.55,False,0.45,True,0.8999999999999999,0.55
oscillation,-1,gated,1.0,11,0,0.45,False,0.55,True,0.8999999999999999,0.45
oscillation,-1,gated,1.0,12,0,0.55,False,0.45,True,0.8999999999999999,0.55
oscillation,-1,gated,1.0,13,0,0.45,False,0.55,True,0.8999999999999999,0.45
oscillation,-1,gated,1.0,14,0,0.55,False,0.45,True,0.8999999999999999,0.55
oscillation,-1,gated,1.0,15,0,0.45,False,0.55,True,0.8999999999999999,0.45
oscillation,-1,gated,1.0,16,0,0.55,False,0.45,True,0.8999999999999999,0.55
oscillation,-1,gated,1.0,17,0,0.45,False,0.55,True,0.8999999999999999,0.45
oscillation,-1,gated,1.0,18,0,0.55,False,0.45,True,0.8999999999999999,0.55
oscillation,-1,gated,1.0,19,0,0.45,False,0.55,True,0.8999999999999999,0.45
oscillation,-1,gated,1.0,20,0,0.55,False,0.45,True,0.8999999999999999,0.55
oscillation,-1,gated,1.0,21,0,0.45,False,0.55,True,0.8999999999999999,0.45
oscillation,-1,gated,1.0,22,0,0.55,False,0.45,True,0.8999999999999999,0.55
oscillation,-1,gated,1.0,23,0,0.45,False,0.55,True,0.8999999999999999,0.45
oscillation,-1,gated,1.0,24,0,0.55,False,0.45,True,0.8999999999999999,0.55
oscillation,-1,gated,1.0,25,0,0.45,False,0.55,True,0.8999999999999999,0.45
oscillation,-1,gated,1.0,26,0,0.55,False,0.45,True,0.8999999999999999,0.55
oscillation,-1,gated,1.0,27,0,0.45,False,0.55,True,0.8999999999999999,0.45
oscillation,-1,gated,1.0,28,0,0.55,False,0.45,True,0.8999999999999999,0.55
oscillation,-1,gated,1.0,29,0,0.45,False,0.55,True,0.8999999999999999,0.45
oscillation,-1,gated,1.0,30,0,0.55,False,0.45,True,0.8999999999999999,0.55
oscillation,-1,gated,1.0,31,0,0.45,False,0.55,True,0.8999999999999999,0.45
oscillation,-1,gated,1.0,32,0,0.55,False,0.45,True,0.8999999999999999,0.55
oscillation,-1,gated,1.0,33,0,0.45,False,0.55,True,0.8999999999999999,0.45
oscillation,-1,gated,1.0,34,0,0.55,False,0.45,True,0.8999999999999999,0.55
oscillation,-1,gated,1.0,35,0,0.45,False,0.55,True,0.8999999999999999,0.45
oscillation,-1,gated,1.0,36,0,0.55,False,0.45,True,0.8999999999999999,0.55
oscillation,-1,gated,1.0,37,0,0.45,False,0.55,True,0.8999999999999999,0.45
oscillation,-1,gated,1.0,38,0,0.55,False,0.45,True,0.8999999999999999,0.55
oscillation,-1,gated,1.0,39,0,0.45,False,0.55,True,0.8999999999999999,0.45
oscillation,-1,gated,1.0,40,0,0.55,False,0.45,True,0.8999999999999999,0.55
oscillation,-1,gated,1.0,41,0,0.45,False,0.55,True,0.8999999999999999,0.45
oscillation,-1,gated,1.0,42,0,0.55,False,0.45,True,0.8999999999999999,0.55
oscillation,-1,gated,1.0,43,0,0.45,False,0.55,True,0.8999999999999999,0.45
oscillation,-1,gated,1.0,44,0,0.55,False,0.45,True,0.8999999999999999,0.55
oscillation,-1,gated,1.0,45,0,0.45,False,0.55,True,0.8999999999999999,0.45
oscillation,-1,gated,1.0,46,0,0.55,False,0.45,True,0.8999999999999999,0.55
oscillation,-1,gated,1.0,47,0,0.45,False,0.55,True,0.8999999999999999,0.45
oscillation,-1,gated,1.0,48,0,0.55,False,0.45,True,0.8999999999999999,0.55
oscillation,-1,gated,1.0,49,0,0.45,False,0.55,True,0.8999999999999999,0.45
oscillation,-1,gated,1.0,50,0,0.55,False,0.45,True,0.8999999999999999,0.55
oscillation,-1,gated,1.0,51,0,0.45,False,0.55,True,0.8999999999999999,0.45
oscillation,-1,gated,1.0,52,0,0.55,False,0.45,True,0.8999999999999999,0.55
oscillation,-1,gated,1.0,53,0,0.45,False,0.55,True,0.8999999999999999,0.45
oscillation,-1,gated,1.0,54,0,0.55,False,0.45,True,0.8999999999999999,0.55
oscillation,-1,gated,1.0,55,0,0.45,False,0.55,True,0.8999999999999999,0.45
oscillation,-1,gated,1.0,56,0,0.55,False,0.45,True,0.8999999999999999,0.55
oscillation,-1,gated,1.0,57,0,0.45,False,0.55,True,0.8999999999999999,0.45
oscillation,-1,gated,1.0,58,0,0.55,False,0.45,True,0.8999999999999999,0.55
oscillation,-1,gated,1.0,59,0,0.45,False,0.55,True,0.8999999999999999,0.45
oscillation,-1,gated,1.0,60,0,0.55,False,0.45,True,0.8999999999999999,0.55
oscillation,-1,gated,1.0,61,0,0.45,False,0.55,True,0.8999999999999999,0.45
oscillation,-1,gated,1.0,62,0,0.55,False,0.45,True,0.8999999999999999,0.55
oscillation,-1,gated,1.0,63,0,0.45,False,0.55,True,0.8999999999999999,0.45
oscillation,-1,gated,1.0,64,0,0.55,False,0.45,True,0.8999999999999999,0.55
oscillation,-1,gated,1.0,65,0,0.45,False,0.55,True,0.8999999999999999,0.45
oscillation,-1,gated,1.0,66,0,0.55,False,0.45,True,0.8999999999999999,0.55
oscillation,-1,gated,1.0,67,0,0.45,False,0.55,True,0.8999999999999999,0.45
oscillation,-1,gated,1.0,68,0,0.55,False,0.45,True,0.8999999999999999,0.55
oscillation,-1,gated,1.0,69,0,0.45,False,0.55,True,0.8999999999999999,0.45
oscillation,-1,gated,1.0,70,0,0.55,False,0.45,True,0.8999999999999999,0.55
oscillation,-1,gated,1.0,71,0,0.45,False,0.55,True,0.8999999999999999,0.45
oscillation,-1,gated,1.0,72,0,0.55,False,0.45,True,0.8999999999999999,0.55
oscillation,-1,gated,1.0,73,0,0.45,False,0.55,True,0.8999999999999999,0.45
oscillation,-1,gated,1.0,74,0,0.55,False,0.45,True,0.8999999999999999,0.55
oscillation,-1,gated,1.0,75,0,0.45,False,0.55,True,0.8999999999999999,0.45
oscillation,-1,gated,1.0,76,0,0.55,False,0.45,True,0.8999999999999999,0.55
oscillation,-1,gated,1.0,77,0,0.45,False,0.55,True,0.8999999999999999,0.45
oscillation,-1,gated,1.0,78,0,0.55,False,0.45,True,0.8999999999999999,0.55
oscillation,-1,gated,1.0,79,0,0.45,False,0.55,True,0.8999999999999999,0.45
oscillation,-1,gated,1.0,80,0,0.55,False,0.45,True,0.8999999999999999,0.55
oscillation,-1,accept_all,1.0,1,0,0.45,False,0.5,True,0.95,0.45
oscillation,-1,accept_all,1.0,2,0,0.55,False,0.45,True,0.8999999999999999,0.55
oscillation,-1,accept_all,1.0,3,0,0.45,False,0.55,True,0.8999999999999999,0.45
oscillation,-1,accept_all,1.0,4,0,0.55,False,0.45,True,0.8999999999999999,0.55
oscillation,-1,accept_all,1.0,5,0,0.45,False,0.55,True,0.8999999999999999,0.45
oscillation,-1,accept_all,1.0,6,0,0.55,False,0.45,True,0.8999999999999999,0.55
oscillation,-1,accept_all,1.0,7,0,0.45,False,0.55,True,0.8999999999999999,0.45
oscillation,-1,accept_all,1.0,8,0,0.55,False,0.45,True,0.8999999999999999,0.55
oscillation,-1,accept_all,1.0,9,0,0.45,False,0.55,True,0.8999999999999999,0.45
oscillation,-1,accept_all,1.0,10,0,0.55,False,0.45,True,0.8999999999999999,0.55
oscillation,-1,accept_all,1.0,11,0,0.45,False,0.55,True,0.8999999999999999,0.45
oscillation,-1,accept_all,1.0,12,0,0.55,False,0.45,True,0.8999999999999999,0.55
oscillation,-1,accept_all,1.0,13,0,0.45,False,0.55,True,0.8999999999999999,0.45
oscillation,-1,accept_all,1.0,14,0,0.55,False,0.45,True,0.8999999999999999,0.55
oscillation,-1,accept_all,1.0,15,0,0.45,False,0.55,True,0.8999999999999999,0.45
oscillation,-1,accept_all,1.0,16,0,0.55,False,0.45,True,0.8999999999999999,0.55
oscillation,-1,accept_all,1.0,17,0,0.45,False,0.55,True,0.8999999999999999,0.45
oscillation,-1,accept_all,1.0,18,0,0.55,False,0.45,True,0.8999999999999999,0.55
oscillation,-1,accept_all,1.0,19,0,0.45,False,0.55,True,0.8999999999999999,0.45
oscillation,-1,accept_all,1.0,20,0,0.55,False,0.45,True,0.8999999999999999,0.55
oscillation,-1,accept_all,1.0,21,0,0.45,False,0.55,True,0.8999999999999999,0.45
oscillation,-1,accept_all,1.0,22,0,0.55,False,0.45,True,0.8999999999999999,0.55
oscillation,-1,accept_all,1.0,23,0,0.45,False,0.55,True,0.8999999999999999,0.45
oscillation,-1,accept_all,1.0,24,0,0.55,False,0.45,True,0.8999999999999999,0.55
oscillation,-1,accept_all,1.0,25,0,0.45,False,0.55,True,0.8999999999999999,0.45
oscillation,-1,accept_all,1.0,26,0,0.55,False,0.45,True,0.8999999999999999,0.55
oscillation,-1,accept_all,1.0,27,0,0.45,False,0.55,True,0.8999999999999999,0.45
oscillation,-1,accept_all,1.0,28,0,0.55,False,0.45,True,0.8999999999999999,0.55
oscillation,-1,accept_all,1.0,29,0,0.45,False,0.55,True,0.8999999999999999,0.45
oscillation,-1,accept_all,1.0,30,0,0.55,False,0.45,True,0.8999999999999999,0.55
oscillation,-1,accept_all,1.0,31,0,0.45,False,0.55,True,0.8999999999999999,0.45
oscillation,-1,accept_all,1.0,32,0,0.55,False,0.45,True,0.8999999999999999,0.55
oscillation,-1,accept_all,1.0,33,0,0.45,False,0.55,True,0.8999999999999999,0.45
oscillation,-1,accept_all,1.0,34,0,0.55,False,0.45,True,0.8999999999999999,0.55
oscillation,-1,accept_all,1.0,35,0,0.45,False,0.55,True,0.8999999999999999,0.45
oscillation,-1,accept_all,1.0,36,0,0.55,False,0.45,True,0.8999999999999999,0.55
oscillation,-1,accept_all,1.0,37,0,0.45,False,0.55,True,0.8999999999999999,0.45
oscillation,-1,accept_all,1.0,38,0,0.55,False,0.45,True,0.8999999999999999,0.55
oscillation,-1,accept_all,1.0,39,0,0.45,False,0.55,True,0.8999999999999999,0.45
oscillation,-1,accept_all,1.0,40,0,0.55,False,0.45,True,0.8999999999999999,0.55
oscillation,-1,accept_all,1.0,41,0,0.45,False,0.55,True,0.8999999999999999,0.45
oscillation,-1,accept_all,1.0,42,0,0.55,False,0.45,True,0.8999999999999999,0.55
oscillation,-1,accept_all,1.0,43,0,0.45,False,0.55,True,0.8999999999999999,0.45
oscillation,-1,accept_all,1.0,44,0,0.55,False,0.45,True,0.8999999999999999,0.55
oscillation,-1,accept_all,1.0,45,0,0.45,False,0.55,True,0.8999999999999999,0.45
oscillation,-1,accept_all,1.0,46,0,0.55,False,0.45,True,0.8999999999999999,0.55
oscillation,-1,accept_all,1.0,47,0,0.45,False,0.55,True,0.8999999999999999,0.45
oscillation,-1,accept_all,1.0,48,0,0.55,False,0.45,True,0.8999999999999999,0.55
oscillation,-1,accept_all,1.0,49,0,0.45,False,0.55,True,0.8999999999999999,0.45
oscillation,-1,accept_all,1.0,50,0,0.55,False,0.45,True,0.8999999999999999,0.55
oscillation,-1,accept_all,1.0,51,0,0.45,False,0.55,True,0.8999999999999999,0.45
oscillation,-1,accept_all,1.0,52,0,0.55,False,0.45,True,0.8999999999999999,0.55
oscillation,-1,accept_all,1.0,53,0,0.45,False,0.55,True,0.8999999999999999,0.45
oscillation,-1,accept_all,1.0,54,0,0.55,False,0.45,True,0.8999999999999999,0.55
oscillation,-1,accept_all,1.0,55,0,0.45,False,0.55,True,0.8999999999999999,0.45
oscillation,-1,accept_all,1.0,56,0,0.55,False,0.45,True,0.8999999999999999,0.55
oscillation,-1,accept_all,1.0,57,0,0.45,False,0.55,True,0.8999999999999999,0.45
oscillation,-1,accept_all,1.0,58,0,0.55,False,0.45,True,0.8999999999999999,0.55
oscillation,-1,accept_all,1.0,59,0,0.45,False,0.55,True,0.8999999999999999,0.45
oscillation,-1,accept_all,1.0,60,0,0.55,False,0.45,True,0.8999999999999999,0.55
oscillation,-1,accept_all,1.0,61,0,0.45,False,0.55,True,0.8999999999999999,0.45
oscillation,-1,accept_all,1.0,62,0,0.55,False,0.45,True,0.8999999999999999,0.55
oscillation,-1,accept_all,1.0,63,0,0.45,False,0.55,True,0.8999999999999999,0.45
oscillation,-1,accept_all,1.0,64,0,0.55,False,0.45,True,0.8999999999999999,0.55
oscillation,-1,accept_all,1.0,65,0,0.45,False,0.55,True,0.8999999999999999,0.45
oscillation,-1,accept_all,1.0,66,0,0.55,False,0.45,True,0.8999999999999999,0.55
oscillation,-1,accept_all,1.0,67,0,0.45,False,0.55,True,0.8999999999999999,0.45
oscillation,-1,accept_all,1.0,68,0,0.55,False,0.45,True,0.8999999999999999,0.55
oscillation,-1,accept_all,1.0,69,0,0.45,False,0.55,True,0.8999999999999999,0.45
oscillation,-1,accept_all,1.0,70,0,0.55,False,0.45,True,0.8999999999999999,0.55
oscillation,-1,accept_all,1.0,71,0,0.45,False,0.55,True,0.8999999999999999,0.45
oscillation,-1,accept_all,1.0,72,0,0.55,False,0.45,True,0.8999999999999999,0.55
oscillation,-1,accept_all,1.0,73,0,0.45,False,0.55,True,0.8999999999999999,0.45
oscillation,-1,accept_all,1.0,74,0,0.55,False,0.45,True,0.8999999999999999,0.55
oscillation,-1,accept_all,1.0,75,0,0.45,False,0.55,True,0.8999999999999999,0.45
oscillation,-1,accept_all,1.0,76,0,0.55,False,0.45,True,0.8999999999999999,0.55
oscillation,-1,accept_all,1.0,77,0,0.45,False,0.55,True,0.8999999999999999,0.45
oscillation,-1,accept_all,1.0,78,0,0.55,False,0.45,True,0.8999999999999999,0.55
oscillation,-1,accept_all,1.0,79,0,0.45,False,0.55,True,0.8999999999999999,0.45
oscillation,-1,accept_all,1.0,80,0,0.55,False,0.45,True,0.8999999999999999,0.55
oscillation,-1,reference_only,1.0,1,0,0.45,False,0.5,False,0.95,0.5
oscillation,-1,reference_only,1.0,2,0,0.55,False,0.5,False,0.95,0.5
oscillation,-1,reference_only,1.0,3,0,0.45,False,0.5,False,0.95,0.5
oscillation,-1,reference_only,1.0,4,0,0.55,False,0.5,False,0.95,0.5
oscillation,-1,reference_only,1.0,5,0,0.45,False,0.5,False,0.95,0.5
oscillation,-1,reference_only,1.0,6,0,0.55,False,0.5,False,0.95,0.5
oscillation,-1,reference_only,1.0,7,0,0.45,False,0.5,False,0.95,0.5
oscillation,-1,reference_only,1.0,8,0,0.55,False,0.5,False,0.95,0.5
oscillation,-1,reference_only,1.0,9,0,0.45,False,0.5,False,0.95,0.5
oscillation,-1,reference_only,1.0,10,0,0.55,False,0.5,False,0.95,0.5
oscillation,-1,reference_only,1.0,11,0,0.45,False,0.5,False,0.95,0.5
oscillation,-1,reference_only,1.0,12,0,0.55,False,0.5,False,0.95,0.5
oscillation,-1,reference_only,1.0,13,0,0.45,False,0.5,False,0.95,0.5
oscillation,-1,reference_only,1.0,14,0,0.55,False,0.5,False,0.95,0.5
oscillation,-1,reference_only,1.0,15,0,0.45,False,0.5,False,0.95,0.5
oscillation,-1,reference_only,1.0,16,0,0.55,False,0.5,False,0.95,0.5
oscillation,-1,reference_only,1.0,17,0,0.45,False,0.5,False,0.95,0.5
oscillation,-1,reference_only,1.0,18,0,0.55,False,0.5,False,0.95,0.5
oscillation,-1,reference_only,1.0,19,0,0.45,False,0.5,False,0.95,0.5
oscillation,-1,reference_only,1.0,20,0,0.55,False,0.5,False,0.95,0.5
oscillation,-1,reference_only,1.0,21,0,0.45,False,0.5,False,0.95,0.5
oscillation,-1,reference_only,1.0,22,0,0.55,False,0.5,False,0.95,0.5
oscillation,-1,reference_only,1.0,23,0,0.45,False,0.5,False,0.95,0.5
oscillation,-1,reference_only,1.0,24,0,0.55,False,0.5,False,0.95,0.5
oscillation,-1,reference_only,1.0,25,0,0.45,False,0.5,False,0.95,0.5
oscillation,-1,reference_only,1.0,26,0,0.55,False,0.5,False,0.95,0.5
oscillation,-1,reference_only,1.0,27,0,0.45,False,0.5,False,0.95,0.5
oscillation,-1,reference_only,1.0,28,0,0.55,False,0.5,False,0.95,0.5
oscillation,-1,reference_only,1.0,29,0,0.45,False,0.5,False,0.95,0.5
oscillation,-1,reference_only,1.0,30,0,0.55,False,0.5,False,0.95,0.5
oscillation,-1,reference_only,1.0,31,0,0.45,False,0.5,False,0.95,0.5
oscillation,-1,reference_only,1.0,32,0,0.55,False,0.5,False,0.95,0.5
oscillation,-1,reference_only,1.0,33,0,0.45,False,0.5,False,0.95,0.5
oscillation,-1,reference_only,1.0,34,0,0.55,False,0.5,False,0.95,0.5
oscillation,-1,reference_only,1.0,35,0,0.45,False,0.5,False,0.95,0.5
oscillation,-1,reference_only,1.0,36,0,0.55,False,0.5,False,0.95,0.5
oscillation,-1,reference_only,1.0,37,0,0.45,False,0.5,False,0.95,0.5
oscillation,-1,reference_only,1.0,38,0,0.55,False,0.5,False,0.95,0.5
oscillation,-1,reference_only,1.0,39,0,0.45,False,0.5,False,0.95,0.5
oscillation,-1,reference_only,1.0,40,0,0.55,False,0.5,False,0.95,0.5
oscillation,-1,reference_only,1.0,41,0,0.45,False,0.5,False,0.95,0.5
oscillation,-1,reference_only,1.0,42,0,0.55,False,0.5,False,0.95,0.5
oscillation,-1,reference_only,1.0,43,0,0.45,False,0.5,False,0.95,0.5
oscillation,-1,reference_only,1.0,44,0,0.55,False,0.5,False,0.95,0.5
oscillation,-1,reference_only,1.0,45,0,0.45,False,0.5,False,0.95,0.5
oscillation,-1,reference_only,1.0,46,0,0.55,False,0.5,False,0.95,0.5
oscillation,-1,reference_only,1.0,47,0,0.45,False,0.5,False,0.95,0.5
oscillation,-1,reference_only,1.0,48,0,0.55,False,0.5,False,0.95,0.5
oscillation,-1,reference_only,1.0,49,0,0.45,False,0.5,False,0.95,0.5
oscillation,-1,reference_only,1.0,50,0,0.55,False,0.5,False,0.95,0.5
oscillation,-1,reference_only,1.0,51,0,0.45,False,0.5,False,0.95,0.5
oscillation,-1,reference_only,1.0,52,0,0.55,False,0.5,False,0.95,0.5
oscillation,-1,reference_only,1.0,53,0,0.45,False,0.5,False,0.95,0.5
oscillation,-1,reference_only,1.0,54,0,0.55,False,0.5,False,0.95,0.5
oscillation,-1,reference_only,1.0,55,0,0.45,False,0.5,False,0.95,0.5
oscillation,-1,reference_only,1.0,56,0,0.55,False,0.5,False,0.95,0.5
oscillation,-1,reference_only,1.0,57,0,0.45,False,0.5,False,0.95,0.5
oscillation,-1,reference_only,1.0,58,0,0.55,False,0.5,False,0.95,0.5
oscillation,-1,reference_only,1.0,59,0,0.45,False,0.5,False,0.95,0.5
oscillation,-1,reference_only,1.0,60,0,0.55,False,0.5,False,0.95,0.5
oscillation,-1,reference_only,1.0,61,0,0.45,False,0.5,False,0.95,0.5
oscillation,-1,reference_only,1.0,62,0,0.55,False,0.5,False,0.95,0.5
oscillation,-1,reference_only,1.0,63,0,0.45,False,0.5,False,0.95,0.5
oscillation,-1,reference_only,1.0,64,0,0.55,False,0.5,False,0.95,0.5
oscillation,-1,reference_only,1.0,65,0,0.45,False,0.5,False,0.95,0.5
oscillation,-1,reference_only,1.0,66,0,0.55,False,0.5,False,0.95,0.5
oscillation,-1,reference_only,1.0,67,0,0.45,False,0.5,False,0.95,0.5
oscillation,-1,reference_only,1.0,68,0,0.55,False,0.5,False,0.95,0.5
oscillation,-1,reference_only,1.0,69,0,0.45,False,0.5,False,0.95,0.5
oscillation,-1,reference_only,1.0,70,0,0.55,False,0.5,False,0.95,0.5
oscillation,-1,reference_only,1.0,71,0,0.45,False,0.5,False,0.95,0.5
oscillation,-1,reference_only,1.0,72,0,0.55,False,0.5,False,0.95,0.5
oscillation,-1,reference_only,1.0,73,0,0.45,False,0.5,False,0.95,0.5
oscillation,-1,reference_only,1.0,74,0,0.55,False,0.5,False,0.95,0.5
oscillation,-1,reference_only,1.0,75,0,0.45,False,0.5,False,0.95,0.5
oscillation,-1,reference_only,1.0,76,0,0.55,False,0.5,False,0.95,0.5
oscillation,-1,reference_only,1.0,77,0,0.45,False,0.5,False,0.95,0.5
oscillation,-1,reference_only,1.0,78,0,0.55,False,0.5,False,0.95,0.5
oscillation,-1,reference_only,1.0,79,0,0.45,False,0.5,False,0.95,0.5
oscillation,-1,reference_only,1.0,80,0,0.55,False,0.5,False,0.95,0.5
all_rejected,-1,gated,0.0,1,0,1.0,True,0.0,False,0.0,0.0
all_rejected,-1,gated,0.0,2,0,1.0,True,0.0,False,0.0,0.0
all_rejected,-1,gated,0.0,3,0,1.0,True,0.0,False,0.0,0.0
all_rejected,-1,gated,0.0,4,0,1.0,True,0.0,False,0.0,0.0
all_rejected,-1,gated,0.0,5,0,1.0,True,0.0,False,0.0,0.0
all_rejected,-1,gated,0.0,6,0,1.0,True,0.0,False,0.0,0.0
all_rejected,-1,gated,0.0,7,0,1.0,True,0.0,False,0.0,0.0
all_rejected,-1,gated,0.0,8,0,1.0,True,0.0,False,0.0,0.0
all_rejected,-1,gated,0.0,9,0,1.0,True,0.0,False,0.0,0.0
all_rejected,-1,gated,0.0,10,0,1.0,True,0.0,False,0.0,0.0
all_rejected,-1,gated,0.0,11,0,1.0,True,0.0,False,0.0,0.0
all_rejected,-1,gated,0.0,12,0,1.0,True,0.0,False,0.0,0.0
all_rejected,-1,gated,0.0,13,0,1.0,True,0.0,False,0.0,0.0
all_rejected,-1,gated,0.0,14,0,1.0,True,0.0,False,0.0,0.0
all_rejected,-1,gated,0.0,15,0,1.0,True,0.0,False,0.0,0.0
all_rejected,-1,gated,0.0,16,0,1.0,True,0.0,False,0.0,0.0
all_rejected,-1,gated,0.0,17,0,1.0,True,0.0,False,0.0,0.0
all_rejected,-1,gated,0.0,18,0,1.0,True,0.0,False,0.0,0.0
all_rejected,-1,gated,0.0,19,0,1.0,True,0.0,False,0.0,0.0
all_rejected,-1,gated,0.0,20,0,1.0,True,0.0,False,0.0,0.0
all_rejected,-1,gated,0.0,21,0,1.0,True,0.0,False,0.0,0.0
all_rejected,-1,gated,0.0,22,0,1.0,True,0.0,False,0.0,0.0
all_rejected,-1,gated,0.0,23,0,1.0,True,0.0,False,0.0,0.0
all_rejected,-1,gated,0.0,24,0,1.0,True,0.0,False,0.0,0.0
all_rejected,-1,gated,0.0,25,0,1.0,True,0.0,False,0.0,0.0
all_rejected,-1,gated,0.0,26,0,1.0,True,0.0,False,0.0,0.0
all_rejected,-1,gated,0.0,27,0,1.0,True,0.0,False,0.0,0.0
all_rejected,-1,gated,0.0,28,0,1.0,True,0.0,False,0.0,0.0
all_rejected,-1,gated,0.0,29,0,1.0,True,0.0,False,0.0,0.0
all_rejected,-1,gated,0.0,30,0,1.0,True,0.0,False,0.0,0.0
all_rejected,-1,gated,0.0,31,0,1.0,True,0.0,False,0.0,0.0
all_rejected,-1,gated,0.0,32,0,1.0,True,0.0,False,0.0,0.0
all_rejected,-1,gated,0.0,33,0,1.0,True,0.0,False,0.0,0.0
all_rejected,-1,gated,0.0,34,0,1.0,True,0.0,False,0.0,0.0
all_rejected,-1,gated,0.0,35,0,1.0,True,0.0,False,0.0,0.0
all_rejected,-1,gated,0.0,36,0,1.0,True,0.0,False,0.0,0.0
all_rejected,-1,gated,0.0,37,0,1.0,True,0.0,False,0.0,0.0
all_rejected,-1,gated,0.0,38,0,1.0,True,0.0,False,0.0,0.0
all_rejected,-1,gated,0.0,39,0,1.0,True,0.0,False,0.0,0.0
all_rejected,-1,gated,0.0,40,0,1.0,True,0.0,False,0.0,0.0
all_rejected,-1,gated,0.0,41,0,1.0,True,0.0,False,0.0,0.0
all_rejected,-1,gated,0.0,42,0,1.0,True,0.0,False,0.0,0.0
all_rejected,-1,gated,0.0,43,0,1.0,True,0.0,False,0.0,0.0
all_rejected,-1,gated,0.0,44,0,1.0,True,0.0,False,0.0,0.0
all_rejected,-1,gated,0.0,45,0,1.0,True,0.0,False,0.0,0.0
all_rejected,-1,gated,0.0,46,0,1.0,True,0.0,False,0.0,0.0
all_rejected,-1,gated,0.0,47,0,1.0,True,0.0,False,0.0,0.0
all_rejected,-1,gated,0.0,48,0,1.0,True,0.0,False,0.0,0.0
all_rejected,-1,gated,0.0,49,0,1.0,True,0.0,False,0.0,0.0
all_rejected,-1,gated,0.0,50,0,1.0,True,0.0,False,0.0,0.0
all_rejected,-1,gated,0.0,51,0,1.0,True,0.0,False,0.0,0.0
all_rejected,-1,gated,0.0,52,0,1.0,True,0.0,False,0.0,0.0
all_rejected,-1,gated,0.0,53,0,1.0,True,0.0,False,0.0,0.0
all_rejected,-1,gated,0.0,54,0,1.0,True,0.0,False,0.0,0.0
all_rejected,-1,gated,0.0,55,0,1.0,True,0.0,False,0.0,0.0
all_rejected,-1,gated,0.0,56,0,1.0,True,0.0,False,0.0,0.0
all_rejected,-1,gated,0.0,57,0,1.0,True,0.0,False,0.0,0.0
all_rejected,-1,gated,0.0,58,0,1.0,True,0.0,False,0.0,0.0
all_rejected,-1,gated,0.0,59,0,1.0,True,0.0,False,0.0,0.0
all_rejected,-1,gated,0.0,60,0,1.0,True,0.0,False,0.0,0.0
all_rejected,-1,gated,0.0,61,0,1.0,True,0.0,False,0.0,0.0
all_rejected,-1,gated,0.0,62,0,1.0,True,0.0,False,0.0,0.0
all_rejected,-1,gated,0.0,63,0,1.0,True,0.0,False,0.0,0.0
all_rejected,-1,gated,0.0,64,0,1.0,True,0.0,False,0.0,0.0
all_rejected,-1,gated,0.0,65,0,1.0,True,0.0,False,0.0,0.0
all_rejected,-1,gated,0.0,66,0,1.0,True,0.0,False,0.0,0.0
all_rejected,-1,gated,0.0,67,0,1.0,True,0.0,False,0.0,0.0
all_rejected,-1,gated,0.0,68,0,1.0,True,0.0,False,0.0,0.0
all_rejected,-1,gated,0.0,69,0,1.0,True,0.0,False,0.0,0.0
all_rejected,-1,gated,0.0,70,0,1.0,True,0.0,False,0.0,0.0
all_rejected,-1,gated,0.0,71,0,1.0,True,0.0,False,0.0,0.0
all_rejected,-1,gated,0.0,72,0,1.0,True,0.0,False,0.0,0.0
all_rejected,-1,gated,0.0,73,0,1.0,True,0.0,False,0.0,0.0
all_rejected,-1,gated,0.0,74,0,1.0,True,0.0,False,0.0,0.0
all_rejected,-1,gated,0.0,75,0,1.0,True,0.0,False,0.0,0.0
all_rejected,-1,gated,0.0,76,0,1.0,True,0.0,False,0.0,0.0
all_rejected,-1,gated,0.0,77,0,1.0,True,0.0,False,0.0,0.0
all_rejected,-1,gated,0.0,78,0,1.0,True,0.0,False,0.0,0.0
all_rejected,-1,gated,0.0,79,0,1.0,True,0.0,False,0.0,0.0
all_rejected,-1,gated,0.0,80,0,1.0,True,0.0,False,0.0,0.0
all_rejected,-1,accept_all,0.0,1,0,1.0,True,0.0,True,0.0,1.0
all_rejected,-1,accept_all,0.0,2,0,1.0,True,1.0,True,1.0,1.0
all_rejected,-1,accept_all,0.0,3,0,1.0,True,1.0,True,1.0,1.0
all_rejected,-1,accept_all,0.0,4,0,1.0,True,1.0,True,1.0,1.0
all_rejected,-1,accept_all,0.0,5,0,1.0,True,1.0,True,1.0,1.0
all_rejected,-1,accept_all,0.0,6,0,1.0,True,1.0,True,1.0,1.0
all_rejected,-1,accept_all,0.0,7,0,1.0,True,1.0,True,1.0,1.0
all_rejected,-1,accept_all,0.0,8,0,1.0,True,1.0,True,1.0,1.0
all_rejected,-1,accept_all,0.0,9,0,1.0,True,1.0,True,1.0,1.0
all_rejected,-1,accept_all,0.0,10,0,1.0,True,1.0,True,1.0,1.0
all_rejected,-1,accept_all,0.0,11,0,1.0,True,1.0,True,1.0,1.0
all_rejected,-1,accept_all,0.0,12,0,1.0,True,1.0,True,1.0,1.0
all_rejected,-1,accept_all,0.0,13,0,1.0,True,1.0,True,1.0,1.0
all_rejected,-1,accept_all,0.0,14,0,1.0,True,1.0,True,1.0,1.0
all_rejected,-1,accept_all,0.0,15,0,1.0,True,1.0,True,1.0,1.0
all_rejected,-1,accept_all,0.0,16,0,1.0,True,1.0,True,1.0,1.0
all_rejected,-1,accept_all,0.0,17,0,1.0,True,1.0,True,1.0,1.0
all_rejected,-1,accept_all,0.0,18,0,1.0,True,1.0,True,1.0,1.0
all_rejected,-1,accept_all,0.0,19,0,1.0,True,1.0,True,1.0,1.0
all_rejected,-1,accept_all,0.0,20,0,1.0,True,1.0,True,1.0,1.0
all_rejected,-1,accept_all,0.0,21,0,1.0,True,1.0,True,1.0,1.0
all_rejected,-1,accept_all,0.0,22,0,1.0,True,1.0,True,1.0,1.0
all_rejected,-1,accept_all,0.0,23,0,1.0,True,1.0,True,1.0,1.0
all_rejected,-1,accept_all,0.0,24,0,1.0,True,1.0,True,1.0,1.0
all_rejected,-1,accept_all,0.0,25,0,1.0,True,1.0,True,1.0,1.0
all_rejected,-1,accept_all,0.0,26,0,1.0,True,1.0,True,1.0,1.0
all_rejected,-1,accept_all,0.0,27,0,1.0,True,1.0,True,1.0,1.0
all_rejected,-1,accept_all,0.0,28,0,1.0,True,1.0,True,1.0,1.0
all_rejected,-1,accept_all,0.0,29,0,1.0,True,1.0,True,1.0,1.0
all_rejected,-1,accept_all,0.0,30,0,1.0,True,1.0,True,1.0,1.0
all_rejected,-1,accept_all,0.0,31,0,1.0,True,1.0,True,1.0,1.0
all_rejected,-1,accept_all,0.0,32,0,1.0,True,1.0,True,1.0,1.0
all_rejected,-1,accept_all,0.0,33,0,1.0,True,1.0,True,1.0,1.0
all_rejected,-1,accept_all,0.0,34,0,1.0,True,1.0,True,1.0,1.0
all_rejected,-1,accept_all,0.0,35,0,1.0,True,1.0,True,1.0,1.0
all_rejected,-1,accept_all,0.0,36,0,1.0,True,1.0,True,1.0,1.0
all_rejected,-1,accept_all,0.0,37,0,1.0,True,1.0,True,1.0,1.0
all_rejected,-1,accept_all,0.0,38,0,1.0,True,1.0,True,1.0,1.0
all_rejected,-1,accept_all,0.0,39,0,1.0,True,1.0,True,1.0,1.0
all_rejected,-1,accept_all,0.0,40,0,1.0,True,1.0,True,1.0,1.0
all_rejected,-1,accept_all,0.0,41,0,1.0,True,1.0,True,1.0,1.0
all_rejected,-1,accept_all,0.0,42,0,1.0,True,1.0,True,1.0,1.0
all_rejected,-1,accept_all,0.0,43,0,1.0,True,1.0,True,1.0,1.0
all_rejected,-1,accept_all,0.0,44,0,1.0,True,1.0,True,1.0,1.0
all_rejected,-1,accept_all,0.0,45,0,1.0,True,1.0,True,1.0,1.0
all_rejected,-1,accept_all,0.0,46,0,1.0,True,1.0,True,1.0,1.0
all_rejected,-1,accept_all,0.0,47,0,1.0,True,1.0,True,1.0,1.0
all_rejected,-1,accept_all,0.0,48,0,1.0,True,1.0,True,1.0,1.0
all_rejected,-1,accept_all,0.0,49,0,1.0,True,1.0,True,1.0,1.0
all_rejected,-1,accept_all,0.0,50,0,1.0,True,1.0,True,1.0,1.0
all_rejected,-1,accept_all,0.0,51,0,1.0,True,1.0,True,1.0,1.0
all_rejected,-1,accept_all,0.0,52,0,1.0,True,1.0,True,1.0,1.0
all_rejected,-1,accept_all,0.0,53,0,1.0,True,1.0,True,1.0,1.0
all_rejected,-1,accept_all,0.0,54,0,1.0,True,1.0,True,1.0,1.0
all_rejected,-1,accept_all,0.0,55,0,1.0,True,1.0,True,1.0,1.0
all_rejected,-1,accept_all,0.0,56,0,1.0,True,1.0,True,1.0,1.0
all_rejected,-1,accept_all,0.0,57,0,1.0,True,1.0,True,1.0,1.0
all_rejected,-1,accept_all,0.0,58,0,1.0,True,1.0,True,1.0,1.0
all_rejected,-1,accept_all,0.0,59,0,1.0,True,1.0,True,1.0,1.0
all_rejected,-1,accept_all,0.0,60,0,1.0,True,1.0,True,1.0,1.0
all_rejected,-1,accept_all,0.0,61,0,1.0,True,1.0,True,1.0,1.0
all_rejected,-1,accept_all,0.0,62,0,1.0,True,1.0,True,1.0,1.0
all_rejected,-1,accept_all,0.0,63,0,1.0,True,1.0,True,1.0,1.0
all_rejected,-1,accept_all,0.0,64,0,1.0,True,1.0,True,1.0,1.0
all_rejected,-1,accept_all,0.0,65,0,1.0,True,1.0,True,1.0,1.0
all_rejected,-1,accept_all,0.0,66,0,1.0,True,1.0,True,1.0,1.0
all_rejected,-1,accept_all,0.0,67,0,1.0,True,1.0,True,1.0,1.0
all_rejected,-1,accept_all,0.0,68,0,1.0,True,1.0,True,1.0,1.0
all_rejected,-1,accept_all,0.0,69,0,1.0,True,1.0,True,1.0,1.0
all_rejected,-1,accept_all,0.0,70,0,1.0,True,1.0,True,1.0,1.0
all_rejected,-1,accept_all,0.0,71,0,1.0,True,1.0,True,1.0,1.0
all_rejected,-1,accept_all,0.0,72,0,1.0,True,1.0,True,1.0,1.0
all_rejected,-1,accept_all,0.0,73,0,1.0,True,1.0,True,1.0,1.0
all_rejected,-1,accept_all,0.0,74,0,1.0,True,1.0,True,1.0,1.0
all_rejected,-1,accept_all,0.0,75,0,1.0,True,1.0,True,1.0,1.0
all_rejected,-1,accept_all,0.0,76,0,1.0,True,1.0,True,1.0,1.0
all_rejected,-1,accept_all,0.0,77,0,1.0,True,1.0,True,1.0,1.0
all_rejected,-1,accept_all,0.0,78,0,1.0,True,1.0,True,1.0,1.0
all_rejected,-1,accept_all,0.0,79,0,1.0,True,1.0,True,1.0,1.0
all_rejected,-1,accept_all,0.0,80,0,1.0,True,1.0,True,1.0,1.0
all_rejected,-1,reference_only,0.0,1,0,1.0,True,0.0,True,0.0,1.0
all_rejected,-1,reference_only,0.0,2,0,1.0,True,1.0,True,1.0,1.0
all_rejected,-1,reference_only,0.0,3,0,1.0,True,1.0,True,1.0,1.0
all_rejected,-1,reference_only,0.0,4,0,1.0,True,1.0,True,1.0,1.0
all_rejected,-1,reference_only,0.0,5,0,1.0,True,1.0,True,1.0,1.0
all_rejected,-1,reference_only,0.0,6,0,1.0,True,1.0,True,1.0,1.0
all_rejected,-1,reference_only,0.0,7,0,1.0,True,1.0,True,1.0,1.0
all_rejected,-1,reference_only,0.0,8,0,1.0,True,1.0,True,1.0,1.0
all_rejected,-1,reference_only,0.0,9,0,1.0,True,1.0,True,1.0,1.0
all_rejected,-1,reference_only,0.0,10,0,1.0,True,1.0,True,1.0,1.0
all_rejected,-1,reference_only,0.0,11,0,1.0,True,1.0,True,1.0,1.0
all_rejected,-1,reference_only,0.0,12,0,1.0,True,1.0,True,1.0,1.0
all_rejected,-1,reference_only,0.0,13,0,1.0,True,1.0,True,1.0,1.0
all_rejected,-1,reference_only,0.0,14,0,1.0,True,1.0,True,1.0,1.0
all_rejected,-1,reference_only,0.0,15,0,1.0,True,1.0,True,1.0,1.0
all_rejected,-1,reference_only,0.0,16,0,1.0,True,1.0,True,1.0,1.0
all_rejected,-1,reference_only,0.0,17,0,1.0,True,1.0,True,1.0,1.0
all_rejected,-1,reference_only,0.0,18,0,1.0,True,1.0,True,1.0,1.0
all_rejected,-1,reference_only,0.0,19,0,1.0,True,1.0,True,1.0,1.0
all_rejected,-1,reference_only,0.0,20,0,1.0,True,1.0,True,1.0,1.0
all_rejected,-1,reference_only,0.0,21,0,1.0,True,1.0,True,1.0,1.0
all_rejected,-1,reference_only,0.0,22,0,1.0,True,1.0,True,1.0,1.0
all_rejected,-1,reference_only,0.0,23,0,1.0,True,1.0,True,1.0,1.0
all_rejected,-1,reference_only,0.0,24,0,1.0,True,1.0,True,1.0,1.0
all_rejected,-1,reference_only,0.0,25,0,1.0,True,1.0,True,1.0,1.0
all_rejected,-1,reference_only,0.0,26,0,1.0,True,1.0,True,1.0,1.0
all_rejected,-1,reference_only,0.0,27,0,1.0,True,1.0,True,1.0,1.0
all_rejected,-1,reference_only,0.0,28,0,1.0,True,1.0,True,1.0,1.0
all_rejected,-1,reference_only,0.0,29,0,1.0,True,1.0,True,1.0,1.0
all_rejected,-1,reference_only,0.0,30,0,1.0,True,1.0,True,1.0,1.0
all_rejected,-1,reference_only,0.0,31,0,1.0,True,1.0,True,1.0,1.0
all_rejected,-1,reference_only,0.0,32,0,1.0,True,1.0,True,1.0,1.0
all_rejected,-1,reference_only,0.0,33,0,1.0,True,1.0,True,1.0,1.0
all_rejected,-1,reference_only,0.0,34,0,1.0,True,1.0,True,1.0,1.0
all_rejected,-1,reference_only,0.0,35,0,1.0,True,1.0,True,1.0,1.0
all_rejected,-1,reference_only,0.0,36,0,1.0,True,1.0,True,1.0,1.0
all_rejected,-1,reference_only,0.0,37,0,1.0,True,1.0,True,1.0,1.0
all_rejected,-1,reference_only,0.0,38,0,1.0,True,1.0,True,1.0,1.0
all_rejected,-1,reference_only,0.0,39,0,1.0,True,1.0,True,1.0,1.0
all_rejected,-1,reference_only,0.0,40,0,1.0,True,1.0,True,1.0,1.0
all_rejected,-1,reference_only,0.0,41,0,1.0,True,1.0,True,1.0,1.0
all_rejected,-1,reference_only,0.0,42,0,1.0,True,1.0,True,1.0,1.0
all_rejected,-1,reference_only,0.0,43,0,1.0,True,1.0,True,1.0,1.0
all_rejected,-1,reference_only,0.0,44,0,1.0,True,1.0,True,1.0,1.0
all_rejected,-1,reference_only,0.0,45,0,1.0,True,1.0,True,1.0,1.0
all_rejected,-1,reference_only,0.0,46,0,1.0,True,1.0,True,1.0,1.0
all_rejected,-1,reference_only,0.0,47,0,1.0,True,1.0,True,1.0,1.0
all_rejected,-1,reference_only,0.0,48,0,1.0,True,1.0,True,1.0,1.0
all_rejected,-1,reference_only,0.0,49,0,1.0,True,1.0,True,1.0,1.0
all_rejected,-1,reference_only,0.0,50,0,1.0,True,1.0,True,1.0,1.0
all_rejected,-1,reference_only,0.0,51,0,1.0,True,1.0,True,1.0,1.0
all_rejected,-1,reference_only,0.0,52,0,1.0,True,1.0,True,1.0,1.0
all_rejected,-1,reference_only,0.0,53,0,1.0,True,1.0,True,1.0,1.0
all_rejected,-1,reference_only,0.0,54,0,1.0,True,1.0,True,1.0,1.0
all_rejected,-1,reference_only,0.0,55,0,1.0,True,1.0,True,1.0,1.0
all_rejected,-1,reference_only,0.0,56,0,1.0,True,1.0,True,1.0,1.0
all_rejected,-1,reference_only,0.0,57,0,1.0,True,1.0,True,1.0,1.0
all_rejected,-1,reference_only,0.0,58,0,1.0,True,1.0,True,1.0,1.0
all_rejected,-1,reference_only,0.0,59,0,1.0,True,1.0,True,1.0,1.0
all_rejected,-1,reference_only,0.0,60,0,1.0,True,1.0,True,1.0,1.0
all_rejected,-1,reference_only,0.0,61,0,1.0,True,1.0,True,1.0,1.0
all_rejected,-1,reference_only,0.0,62,0,1.0,True,1.0,True,1.0,1.0
all_rejected,-1,reference_only,0.0,63,0,1.0,True,1.0,True,1.0,1.0
all_rejected,-1,reference_only,0.0,64,0,1.0,True,1.0,True,1.0,1.0
all_rejected,-1,reference_only,0.0,65,0,1.0,True,1.0,True,1.0,1.0
all_rejected,-1,reference_only,0.0,66,0,1.0,True,1.0,True,1.0,1.0
all_rejected,-1,reference_only,0.0,67,0,1.0,True,1.0,True,1.0,1.0
all_rejected,-1,reference_only,0.0,68,0,1.0,True,1.0,True,1.0,1.0
all_rejected,-1,reference_only,0.0,69,0,1.0,True,1.0,True,1.0,1.0
all_rejected,-1,reference_only,0.0,70,0,1.0,True,1.0,True,1.0,1.0
all_rejected,-1,reference_only,0.0,71,0,1.0,True,1.0,True,1.0,1.0
all_rejected,-1,reference_only,0.0,72,0,1.0,True,1.0,True,1.0,1.0
all_rejected,-1,reference_only,0.0,73,0,1.0,True,1.0,True,1.0,1.0
all_rejected,-1,reference_only,0.0,74,0,1.0,True,1.0,True,1.0,1.0
all_rejected,-1,reference_only,0.0,75,0,1.0,True,1.0,True,1.0,1.0
all_rejected,-1,reference_only,0.0,76,0,1.0,True,1.0,True,1.0,1.0
all_rejected,-1,reference_only,0.0,77,0,1.0,True,1.0,True,1.0,1.0
all_rejected,-1,reference_only,0.0,78,0,1.0,True,1.0,True,1.0,1.0
all_rejected,-1,reference_only,0.0,79,0,1.0,True,1.0,True,1.0,1.0
all_rejected,-1,reference_only,0.0,80,0,1.0,True,1.0,True,1.0,1.0
all_rejected,-1,gated,0.01,1,0,1.0,True,0.0,False,0.0,0.0
all_rejected,-1,gated,0.01,2,0,1.0,True,0.0,False,0.0,0.0
all_rejected,-1,gated,0.01,3,0,1.0,True,0.0,False,0.0,0.0
all_rejected,-1,gated,0.01,4,0,1.0,True,0.0,False,0.0,0.0
all_rejected,-1,gated,0.01,5,0,1.0,True,0.0,False,0.0,0.0
all_rejected,-1,gated,0.01,6,0,1.0,True,0.0,False,0.0,0.0
all_rejected,-1,gated,0.01,7,0,1.0,True,0.0,False,0.0,0.0
all_rejected,-1,gated,0.01,8,0,1.0,True,0.0,False,0.0,0.0
all_rejected,-1,gated,0.01,9,0,1.0,True,0.0,False,0.0,0.0
all_rejected,-1,gated,0.01,10,0,1.0,True,0.0,False,0.0,0.0
all_rejected,-1,gated,0.01,11,0,1.0,True,0.0,False,0.0,0.0
all_rejected,-1,gated,0.01,12,0,1.0,True,0.0,False,0.0,0.0
all_rejected,-1,gated,0.01,13,0,1.0,True,0.0,False,0.0,0.0
all_rejected,-1,gated,0.01,14,0,1.0,True,0.0,False,0.0,0.0
all_rejected,-1,gated,0.01,15,0,1.0,True,0.0,False,0.0,0.0
all_rejected,-1,gated,0.01,16,0,1.0,True,0.0,False,0.0,0.0
all_rejected,-1,gated,0.01,17,0,1.0,True,0.0,False,0.0,0.0
all_rejected,-1,gated,0.01,18,0,1.0,True,0.0,False,0.0,0.0
all_rejected,-1,gated,0.01,19,0,1.0,True,0.0,False,0.0,0.0
all_rejected,-1,gated,0.01,20,0,1.0,True,0.0,False,0.0,0.0
all_rejected,-1,gated,0.01,21,0,1.0,True,0.0,False,0.0,0.0
all_rejected,-1,gated,0.01,22,0,1.0,True,0.0,False,0.0,0.0
all_rejected,-1,gated,0.01,23,0,1.0,True,0.0,False,0.0,0.0
all_rejected,-1,gated,0.01,24,0,1.0,True,0.0,False,0.0,0.0
all_rejected,-1,gated,0.01,25,0,1.0,True,0.0,False,0.0,0.0
all_rejected,-1,gated,0.01,26,0,1.0,True,0.0,False,0.0,0.0
all_rejected,-1,gated,0.01,27,0,1.0,True,0.0,False,0.0,0.0
all_rejected,-1,gated,0.01,28,0,1.0,True,0.0,False,0.0,0.0
all_rejected,-1,gated,0.01,29,0,1.0,True,0.0,False,0.0,0.0
all_rejected,-1,gated,0.01,30,0,1.0,True,0.0,False,0.0,0.0
all_rejected,-1,gated,0.01,31,0,1.0,True,0.0,False,0.0,0.0
all_rejected,-1,gated,0.01,32,0,1.0,True,0.0,False,0.0,0.0
all_rejected,-1,gated,0.01,33,0,1.0,True,0.0,False,0.0,0.0
all_rejected,-1,gated,0.01,34,0,1.0,True,0.0,False,0.0,0.0
all_rejected,-1,gated,0.01,35,0,1.0,True,0.0,False,0.0,0.0
all_rejected,-1,gated,0.01,36,0,1.0,True,0.0,False,0.0,0.0
all_rejected,-1,gated,0.01,37,0,1.0,True,0.0,False,0.0,0.0
all_rejected,-1,gated,0.01,38,0,1.0,True,0.0,False,0.0,0.0
all_rejected,-1,gated,0.01,39,0,1.0,True,0.0,False,0.0,0.0
all_rejected,-1,gated,0.01,40,0,1.0,True,0.0,False,0.0,0.0
all_rejected,-1,gated,0.01,41,0,1.0,True,0.0,False,0.0,0.0
all_rejected,-1,gated,0.01,42,0,1.0,True,0.0,False,0.0,0.0
all_rejected,-1,gated,0.01,43,0,1.0,True,0.0,False,0.0,0.0
all_rejected,-1,gated,0.01,44,0,1.0,True,0.0,False,0.0,0.0
all_rejected,-1,gated,0.01,45,0,1.0,True,0.0,False,0.0,0.0
all_rejected,-1,gated,0.01,46,0,1.0,True,0.0,False,0.0,0.0
all_rejected,-1,gated,0.01,47,0,1.0,True,0.0,False,0.0,0.0
all_rejected,-1,gated,0.01,48,0,1.0,True,0.0,False,0.0,0.0
all_rejected,-1,gated,0.01,49,0,1.0,True,0.0,False,0.0,0.0
all_rejected,-1,gated,0.01,50,0,1.0,True,0.0,False,0.0,0.0
all_rejected,-1,gated,0.01,51,0,1.0,True,0.0,False,0.0,0.0
all_rejected,-1,gated,0.01,52,0,1.0,True,0.0,False,0.0,0.0
all_rejected,-1,gated,0.01,53,0,1.0,True,0.0,False,0.0,0.0
all_rejected,-1,gated,0.01,54,0,1.0,True,0.0,False,0.0,0.0
all_rejected,-1,gated,0.01,55,0,1.0,True,0.0,False,0.0,0.0
all_rejected,-1,gated,0.01,56,0,1.0,True,0.0,False,0.0,0.0
all_rejected,-1,gated,0.01,57,0,1.0,True,0.0,False,0.0,0.0
all_rejected,-1,gated,0.01,58,0,1.0,True,0.0,False,0.0,0.0
all_rejected,-1,gated,0.01,59,0,1.0,True,0.0,False,0.0,0.0
all_rejected,-1,gated,0.01,60,0,1.0,True,0.0,False,0.0,0.0
all_rejected,-1,gated,0.01,61,0,1.0,True,0.0,False,0.0,0.0
all_rejected,-1,gated,0.01,62,0,1.0,True,0.0,False,0.0,0.0
all_rejected,-1,gated,0.01,63,0,1.0,True,0.0,False,0.0,0.0
all_rejected,-1,gated,0.01,64,0,1.0,True,0.0,False,0.0,0.0
all_rejected,-1,gated,0.01,65,0,1.0,True,0.0,False,0.0,0.0
all_rejected,-1,gated,0.01,66,0,1.0,True,0.0,False,0.0,0.0
all_rejected,-1,gated,0.01,67,0,1.0,True,0.0,False,0.0,0.0
all_rejected,-1,gated,0.01,68,0,1.0,True,0.0,False,0.0,0.0
all_rejected,-1,gated,0.01,69,0,1.0,True,0.0,False,0.0,0.0
all_rejected,-1,gated,0.01,70,0,1.0,True,0.0,False,0.0,0.0
all_rejected,-1,gated,0.01,71,0,1.0,True,0.0,False,0.0,0.0
all_rejected,-1,gated,0.01,72,0,1.0,True,0.0,False,0.0,0.0
all_rejected,-1,gated,0.01,73,0,1.0,True,0.0,False,0.0,0.0
all_rejected,-1,gated,0.01,74,0,1.0,True,0.0,False,0.0,0.0
all_rejected,-1,gated,0.01,75,0,1.0,True,0.0,False,0.0,0.0
all_rejected,-1,gated,0.01,76,0,1.0,True,0.0,False,0.0,0.0
all_rejected,-1,gated,0.01,77,0,1.0,True,0.0,False,0.0,0.0
all_rejected,-1,gated,0.01,78,0,1.0,True,0.0,False,0.0,0.0
all_rejected,-1,gated,0.01,79,0,1.0,True,0.0,False,0.0,0.0
all_rejected,-1,gated,0.01,80,0,1.0,True,0.0,False,0.0,0.0
all_rejected,-1,accept_all,0.01,1,0,1.0,True,0.0,True,0.0,1.0
all_rejected,-1,accept_all,0.01,2,0,1.0,True,1.0,True,1.0,1.0
all_rejected,-1,accept_all,0.01,3,0,1.0,True,1.0,True,1.0,1.0
all_rejected,-1,accept_all,0.01,4,0,1.0,True,1.0,True,1.0,1.0
all_rejected,-1,accept_all,0.01,5,0,1.0,True,1.0,True,1.0,1.0
all_rejected,-1,accept_all,0.01,6,0,1.0,True,1.0,True,1.0,1.0
all_rejected,-1,accept_all,0.01,7,0,1.0,True,1.0,True,1.0,1.0
all_rejected,-1,accept_all,0.01,8,0,1.0,True,1.0,True,1.0,1.0
all_rejected,-1,accept_all,0.01,9,0,1.0,True,1.0,True,1.0,1.0
all_rejected,-1,accept_all,0.01,10,0,1.0,True,1.0,True,1.0,1.0
all_rejected,-1,accept_all,0.01,11,0,1.0,True,1.0,True,1.0,1.0
all_rejected,-1,accept_all,0.01,12,0,1.0,True,1.0,True,1.0,1.0
all_rejected,-1,accept_all,0.01,13,0,1.0,True,1.0,True,1.0,1.0
all_rejected,-1,accept_all,0.01,14,0,1.0,True,1.0,True,1.0,1.0
all_rejected,-1,accept_all,0.01,15,0,1.0,True,1.0,True,1.0,1.0
all_rejected,-1,accept_all,0.01,16,0,1.0,True,1.0,True,1.0,1.0
all_rejected,-1,accept_all,0.01,17,0,1.0,True,1.0,True,1.0,1.0
all_rejected,-1,accept_all,0.01,18,0,1.0,True,1.0,True,1.0,1.0
all_rejected,-1,accept_all,0.01,19,0,1.0,True,1.0,True,1.0,1.0
all_rejected,-1,accept_all,0.01,20,0,1.0,True,1.0,True,1.0,1.0
all_rejected,-1,accept_all,0.01,21,0,1.0,True,1.0,True,1.0,1.0
all_rejected,-1,accept_all,0.01,22,0,1.0,True,1.0,True,1.0,1.0
all_rejected,-1,accept_all,0.01,23,0,1.0,True,1.0,True,1.0,1.0
all_rejected,-1,accept_all,0.01,24,0,1.0,True,1.0,True,1.0,1.0
all_rejected,-1,accept_all,0.01,25,0,1.0,True,1.0,True,1.0,1.0
all_rejected,-1,accept_all,0.01,26,0,1.0,True,1.0,True,1.0,1.0
all_rejected,-1,accept_all,0.01,27,0,1.0,True,1.0,True,1.0,1.0
all_rejected,-1,accept_all,0.01,28,0,1.0,True,1.0,True,1.0,1.0
all_rejected,-1,accept_all,0.01,29,0,1.0,True,1.0,True,1.0,1.0
all_rejected,-1,accept_all,0.01,30,0,1.0,True,1.0,True,1.0,1.0
all_rejected,-1,accept_all,0.01,31,0,1.0,True,1.0,True,1.0,1.0
all_rejected,-1,accept_all,0.01,32,0,1.0,True,1.0,True,1.0,1.0
all_rejected,-1,accept_all,0.01,33,0,1.0,True,1.0,True,1.0,1.0
all_rejected,-1,accept_all,0.01,34,0,1.0,True,1.0,True,1.0,1.0
all_rejected,-1,accept_all,0.01,35,0,1.0,True,1.0,True,1.0,1.0
all_rejected,-1,accept_all,0.01,36,0,1.0,True,1.0,True,1.0,1.0
all_rejected,-1,accept_all,0.01,37,0,1.0,True,1.0,True,1.0,1.0
all_rejected,-1,accept_all,0.01,38,0,1.0,True,1.0,True,1.0,1.0
all_rejected,-1,accept_all,0.01,39,0,1.0,True,1.0,True,1.0,1.0
all_rejected,-1,accept_all,0.01,40,0,1.0,True,1.0,True,1.0,1.0
all_rejected,-1,accept_all,0.01,41,0,1.0,True,1.0,True,1.0,1.0
all_rejected,-1,accept_all,0.01,42,0,1.0,True,1.0,True,1.0,1.0
all_rejected,-1,accept_all,0.01,43,0,1.0,True,1.0,True,1.0,1.0
all_rejected,-1,accept_all,0.01,44,0,1.0,True,1.0,True,1.0,1.0
all_rejected,-1,accept_all,0.01,45,0,1.0,True,1.0,True,1.0,1.0
all_rejected,-1,accept_all,0.01,46,0,1.0,True,1.0,True,1.0,1.0
all_rejected,-1,accept_all,0.01,47,0,1.0,True,1.0,True,1.0,1.0
all_rejected,-1,accept_all,0.01,48,0,1.0,True,1.0,True,1.0,1.0
all_rejected,-1,accept_all,0.01,49,0,1.0,True,1.0,True,1.0,1.0
all_rejected,-1,accept_all,0.01,50,0,1.0,True,1.0,True,1.0,1.0
all_rejected,-1,accept_all,0.01,51,0,1.0,True,1.0,True,1.0,1.0
all_rejected,-1,accept_all,0.01,52,0,1.0,True,1.0,True,1.0,1.0
all_rejected,-1,accept_all,0.01,53,0,1.0,True,1.0,True,1.0,1.0
all_rejected,-1,accept_all,0.01,54,0,1.0,True,1.0,True,1.0,1.0
all_rejected,-1,accept_all,0.01,55,0,1.0,True,1.0,True,1.0,1.0
all_rejected,-1,accept_all,0.01,56,0,1.0,True,1.0,True,1.0,1.0
all_rejected,-1,accept_all,0.01,57,0,1.0,True,1.0,True,1.0,1.0
all_rejected,-1,accept_all,0.01,58,0,1.0,True,1.0,True,1.0,1.0
all_rejected,-1,accept_all,0.01,59,0,1.0,True,1.0,True,1.0,1.0
all_rejected,-1,accept_all,0.01,60,0,1.0,True,1.0,True,1.0,1.0
all_rejected,-1,accept_all,0.01,61,0,1.0,True,1.0,True,1.0,1.0
all_rejected,-1,accept_all,0.01,62,0,1.0,True,1.0,True,1.0,1.0
all_rejected,-1,accept_all,0.01,63,0,1.0,True,1.0,True,1.0,1.0
all_rejected,-1,accept_all,0.01,64,0,1.0,True,1.0,True,1.0,1.0
all_rejected,-1,accept_all,0.01,65,0,1.0,True,1.0,True,1.0,1.0
all_rejected,-1,accept_all,0.01,66,0,1.0,True,1.0,True,1.0,1.0
all_rejected,-1,accept_all,0.01,67,0,1.0,True,1.0,True,1.0,1.0
all_rejected,-1,accept_all,0.01,68,0,1.0,True,1.0,True,1.0,1.0
all_rejected,-1,accept_all,0.01,69,0,1.0,True,1.0,True,1.0,1.0
all_rejected,-1,accept_all,0.01,70,0,1.0,True,1.0,True,1.0,1.0
all_rejected,-1,accept_all,0.01,71,0,1.0,True,1.0,True,1.0,1.0
all_rejected,-1,accept_all,0.01,72,0,1.0,True,1.0,True,1.0,1.0
all_rejected,-1,accept_all,0.01,73,0,1.0,True,1.0,True,1.0,1.0
all_rejected,-1,accept_all,0.01,74,0,1.0,True,1.0,True,1.0,1.0
all_rejected,-1,accept_all,0.01,75,0,1.0,True,1.0,True,1.0,1.0
all_rejected,-1,accept_all,0.01,76,0,1.0,True,1.0,True,1.0,1.0
all_rejected,-1,accept_all,0.01,77,0,1.0,True,1.0,True,1.0,1.0
all_rejected,-1,accept_all,0.01,78,0,1.0,True,1.0,True,1.0,1.0
all_rejected,-1,accept_all,0.01,79,0,1.0,True,1.0,True,1.0,1.0
all_rejected,-1,accept_all,0.01,80,0,1.0,True,1.0,True,1.0,1.0
all_rejected,-1,reference_only,0.01,1,0,1.0,True,0.0,True,0.0,1.0
all_rejected,-1,reference_only,0.01,2,0,1.0,True,1.0,True,1.0,1.0
all_rejected,-1,reference_only,0.01,3,0,1.0,True,1.0,True,1.0,1.0
all_rejected,-1,reference_only,0.01,4,0,1.0,True,1.0,True,1.0,1.0
all_rejected,-1,reference_only,0.01,5,0,1.0,True,1.0,True,1.0,1.0
all_rejected,-1,reference_only,0.01,6,0,1.0,True,1.0,True,1.0,1.0
all_rejected,-1,reference_only,0.01,7,0,1.0,True,1.0,True,1.0,1.0
all_rejected,-1,reference_only,0.01,8,0,1.0,True,1.0,True,1.0,1.0
all_rejected,-1,reference_only,0.01,9,0,1.0,True,1.0,True,1.0,1.0
all_rejected,-1,reference_only,0.01,10,0,1.0,True,1.0,True,1.0,1.0
all_rejected,-1,reference_only,0.01,11,0,1.0,True,1.0,True,1.0,1.0
all_rejected,-1,reference_only,0.01,12,0,1.0,True,1.0,True,1.0,1.0
all_rejected,-1,reference_only,0.01,13,0,1.0,True,1.0,True,1.0,1.0
all_rejected,-1,reference_only,0.01,14,0,1.0,True,1.0,True,1.0,1.0
all_rejected,-1,reference_only,0.01,15,0,1.0,True,1.0,True,1.0,1.0
all_rejected,-1,reference_only,0.01,16,0,1.0,True,1.0,True,1.0,1.0
all_rejected,-1,reference_only,0.01,17,0,1.0,True,1.0,True,1.0,1.0
all_rejected,-1,reference_only,0.01,18,0,1.0,True,1.0,True,1.0,1.0
all_rejected,-1,reference_only,0.01,19,0,1.0,True,1.0,True,1.0,1.0
all_rejected,-1,reference_only,0.01,20,0,1.0,True,1.0,True,1.0,1.0
all_rejected,-1,reference_only,0.01,21,0,1.0,True,1.0,True,1.0,1.0
all_rejected,-1,reference_only,0.01,22,0,1.0,True,1.0,True,1.0,1.0
all_rejected,-1,reference_only,0.01,23,0,1.0,True,1.0,True,1.0,1.0
all_rejected,-1,reference_only,0.01,24,0,1.0,True,1.0,True,1.0,1.0
all_rejected,-1,reference_only,0.01,25,0,1.0,True,1.0,True,1.0,1.0
all_rejected,-1,reference_only,0.01,26,0,1.0,True,1.0,True,1.0,1.0
all_rejected,-1,reference_only,0.01,27,0,1.0,True,1.0,True,1.0,1.0
all_rejected,-1,reference_only,0.01,28,0,1.0,True,1.0,True,1.0,1.0
all_rejected,-1,reference_only,0.01,29,0,1.0,True,1.0,True,1.0,1.0
all_rejected,-1,reference_only,0.01,30,0,1.0,True,1.0,True,1.0,1.0
all_rejected,-1,reference_only,0.01,31,0,1.0,True,1.0,True,1.0,1.0
all_rejected,-1,reference_only,0.01,32,0,1.0,True,1.0,True,1.0,1.0
all_rejected,-1,reference_only,0.01,33,0,1.0,True,1.0,True,1.0,1.0
all_rejected,-1,reference_only,0.01,34,0,1.0,True,1.0,True,1.0,1.0
all_rejected,-1,reference_only,0.01,35,0,1.0,True,1.0,True,1.0,1.0
all_rejected,-1,reference_only,0.01,36,0,1.0,True,1.0,True,1.0,1.0
all_rejected,-1,reference_only,0.01,37,0,1.0,True,1.0,True,1.0,1.0
all_rejected,-1,reference_only,0.01,38,0,1.0,True,1.0,True,1.0,1.0
all_rejected,-1,reference_only,0.01,39,0,1.0,True,1.0,True,1.0,1.0
all_rejected,-1,reference_only,0.01,40,0,1.0,True,1.0,True,1.0,1.0
all_rejected,-1,reference_only,0.01,41,0,1.0,True,1.0,True,1.0,1.0
all_rejected,-1,reference_only,0.01,42,0,1.0,True,1.0,True,1.0,1.0
all_rejected,-1,reference_only,0.01,43,0,1.0,True,1.0,True,1.0,1.0
all_rejected,-1,reference_only,0.01,44,0,1.0,True,1.0,True,1.0,1.0
all_rejected,-1,reference_only,0.01,45,0,1.0,True,1.0,True,1.0,1.0
all_rejected,-1,reference_only,0.01,46,0,1.0,True,1.0,True,1.0,1.0
all_rejected,-1,reference_only,0.01,47,0,1.0,True,1.0,True,1.0,1.0
all_rejected,-1,reference_only,0.01,48,0,1.0,True,1.0,True,1.0,1.0
all_rejected,-1,reference_only,0.01,49,0,1.0,True,1.0,True,1.0,1.0
all_rejected,-1,reference_only,0.01,50,0,1.0,True,1.0,True,1.0,1.0
all_rejected,-1,reference_only,0.01,51,0,1.0,True,1.0,True,1.0,1.0
all_rejected,-1,reference_only,0.01,52,0,1.0,True,1.0,True,1.0,1.0
all_rejected,-1,reference_only,0.01,53,0,1.0,True,1.0,True,1.0,1.0
all_rejected,-1,reference_only,0.01,54,0,1.0,True,1.0,True,1.0,1.0
all_rejected,-1,reference_only,0.01,55,0,1.0,True,1.0,True,1.0,1.0
all_rejected,-1,reference_only,0.01,56,0,1.0,True,1.0,True,1.0,1.0
all_rejected,-1,reference_only,0.01,57,0,1.0,True,1.0,True,1.0,1.0
all_rejected,-1,reference_only,0.01,58,0,1.0,True,1.0,True,1.0,1.0
all_rejected,-1,reference_only,0.01,59,0,1.0,True,1.0,True,1.0,1.0
all_rejected,-1,reference_only,0.01,60,0,1.0,True,1.0,True,1.0,1.0
all_rejected,-1,reference_only,0.01,61,0,1.0,True,1.0,True,1.0,1.0
all_rejected,-1,reference_only,0.01,62,0,1.0,True,1.0,True,1.0,1.0
all_rejected,-1,reference_only,0.01,63,0,1.0,True,1.0,True,1.0,1.0
all_rejected,-1,reference_only,0.01,64,0,1.0,True,1.0,True,1.0,1.0
all_rejected,-1,reference_only,0.01,65,0,1.0,True,1.0,True,1.0,1.0
all_rejected,-1,reference_only,0.01,66,0,1.0,True,1.0,True,1.0,1.0
all_rejected,-1,reference_only,0.01,67,0,1.0,True,1.0,True,1.0,1.0
all_rejected,-1,reference_only,0.01,68,0,1.0,True,1.0,True,1.0,1.0
all_rejected,-1,reference_only,0.01,69,0,1.0,True,1.0,True,1.0,1.0
all_rejected,-1,reference_only,0.01,70,0,1.0,True,1.0,True,1.0,1.0
all_rejected,-1,reference_only,0.01,71,0,1.0,True,1.0,True,1.0,1.0
all_rejected,-1,reference_only,0.01,72,0,1.0,True,1.0,True,1.0,1.0
all_rejected,-1,reference_only,0.01,73,0,1.0,True,1.0,True,1.0,1.0
all_rejected,-1,reference_only,0.01,74,0,1.0,True,1.0,True,1.0,1.0
all_rejected,-1,reference_only,0.01,75,0,1.0,True,1.0,True,1.0,1.0
all_rejected,-1,reference_only,0.01,76,0,1.0,True,1.0,True,1.0,1.0
all_rejected,-1,reference_only,0.01,77,0,1.0,True,1.0,True,1.0,1.0
all_rejected,-1,reference_only,0.01,78,0,1.0,True,1.0,True,1.0,1.0
all_rejected,-1,reference_only,0.01,79,0,1.0,True,1.0,True,1.0,1.0
all_rejected,-1,reference_only,0.01,80,0,1.0,True,1.0,True,1.0,1.0
all_rejected,-1,gated,0.024,1,0,1.0,True,0.0,False,0.0,0.0
all_rejected,-1,gated,0.024,2,0,1.0,True,0.0,False,0.0,0.0
all_rejected,-1,gated,0.024,3,0,1.0,True,0.0,False,0.0,0.0
all_rejected,-1,gated,0.024,4,0,1.0,True,0.0,False,0.0,0.0
all_rejected,-1,gated,0.024,5,0,1.0,True,0.0,False,0.0,0.0
all_rejected,-1,gated,0.024,6,0,1.0,True,0.0,False,0.0,0.0
all_rejected,-1,gated,0.024,7,0,1.0,True,0.0,False,0.0,0.0
all_rejected,-1,gated,0.024,8,0,1.0,True,0.0,False,0.0,0.0
all_rejected,-1,gated,0.024,9,0,1.0,True,0.0,False,0.0,0.0
all_rejected,-1,gated,0.024,10,0,1.0,True,0.0,False,0.0,0.0
all_rejected,-1,gated,0.024,11,0,1.0,True,0.0,False,0.0,0.0
all_rejected,-1,gated,0.024,12,0,1.0,True,0.0,False,0.0,0.0
all_rejected,-1,gated,0.024,13,0,1.0,True,0.0,False,0.0,0.0
all_rejected,-1,gated,0.024,14,0,1.0,True,0.0,False,0.0,0.0
all_rejected,-1,gated,0.024,15,0,1.0,True,0.0,False,0.0,0.0
all_rejected,-1,gated,0.024,16,0,1.0,True,0.0,False,0.0,0.0
all_rejected,-1,gated,0.024,17,0,1.0,True,0.0,False,0.0,0.0
all_rejected,-1,gated,0.024,18,0,1.0,True,0.0,False,0.0,0.0
all_rejected,-1,gated,0.024,19,0,1.0,True,0.0,False,0.0,0.0
all_rejected,-1,gated,0.024,20,0,1.0,True,0.0,False,0.0,0.0
all_rejected,-1,gated,0.024,21,0,1.0,True,0.0,False,0.0,0.0
all_rejected,-1,gated,0.024,22,0,1.0,True,0.0,False,0.0,0.0
all_rejected,-1,gated,0.024,23,0,1.0,True,0.0,False,0.0,0.0
all_rejected,-1,gated,0.024,24,0,1.0,True,0.0,False,0.0,0.0
all_rejected,-1,gated,0.024,25,0,1.0,True,0.0,False,0.0,0.0
all_rejected,-1,gated,0.024,26,0,1.0,True,0.0,False,0.0,0.0
all_rejected,-1,gated,0.024,27,0,1.0,True,0.0,False,0.0,0.0
all_rejected,-1,gated,0.024,28,0,1.0,True,0.0,False,0.0,0.0
all_rejected,-1,gated,0.024,29,0,1.0,True,0.0,False,0.0,0.0
all_rejected,-1,gated,0.024,30,0,1.0,True,0.0,False,0.0,0.0
all_rejected,-1,gated,0.024,31,0,1.0,True,0.0,False,0.0,0.0
all_rejected,-1,gated,0.024,32,0,1.0,True,0.0,False,0.0,0.0
all_rejected,-1,gated,0.024,33,0,1.0,True,0.0,False,0.0,0.0
all_rejected,-1,gated,0.024,34,0,1.0,True,0.0,False,0.0,0.0
all_rejected,-1,gated,0.024,35,0,1.0,True,0.0,False,0.0,0.0
all_rejected,-1,gated,0.024,36,0,1.0,True,0.0,False,0.0,0.0
all_rejected,-1,gated,0.024,37,0,1.0,True,0.0,False,0.0,0.0
all_rejected,-1,gated,0.024,38,0,1.0,True,0.0,False,0.0,0.0
all_rejected,-1,gated,0.024,39,0,1.0,True,0.0,False,0.0,0.0
all_rejected,-1,gated,0.024,40,0,1.0,True,0.0,False,0.0,0.0
all_rejected,-1,gated,0.024,41,0,1.0,True,0.0,False,0.0,0.0
all_rejected,-1,gated,0.024,42,0,1.0,True,0.0,False,0.0,0.0
all_rejected,-1,gated,0.024,43,0,1.0,True,0.0,False,0.0,0.0
all_rejected,-1,gated,0.024,44,0,1.0,True,0.0,False,0.0,0.0
all_rejected,-1,gated,0.024,45,0,1.0,True,0.0,False,0.0,0.0
all_rejected,-1,gated,0.024,46,0,1.0,True,0.0,False,0.0,0.0
all_rejected,-1,gated,0.024,47,0,1.0,True,0.0,False,0.0,0.0
all_rejected,-1,gated,0.024,48,0,1.0,True,0.0,False,0.0,0.0
all_rejected,-1,gated,0.024,49,0,1.0,True,0.0,False,0.0,0.0
all_rejected,-1,gated,0.024,50,0,1.0,True,0.0,False,0.0,0.0
all_rejected,-1,gated,0.024,51,0,1.0,True,0.0,False,0.0,0.0
all_rejected,-1,gated,0.024,52,0,1.0,True,0.0,False,0.0,0.0
all_rejected,-1,gated,0.024,53,0,1.0,True,0.0,False,0.0,0.0
all_rejected,-1,gated,0.024,54,0,1.0,True,0.0,False,0.0,0.0
all_rejected,-1,gated,0.024,55,0,1.0,True,0.0,False,0.0,0.0
all_rejected,-1,gated,0.024,56,0,1.0,True,0.0,False,0.0,0.0
all_rejected,-1,gated,0.024,57,0,1.0,True,0.0,False,0.0,0.0
all_rejected,-1,gated,0.024,58,0,1.0,True,0.0,False,0.0,0.0
all_rejected,-1,gated,0.024,59,0,1.0,True,0.0,False,0.0,0.0
all_rejected,-1,gated,0.024,60,0,1.0,True,0.0,False,0.0,0.0
all_rejected,-1,gated,0.024,61,0,1.0,True,0.0,False,0.0,0.0
all_rejected,-1,gated,0.024,62,0,1.0,True,0.0,False,0.0,0.0
all_rejected,-1,gated,0.024,63,0,1.0,True,0.0,False,0.0,0.0
all_rejected,-1,gated,0.024,64,0,1.0,True,0.0,False,0.0,0.0
all_rejected,-1,gated,0.024,65,0,1.0,True,0.0,False,0.0,0.0
all_rejected,-1,gated,0.024,66,0,1.0,True,0.0,False,0.0,0.0
all_rejected,-1,gated,0.024,67,0,1.0,True,0.0,False,0.0,0.0
all_rejected,-1,gated,0.024,68,0,1.0,True,0.0,False,0.0,0.0
all_rejected,-1,gated,0.024,69,0,1.0,True,0.0,False,0.0,0.0
all_rejected,-1,gated,0.024,70,0,1.0,True,0.0,False,0.0,0.0
all_rejected,-1,gated,0.024,71,0,1.0,True,0.0,False,0.0,0.0
all_rejected,-1,gated,0.024,72,0,1.0,True,0.0,False,0.0,0.0
all_rejected,-1,gated,0.024,73,0,1.0,True,0.0,False,0.0,0.0
all_rejected,-1,gated,0.024,74,0,1.0,True,0.0,False,0.0,0.0
all_rejected,-1,gated,0.024,75,0,1.0,True,0.0,False,0.0,0.0
all_rejected,-1,gated,0.024,76,0,1.0,True,0.0,False,0.0,0.0
all_rejected,-1,gated,0.024,77,0,1.0,True,0.0,False,0.0,0.0
all_rejected,-1,gated,0.024,78,0,1.0,True,0.0,False,0.0,0.0
all_rejected,-1,gated,0.024,79,0,1.0,True,0.0,False,0.0,0.0
all_rejected,-1,gated,0.024,80,0,1.0,True,0.0,False,0.0,0.0
all_rejected,-1,accept_all,0.024,1,0,1.0,True,0.0,True,0.0,1.0
all_rejected,-1,accept_all,0.024,2,0,1.0,True,1.0,True,1.0,1.0
all_rejected,-1,accept_all,0.024,3,0,1.0,True,1.0,True,1.0,1.0
all_rejected,-1,accept_all,0.024,4,0,1.0,True,1.0,True,1.0,1.0
all_rejected,-1,accept_all,0.024,5,0,1.0,True,1.0,True,1.0,1.0
all_rejected,-1,accept_all,0.024,6,0,1.0,True,1.0,True,1.0,1.0
all_rejected,-1,accept_all,0.024,7,0,1.0,True,1.0,True,1.0,1.0
all_rejected,-1,accept_all,0.024,8,0,1.0,True,1.0,True,1.0,1.0
all_rejected,-1,accept_all,0.024,9,0,1.0,True,1.0,True,1.0,1.0
all_rejected,-1,accept_all,0.024,10,0,1.0,True,1.0,True,1.0,1.0
all_rejected,-1,accept_all,0.024,11,0,1.0,True,1.0,True,1.0,1.0
all_rejected,-1,accept_all,0.024,12,0,1.0,True,1.0,True,1.0,1.0
all_rejected,-1,accept_all,0.024,13,0,1.0,True,1.0,True,1.0,1.0
all_rejected,-1,accept_all,0.024,14,0,1.0,True,1.0,True,1.0,1.0
all_rejected,-1,accept_all,0.024,15,0,1.0,True,1.0,True,1.0,1.0
all_rejected,-1,accept_all,0.024,16,0,1.0,True,1.0,True,1.0,1.0
all_rejected,-1,accept_all,0.024,17,0,1.0,True,1.0,True,1.0,1.0
all_rejected,-1,accept_all,0.024,18,0,1.0,True,1.0,True,1.0,1.0
all_rejected,-1,accept_all,0.024,19,0,1.0,True,1.0,True,1.0,1.0
all_rejected,-1,accept_all,0.024,20,0,1.0,True,1.0,True,1.0,1.0
all_rejected,-1,accept_all,0.024,21,0,1.0,True,1.0,True,1.0,1.0
all_rejected,-1,accept_all,0.024,22,0,1.0,True,1.0,True,1.0,1.0
all_rejected,-1,accept_all,0.024,23,0,1.0,True,1.0,True,1.0,1.0
all_rejected,-1,accept_all,0.024,24,0,1.0,True,1.0,True,1.0,1.0
all_rejected,-1,accept_all,0.024,25,0,1.0,True,1.0,True,1.0,1.0
all_rejected,-1,accept_all,0.024,26,0,1.0,True,1.0,True,1.0,1.0
all_rejected,-1,accept_all,0.024,27,0,1.0,True,1.0,True,1.0,1.0
all_rejected,-1,accept_all,0.024,28,0,1.0,True,1.0,True,1.0,1.0
all_rejected,-1,accept_all,0.024,29,0,1.0,True,1.0,True,1.0,1.0
all_rejected,-1,accept_all,0.024,30,0,1.0,True,1.0,True,1.0,1.0
all_rejected,-1,accept_all,0.024,31,0,1.0,True,1.0,True,1.0,1.0
all_rejected,-1,accept_all,0.024,32,0,1.0,True,1.0,True,1.0,1.0
all_rejected,-1,accept_all,0.024,33,0,1.0,True,1.0,True,1.0,1.0
all_rejected,-1,accept_all,0.024,34,0,1.0,True,1.0,True,1.0,1.0
all_rejected,-1,accept_all,0.024,35,0,1.0,True,1.0,True,1.0,1.0
all_rejected,-1,accept_all,0.024,36,0,1.0,True,1.0,True,1.0,1.0
all_rejected,-1,accept_all,0.024,37,0,1.0,True,1.0,True,1.0,1.0
all_rejected,-1,accept_all,0.024,38,0,1.0,True,1.0,True,1.0,1.0
all_rejected,-1,accept_all,0.024,39,0,1.0,True,1.0,True,1.0,1.0
all_rejected,-1,accept_all,0.024,40,0,1.0,True,1.0,True,1.0,1.0
all_rejected,-1,accept_all,0.024,41,0,1.0,True,1.0,True,1.0,1.0
all_rejected,-1,accept_all,0.024,42,0,1.0,True,1.0,True,1.0,1.0
all_rejected,-1,accept_all,0.024,43,0,1.0,True,1.0,True,1.0,1.0
all_rejected,-1,accept_all,0.024,44,0,1.0,True,1.0,True,1.0,1.0
all_rejected,-1,accept_all,0.024,45,0,1.0,True,1.0,True,1.0,1.0
all_rejected,-1,accept_all,0.024,46,0,1.0,True,1.0,True,1.0,1.0
all_rejected,-1,accept_all,0.024,47,0,1.0,True,1.0,True,1.0,1.0
all_rejected,-1,accept_all,0.024,48,0,1.0,True,1.0,True,1.0,1.0
all_rejected,-1,accept_all,0.024,49,0,1.0,True,1.0,True,1.0,1.0
all_rejected,-1,accept_all,0.024,50,0,1.0,True,1.0,True,1.0,1.0
all_rejected,-1,accept_all,0.024,51,0,1.0,True,1.0,True,1.0,1.0
all_rejected,-1,accept_all,0.024,52,0,1.0,True,1.0,True,1.0,1.0
all_rejected,-1,accept_all,0.024,53,0,1.0,True,1.0,True,1.0,1.0
all_rejected,-1,accept_all,0.024,54,0,1.0,True,1.0,True,1.0,1.0
all_rejected,-1,accept_all,0.024,55,0,1.0,True,1.0,True,1.0,1.0
all_rejected,-1,accept_all,0.024,56,0,1.0,True,1.0,True,1.0,1.0
all_rejected,-1,accept_all,0.024,57,0,1.0,True,1.0,True,1.0,1.0
all_rejected,-1,accept_all,0.024,58,0,1.0,True,1.0,True,1.0,1.0
all_rejected,-1,accept_all,0.024,59,0,1.0,True,1.0,True,1.0,1.0
all_rejected,-1,accept_all,0.024,60,0,1.0,True,1.0,True,1.0,1.0
all_rejected,-1,accept_all,0.024,61,0,1.0,True,1.0,True,1.0,1.0
all_rejected,-1,accept_all,0.024,62,0,1.0,True,1.0,True,1.0,1.0
all_rejected,-1,accept_all,0.024,63,0,1.0,True,1.0,True,1.0,1.0
all_rejected,-1,accept_all,0.024,64,0,1.0,True,1.0,True,1.0,1.0
all_rejected,-1,accept_all,0.024,65,0,1.0,True,1.0,True,1.0,1.0
all_rejected,-1,accept_all,0.024,66,0,1.0,True,1.0,True,1.0,1.0
all_rejected,-1,accept_all,0.024,67,0,1.0,True,1.0,True,1.0,1.0
all_rejected,-1,accept_all,0.024,68,0,1.0,True,1.0,True,1.0,1.0
all_rejected,-1,accept_all,0.024,69,0,1.0,True,1.0,True,1.0,1.0
all_rejected,-1,accept_all,0.024,70,0,1.0,True,1.0,True,1.0,1.0
all_rejected,-1,accept_all,0.024,71,0,1.0,True,1.0,True,1.0,1.0
all_rejected,-1,accept_all,0.024,72,0,1.0,True,1.0,True,1.0,1.0
all_rejected,-1,accept_all,0.024,73,0,1.0,True,1.0,True,1.0,1.0
all_rejected,-1,accept_all,0.024,74,0,1.0,True,1.0,True,1.0,1.0
all_rejected,-1,accept_all,0.024,75,0,1.0,True,1.0,True,1.0,1.0
all_rejected,-1,accept_all,0.024,76,0,1.0,True,1.0,True,1.0,1.0
all_rejected,-1,accept_all,0.024,77,0,1.0,True,1.0,True,1.0,1.0
all_rejected,-1,accept_all,0.024,78,0,1.0,True,1.0,True,1.0,1.0
all_rejected,-1,accept_all,0.024,79,0,1.0,True,1.0,True,1.0,1.0
all_rejected,-1,accept_all,0.024,80,0,1.0,True,1.0,True,1.0,1.0
all_rejected,-1,reference_only,0.024,1,0,1.0,True,0.0,True,0.0,1.0
all_rejected,-1,reference_only,0.024,2,0,1.0,True,1.0,True,1.0,1.0
all_rejected,-1,reference_only,0.024,3,0,1.0,True,1.0,True,1.0,1.0
all_rejected,-1,reference_only,0.024,4,0,1.0,True,1.0,True,1.0,1.0
all_rejected,-1,reference_only,0.024,5,0,1.0,True,1.0,True,1.0,1.0
all_rejected,-1,reference_only,0.024,6,0,1.0,True,1.0,True,1.0,1.0
all_rejected,-1,reference_only,0.024,7,0,1.0,True,1.0,True,1.0,1.0
all_rejected,-1,reference_only,0.024,8,0,1.0,True,1.0,True,1.0,1.0
all_rejected,-1,reference_only,0.024,9,0,1.0,True,1.0,True,1.0,1.0
all_rejected,-1,reference_only,0.024,10,0,1.0,True,1.0,True,1.0,1.0
all_rejected,-1,reference_only,0.024,11,0,1.0,True,1.0,True,1.0,1.0
all_rejected,-1,reference_only,0.024,12,0,1.0,True,1.0,True,1.0,1.0
all_rejected,-1,reference_only,0.024,13,0,1.0,True,1.0,True,1.0,1.0
all_rejected,-1,reference_only,0.024,14,0,1.0,True,1.0,True,1.0,1.0
all_rejected,-1,reference_only,0.024,15,0,1.0,True,1.0,True,1.0,1.0
all_rejected,-1,reference_only,0.024,16,0,1.0,True,1.0,True,1.0,1.0
all_rejected,-1,reference_only,0.024,17,0,1.0,True,1.0,True,1.0,1.0
all_rejected,-1,reference_only,0.024,18,0,1.0,True,1.0,True,1.0,1.0
all_rejected,-1,reference_only,0.024,19,0,1.0,True,1.0,True,1.0,1.0
all_rejected,-1,reference_only,0.024,20,0,1.0,True,1.0,True,1.0,1.0
all_rejected,-1,reference_only,0.024,21,0,1.0,True,1.0,True,1.0,1.0
all_rejected,-1,reference_only,0.024,22,0,1.0,True,1.0,True,1.0,1.0
all_rejected,-1,reference_only,0.024,23,0,1.0,True,1.0,True,1.0,1.0
all_rejected,-1,reference_only,0.024,24,0,1.0,True,1.0,True,1.0,1.0
all_rejected,-1,reference_only,0.024,25,0,1.0,True,1.0,True,1.0,1.0
all_rejected,-1,reference_only,0.024,26,0,1.0,True,1.0,True,1.0,1.0
all_rejected,-1,reference_only,0.024,27,0,1.0,True,1.0,True,1.0,1.0
all_rejected,-1,reference_only,0.024,28,0,1.0,True,1.0,True,1.0,1.0
all_rejected,-1,reference_only,0.024,29,0,1.0,True,1.0,True,1.0,1.0
all_rejected,-1,reference_only,0.024,30,0,1.0,True,1.0,True,1.0,1.0
all_rejected,-1,reference_only,0.024,31,0,1.0,True,1.0,True,1.0,1.0
all_rejected,-1,reference_only,0.024,32,0,1.0,True,1.0,True,1.0,1.0
all_rejected,-1,reference_only,0.024,33,0,1.0,True,1.0,True,1.0,1.0
all_rejected,-1,reference_only,0.024,34,0,1.0,True,1.0,True,1.0,1.0
all_rejected,-1,reference_only,0.024,35,0,1.0,True,1.0,True,1.0,1.0
all_rejected,-1,reference_only,0.024,36,0,1.0,True,1.0,True,1.0,1.0
all_rejected,-1,reference_only,0.024,37,0,1.0,True,1.0,True,1.0,1.0
all_rejected,-1,reference_only,0.024,38,0,1.0,True,1.0,True,1.0,1.0
all_rejected,-1,reference_only,0.024,39,0,1.0,True,1.0,True,1.0,1.0
all_rejected,-1,reference_only,0.024,40,0,1.0,True,1.0,True,1.0,1.0
all_rejected,-1,reference_only,0.024,41,0,1.0,True,1.0,True,1.0,1.0
all_rejected,-1,reference_only,0.024,42,0,1.0,True,1.0,True,1.0,1.0
all_rejected,-1,reference_only,0.024,43,0,1.0,True,1.0,True,1.0,1.0
all_rejected,-1,reference_only,0.024,44,0,1.0,True,1.0,True,1.0,1.0
all_rejected,-1,reference_only,0.024,45,0,1.0,True,1.0,True,1.0,1.0
all_rejected,-1,reference_only,0.024,46,0,1.0,True,1.0,True,1.0,1.0
all_rejected,-1,reference_only,0.024,47,0,1.0,True,1.0,True,1.0,1.0
all_rejected,-1,reference_only,0.024,48,0,1.0,True,1.0,True,1.0,1.0
all_rejected,-1,reference_only,0.024,49,0,1.0,True,1.0,True,1.0,1.0
all_rejected,-1,reference_only,0.024,50,0,1.0,True,1.0,True,1.0,1.0
all_rejected,-1,reference_only,0.024,51,0,1.0,True,1.0,True,1.0,1.0
all_rejected,-1,reference_only,0.024,52,0,1.0,True,1.0,True,1.0,1.0
all_rejected,-1,reference_only,0.024,53,0,1.0,True,1.0,True,1.0,1.0
all_rejected,-1,reference_only,0.024,54,0,1.0,True,1.0,True,1.0,1.0
all_rejected,-1,reference_only,0.024,55,0,1.0,True,1.0,True,1.0,1.0
all_rejected,-1,reference_only,0.024,56,0,1.0,True,1.0,True,1.0,1.0
all_rejected,-1,reference_only,0.024,57,0,1.0,True,1.0,True,1.0,1.0
all_rejected,-1,reference_only,0.024,58,0,1.0,True,1.0,True,1.0,1.0
all_rejected,-1,reference_only,0.024,59,0,1.0,True,1.0,True,1.0,1.0
all_rejected,-1,reference_only,0.024,60,0,1.0,True,1.0,True,1.0,1.0
all_rejected,-1,reference_only,0.024,61,0,1.0,True,1.0,True,1.0,1.0
all_rejected,-1,reference_only,0.024,62,0,1.0,True,1.0,True,1.0,1.0
all_rejected,-1,reference_only,0.024,63,0,1.0,True,1.0,True,1.0,1.0
all_rejected,-1,reference_only,0.024,64,0,1.0,True,1.0,True,1.0,1.0
all_rejected,-1,reference_only,0.024,65,0,1.0,True,1.0,True,1.0,1.0
all_rejected,-1,reference_only,0.024,66,0,1.0,True,1.0,True,1.0,1.0
all_rejected,-1,reference_only,0.024,67,0,1.0,True,1.0,True,1.0,1.0
all_rejected,-1,reference_only,0.024,68,0,1.0,True,1.0,True,1.0,1.0
all_rejected,-1,reference_only,0.024,69,0,1.0,True,1.0,True,1.0,1.0
all_rejected,-1,reference_only,0.024,70,0,1.0,True,1.0,True,1.0,1.0
all_rejected,-1,reference_only,0.024,71,0,1.0,True,1.0,True,1.0,1.0
all_rejected,-1,reference_only,0.024,72,0,1.0,True,1.0,True,1.0,1.0
all_rejected,-1,reference_only,0.024,73,0,1.0,True,1.0,True,1.0,1.0
all_rejected,-1,reference_only,0.024,74,0,1.0,True,1.0,True,1.0,1.0
all_rejected,-1,reference_only,0.024,75,0,1.0,True,1.0,True,1.0,1.0
all_rejected,-1,reference_only,0.024,76,0,1.0,True,1.0,True,1.0,1.0
all_rejected,-1,reference_only,0.024,77,0,1.0,True,1.0,True,1.0,1.0
all_rejected,-1,reference_only,0.024,78,0,1.0,True,1.0,True,1.0,1.0
all_rejected,-1,reference_only,0.024,79,0,1.0,True,1.0,True,1.0,1.0
all_rejected,-1,reference_only,0.024,80,0,1.0,True,1.0,True,1.0,1.0
all_rejected,-1,gated,0.026,1,0,1.0,True,0.0,False,0.0,0.0
all_rejected,-1,gated,0.026,2,0,1.0,True,0.0,False,0.0,0.0
all_rejected,-1,gated,0.026,3,0,1.0,True,0.0,False,0.0,0.0
all_rejected,-1,gated,0.026,4,0,1.0,True,0.0,False,0.0,0.0
all_rejected,-1,gated,0.026,5,0,1.0,True,0.0,False,0.0,0.0
all_rejected,-1,gated,0.026,6,0,1.0,True,0.0,False,0.0,0.0
all_rejected,-1,gated,0.026,7,0,1.0,True,0.0,False,0.0,0.0
all_rejected,-1,gated,0.026,8,0,1.0,True,0.0,False,0.0,0.0
all_rejected,-1,gated,0.026,9,0,1.0,True,0.0,False,0.0,0.0
all_rejected,-1,gated,0.026,10,0,1.0,True,0.0,False,0.0,0.0
all_rejected,-1,gated,0.026,11,0,1.0,True,0.0,False,0.0,0.0
all_rejected,-1,gated,0.026,12,0,1.0,True,0.0,False,0.0,0.0
all_rejected,-1,gated,0.026,13,0,1.0,True,0.0,False,0.0,0.0
all_rejected,-1,gated,0.026,14,0,1.0,True,0.0,False,0.0,0.0
all_rejected,-1,gated,0.026,15,0,1.0,True,0.0,False,0.0,0.0
all_rejected,-1,gated,0.026,16,0,1.0,True,0.0,False,0.0,0.0
all_rejected,-1,gated,0.026,17,0,1.0,True,0.0,False,0.0,0.0
all_rejected,-1,gated,0.026,18,0,1.0,True,0.0,False,0.0,0.0
all_rejected,-1,gated,0.026,19,0,1.0,True,0.0,False,0.0,0.0
all_rejected,-1,gated,0.026,20,0,1.0,True,0.0,False,0.0,0.0
all_rejected,-1,gated,0.026,21,0,1.0,True,0.0,False,0.0,0.0
all_rejected,-1,gated,0.026,22,0,1.0,True,0.0,False,0.0,0.0
all_rejected,-1,gated,0.026,23,0,1.0,True,0.0,False,0.0,0.0
all_rejected,-1,gated,0.026,24,0,1.0,True,0.0,False,0.0,0.0
all_rejected,-1,gated,0.026,25,0,1.0,True,0.0,False,0.0,0.0
all_rejected,-1,gated,0.026,26,0,1.0,True,0.0,False,0.0,0.0
all_rejected,-1,gated,0.026,27,0,1.0,True,0.0,False,0.0,0.0
all_rejected,-1,gated,0.026,28,0,1.0,True,0.0,False,0.0,0.0
all_rejected,-1,gated,0.026,29,0,1.0,True,0.0,False,0.0,0.0
all_rejected,-1,gated,0.026,30,0,1.0,True,0.0,False,0.0,0.0
all_rejected,-1,gated,0.026,31,0,1.0,True,0.0,False,0.0,0.0
all_rejected,-1,gated,0.026,32,0,1.0,True,0.0,False,0.0,0.0
all_rejected,-1,gated,0.026,33,0,1.0,True,0.0,False,0.0,0.0
all_rejected,-1,gated,0.026,34,0,1.0,True,0.0,False,0.0,0.0
all_rejected,-1,gated,0.026,35,0,1.0,True,0.0,False,0.0,0.0
all_rejected,-1,gated,0.026,36,0,1.0,True,0.0,False,0.0,0.0
all_rejected,-1,gated,0.026,37,0,1.0,True,0.0,False,0.0,0.0
all_rejected,-1,gated,0.026,38,0,1.0,True,0.0,False,0.0,0.0
all_rejected,-1,gated,0.026,39,0,1.0,True,0.0,False,0.0,0.0
all_rejected,-1,gated,0.026,40,0,1.0,True,0.0,False,0.0,0.0
all_rejected,-1,gated,0.026,41,0,1.0,True,0.0,False,0.0,0.0
all_rejected,-1,gated,0.026,42,0,1.0,True,0.0,False,0.0,0.0
all_rejected,-1,gated,0.026,43,0,1.0,True,0.0,False,0.0,0.0
all_rejected,-1,gated,0.026,44,0,1.0,True,0.0,False,0.0,0.0
all_rejected,-1,gated,0.026,45,0,1.0,True,0.0,False,0.0,0.0
all_rejected,-1,gated,0.026,46,0,1.0,True,0.0,False,0.0,0.0
all_rejected,-1,gated,0.026,47,0,1.0,True,0.0,False,0.0,0.0
all_rejected,-1,gated,0.026,48,0,1.0,True,0.0,False,0.0,0.0
all_rejected,-1,gated,0.026,49,0,1.0,True,0.0,False,0.0,0.0
all_rejected,-1,gated,0.026,50,0,1.0,True,0.0,False,0.0,0.0
all_rejected,-1,gated,0.026,51,0,1.0,True,0.0,False,0.0,0.0
all_rejected,-1,gated,0.026,52,0,1.0,True,0.0,False,0.0,0.0
all_rejected,-1,gated,0.026,53,0,1.0,True,0.0,False,0.0,0.0
all_rejected,-1,gated,0.026,54,0,1.0,True,0.0,False,0.0,0.0
all_rejected,-1,gated,0.026,55,0,1.0,True,0.0,False,0.0,0.0
all_rejected,-1,gated,0.026,56,0,1.0,True,0.0,False,0.0,0.0
all_rejected,-1,gated,0.026,57,0,1.0,True,0.0,False,0.0,0.0
all_rejected,-1,gated,0.026,58,0,1.0,True,0.0,False,0.0,0.0
all_rejected,-1,gated,0.026,59,0,1.0,True,0.0,False,0.0,0.0
all_rejected,-1,gated,0.026,60,0,1.0,True,0.0,False,0.0,0.0
all_rejected,-1,gated,0.026,61,0,1.0,True,0.0,False,0.0,0.0
all_rejected,-1,gated,0.026,62,0,1.0,True,0.0,False,0.0,0.0
all_rejected,-1,gated,0.026,63,0,1.0,True,0.0,False,0.0,0.0
all_rejected,-1,gated,0.026,64,0,1.0,True,0.0,False,0.0,0.0
all_rejected,-1,gated,0.026,65,0,1.0,True,0.0,False,0.0,0.0
all_rejected,-1,gated,0.026,66,0,1.0,True,0.0,False,0.0,0.0
all_rejected,-1,gated,0.026,67,0,1.0,True,0.0,False,0.0,0.0
all_rejected,-1,gated,0.026,68,0,1.0,True,0.0,False,0.0,0.0
all_rejected,-1,gated,0.026,69,0,1.0,True,0.0,False,0.0,0.0
all_rejected,-1,gated,0.026,70,0,1.0,True,0.0,False,0.0,0.0
all_rejected,-1,gated,0.026,71,0,1.0,True,0.0,False,0.0,0.0
all_rejected,-1,gated,0.026,72,0,1.0,True,0.0,False,0.0,0.0
all_rejected,-1,gated,0.026,73,0,1.0,True,0.0,False,0.0,0.0
all_rejected,-1,gated,0.026,74,0,1.0,True,0.0,False,0.0,0.0
all_rejected,-1,gated,0.026,75,0,1.0,True,0.0,False,0.0,0.0
all_rejected,-1,gated,0.026,76,0,1.0,True,0.0,False,0.0,0.0
all_rejected,-1,gated,0.026,77,0,1.0,True,0.0,False,0.0,0.0
all_rejected,-1,gated,0.026,78,0,1.0,True,0.0,False,0.0,0.0
all_rejected,-1,gated,0.026,79,0,1.0,True,0.0,False,0.0,0.0
all_rejected,-1,gated,0.026,80,0,1.0,True,0.0,False,0.0,0.0
all_rejected,-1,accept_all,0.026,1,0,1.0,True,0.0,True,0.0,1.0
all_rejected,-1,accept_all,0.026,2,0,1.0,True,1.0,True,1.0,1.0
all_rejected,-1,accept_all,0.026,3,0,1.0,True,1.0,True,1.0,1.0
all_rejected,-1,accept_all,0.026,4,0,1.0,True,1.0,True,1.0,1.0
all_rejected,-1,accept_all,0.026,5,0,1.0,True,1.0,True,1.0,1.0
all_rejected,-1,accept_all,0.026,6,0,1.0,True,1.0,True,1.0,1.0
all_rejected,-1,accept_all,0.026,7,0,1.0,True,1.0,True,1.0,1.0
all_rejected,-1,accept_all,0.026,8,0,1.0,True,1.0,True,1.0,1.0
all_rejected,-1,accept_all,0.026,9,0,1.0,True,1.0,True,1.0,1.0
all_rejected,-1,accept_all,0.026,10,0,1.0,True,1.0,True,1.0,1.0
all_rejected,-1,accept_all,0.026,11,0,1.0,True,1.0,True,1.0,1.0
all_rejected,-1,accept_all,0.026,12,0,1.0,True,1.0,True,1.0,1.0
all_rejected,-1,accept_all,0.026,13,0,1.0,True,1.0,True,1.0,1.0
all_rejected,-1,accept_all,0.026,14,0,1.0,True,1.0,True,1.0,1.0
all_rejected,-1,accept_all,0.026,15,0,1.0,True,1.0,True,1.0,1.0
all_rejected,-1,accept_all,0.026,16,0,1.0,True,1.0,True,1.0,1.0
all_rejected,-1,accept_all,0.026,17,0,1.0,True,1.0,True,1.0,1.0
all_rejected,-1,accept_all,0.026,18,0,1.0,True,1.0,True,1.0,1.0
all_rejected,-1,accept_all,0.026,19,0,1.0,True,1.0,True,1.0,1.0
all_rejected,-1,accept_all,0.026,20,0,1.0,True,1.0,True,1.0,1.0
all_rejected,-1,accept_all,0.026,21,0,1.0,True,1.0,True,1.0,1.0
all_rejected,-1,accept_all,0.026,22,0,1.0,True,1.0,True,1.0,1.0
all_rejected,-1,accept_all,0.026,23,0,1.0,True,1.0,True,1.0,1.0
all_rejected,-1,accept_all,0.026,24,0,1.0,True,1.0,True,1.0,1.0
all_rejected,-1,accept_all,0.026,25,0,1.0,True,1.0,True,1.0,1.0
all_rejected,-1,accept_all,0.026,26,0,1.0,True,1.0,True,1.0,1.0
all_rejected,-1,accept_all,0.026,27,0,1.0,True,1.0,True,1.0,1.0
all_rejected,-1,accept_all,0.026,28,0,1.0,True,1.0,True,1.0,1.0
all_rejected,-1,accept_all,0.026,29,0,1.0,True,1.0,True,1.0,1.0
all_rejected,-1,accept_all,0.026,30,0,1.0,True,1.0,True,1.0,1.0
all_rejected,-1,accept_all,0.026,31,0,1.0,True,1.0,True,1.0,1.0
all_rejected,-1,accept_all,0.026,32,0,1.0,True,1.0,True,1.0,1.0
all_rejected,-1,accept_all,0.026,33,0,1.0,True,1.0,True,1.0,1.0
all_rejected,-1,accept_all,0.026,34,0,1.0,True,1.0,True,1.0,1.0
all_rejected,-1,accept_all,0.026,35,0,1.0,True,1.0,True,1.0,1.0
all_rejected,-1,accept_all,0.026,36,0,1.0,True,1.0,True,1.0,1.0
all_rejected,-1,accept_all,0.026,37,0,1.0,True,1.0,True,1.0,1.0
all_rejected,-1,accept_all,0.026,38,0,1.0,True,1.0,True,1.0,1.0
all_rejected,-1,accept_all,0.026,39,0,1.0,True,1.0,True,1.0,1.0
all_rejected,-1,accept_all,0.026,40,0,1.0,True,1.0,True,1.0,1.0
all_rejected,-1,accept_all,0.026,41,0,1.0,True,1.0,True,1.0,1.0
all_rejected,-1,accept_all,0.026,42,0,1.0,True,1.0,True,1.0,1.0
all_rejected,-1,accept_all,0.026,43,0,1.0,True,1.0,True,1.0,1.0
all_rejected,-1,accept_all,0.026,44,0,1.0,True,1.0,True,1.0,1.0
all_rejected,-1,accept_all,0.026,45,0,1.0,True,1.0,True,1.0,1.0
all_rejected,-1,accept_all,0.026,46,0,1.0,True,1.0,True,1.0,1.0
all_rejected,-1,accept_all,0.026,47,0,1.0,True,1.0,True,1.0,1.0
all_rejected,-1,accept_all,0.026,48,0,1.0,True,1.0,True,1.0,1.0
all_rejected,-1,accept_all,0.026,49,0,1.0,True,1.0,True,1.0,1.0
all_rejected,-1,accept_all,0.026,50,0,1.0,True,1.0,True,1.0,1.0
all_rejected,-1,accept_all,0.026,51,0,1.0,True,1.0,True,1.0,1.0
all_rejected,-1,accept_all,0.026,52,0,1.0,True,1.0,True,1.0,1.0
all_rejected,-1,accept_all,0.026,53,0,1.0,True,1.0,True,1.0,1.0
all_rejected,-1,accept_all,0.026,54,0,1.0,True,1.0,True,1.0,1.0
all_rejected,-1,accept_all,0.026,55,0,1.0,True,1.0,True,1.0,1.0
all_rejected,-1,accept_all,0.026,56,0,1.0,True,1.0,True,1.0,1.0
all_rejected,-1,accept_all,0.026,57,0,1.0,True,1.0,True,1.0,1.0
all_rejected,-1,accept_all,0.026,58,0,1.0,True,1.0,True,1.0,1.0
all_rejected,-1,accept_all,0.026,59,0,1.0,True,1.0,True,1.0,1.0
all_rejected,-1,accept_all,0.026,60,0,1.0,True,1.0,True,1.0,1.0
all_rejected,-1,accept_all,0.026,61,0,1.0,True,1.0,True,1.0,1.0
all_rejected,-1,accept_all,0.026,62,0,1.0,True,1.0,True,1.0,1.0
all_rejected,-1,accept_all,0.026,63,0,1.0,True,1.0,True,1.0,1.0
all_rejected,-1,accept_all,0.026,64,0,1.0,True,1.0,True,1.0,1.0
all_rejected,-1,accept_all,0.026,65,0,1.0,True,1.0,True,1.0,1.0
all_rejected,-1,accept_all,0.026,66,0,1.0,True,1.0,True,1.0,1.0
all_rejected,-1,accept_all,0.026,67,0,1.0,True,1.0,True,1.0,1.0
all_rejected,-1,accept_all,0.026,68,0,1.0,True,1.0,True,1.0,1.0
all_rejected,-1,accept_all,0.026,69,0,1.0,True,1.0,True,1.0,1.0
all_rejected,-1,accept_all,0.026,70,0,1.0,True,1.0,True,1.0,1.0
all_rejected,-1,accept_all,0.026,71,0,1.0,True,1.0,True,1.0,1.0
all_rejected,-1,accept_all,0.026,72,0,1.0,True,1.0,True,1.0,1.0
all_rejected,-1,accept_all,0.026,73,0,1.0,True,1.0,True,1.0,1.0
all_rejected,-1,accept_all,0.026,74,0,1.0,True,1.0,True,1.0,1.0
all_rejected,-1,accept_all,0.026,75,0,1.0,True,1.0,True,1.0,1.0
all_rejected,-1,accept_all,0.026,76,0,1.0,True,1.0,True,1.0,1.0
all_rejected,-1,accept_all,0.026,77,0,1.0,True,1.0,True,1.0,1.0
all_rejected,-1,accept_all,0.026,78,0,1.0,True,1.0,True,1.0,1.0
all_rejected,-1,accept_all,0.026,79,0,1.0,True,1.0,True,1.0,1.0
all_rejected,-1,accept_all,0.026,80,0,1.0,True,1.0,True,1.0,1.0
all_rejected,-1,reference_only,0.026,1,0,1.0,True,0.0,True,0.0,1.0
all_rejected,-1,reference_only,0.026,2,0,1.0,True,1.0,True,1.0,1.0
all_rejected,-1,reference_only,0.026,3,0,1.0,True,1.0,True,1.0,1.0
all_rejected,-1,reference_only,0.026,4,0,1.0,True,1.0,True,1.0,1.0
all_rejected,-1,reference_only,0.026,5,0,1.0,True,1.0,True,1.0,1.0
all_rejected,-1,reference_only,0.026,6,0,1.0,True,1.0,True,1.0,1.0
all_rejected,-1,reference_only,0.026,7,0,1.0,True,1.0,True,1.0,1.0
all_rejected,-1,reference_only,0.026,8,0,1.0,True,1.0,True,1.0,1.0
all_rejected,-1,reference_only,0.026,9,0,1.0,True,1.0,True,1.0,1.0
all_rejected,-1,reference_only,0.026,10,0,1.0,True,1.0,True,1.0,1.0
all_rejected,-1,reference_only,0.026,11,0,1.0,True,1.0,True,1.0,1.0
all_rejected,-1,reference_only,0.026,12,0,1.0,True,1.0,True,1.0,1.0
all_rejected,-1,reference_only,0.026,13,0,1.0,True,1.0,True,1.0,1.0
all_rejected,-1,reference_only,0.026,14,0,1.0,True,1.0,True,1.0,1.0
all_rejected,-1,reference_only,0.026,15,0,1.0,True,1.0,True,1.0,1.0
all_rejected,-1,reference_only,0.026,16,0,1.0,True,1.0,True,1.0,1.0
all_rejected,-1,reference_only,0.026,17,0,1.0,True,1.0,True,1.0,1.0
all_rejected,-1,reference_only,0.026,18,0,1.0,True,1.0,True,1.0,1.0
all_rejected,-1,reference_only,0.026,19,0,1.0,True,1.0,True,1.0,1.0
all_rejected,-1,reference_only,0.026,20,0,1.0,True,1.0,True,1.0,1.0
all_rejected,-1,reference_only,0.026,21,0,1.0,True,1.0,True,1.0,1.0
all_rejected,-1,reference_only,0.026,22,0,1.0,True,1.0,True,1.0,1.0
all_rejected,-1,reference_only,0.026,23,0,1.0,True,1.0,True,1.0,1.0
all_rejected,-1,reference_only,0.026,24,0,1.0,True,1.0,True,1.0,1.0
all_rejected,-1,reference_only,0.026,25,0,1.0,True,1.0,True,1.0,1.0
all_rejected,-1,reference_only,0.026,26,0,1.0,True,1.0,True,1.0,1.0
all_rejected,-1,reference_only,0.026,27,0,1.0,True,1.0,True,1.0,1.0
all_rejected,-1,reference_only,0.026,28,0,1.0,True,1.0,True,1.0,1.0
all_rejected,-1,reference_only,0.026,29,0,1.0,True,1.0,True,1.0,1.0
all_rejected,-1,reference_only,0.026,30,0,1.0,True,1.0,True,1.0,1.0
all_rejected,-1,reference_only,0.026,31,0,1.0,True,1.0,True,1.0,1.0
all_rejected,-1,reference_only,0.026,32,0,1.0,True,1.0,True,1.0,1.0
all_rejected,-1,reference_only,0.026,33,0,1.0,True,1.0,True,1.0,1.0
all_rejected,-1,reference_only,0.026,34,0,1.0,True,1.0,True,1.0,1.0
all_rejected,-1,reference_only,0.026,35,0,1.0,True,1.0,True,1.0,1.0
all_rejected,-1,reference_only,0.026,36,0,1.0,True,1.0,True,1.0,1.0
all_rejected,-1,reference_only,0.026,37,0,1.0,True,1.0,True,1.0,1.0
all_rejected,-1,reference_only,0.026,38,0,1.0,True,1.0,True,1.0,1.0
all_rejected,-1,reference_only,0.026,39,0,1.0,True,1.0,True,1.0,1.0
all_rejected,-1,reference_only,0.026,40,0,1.0,True,1.0,True,1.0,1.0
all_rejected,-1,reference_only,0.026,41,0,1.0,True,1.0,True,1.0,1.0
all_rejected,-1,reference_only,0.026,42,0,1.0,True,1.0,True,1.0,1.0
all_rejected,-1,reference_only,0.026,43,0,1.0,True,1.0,True,1.0,1.0
all_rejected,-1,reference_only,0.026,44,0,1.0,True,1.0,True,1.0,1.0
all_rejected,-1,reference_only,0.026,45,0,1.0,True,1.0,True,1.0,1.0
all_rejected,-1,reference_only,0.026,46,0,1.0,True,1.0,True,1.0,1.0
all_rejected,-1,reference_only,0.026,47,0,1.0,True,1.0,True,1.0,1.0
all_rejected,-1,reference_only,0.026,48,0,1.0,True,1.0,True,1.0,1.0
all_rejected,-1,reference_only,0.026,49,0,1.0,True,1.0,True,1.0,1.0
all_rejected,-1,reference_only,0.026,50,0,1.0,True,1.0,True,1.0,1.0
all_rejected,-1,reference_only,0.026,51,0,1.0,True,1.0,True,1.0,1.0
all_rejected,-1,reference_only,0.026,52,0,1.0,True,1.0,True,1.0,1.0
all_rejected,-1,reference_only,0.026,53,0,1.0,True,1.0,True,1.0,1.0
all_rejected,-1,reference_only,0.026,54,0,1.0,True,1.0,True,1.0,1.0
all_rejected,-1,reference_only,0.026,55,0,1.0,True,1.0,True,1.0,1.0
all_rejected,-1,reference_only,0.026,56,0,1.0,True,1.0,True,1.0,1.0
all_rejected,-1,reference_only,0.026,57,0,1.0,True,1.0,True,1.0,1.0
all_rejected,-1,reference_only,0.026,58,0,1.0,True,1.0,True,1.0,1.0
all_rejected,-1,reference_only,0.026,59,0,1.0,True,1.0,True,1.0,1.0
all_rejected,-1,reference_only,0.026,60,0,1.0,True,1.0,True,1.0,1.0
all_rejected,-1,reference_only,0.026,61,0,1.0,True,1.0,True,1.0,1.0
all_rejected,-1,reference_only,0.026,62,0,1.0,True,1.0,True,1.0,1.0
all_rejected,-1,reference_only,0.026,63,0,1.0,True,1.0,True,1.0,1.0
all_rejected,-1,reference_only,0.026,64,0,1.0,True,1.0,True,1.0,1.0
all_rejected,-1,reference_only,0.026,65,0,1.0,True,1.0,True,1.0,1.0
all_rejected,-1,reference_only,0.026,66,0,1.0,True,1.0,True,1.0,1.0
all_rejected,-1,reference_only,0.026,67,0,1.0,True,1.0,True,1.0,1.0
all_rejected,-1,reference_only,0.026,68,0,1.0,True,1.0,True,1.0,1.0
all_rejected,-1,reference_only,0.026,69,0,1.0,True,1.0,True,1.0,1.0
all_rejected,-1,reference_only,0.026,70,0,1.0,True,1.0,True,1.0,1.0
all_rejected,-1,reference_only,0.026,71,0,1.0,True,1.0,True,1.0,1.0
all_rejected,-1,reference_only,0.026,72,0,1.0,True,1.0,True,1.0,1.0
all_rejected,-1,reference_only,0.026,73,0,1.0,True,1.0,True,1.0,1.0
all_rejected,-1,reference_only,0.026,74,0,1.0,True,1.0,True,1.0,1.0
all_rejected,-1,reference_only,0.026,75,0,1.0,True,1.0,True,1.0,1.0
all_rejected,-1,reference_only,0.026,76,0,1.0,True,1.0,True,1.0,1.0
all_rejected,-1,reference_only,0.026,77,0,1.0,True,1.0,True,1.0,1.0
all_rejected,-1,reference_only,0.026,78,0,1.0,True,1.0,True,1.0,1.0
all_rejected,-1,reference_only,0.026,79,0,1.0,True,1.0,True,1.0,1.0
all_rejected,-1,reference_only,0.026,80,0,1.0,True,1.0,True,1.0,1.0
all_rejected,-1,gated,0.05,1,0,1.0,True,0.0,False,0.0,0.0
all_rejected,-1,gated,0.05,2,0,1.0,True,0.0,False,0.0,0.0
all_rejected,-1,gated,0.05,3,0,1.0,True,0.0,False,0.0,0.0
all_rejected,-1,gated,0.05,4,0,1.0,True,0.0,False,0.0,0.0
all_rejected,-1,gated,0.05,5,0,1.0,True,0.0,False,0.0,0.0
all_rejected,-1,gated,0.05,6,0,1.0,True,0.0,False,0.0,0.0
all_rejected,-1,gated,0.05,7,0,1.0,True,0.0,False,0.0,0.0
all_rejected,-1,gated,0.05,8,0,1.0,True,0.0,False,0.0,0.0
all_rejected,-1,gated,0.05,9,0,1.0,True,0.0,False,0.0,0.0
all_rejected,-1,gated,0.05,10,0,1.0,True,0.0,False,0.0,0.0
all_rejected,-1,gated,0.05,11,0,1.0,True,0.0,False,0.0,0.0
all_rejected,-1,gated,0.05,12,0,1.0,True,0.0,False,0.0,0.0
all_rejected,-1,gated,0.05,13,0,1.0,True,0.0,False,0.0,0.0
all_rejected,-1,gated,0.05,14,0,1.0,True,0.0,False,0.0,0.0
all_rejected,-1,gated,0.05,15,0,1.0,True,0.0,False,0.0,0.0
all_rejected,-1,gated,0.05,16,0,1.0,True,0.0,False,0.0,0.0
all_rejected,-1,gated,0.05,17,0,1.0,True,0.0,False,0.0,0.0
all_rejected,-1,gated,0.05,18,0,1.0,True,0.0,False,0.0,0.0
all_rejected,-1,gated,0.05,19,0,1.0,True,0.0,False,0.0,0.0
all_rejected,-1,gated,0.05,20,0,1.0,True,0.0,False,0.0,0.0
all_rejected,-1,gated,0.05,21,0,1.0,True,0.0,False,0.0,0.0
all_rejected,-1,gated,0.05,22,0,1.0,True,0.0,False,0.0,0.0
all_rejected,-1,gated,0.05,23,0,1.0,True,0.0,False,0.0,0.0
all_rejected,-1,gated,0.05,24,0,1.0,True,0.0,False,0.0,0.0
all_rejected,-1,gated,0.05,25,0,1.0,True,0.0,False,0.0,0.0
all_rejected,-1,gated,0.05,26,0,1.0,True,0.0,False,0.0,0.0
all_rejected,-1,gated,0.05,27,0,1.0,True,0.0,False,0.0,0.0
all_rejected,-1,gated,0.05,28,0,1.0,True,0.0,False,0.0,0.0
all_rejected,-1,gated,0.05,29,0,1.0,True,0.0,False,0.0,0.0
all_rejected,-1,gated,0.05,30,0,1.0,True,0.0,False,0.0,0.0
all_rejected,-1,gated,0.05,31,0,1.0,True,0.0,False,0.0,0.0
all_rejected,-1,gated,0.05,32,0,1.0,True,0.0,False,0.0,0.0
all_rejected,-1,gated,0.05,33,0,1.0,True,0.0,False,0.0,0.0
all_rejected,-1,gated,0.05,34,0,1.0,True,0.0,False,0.0,0.0
all_rejected,-1,gated,0.05,35,0,1.0,True,0.0,False,0.0,0.0
all_rejected,-1,gated,0.05,36,0,1.0,True,0.0,False,0.0,0.0
all_rejected,-1,gated,0.05,37,0,1.0,True,0.0,False,0.0,0.0
all_rejected,-1,gated,0.05,38,0,1.0,True,0.0,False,0.0,0.0
all_rejected,-1,gated,0.05,39,0,1.0,True,0.0,False,0.0,0.0
all_rejected,-1,gated,0.05,40,0,1.0,True,0.0,False,0.0,0.0
all_rejected,-1,gated,0.05,41,0,1.0,True,0.0,False,0.0,0.0
all_rejected,-1,gated,0.05,42,0,1.0,True,0.0,False,0.0,0.0
all_rejected,-1,gated,0.05,43,0,1.0,True,0.0,False,0.0,0.0
all_rejected,-1,gated,0.05,44,0,1.0,True,0.0,False,0.0,0.0
all_rejected,-1,gated,0.05,45,0,1.0,True,0.0,False,0.0,0.0
all_rejected,-1,gated,0.05,46,0,1.0,True,0.0,False,0.0,0.0
all_rejected,-1,gated,0.05,47,0,1.0,True,0.0,False,0.0,0.0
all_rejected,-1,gated,0.05,48,0,1.0,True,0.0,False,0.0,0.0
all_rejected,-1,gated,0.05,49,0,1.0,True,0.0,False,0.0,0.0
all_rejected,-1,gated,0.05,50,0,1.0,True,0.0,False,0.0,0.0
all_rejected,-1,gated,0.05,51,0,1.0,True,0.0,False,0.0,0.0
all_rejected,-1,gated,0.05,52,0,1.0,True,0.0,False,0.0,0.0
all_rejected,-1,gated,0.05,53,0,1.0,True,0.0,False,0.0,0.0
all_rejected,-1,gated,0.05,54,0,1.0,True,0.0,False,0.0,0.0
all_rejected,-1,gated,0.05,55,0,1.0,True,0.0,False,0.0,0.0
all_rejected,-1,gated,0.05,56,0,1.0,True,0.0,False,0.0,0.0
all_rejected,-1,gated,0.05,57,0,1.0,True,0.0,False,0.0,0.0
all_rejected,-1,gated,0.05,58,0,1.0,True,0.0,False,0.0,0.0
all_rejected,-1,gated,0.05,59,0,1.0,True,0.0,False,0.0,0.0
all_rejected,-1,gated,0.05,60,0,1.0,True,0.0,False,0.0,0.0
all_rejected,-1,gated,0.05,61,0,1.0,True,0.0,False,0.0,0.0
all_rejected,-1,gated,0.05,62,0,1.0,True,0.0,False,0.0,0.0
all_rejected,-1,gated,0.05,63,0,1.0,True,0.0,False,0.0,0.0
all_rejected,-1,gated,0.05,64,0,1.0,True,0.0,False,0.0,0.0
all_rejected,-1,gated,0.05,65,0,1.0,True,0.0,False,0.0,0.0
all_rejected,-1,gated,0.05,66,0,1.0,True,0.0,False,0.0,0.0
all_rejected,-1,gated,0.05,67,0,1.0,True,0.0,False,0.0,0.0
all_rejected,-1,gated,0.05,68,0,1.0,True,0.0,False,0.0,0.0
all_rejected,-1,gated,0.05,69,0,1.0,True,0.0,False,0.0,0.0
all_rejected,-1,gated,0.05,70,0,1.0,True,0.0,False,0.0,0.0
all_rejected,-1,gated,0.05,71,0,1.0,True,0.0,False,0.0,0.0
all_rejected,-1,gated,0.05,72,0,1.0,True,0.0,False,0.0,0.0
all_rejected,-1,gated,0.05,73,0,1.0,True,0.0,False,0.0,0.0
all_rejected,-1,gated,0.05,74,0,1.0,True,0.0,False,0.0,0.0
all_rejected,-1,gated,0.05,75,0,1.0,True,0.0,False,0.0,0.0
all_rejected,-1,gated,0.05,76,0,1.0,True,0.0,False,0.0,0.0
all_rejected,-1,gated,0.05,77,0,1.0,True,0.0,False,0.0,0.0
all_rejected,-1,gated,0.05,78,0,1.0,True,0.0,False,0.0,0.0
all_rejected,-1,gated,0.05,79,0,1.0,True,0.0,False,0.0,0.0
all_rejected,-1,gated,0.05,80,0,1.0,True,0.0,False,0.0,0.0
all_rejected,-1,accept_all,0.05,1,0,1.0,True,0.0,True,0.0,1.0
all_rejected,-1,accept_all,0.05,2,0,1.0,True,1.0,True,1.0,1.0
all_rejected,-1,accept_all,0.05,3,0,1.0,True,1.0,True,1.0,1.0
all_rejected,-1,accept_all,0.05,4,0,1.0,True,1.0,True,1.0,1.0
all_rejected,-1,accept_all,0.05,5,0,1.0,True,1.0,True,1.0,1.0
all_rejected,-1,accept_all,0.05,6,0,1.0,True,1.0,True,1.0,1.0
all_rejected,-1,accept_all,0.05,7,0,1.0,True,1.0,True,1.0,1.0
all_rejected,-1,accept_all,0.05,8,0,1.0,True,1.0,True,1.0,1.0
all_rejected,-1,accept_all,0.05,9,0,1.0,True,1.0,True,1.0,1.0
all_rejected,-1,accept_all,0.05,10,0,1.0,True,1.0,True,1.0,1.0
all_rejected,-1,accept_all,0.05,11,0,1.0,True,1.0,True,1.0,1.0
all_rejected,-1,accept_all,0.05,12,0,1.0,True,1.0,True,1.0,1.0
all_rejected,-1,accept_all,0.05,13,0,1.0,True,1.0,True,1.0,1.0
all_rejected,-1,accept_all,0.05,14,0,1.0,True,1.0,True,1.0,1.0
all_rejected,-1,accept_all,0.05,15,0,1.0,True,1.0,True,1.0,1.0
all_rejected,-1,accept_all,0.05,16,0,1.0,True,1.0,True,1.0,1.0
all_rejected,-1,accept_all,0.05,17,0,1.0,True,1.0,True,1.0,1.0
all_rejected,-1,accept_all,0.05,18,0,1.0,True,1.0,True,1.0,1.0
all_rejected,-1,accept_all,0.05,19,0,1.0,True,1.0,True,1.0,1.0
all_rejected,-1,accept_all,0.05,20,0,1.0,True,1.0,True,1.0,1.0
all_rejected,-1,accept_all,0.05,21,0,1.0,True,1.0,True,1.0,1.0
all_rejected,-1,accept_all,0.05,22,0,1.0,True,1.0,True,1.0,1.0
all_rejected,-1,accept_all,0.05,23,0,1.0,True,1.0,True,1.0,1.0
all_rejected,-1,accept_all,0.05,24,0,1.0,True,1.0,True,1.0,1.0
all_rejected,-1,accept_all,0.05,25,0,1.0,True,1.0,True,1.0,1.0
all_rejected,-1,accept_all,0.05,26,0,1.0,True,1.0,True,1.0,1.0
all_rejected,-1,accept_all,0.05,27,0,1.0,True,1.0,True,1.0,1.0
all_rejected,-1,accept_all,0.05,28,0,1.0,True,1.0,True,1.0,1.0
all_rejected,-1,accept_all,0.05,29,0,1.0,True,1.0,True,1.0,1.0
all_rejected,-1,accept_all,0.05,30,0,1.0,True,1.0,True,1.0,1.0
all_rejected,-1,accept_all,0.05,31,0,1.0,True,1.0,True,1.0,1.0
all_rejected,-1,accept_all,0.05,32,0,1.0,True,1.0,True,1.0,1.0
all_rejected,-1,accept_all,0.05,33,0,1.0,True,1.0,True,1.0,1.0
all_rejected,-1,accept_all,0.05,34,0,1.0,True,1.0,True,1.0,1.0
all_rejected,-1,accept_all,0.05,35,0,1.0,True,1.0,True,1.0,1.0
all_rejected,-1,accept_all,0.05,36,0,1.0,True,1.0,True,1.0,1.0
all_rejected,-1,accept_all,0.05,37,0,1.0,True,1.0,True,1.0,1.0
all_rejected,-1,accept_all,0.05,38,0,1.0,True,1.0,True,1.0,1.0
all_rejected,-1,accept_all,0.05,39,0,1.0,True,1.0,True,1.0,1.0
all_rejected,-1,accept_all,0.05,40,0,1.0,True,1.0,True,1.0,1.0
all_rejected,-1,accept_all,0.05,41,0,1.0,True,1.0,True,1.0,1.0
all_rejected,-1,accept_all,0.05,42,0,1.0,True,1.0,True,1.0,1.0
all_rejected,-1,accept_all,0.05,43,0,1.0,True,1.0,True,1.0,1.0
all_rejected,-1,accept_all,0.05,44,0,1.0,True,1.0,True,1.0,1.0
all_rejected,-1,accept_all,0.05,45,0,1.0,True,1.0,True,1.0,1.0
all_rejected,-1,accept_all,0.05,46,0,1.0,True,1.0,True,1.0,1.0
all_rejected,-1,accept_all,0.05,47,0,1.0,True,1.0,True,1.0,1.0
all_rejected,-1,accept_all,0.05,48,0,1.0,True,1.0,True,1.0,1.0
all_rejected,-1,accept_all,0.05,49,0,1.0,True,1.0,True,1.0,1.0
all_rejected,-1,accept_all,0.05,50,0,1.0,True,1.0,True,1.0,1.0
all_rejected,-1,accept_all,0.05,51,0,1.0,True,1.0,True,1.0,1.0
all_rejected,-1,accept_all,0.05,52,0,1.0,True,1.0,True,1.0,1.0
all_rejected,-1,accept_all,0.05,53,0,1.0,True,1.0,True,1.0,1.0
all_rejected,-1,accept_all,0.05,54,0,1.0,True,1.0,True,1.0,1.0
all_rejected,-1,accept_all,0.05,55,0,1.0,True,1.0,True,1.0,1.0
all_rejected,-1,accept_all,0.05,56,0,1.0,True,1.0,True,1.0,1.0
all_rejected,-1,accept_all,0.05,57,0,1.0,True,1.0,True,1.0,1.0
all_rejected,-1,accept_all,0.05,58,0,1.0,True,1.0,True,1.0,1.0
all_rejected,-1,accept_all,0.05,59,0,1.0,True,1.0,True,1.0,1.0
all_rejected,-1,accept_all,0.05,60,0,1.0,True,1.0,True,1.0,1.0
all_rejected,-1,accept_all,0.05,61,0,1.0,True,1.0,True,1.0,1.0
all_rejected,-1,accept_all,0.05,62,0,1.0,True,1.0,True,1.0,1.0
all_rejected,-1,accept_all,0.05,63,0,1.0,True,1.0,True,1.0,1.0
all_rejected,-1,accept_all,0.05,64,0,1.0,True,1.0,True,1.0,1.0
all_rejected,-1,accept_all,0.05,65,0,1.0,True,1.0,True,1.0,1.0
all_rejected,-1,accept_all,0.05,66,0,1.0,True,1.0,True,1.0,1.0
all_rejected,-1,accept_all,0.05,67,0,1.0,True,1.0,True,1.0,1.0
all_rejected,-1,accept_all,0.05,68,0,1.0,True,1.0,True,1.0,1.0
all_rejected,-1,accept_all,0.05,69,0,1.0,True,1.0,True,1.0,1.0
all_rejected,-1,accept_all,0.05,70,0,1.0,True,1.0,True,1.0,1.0
all_rejected,-1,accept_all,0.05,71,0,1.0,True,1.0,True,1.0,1.0
all_rejected,-1,accept_all,0.05,72,0,1.0,True,1.0,True,1.0,1.0
all_rejected,-1,accept_all,0.05,73,0,1.0,True,1.0,True,1.0,1.0
all_rejected,-1,accept_all,0.05,74,0,1.0,True,1.0,True,1.0,1.0
all_rejected,-1,accept_all,0.05,75,0,1.0,True,1.0,True,1.0,1.0
all_rejected,-1,accept_all,0.05,76,0,1.0,True,1.0,True,1.0,1.0
all_rejected,-1,accept_all,0.05,77,0,1.0,True,1.0,True,1.0,1.0
all_rejected,-1,accept_all,0.05,78,0,1.0,True,1.0,True,1.0,1.0
all_rejected,-1,accept_all,0.05,79,0,1.0,True,1.0,True,1.0,1.0
all_rejected,-1,accept_all,0.05,80,0,1.0,True,1.0,True,1.0,1.0
all_rejected,-1,reference_only,0.05,1,0,1.0,True,0.0,True,0.0,1.0
all_rejected,-1,reference_only,0.05,2,0,1.0,True,1.0,True,1.0,1.0
all_rejected,-1,reference_only,0.05,3,0,1.0,True,1.0,True,1.0,1.0
all_rejected,-1,reference_only,0.05,4,0,1.0,True,1.0,True,1.0,1.0
all_rejected,-1,reference_only,0.05,5,0,1.0,True,1.0,True,1.0,1.0
all_rejected,-1,reference_only,0.05,6,0,1.0,True,1.0,True,1.0,1.0
all_rejected,-1,reference_only,0.05,7,0,1.0,True,1.0,True,1.0,1.0
all_rejected,-1,reference_only,0.05,8,0,1.0,True,1.0,True,1.0,1.0
all_rejected,-1,reference_only,0.05,9,0,1.0,True,1.0,True,1.0,1.0
all_rejected,-1,reference_only,0.05,10,0,1.0,True,1.0,True,1.0,1.0
all_rejected,-1,reference_only,0.05,11,0,1.0,True,1.0,True,1.0,1.0
all_rejected,-1,reference_only,0.05,12,0,1.0,True,1.0,True,1.0,1.0
all_rejected,-1,reference_only,0.05,13,0,1.0,True,1.0,True,1.0,1.0
all_rejected,-1,reference_only,0.05,14,0,1.0,True,1.0,True,1.0,1.0
all_rejected,-1,reference_only,0.05,15,0,1.0,True,1.0,True,1.0,1.0
all_rejected,-1,reference_only,0.05,16,0,1.0,True,1.0,True,1.0,1.0
all_rejected,-1,reference_only,0.05,17,0,1.0,True,1.0,True,1.0,1.0
all_rejected,-1,reference_only,0.05,18,0,1.0,True,1.0,True,1.0,1.0
all_rejected,-1,reference_only,0.05,19,0,1.0,True,1.0,True,1.0,1.0
all_rejected,-1,reference_only,0.05,20,0,1.0,True,1.0,True,1.0,1.0
all_rejected,-1,reference_only,0.05,21,0,1.0,True,1.0,True,1.0,1.0
all_rejected,-1,reference_only,0.05,22,0,1.0,True,1.0,True,1.0,1.0
all_rejected,-1,reference_only,0.05,23,0,1.0,True,1.0,True,1.0,1.0
all_rejected,-1,reference_only,0.05,24,0,1.0,True,1.0,True,1.0,1.0
all_rejected,-1,reference_only,0.05,25,0,1.0,True,1.0,True,1.0,1.0
all_rejected,-1,reference_only,0.05,26,0,1.0,True,1.0,True,1.0,1.0
all_rejected,-1,reference_only,0.05,27,0,1.0,True,1.0,True,1.0,1.0
all_rejected,-1,reference_only,0.05,28,0,1.0,True,1.0,True,1.0,1.0
all_rejected,-1,reference_only,0.05,29,0,1.0,True,1.0,True,1.0,1.0
all_rejected,-1,reference_only,0.05,30,0,1.0,True,1.0,True,1.0,1.0
all_rejected,-1,reference_only,0.05,31,0,1.0,True,1.0,True,1.0,1.0
all_rejected,-1,reference_only,0.05,32,0,1.0,True,1.0,True,1.0,1.0
all_rejected,-1,reference_only,0.05,33,0,1.0,True,1.0,True,1.0,1.0
all_rejected,-1,reference_only,0.05,34,0,1.0,True,1.0,True,1.0,1.0
all_rejected,-1,reference_only,0.05,35,0,1.0,True,1.0,True,1.0,1.0
all_rejected,-1,reference_only,0.05,36,0,1.0,True,1.0,True,1.0,1.0
all_rejected,-1,reference_only,0.05,37,0,1.0,True,1.0,True,1.0,1.0
all_rejected,-1,reference_only,0.05,38,0,1.0,True,1.0,True,1.0,1.0
all_rejected,-1,reference_only,0.05,39,0,1.0,True,1.0,True,1.0,1.0
all_rejected,-1,reference_only,0.05,40,0,1.0,True,1.0,True,1.0,1.0
all_rejected,-1,reference_only,0.05,41,0,1.0,True,1.0,True,1.0,1.0
all_rejected,-1,reference_only,0.05,42,0,1.0,True,1.0,True,1.0,1.0
all_rejected,-1,reference_only,0.05,43,0,1.0,True,1.0,True,1.0,1.0
all_rejected,-1,reference_only,0.05,44,0,1.0,True,1.0,True,1.0,1.0
all_rejected,-1,reference_only,0.05,45,0,1.0,True,1.0,True,1.0,1.0
all_rejected,-1,reference_only,0.05,46,0,1.0,True,1.0,True,1.0,1.0
all_rejected,-1,reference_only,0.05,47,0,1.0,True,1.0,True,1.0,1.0
all_rejected,-1,reference_only,0.05,48,0,1.0,True,1.0,True,1.0,1.0
all_rejected,-1,reference_only,0.05,49,0,1.0,True,1.0,True,1.0,1.0
all_rejected,-1,reference_only,0.05,50,0,1.0,True,1.0,True,1.0,1.0
all_rejected,-1,reference_only,0.05,51,0,1.0,True,1.0,True,1.0,1.0
all_rejected,-1,reference_only,0.05,52,0,1.0,True,1.0,True,1.0,1.0
all_rejected,-1,reference_only,0.05,53,0,1.0,True,1.0,True,1.0,1.0
all_rejected,-1,reference_only,0.05,54,0,1.0,True,1.0,True,1.0,1.0
all_rejected,-1,reference_only,0.05,55,0,1.0,True,1.0,True,1.0,1.0
all_rejected,-1,reference_only,0.05,56,0,1.0,True,1.0,True,1.0,1.0
all_rejected,-1,reference_only,0.05,57,0,1.0,True,1.0,True,1.0,1.0
all_rejected,-1,reference_only,0.05,58,0,1.0,True,1.0,True,1.0,1.0
all_rejected,-1,reference_only,0.05,59,0,1.0,True,1.0,True,1.0,1.0
all_rejected,-1,reference_only,0.05,60,0,1.0,True,1.0,True,1.0,1.0
all_rejected,-1,reference_only,0.05,61,0,1.0,True,1.0,True,1.0,1.0
all_rejected,-1,reference_only,0.05,62,0,1.0,True,1.0,True,1.0,1.0
all_rejected,-1,reference_only,0.05,63,0,1.0,True,1.0,True,1.0,1.0
all_rejected,-1,reference_only,0.05,64,0,1.0,True,1.0,True,1.0,1.0
all_rejected,-1,reference_only,0.05,65,0,1.0,True,1.0,True,1.0,1.0
all_rejected,-1,reference_only,0.05,66,0,1.0,True,1.0,True,1.0,1.0
all_rejected,-1,reference_only,0.05,67,0,1.0,True,1.0,True,1.0,1.0
all_rejected,-1,reference_only,0.05,68,0,1.0,True,1.0,True,1.0,1.0
all_rejected,-1,reference_only,0.05,69,0,1.0,True,1.0,True,1.0,1.0
all_rejected,-1,reference_only,0.05,70,0,1.0,True,1.0,True,1.0,1.0
all_rejected,-1,reference_only,0.05,71,0,1.0,True,1.0,True,1.0,1.0
all_rejected,-1,reference_only,0.05,72,0,1.0,True,1.0,True,1.0,1.0
all_rejected,-1,reference_only,0.05,73,0,1.0,True,1.0,True,1.0,1.0
all_rejected,-1,reference_only,0.05,74,0,1.0,True,1.0,True,1.0,1.0
all_rejected,-1,reference_only,0.05,75,0,1.0,True,1.0,True,1.0,1.0
all_rejected,-1,reference_only,0.05,76,0,1.0,True,1.0,True,1.0,1.0
all_rejected,-1,reference_only,0.05,77,0,1.0,True,1.0,True,1.0,1.0
all_rejected,-1,reference_only,0.05,78,0,1.0,True,1.0,True,1.0,1.0
all_rejected,-1,reference_only,0.05,79,0,1.0,True,1.0,True,1.0,1.0
all_rejected,-1,reference_only,0.05,80,0,1.0,True,1.0,True,1.0,1.0
all_rejected,-1,gated,0.11,1,0,1.0,True,0.0,False,0.0,0.0
all_rejected,-1,gated,0.11,2,0,1.0,True,0.0,False,0.0,0.0
all_rejected,-1,gated,0.11,3,0,1.0,True,0.0,False,0.0,0.0
all_rejected,-1,gated,0.11,4,0,1.0,True,0.0,False,0.0,0.0
all_rejected,-1,gated,0.11,5,0,1.0,True,0.0,False,0.0,0.0
all_rejected,-1,gated,0.11,6,0,1.0,True,0.0,False,0.0,0.0
all_rejected,-1,gated,0.11,7,0,1.0,True,0.0,False,0.0,0.0
all_rejected,-1,gated,0.11,8,0,1.0,True,0.0,False,0.0,0.0
all_rejected,-1,gated,0.11,9,0,1.0,True,0.0,False,0.0,0.0
all_rejected,-1,gated,0.11,10,0,1.0,True,0.0,False,0.0,0.0
all_rejected,-1,gated,0.11,11,0,1.0,True,0.0,False,0.0,0.0
all_rejected,-1,gated,0.11,12,0,1.0,True,0.0,False,0.0,0.0
all_rejected,-1,gated,0.11,13,0,1.0,True,0.0,False,0.0,0.0
all_rejected,-1,gated,0.11,14,0,1.0,True,0.0,False,0.0,0.0
all_rejected,-1,gated,0.11,15,0,1.0,True,0.0,False,0.0,0.0
all_rejected,-1,gated,0.11,16,0,1.0,True,0.0,False,0.0,0.0
all_rejected,-1,gated,0.11,17,0,1.0,True,0.0,False,0.0,0.0
all_rejected,-1,gated,0.11,18,0,1.0,True,0.0,False,0.0,0.0
all_rejected,-1,gated,0.11,19,0,1.0,True,0.0,False,0.0,0.0
all_rejected,-1,gated,0.11,20,0,1.0,True,0.0,False,0.0,0.0
all_rejected,-1,gated,0.11,21,0,1.0,True,0.0,False,0.0,0.0
all_rejected,-1,gated,0.11,22,0,1.0,True,0.0,False,0.0,0.0
all_rejected,-1,gated,0.11,23,0,1.0,True,0.0,False,0.0,0.0
all_rejected,-1,gated,0.11,24,0,1.0,True,0.0,False,0.0,0.0
all_rejected,-1,gated,0.11,25,0,1.0,True,0.0,False,0.0,0.0
all_rejected,-1,gated,0.11,26,0,1.0,True,0.0,False,0.0,0.0
all_rejected,-1,gated,0.11,27,0,1.0,True,0.0,False,0.0,0.0
all_rejected,-1,gated,0.11,28,0,1.0,True,0.0,False,0.0,0.0
all_rejected,-1,gated,0.11,29,0,1.0,True,0.0,False,0.0,0.0
all_rejected,-1,gated,0.11,30,0,1.0,True,0.0,False,0.0,0.0
all_rejected,-1,gated,0.11,31,0,1.0,True,0.0,False,0.0,0.0
all_rejected,-1,gated,0.11,32,0,1.0,True,0.0,False,0.0,0.0
all_rejected,-1,gated,0.11,33,0,1.0,True,0.0,False,0.0,0.0
all_rejected,-1,gated,0.11,34,0,1.0,True,0.0,False,0.0,0.0
all_rejected,-1,gated,0.11,35,0,1.0,True,0.0,False,0.0,0.0
all_rejected,-1,gated,0.11,36,0,1.0,True,0.0,False,0.0,0.0
all_rejected,-1,gated,0.11,37,0,1.0,True,0.0,False,0.0,0.0
all_rejected,-1,gated,0.11,38,0,1.0,True,0.0,False,0.0,0.0
all_rejected,-1,gated,0.11,39,0,1.0,True,0.0,False,0.0,0.0
all_rejected,-1,gated,0.11,40,0,1.0,True,0.0,False,0.0,0.0
all_rejected,-1,gated,0.11,41,0,1.0,True,0.0,False,0.0,0.0
all_rejected,-1,gated,0.11,42,0,1.0,True,0.0,False,0.0,0.0
all_rejected,-1,gated,0.11,43,0,1.0,True,0.0,False,0.0,0.0
all_rejected,-1,gated,0.11,44,0,1.0,True,0.0,False,0.0,0.0
all_rejected,-1,gated,0.11,45,0,1.0,True,0.0,False,0.0,0.0
all_rejected,-1,gated,0.11,46,0,1.0,True,0.0,False,0.0,0.0
all_rejected,-1,gated,0.11,47,0,1.0,True,0.0,False,0.0,0.0
all_rejected,-1,gated,0.11,48,0,1.0,True,0.0,False,0.0,0.0
all_rejected,-1,gated,0.11,49,0,1.0,True,0.0,False,0.0,0.0
all_rejected,-1,gated,0.11,50,0,1.0,True,0.0,False,0.0,0.0
all_rejected,-1,gated,0.11,51,0,1.0,True,0.0,False,0.0,0.0
all_rejected,-1,gated,0.11,52,0,1.0,True,0.0,False,0.0,0.0
all_rejected,-1,gated,0.11,53,0,1.0,True,0.0,False,0.0,0.0
all_rejected,-1,gated,0.11,54,0,1.0,True,0.0,False,0.0,0.0
all_rejected,-1,gated,0.11,55,0,1.0,True,0.0,False,0.0,0.0
all_rejected,-1,gated,0.11,56,0,1.0,True,0.0,False,0.0,0.0
all_rejected,-1,gated,0.11,57,0,1.0,True,0.0,False,0.0,0.0
all_rejected,-1,gated,0.11,58,0,1.0,True,0.0,False,0.0,0.0
all_rejected,-1,gated,0.11,59,0,1.0,True,0.0,False,0.0,0.0
all_rejected,-1,gated,0.11,60,0,1.0,True,0.0,False,0.0,0.0
all_rejected,-1,gated,0.11,61,0,1.0,True,0.0,False,0.0,0.0
all_rejected,-1,gated,0.11,62,0,1.0,True,0.0,False,0.0,0.0
all_rejected,-1,gated,0.11,63,0,1.0,True,0.0,False,0.0,0.0
all_rejected,-1,gated,0.11,64,0,1.0,True,0.0,False,0.0,0.0
all_rejected,-1,gated,0.11,65,0,1.0,True,0.0,False,0.0,0.0
all_rejected,-1,gated,0.11,66,0,1.0,True,0.0,False,0.0,0.0
all_rejected,-1,gated,0.11,67,0,1.0,True,0.0,False,0.0,0.0
all_rejected,-1,gated,0.11,68,0,1.0,True,0.0,False,0.0,0.0
all_rejected,-1,gated,0.11,69,0,1.0,True,0.0,False,0.0,0.0
all_rejected,-1,gated,0.11,70,0,1.0,True,0.0,False,0.0,0.0
all_rejected,-1,gated,0.11,71,0,1.0,True,0.0,False,0.0,0.0
all_rejected,-1,gated,0.11,72,0,1.0,True,0.0,False,0.0,0.0
all_rejected,-1,gated,0.11,73,0,1.0,True,0.0,False,0.0,0.0
all_rejected,-1,gated,0.11,74,0,1.0,True,0.0,False,0.0,0.0
all_rejected,-1,gated,0.11,75,0,1.0,True,0.0,False,0.0,0.0
all_rejected,-1,gated,0.11,76,0,1.0,True,0.0,False,0.0,0.0
all_rejected,-1,gated,0.11,77,0,1.0,True,0.0,False,0.0,0.0
all_rejected,-1,gated,0.11,78,0,1.0,True,0.0,False,0.0,0.0
all_rejected,-1,gated,0.11,79,0,1.0,True,0.0,False,0.0,0.0
all_rejected,-1,gated,0.11,80,0,1.0,True,0.0,False,0.0,0.0
all_rejected,-1,accept_all,0.11,1,0,1.0,True,0.0,True,0.0,1.0
all_rejected,-1,accept_all,0.11,2,0,1.0,True,1.0,True,1.0,1.0
all_rejected,-1,accept_all,0.11,3,0,1.0,True,1.0,True,1.0,1.0
all_rejected,-1,accept_all,0.11,4,0,1.0,True,1.0,True,1.0,1.0
all_rejected,-1,accept_all,0.11,5,0,1.0,True,1.0,True,1.0,1.0
all_rejected,-1,accept_all,0.11,6,0,1.0,True,1.0,True,1.0,1.0
all_rejected,-1,accept_all,0.11,7,0,1.0,True,1.0,True,1.0,1.0
all_rejected,-1,accept_all,0.11,8,0,1.0,True,1.0,True,1.0,1.0
all_rejected,-1,accept_all,0.11,9,0,1.0,True,1.0,True,1.0,1.0
all_rejected,-1,accept_all,0.11,10,0,1.0,True,1.0,True,1.0,1.0
all_rejected,-1,accept_all,0.11,11,0,1.0,True,1.0,True,1.0,1.0
all_rejected,-1,accept_all,0.11,12,0,1.0,True,1.0,True,1.0,1.0
all_rejected,-1,accept_all,0.11,13,0,1.0,True,1.0,True,1.0,1.0
all_rejected,-1,accept_all,0.11,14,0,1.0,True,1.0,True,1.0,1.0
all_rejected,-1,accept_all,0.11,15,0,1.0,True,1.0,True,1.0,1.0
all_rejected,-1,accept_all,0.11,16,0,1.0,True,1.0,True,1.0,1.0
all_rejected,-1,accept_all,0.11,17,0,1.0,True,1.0,True,1.0,1.0
all_rejected,-1,accept_all,0.11,18,0,1.0,True,1.0,True,1.0,1.0
all_rejected,-1,accept_all,0.11,19,0,1.0,True,1.0,True,1.0,1.0
all_rejected,-1,accept_all,0.11,20,0,1.0,True,1.0,True,1.0,1.0
all_rejected,-1,accept_all,0.11,21,0,1.0,True,1.0,True,1.0,1.0
all_rejected,-1,accept_all,0.11,22,0,1.0,True,1.0,True,1.0,1.0
all_rejected,-1,accept_all,0.11,23,0,1.0,True,1.0,True,1.0,1.0
all_rejected,-1,accept_all,0.11,24,0,1.0,True,1.0,True,1.0,1.0
all_rejected,-1,accept_all,0.11,25,0,1.0,True,1.0,True,1.0,1.0
all_rejected,-1,accept_all,0.11,26,0,1.0,True,1.0,True,1.0,1.0
all_rejected,-1,accept_all,0.11,27,0,1.0,True,1.0,True,1.0,1.0
all_rejected,-1,accept_all,0.11,28,0,1.0,True,1.0,True,1.0,1.0
all_rejected,-1,accept_all,0.11,29,0,1.0,True,1.0,True,1.0,1.0
all_rejected,-1,accept_all,0.11,30,0,1.0,True,1.0,True,1.0,1.0
all_rejected,-1,accept_all,0.11,31,0,1.0,True,1.0,True,1.0,1.0
all_rejected,-1,accept_all,0.11,32,0,1.0,True,1.0,True,1.0,1.0
all_rejected,-1,accept_all,0.11,33,0,1.0,True,1.0,True,1.0,1.0
all_rejected,-1,accept_all,0.11,34,0,1.0,True,1.0,True,1.0,1.0
all_rejected,-1,accept_all,0.11,35,0,1.0,True,1.0,True,1.0,1.0
all_rejected,-1,accept_all,0.11,36,0,1.0,True,1.0,True,1.0,1.0
all_rejected,-1,accept_all,0.11,37,0,1.0,True,1.0,True,1.0,1.0
all_rejected,-1,accept_all,0.11,38,0,1.0,True,1.0,True,1.0,1.0
all_rejected,-1,accept_all,0.11,39,0,1.0,True,1.0,True,1.0,1.0
all_rejected,-1,accept_all,0.11,40,0,1.0,True,1.0,True,1.0,1.0
all_rejected,-1,accept_all,0.11,41,0,1.0,True,1.0,True,1.0,1.0
all_rejected,-1,accept_all,0.11,42,0,1.0,True,1.0,True,1.0,1.0
all_rejected,-1,accept_all,0.11,43,0,1.0,True,1.0,True,1.0,1.0
all_rejected,-1,accept_all,0.11,44,0,1.0,True,1.0,True,1.0,1.0
all_rejected,-1,accept_all,0.11,45,0,1.0,True,1.0,True,1.0,1.0
all_rejected,-1,accept_all,0.11,46,0,1.0,True,1.0,True,1.0,1.0
all_rejected,-1,accept_all,0.11,47,0,1.0,True,1.0,True,1.0,1.0
all_rejected,-1,accept_all,0.11,48,0,1.0,True,1.0,True,1.0,1.0
all_rejected,-1,accept_all,0.11,49,0,1.0,True,1.0,True,1.0,1.0
all_rejected,-1,accept_all,0.11,50,0,1.0,True,1.0,True,1.0,1.0
all_rejected,-1,accept_all,0.11,51,0,1.0,True,1.0,True,1.0,1.0
all_rejected,-1,accept_all,0.11,52,0,1.0,True,1.0,True,1.0,1.0
all_rejected,-1,accept_all,0.11,53,0,1.0,True,1.0,True,1.0,1.0
all_rejected,-1,accept_all,0.11,54,0,1.0,True,1.0,True,1.0,1.0
all_rejected,-1,accept_all,0.11,55,0,1.0,True,1.0,True,1.0,1.0
all_rejected,-1,accept_all,0.11,56,0,1.0,True,1.0,True,1.0,1.0
all_rejected,-1,accept_all,0.11,57,0,1.0,True,1.0,True,1.0,1.0
all_rejected,-1,accept_all,0.11,58,0,1.0,True,1.0,True,1.0,1.0
all_rejected,-1,accept_all,0.11,59,0,1.0,True,1.0,True,1.0,1.0
all_rejected,-1,accept_all,0.11,60,0,1.0,True,1.0,True,1.0,1.0
all_rejected,-1,accept_all,0.11,61,0,1.0,True,1.0,True,1.0,1.0
all_rejected,-1,accept_all,0.11,62,0,1.0,True,1.0,True,1.0,1.0
all_rejected,-1,accept_all,0.11,63,0,1.0,True,1.0,True,1.0,1.0
all_rejected,-1,accept_all,0.11,64,0,1.0,True,1.0,True,1.0,1.0
all_rejected,-1,accept_all,0.11,65,0,1.0,True,1.0,True,1.0,1.0
all_rejected,-1,accept_all,0.11,66,0,1.0,True,1.0,True,1.0,1.0
all_rejected,-1,accept_all,0.11,67,0,1.0,True,1.0,True,1.0,1.0
all_rejected,-1,accept_all,0.11,68,0,1.0,True,1.0,True,1.0,1.0
all_rejected,-1,accept_all,0.11,69,0,1.0,True,1.0,True,1.0,1.0
all_rejected,-1,accept_all,0.11,70,0,1.0,True,1.0,True,1.0,1.0
all_rejected,-1,accept_all,0.11,71,0,1.0,True,1.0,True,1.0,1.0
all_rejected,-1,accept_all,0.11,72,0,1.0,True,1.0,True,1.0,1.0
all_rejected,-1,accept_all,0.11,73,0,1.0,True,1.0,True,1.0,1.0
all_rejected,-1,accept_all,0.11,74,0,1.0,True,1.0,True,1.0,1.0
all_rejected,-1,accept_all,0.11,75,0,1.0,True,1.0,True,1.0,1.0
all_rejected,-1,accept_all,0.11,76,0,1.0,True,1.0,True,1.0,1.0
all_rejected,-1,accept_all,0.11,77,0,1.0,True,1.0,True,1.0,1.0
all_rejected,-1,accept_all,0.11,78,0,1.0,True,1.0,True,1.0,1.0
all_rejected,-1,accept_all,0.11,79,0,1.0,True,1.0,True,1.0,1.0
all_rejected,-1,accept_all,0.11,80,0,1.0,True,1.0,True,1.0,1.0
all_rejected,-1,reference_only,0.11,1,0,1.0,True,0.0,True,0.0,1.0
all_rejected,-1,reference_only,0.11,2,0,1.0,True,1.0,True,1.0,1.0
all_rejected,-1,reference_only,0.11,3,0,1.0,True,1.0,True,1.0,1.0
all_rejected,-1,reference_only,0.11,4,0,1.0,True,1.0,True,1.0,1.0
all_rejected,-1,reference_only,0.11,5,0,1.0,True,1.0,True,1.0,1.0
all_rejected,-1,reference_only,0.11,6,0,1.0,True,1.0,True,1.0,1.0
all_rejected,-1,reference_only,0.11,7,0,1.0,True,1.0,True,1.0,1.0
all_rejected,-1,reference_only,0.11,8,0,1.0,True,1.0,True,1.0,1.0
all_rejected,-1,reference_only,0.11,9,0,1.0,True,1.0,True,1.0,1.0
all_rejected,-1,reference_only,0.11,10,0,1.0,True,1.0,True,1.0,1.0
all_rejected,-1,reference_only,0.11,11,0,1.0,True,1.0,True,1.0,1.0
all_rejected,-1,reference_only,0.11,12,0,1.0,True,1.0,True,1.0,1.0
all_rejected,-1,reference_only,0.11,13,0,1.0,True,1.0,True,1.0,1.0
all_rejected,-1,reference_only,0.11,14,0,1.0,True,1.0,True,1.0,1.0
all_rejected,-1,reference_only,0.11,15,0,1.0,True,1.0,True,1.0,1.0
all_rejected,-1,reference_only,0.11,16,0,1.0,True,1.0,True,1.0,1.0
all_rejected,-1,reference_only,0.11,17,0,1.0,True,1.0,True,1.0,1.0
all_rejected,-1,reference_only,0.11,18,0,1.0,True,1.0,True,1.0,1.0
all_rejected,-1,reference_only,0.11,19,0,1.0,True,1.0,True,1.0,1.0
all_rejected,-1,reference_only,0.11,20,0,1.0,True,1.0,True,1.0,1.0
all_rejected,-1,reference_only,0.11,21,0,1.0,True,1.0,True,1.0,1.0
all_rejected,-1,reference_only,0.11,22,0,1.0,True,1.0,True,1.0,1.0
all_rejected,-1,reference_only,0.11,23,0,1.0,True,1.0,True,1.0,1.0
all_rejected,-1,reference_only,0.11,24,0,1.0,True,1.0,True,1.0,1.0
all_rejected,-1,reference_only,0.11,25,0,1.0,True,1.0,True,1.0,1.0
all_rejected,-1,reference_only,0.11,26,0,1.0,True,1.0,True,1.0,1.0
all_rejected,-1,reference_only,0.11,27,0,1.0,True,1.0,True,1.0,1.0
all_rejected,-1,reference_only,0.11,28,0,1.0,True,1.0,True,1.0,1.0
all_rejected,-1,reference_only,0.11,29,0,1.0,True,1.0,True,1.0,1.0
all_rejected,-1,reference_only,0.11,30,0,1.0,True,1.0,True,1.0,1.0
all_rejected,-1,reference_only,0.11,31,0,1.0,True,1.0,True,1.0,1.0
all_rejected,-1,reference_only,0.11,32,0,1.0,True,1.0,True,1.0,1.0
all_rejected,-1,reference_only,0.11,33,0,1.0,True,1.0,True,1.0,1.0
all_rejected,-1,reference_only,0.11,34,0,1.0,True,1.0,True,1.0,1.0
all_rejected,-1,reference_only,0.11,35,0,1.0,True,1.0,True,1.0,1.0
all_rejected,-1,reference_only,0.11,36,0,1.0,True,1.0,True,1.0,1.0
all_rejected,-1,reference_only,0.11,37,0,1.0,True,1.0,True,1.0,1.0
all_rejected,-1,reference_only,0.11,38,0,1.0,True,1.0,True,1.0,1.0
all_rejected,-1,reference_only,0.11,39,0,1.0,True,1.0,True,1.0,1.0
all_rejected,-1,reference_only,0.11,40,0,1.0,True,1.0,True,1.0,1.0
all_rejected,-1,reference_only,0.11,41,0,1.0,True,1.0,True,1.0,1.0
all_rejected,-1,reference_only,0.11,42,0,1.0,True,1.0,True,1.0,1.0
all_rejected,-1,reference_only,0.11,43,0,1.0,True,1.0,True,1.0,1.0
all_rejected,-1,reference_only,0.11,44,0,1.0,True,1.0,True,1.0,1.0
all_rejected,-1,reference_only,0.11,45,0,1.0,True,1.0,True,1.0,1.0
all_rejected,-1,reference_only,0.11,46,0,1.0,True,1.0,True,1.0,1.0
all_rejected,-1,reference_only,0.11,47,0,1.0,True,1.0,True,1.0,1.0
all_rejected,-1,reference_only,0.11,48,0,1.0,True,1.0,True,1.0,1.0
all_rejected,-1,reference_only,0.11,49,0,1.0,True,1.0,True,1.0,1.0
all_rejected,-1,reference_only,0.11,50,0,1.0,True,1.0,True,1.0,1.0
all_rejected,-1,reference_only,0.11,51,0,1.0,True,1.0,True,1.0,1.0
all_rejected,-1,reference_only,0.11,52,0,1.0,True,1.0,True,1.0,1.0
all_rejected,-1,reference_only,0.11,53,0,1.0,True,1.0,True,1.0,1.0
all_rejected,-1,reference_only,0.11,54,0,1.0,True,1.0,True,1.0,1.0
all_rejected,-1,reference_only,0.11,55,0,1.0,True,1.0,True,1.0,1.0
all_rejected,-1,reference_only,0.11,56,0,1.0,True,1.0,True,1.0,1.0
all_rejected,-1,reference_only,0.11,57,0,1.0,True,1.0,True,1.0,1.0
all_rejected,-1,reference_only,0.11,58,0,1.0,True,1.0,True,1.0,1.0
all_rejected,-1,reference_only,0.11,59,0,1.0,True,1.0,True,1.0,1.0
all_rejected,-1,reference_only,0.11,60,0,1.0,True,1.0,True,1.0,1.0
all_rejected,-1,reference_only,0.11,61,0,1.0,True,1.0,True,1.0,1.0
all_rejected,-1,reference_only,0.11,62,0,1.0,True,1.0,True,1.0,1.0
all_rejected,-1,reference_only,0.11,63,0,1.0,True,1.0,True,1.0,1.0
all_rejected,-1,reference_only,0.11,64,0,1.0,True,1.0,True,1.0,1.0
all_rejected,-1,reference_only,0.11,65,0,1.0,True,1.0,True,1.0,1.0
all_rejected,-1,reference_only,0.11,66,0,1.0,True,1.0,True,1.0,1.0
all_rejected,-1,reference_only,0.11,67,0,1.0,True,1.0,True,1.0,1.0
all_rejected,-1,reference_only,0.11,68,0,1.0,True,1.0,True,1.0,1.0
all_rejected,-1,reference_only,0.11,69,0,1.0,True,1.0,True,1.0,1.0
all_rejected,-1,reference_only,0.11,70,0,1.0,True,1.0,True,1.0,1.0
all_rejected,-1,reference_only,0.11,71,0,1.0,True,1.0,True,1.0,1.0
all_rejected,-1,reference_only,0.11,72,0,1.0,True,1.0,True,1.0,1.0
all_rejected,-1,reference_only,0.11,73,0,1.0,True,1.0,True,1.0,1.0
all_rejected,-1,reference_only,0.11,74,0,1.0,True,1.0,True,1.0,1.0
all_rejected,-1,reference_only,0.11,75,0,1.0,True,1.0,True,1.0,1.0
all_rejected,-1,reference_only,0.11,76,0,1.0,True,1.0,True,1.0,1.0
all_rejected,-1,reference_only,0.11,77,0,1.0,True,1.0,True,1.0,1.0
all_rejected,-1,reference_only,0.11,78,0,1.0,True,1.0,True,1.0,1.0
all_rejected,-1,reference_only,0.11,79,0,1.0,True,1.0,True,1.0,1.0
all_rejected,-1,reference_only,0.11,80,0,1.0,True,1.0,True,1.0,1.0
all_rejected,-1,gated,0.25,1,0,1.0,True,0.0,False,0.0,0.0
all_rejected,-1,gated,0.25,2,0,1.0,True,0.0,False,0.0,0.0
all_rejected,-1,gated,0.25,3,0,1.0,True,0.0,False,0.0,0.0
all_rejected,-1,gated,0.25,4,0,1.0,True,0.0,False,0.0,0.0
all_rejected,-1,gated,0.25,5,0,1.0,True,0.0,False,0.0,0.0
all_rejected,-1,gated,0.25,6,0,1.0,True,0.0,False,0.0,0.0
all_rejected,-1,gated,0.25,7,0,1.0,True,0.0,False,0.0,0.0
all_rejected,-1,gated,0.25,8,0,1.0,True,0.0,False,0.0,0.0
all_rejected,-1,gated,0.25,9,0,1.0,True,0.0,False,0.0,0.0
all_rejected,-1,gated,0.25,10,0,1.0,True,0.0,False,0.0,0.0
all_rejected,-1,gated,0.25,11,0,1.0,True,0.0,False,0.0,0.0
all_rejected,-1,gated,0.25,12,0,1.0,True,0.0,False,0.0,0.0
all_rejected,-1,gated,0.25,13,0,1.0,True,0.0,False,0.0,0.0
all_rejected,-1,gated,0.25,14,0,1.0,True,0.0,False,0.0,0.0
all_rejected,-1,gated,0.25,15,0,1.0,True,0.0,False,0.0,0.0
all_rejected,-1,gated,0.25,16,0,1.0,True,0.0,False,0.0,0.0
all_rejected,-1,gated,0.25,17,0,1.0,True,0.0,False,0.0,0.0
all_rejected,-1,gated,0.25,18,0,1.0,True,0.0,False,0.0,0.0
all_rejected,-1,gated,0.25,19,0,1.0,True,0.0,False,0.0,0.0
all_rejected,-1,gated,0.25,20,0,1.0,True,0.0,False,0.0,0.0
all_rejected,-1,gated,0.25,21,0,1.0,True,0.0,False,0.0,0.0
all_rejected,-1,gated,0.25,22,0,1.0,True,0.0,False,0.0,0.0
all_rejected,-1,gated,0.25,23,0,1.0,True,0.0,False,0.0,0.0
all_rejected,-1,gated,0.25,24,0,1.0,True,0.0,False,0.0,0.0
all_rejected,-1,gated,0.25,25,0,1.0,True,0.0,False,0.0,0.0
all_rejected,-1,gated,0.25,26,0,1.0,True,0.0,False,0.0,0.0
all_rejected,-1,gated,0.25,27,0,1.0,True,0.0,False,0.0,0.0
all_rejected,-1,gated,0.25,28,0,1.0,True,0.0,False,0.0,0.0
all_rejected,-1,gated,0.25,29,0,1.0,True,0.0,False,0.0,0.0
all_rejected,-1,gated,0.25,30,0,1.0,True,0.0,False,0.0,0.0
all_rejected,-1,gated,0.25,31,0,1.0,True,0.0,False,0.0,0.0
all_rejected,-1,gated,0.25,32,0,1.0,True,0.0,False,0.0,0.0
all_rejected,-1,gated,0.25,33,0,1.0,True,0.0,False,0.0,0.0
all_rejected,-1,gated,0.25,34,0,1.0,True,0.0,False,0.0,0.0
all_rejected,-1,gated,0.25,35,0,1.0,True,0.0,False,0.0,0.0
all_rejected,-1,gated,0.25,36,0,1.0,True,0.0,False,0.0,0.0
all_rejected,-1,gated,0.25,37,0,1.0,True,0.0,False,0.0,0.0
all_rejected,-1,gated,0.25,38,0,1.0,True,0.0,False,0.0,0.0
all_rejected,-1,gated,0.25,39,0,1.0,True,0.0,False,0.0,0.0
all_rejected,-1,gated,0.25,40,0,1.0,True,0.0,False,0.0,0.0
all_rejected,-1,gated,0.25,41,0,1.0,True,0.0,False,0.0,0.0
all_rejected,-1,gated,0.25,42,0,1.0,True,0.0,False,0.0,0.0
all_rejected,-1,gated,0.25,43,0,1.0,True,0.0,False,0.0,0.0
all_rejected,-1,gated,0.25,44,0,1.0,True,0.0,False,0.0,0.0
all_rejected,-1,gated,0.25,45,0,1.0,True,0.0,False,0.0,0.0
all_rejected,-1,gated,0.25,46,0,1.0,True,0.0,False,0.0,0.0
all_rejected,-1,gated,0.25,47,0,1.0,True,0.0,False,0.0,0.0
all_rejected,-1,gated,0.25,48,0,1.0,True,0.0,False,0.0,0.0
all_rejected,-1,gated,0.25,49,0,1.0,True,0.0,False,0.0,0.0
all_rejected,-1,gated,0.25,50,0,1.0,True,0.0,False,0.0,0.0
all_rejected,-1,gated,0.25,51,0,1.0,True,0.0,False,0.0,0.0
all_rejected,-1,gated,0.25,52,0,1.0,True,0.0,False,0.0,0.0
all_rejected,-1,gated,0.25,53,0,1.0,True,0.0,False,0.0,0.0
all_rejected,-1,gated,0.25,54,0,1.0,True,0.0,False,0.0,0.0
all_rejected,-1,gated,0.25,55,0,1.0,True,0.0,False,0.0,0.0
all_rejected,-1,gated,0.25,56,0,1.0,True,0.0,False,0.0,0.0
all_rejected,-1,gated,0.25,57,0,1.0,True,0.0,False,0.0,0.0
all_rejected,-1,gated,0.25,58,0,1.0,True,0.0,False,0.0,0.0
all_rejected,-1,gated,0.25,59,0,1.0,True,0.0,False,0.0,0.0
all_rejected,-1,gated,0.25,60,0,1.0,True,0.0,False,0.0,0.0
all_rejected,-1,gated,0.25,61,0,1.0,True,0.0,False,0.0,0.0
all_rejected,-1,gated,0.25,62,0,1.0,True,0.0,False,0.0,0.0
all_rejected,-1,gated,0.25,63,0,1.0,True,0.0,False,0.0,0.0
all_rejected,-1,gated,0.25,64,0,1.0,True,0.0,False,0.0,0.0
all_rejected,-1,gated,0.25,65,0,1.0,True,0.0,False,0.0,0.0
all_rejected,-1,gated,0.25,66,0,1.0,True,0.0,False,0.0,0.0
all_rejected,-1,gated,0.25,67,0,1.0,True,0.0,False,0.0,0.0
all_rejected,-1,gated,0.25,68,0,1.0,True,0.0,False,0.0,0.0
all_rejected,-1,gated,0.25,69,0,1.0,True,0.0,False,0.0,0.0
all_rejected,-1,gated,0.25,70,0,1.0,True,0.0,False,0.0,0.0
all_rejected,-1,gated,0.25,71,0,1.0,True,0.0,False,0.0,0.0
all_rejected,-1,gated,0.25,72,0,1.0,True,0.0,False,0.0,0.0
all_rejected,-1,gated,0.25,73,0,1.0,True,0.0,False,0.0,0.0
all_rejected,-1,gated,0.25,74,0,1.0,True,0.0,False,0.0,0.0
all_rejected,-1,gated,0.25,75,0,1.0,True,0.0,False,0.0,0.0
all_rejected,-1,gated,0.25,76,0,1.0,True,0.0,False,0.0,0.0
all_rejected,-1,gated,0.25,77,0,1.0,True,0.0,False,0.0,0.0
all_rejected,-1,gated,0.25,78,0,1.0,True,0.0,False,0.0,0.0
all_rejected,-1,gated,0.25,79,0,1.0,True,0.0,False,0.0,0.0
all_rejected,-1,gated,0.25,80,0,1.0,True,0.0,False,0.0,0.0
all_rejected,-1,accept_all,0.25,1,0,1.0,True,0.0,True,0.0,1.0
all_rejected,-1,accept_all,0.25,2,0,1.0,True,1.0,True,1.0,1.0
all_rejected,-1,accept_all,0.25,3,0,1.0,True,1.0,True,1.0,1.0
all_rejected,-1,accept_all,0.25,4,0,1.0,True,1.0,True,1.0,1.0
all_rejected,-1,accept_all,0.25,5,0,1.0,True,1.0,True,1.0,1.0
all_rejected,-1,accept_all,0.25,6,0,1.0,True,1.0,True,1.0,1.0
all_rejected,-1,accept_all,0.25,7,0,1.0,True,1.0,True,1.0,1.0
all_rejected,-1,accept_all,0.25,8,0,1.0,True,1.0,True,1.0,1.0
all_rejected,-1,accept_all,0.25,9,0,1.0,True,1.0,True,1.0,1.0
all_rejected,-1,accept_all,0.25,10,0,1.0,True,1.0,True,1.0,1.0
all_rejected,-1,accept_all,0.25,11,0,1.0,True,1.0,True,1.0,1.0
all_rejected,-1,accept_all,0.25,12,0,1.0,True,1.0,True,1.0,1.0
all_rejected,-1,accept_all,0.25,13,0,1.0,True,1.0,True,1.0,1.0
all_rejected,-1,accept_all,0.25,14,0,1.0,True,1.0,True,1.0,1.0
all_rejected,-1,accept_all,0.25,15,0,1.0,True,1.0,True,1.0,1.0
all_rejected,-1,accept_all,0.25,16,0,1.0,True,1.0,True,1.0,1.0
all_rejected,-1,accept_all,0.25,17,0,1.0,True,1.0,True,1.0,1.0
all_rejected,-1,accept_all,0.25,18,0,1.0,True,1.0,True,1.0,1.0
all_rejected,-1,accept_all,0.25,19,0,1.0,True,1.0,True,1.0,1.0
all_rejected,-1,accept_all,0.25,20,0,1.0,True,1.0,True,1.0,1.0
all_rejected,-1,accept_all,0.25,21,0,1.0,True,1.0,True,1.0,1.0
all_rejected,-1,accept_all,0.25,22,0,1.0,True,1.0,True,1.0,1.0
all_rejected,-1,accept_all,0.25,23,0,1.0,True,1.0,True,1.0,1.0
all_rejected,-1,accept_all,0.25,24,0,1.0,True,1.0,True,1.0,1.0
all_rejected,-1,accept_all,0.25,25,0,1.0,True,1.0,True,1.0,1.0
all_rejected,-1,accept_all,0.25,26,0,1.0,True,1.0,True,1.0,1.0
all_rejected,-1,accept_all,0.25,27,0,1.0,True,1.0,True,1.0,1.0
all_rejected,-1,accept_all,0.25,28,0,1.0,True,1.0,True,1.0,1.0
all_rejected,-1,accept_all,0.25,29,0,1.0,True,1.0,True,1.0,1.0
all_rejected,-1,accept_all,0.25,30,0,1.0,True,1.0,True,1.0,1.0
all_rejected,-1,accept_all,0.25,31,0,1.0,True,1.0,True,1.0,1.0
all_rejected,-1,accept_all,0.25,32,0,1.0,True,1.0,True,1.0,1.0
all_rejected,-1,accept_all,0.25,33,0,1.0,True,1.0,True,1.0,1.0
all_rejected,-1,accept_all,0.25,34,0,1.0,True,1.0,True,1.0,1.0
all_rejected,-1,accept_all,0.25,35,0,1.0,True,1.0,True,1.0,1.0
all_rejected,-1,accept_all,0.25,36,0,1.0,True,1.0,True,1.0,1.0
all_rejected,-1,accept_all,0.25,37,0,1.0,True,1.0,True,1.0,1.0
all_rejected,-1,accept_all,0.25,38,0,1.0,True,1.0,True,1.0,1.0
all_rejected,-1,accept_all,0.25,39,0,1.0,True,1.0,True,1.0,1.0
all_rejected,-1,accept_all,0.25,40,0,1.0,True,1.0,True,1.0,1.0
all_rejected,-1,accept_all,0.25,41,0,1.0,True,1.0,True,1.0,1.0
all_rejected,-1,accept_all,0.25,42,0,1.0,True,1.0,True,1.0,1.0
all_rejected,-1,accept_all,0.25,43,0,1.0,True,1.0,True,1.0,1.0
all_rejected,-1,accept_all,0.25,44,0,1.0,True,1.0,True,1.0,1.0
all_rejected,-1,accept_all,0.25,45,0,1.0,True,1.0,True,1.0,1.0
all_rejected,-1,accept_all,0.25,46,0,1.0,True,1.0,True,1.0,1.0
all_rejected,-1,accept_all,0.25,47,0,1.0,True,1.0,True,1.0,1.0
all_rejected,-1,accept_all,0.25,48,0,1.0,True,1.0,True,1.0,1.0
all_rejected,-1,accept_all,0.25,49,0,1.0,True,1.0,True,1.0,1.0
all_rejected,-1,accept_all,0.25,50,0,1.0,True,1.0,True,1.0,1.0
all_rejected,-1,accept_all,0.25,51,0,1.0,True,1.0,True,1.0,1.0
all_rejected,-1,accept_all,0.25,52,0,1.0,True,1.0,True,1.0,1.0
all_rejected,-1,accept_all,0.25,53,0,1.0,True,1.0,True,1.0,1.0
all_rejected,-1,accept_all,0.25,54,0,1.0,True,1.0,True,1.0,1.0
all_rejected,-1,accept_all,0.25,55,0,1.0,True,1.0,True,1.0,1.0
all_rejected,-1,accept_all,0.25,56,0,1.0,True,1.0,True,1.0,1.0
all_rejected,-1,accept_all,0.25,57,0,1.0,True,1.0,True,1.0,1.0
all_rejected,-1,accept_all,0.25,58,0,1.0,True,1.0,True,1.0,1.0
all_rejected,-1,accept_all,0.25,59,0,1.0,True,1.0,True,1.0,1.0
all_rejected,-1,accept_all,0.25,60,0,1.0,True,1.0,True,1.0,1.0
all_rejected,-1,accept_all,0.25,61,0,1.0,True,1.0,True,1.0,1.0
all_rejected,-1,accept_all,0.25,62,0,1.0,True,1.0,True,1.0,1.0
all_rejected,-1,accept_all,0.25,63,0,1.0,True,1.0,True,1.0,1.0
all_rejected,-1,accept_all,0.25,64,0,1.0,True,1.0,True,1.0,1.0
all_rejected,-1,accept_all,0.25,65,0,1.0,True,1.0,True,1.0,1.0
all_rejected,-1,accept_all,0.25,66,0,1.0,True,1.0,True,1.0,1.0
all_rejected,-1,accept_all,0.25,67,0,1.0,True,1.0,True,1.0,1.0
all_rejected,-1,accept_all,0.25,68,0,1.0,True,1.0,True,1.0,1.0
all_rejected,-1,accept_all,0.25,69,0,1.0,True,1.0,True,1.0,1.0
all_rejected,-1,accept_all,0.25,70,0,1.0,True,1.0,True,1.0,1.0
all_rejected,-1,accept_all,0.25,71,0,1.0,True,1.0,True,1.0,1.0
all_rejected,-1,accept_all,0.25,72,0,1.0,True,1.0,True,1.0,1.0
all_rejected,-1,accept_all,0.25,73,0,1.0,True,1.0,True,1.0,1.0
all_rejected,-1,accept_all,0.25,74,0,1.0,True,1.0,True,1.0,1.0
all_rejected,-1,accept_all,0.25,75,0,1.0,True,1.0,True,1.0,1.0
all_rejected,-1,accept_all,0.25,76,0,1.0,True,1.0,True,1.0,1.0
all_rejected,-1,accept_all,0.25,77,0,1.0,True,1.0,True,1.0,1.0
all_rejected,-1,accept_all,0.25,78,0,1.0,True,1.0,True,1.0,1.0
all_rejected,-1,accept_all,0.25,79,0,1.0,True,1.0,True,1.0,1.0
all_rejected,-1,accept_all,0.25,80,0,1.0,True,1.0,True,1.0,1.0
all_rejected,-1,reference_only,0.25,1,0,1.0,True,0.0,True,0.0,1.0
all_rejected,-1,reference_only,0.25,2,0,1.0,True,1.0,True,1.0,1.0
all_rejected,-1,reference_only,0.25,3,0,1.0,True,1.0,True,1.0,1.0
all_rejected,-1,reference_only,0.25,4,0,1.0,True,1.0,True,1.0,1.0
all_rejected,-1,reference_only,0.25,5,0,1.0,True,1.0,True,1.0,1.0
all_rejected,-1,reference_only,0.25,6,0,1.0,True,1.0,True,1.0,1.0
all_rejected,-1,reference_only,0.25,7,0,1.0,True,1.0,True,1.0,1.0
all_rejected,-1,reference_only,0.25,8,0,1.0,True,1.0,True,1.0,1.0
all_rejected,-1,reference_only,0.25,9,0,1.0,True,1.0,True,1.0,1.0
all_rejected,-1,reference_only,0.25,10,0,1.0,True,1.0,True,1.0,1.0
all_rejected,-1,reference_only,0.25,11,0,1.0,True,1.0,True,1.0,1.0
all_rejected,-1,reference_only,0.25,12,0,1.0,True,1.0,True,1.0,1.0
all_rejected,-1,reference_only,0.25,13,0,1.0,True,1.0,True,1.0,1.0
all_rejected,-1,reference_only,0.25,14,0,1.0,True,1.0,True,1.0,1.0
all_rejected,-1,reference_only,0.25,15,0,1.0,True,1.0,True,1.0,1.0
all_rejected,-1,reference_only,0.25,16,0,1.0,True,1.0,True,1.0,1.0
all_rejected,-1,reference_only,0.25,17,0,1.0,True,1.0,True,1.0,1.0
all_rejected,-1,reference_only,0.25,18,0,1.0,True,1.0,True,1.0,1.0
all_rejected,-1,reference_only,0.25,19,0,1.0,True,1.0,True,1.0,1.0
all_rejected,-1,reference_only,0.25,20,0,1.0,True,1.0,True,1.0,1.0
all_rejected,-1,reference_only,0.25,21,0,1.0,True,1.0,True,1.0,1.0
all_rejected,-1,reference_only,0.25,22,0,1.0,True,1.0,True,1.0,1.0
all_rejected,-1,reference_only,0.25,23,0,1.0,True,1.0,True,1.0,1.0
all_rejected,-1,reference_only,0.25,24,0,1.0,True,1.0,True,1.0,1.0
all_rejected,-1,reference_only,0.25,25,0,1.0,True,1.0,True,1.0,1.0
all_rejected,-1,reference_only,0.25,26,0,1.0,True,1.0,True,1.0,1.0
all_rejected,-1,reference_only,0.25,27,0,1.0,True,1.0,True,1.0,1.0
all_rejected,-1,reference_only,0.25,28,0,1.0,True,1.0,True,1.0,1.0
all_rejected,-1,reference_only,0.25,29,0,1.0,True,1.0,True,1.0,1.0
all_rejected,-1,reference_only,0.25,30,0,1.0,True,1.0,True,1.0,1.0
all_rejected,-1,reference_only,0.25,31,0,1.0,True,1.0,True,1.0,1.0
all_rejected,-1,reference_only,0.25,32,0,1.0,True,1.0,True,1.0,1.0
all_rejected,-1,reference_only,0.25,33,0,1.0,True,1.0,True,1.0,1.0
all_rejected,-1,reference_only,0.25,34,0,1.0,True,1.0,True,1.0,1.0
all_rejected,-1,reference_only,0.25,35,0,1.0,True,1.0,True,1.0,1.0
all_rejected,-1,reference_only,0.25,36,0,1.0,True,1.0,True,1.0,1.0
all_rejected,-1,reference_only,0.25,37,0,1.0,True,1.0,True,1.0,1.0
all_rejected,-1,reference_only,0.25,38,0,1.0,True,1.0,True,1.0,1.0
all_rejected,-1,reference_only,0.25,39,0,1.0,True,1.0,True,1.0,1.0
all_rejected,-1,reference_only,0.25,40,0,1.0,True,1.0,True,1.0,1.0
all_rejected,-1,reference_only,0.25,41,0,1.0,True,1.0,True,1.0,1.0
all_rejected,-1,reference_only,0.25,42,0,1.0,True,1.0,True,1.0,1.0
all_rejected,-1,reference_only,0.25,43,0,1.0,True,1.0,True,1.0,1.0
all_rejected,-1,reference_only,0.25,44,0,1.0,True,1.0,True,1.0,1.0
all_rejected,-1,reference_only,0.25,45,0,1.0,True,1.0,True,1.0,1.0
all_rejected,-1,reference_only,0.25,46,0,1.0,True,1.0,True,1.0,1.0
all_rejected,-1,reference_only,0.25,47,0,1.0,True,1.0,True,1.0,1.0
all_rejected,-1,reference_only,0.25,48,0,1.0,True,1.0,True,1.0,1.0
all_rejected,-1,reference_only,0.25,49,0,1.0,True,1.0,True,1.0,1.0
all_rejected,-1,reference_only,0.25,50,0,1.0,True,1.0,True,1.0,1.0
all_rejected,-1,reference_only,0.25,51,0,1.0,True,1.0,True,1.0,1.0
all_rejected,-1,reference_only,0.25,52,0,1.0,True,1.0,True,1.0,1.0
all_rejected,-1,reference_only,0.25,53,0,1.0,True,1.0,True,1.0,1.0
all_rejected,-1,reference_only,0.25,54,0,1.0,True,1.0,True,1.0,1.0
all_rejected,-1,reference_only,0.25,55,0,1.0,True,1.0,True,1.0,1.0
all_rejected,-1,reference_only,0.25,56,0,1.0,True,1.0,True,1.0,1.0
all_rejected,-1,reference_only,0.25,57,0,1.0,True,1.0,True,1.0,1.0
all_rejected,-1,reference_only,0.25,58,0,1.0,True,1.0,True,1.0,1.0
all_rejected,-1,reference_only,0.25,59,0,1.0,True,1.0,True,1.0,1.0
all_rejected,-1,reference_only,0.25,60,0,1.0,True,1.0,True,1.0,1.0
all_rejected,-1,reference_only,0.25,61,0,1.0,True,1.0,True,1.0,1.0
all_rejected,-1,reference_only,0.25,62,0,1.0,True,1.0,True,1.0,1.0
all_rejected,-1,reference_only,0.25,63,0,1.0,True,1.0,True,1.0,1.0
all_rejected,-1,reference_only,0.25,64,0,1.0,True,1.0,True,1.0,1.0
all_rejected,-1,reference_only,0.25,65,0,1.0,True,1.0,True,1.0,1.0
all_rejected,-1,reference_only,0.25,66,0,1.0,True,1.0,True,1.0,1.0
all_rejected,-1,reference_only,0.25,67,0,1.0,True,1.0,True,1.0,1.0
all_rejected,-1,reference_only,0.25,68,0,1.0,True,1.0,True,1.0,1.0
all_rejected,-1,reference_only,0.25,69,0,1.0,True,1.0,True,1.0,1.0
all_rejected,-1,reference_only,0.25,70,0,1.0,True,1.0,True,1.0,1.0
all_rejected,-1,reference_only,0.25,71,0,1.0,True,1.0,True,1.0,1.0
all_rejected,-1,reference_only,0.25,72,0,1.0,True,1.0,True,1.0,1.0
all_rejected,-1,reference_only,0.25,73,0,1.0,True,1.0,True,1.0,1.0
all_rejected,-1,reference_only,0.25,74,0,1.0,True,1.0,True,1.0,1.0
all_rejected,-1,reference_only,0.25,75,0,1.0,True,1.0,True,1.0,1.0
all_rejected,-1,reference_only,0.25,76,0,1.0,True,1.0,True,1.0,1.0
all_rejected,-1,reference_only,0.25,77,0,1.0,True,1.0,True,1.0,1.0
all_rejected,-1,reference_only,0.25,78,0,1.0,True,1.0,True,1.0,1.0
all_rejected,-1,reference_only,0.25,79,0,1.0,True,1.0,True,1.0,1.0
all_rejected,-1,reference_only,0.25,80,0,1.0,True,1.0,True,1.0,1.0
all_rejected,-1,gated,1.0,1,0,1.0,True,0.0,True,0.0,1.0
all_rejected,-1,gated,1.0,2,0,1.0,True,1.0,True,1.0,1.0
all_rejected,-1,gated,1.0,3,0,1.0,True,1.0,True,1.0,1.0
all_rejected,-1,gated,1.0,4,0,1.0,True,1.0,True,1.0,1.0
all_rejected,-1,gated,1.0,5,0,1.0,True,1.0,True,1.0,1.0
all_rejected,-1,gated,1.0,6,0,1.0,True,1.0,True,1.0,1.0
all_rejected,-1,gated,1.0,7,0,1.0,True,1.0,True,1.0,1.0
all_rejected,-1,gated,1.0,8,0,1.0,True,1.0,True,1.0,1.0
all_rejected,-1,gated,1.0,9,0,1.0,True,1.0,True,1.0,1.0
all_rejected,-1,gated,1.0,10,0,1.0,True,1.0,True,1.0,1.0
all_rejected,-1,gated,1.0,11,0,1.0,True,1.0,True,1.0,1.0
all_rejected,-1,gated,1.0,12,0,1.0,True,1.0,True,1.0,1.0
all_rejected,-1,gated,1.0,13,0,1.0,True,1.0,True,1.0,1.0
all_rejected,-1,gated,1.0,14,0,1.0,True,1.0,True,1.0,1.0
all_rejected,-1,gated,1.0,15,0,1.0,True,1.0,True,1.0,1.0
all_rejected,-1,gated,1.0,16,0,1.0,True,1.0,True,1.0,1.0
all_rejected,-1,gated,1.0,17,0,1.0,True,1.0,True,1.0,1.0
all_rejected,-1,gated,1.0,18,0,1.0,True,1.0,True,1.0,1.0
all_rejected,-1,gated,1.0,19,0,1.0,True,1.0,True,1.0,1.0
all_rejected,-1,gated,1.0,20,0,1.0,True,1.0,True,1.0,1.0
all_rejected,-1,gated,1.0,21,0,1.0,True,1.0,True,1.0,1.0
all_rejected,-1,gated,1.0,22,0,1.0,True,1.0,True,1.0,1.0
all_rejected,-1,gated,1.0,23,0,1.0,True,1.0,True,1.0,1.0
all_rejected,-1,gated,1.0,24,0,1.0,True,1.0,True,1.0,1.0
all_rejected,-1,gated,1.0,25,0,1.0,True,1.0,True,1.0,1.0
all_rejected,-1,gated,1.0,26,0,1.0,True,1.0,True,1.0,1.0
all_rejected,-1,gated,1.0,27,0,1.0,True,1.0,True,1.0,1.0
all_rejected,-1,gated,1.0,28,0,1.0,True,1.0,True,1.0,1.0
all_rejected,-1,gated,1.0,29,0,1.0,True,1.0,True,1.0,1.0
all_rejected,-1,gated,1.0,30,0,1.0,True,1.0,True,1.0,1.0
all_rejected,-1,gated,1.0,31,0,1.0,True,1.0,True,1.0,1.0
all_rejected,-1,gated,1.0,32,0,1.0,True,1.0,True,1.0,1.0
all_rejected,-1,gated,1.0,33,0,1.0,True,1.0,True,1.0,1.0
all_rejected,-1,gated,1.0,34,0,1.0,True,1.0,True,1.0,1.0
all_rejected,-1,gated,1.0,35,0,1.0,True,1.0,True,1.0,1.0
all_rejected,-1,gated,1.0,36,0,1.0,True,1.0,True,1.0,1.0
all_rejected,-1,gated,1.0,37,0,1.0,True,1.0,True,1.0,1.0
all_rejected,-1,gated,1.0,38,0,1.0,True,1.0,True,1.0,1.0
all_rejected,-1,gated,1.0,39,0,1.0,True,1.0,True,1.0,1.0
all_rejected,-1,gated,1.0,40,0,1.0,True,1.0,True,1.0,1.0
all_rejected,-1,gated,1.0,41,0,1.0,True,1.0,True,1.0,1.0
all_rejected,-1,gated,1.0,42,0,1.0,True,1.0,True,1.0,1.0
all_rejected,-1,gated,1.0,43,0,1.0,True,1.0,True,1.0,1.0
all_rejected,-1,gated,1.0,44,0,1.0,True,1.0,True,1.0,1.0
all_rejected,-1,gated,1.0,45,0,1.0,True,1.0,True,1.0,1.0
all_rejected,-1,gated,1.0,46,0,1.0,True,1.0,True,1.0,1.0
all_rejected,-1,gated,1.0,47,0,1.0,True,1.0,True,1.0,1.0
all_rejected,-1,gated,1.0,48,0,1.0,True,1.0,True,1.0,1.0
all_rejected,-1,gated,1.0,49,0,1.0,True,1.0,True,1.0,1.0
all_rejected,-1,gated,1.0,50,0,1.0,True,1.0,True,1.0,1.0
all_rejected,-1,gated,1.0,51,0,1.0,True,1.0,True,1.0,1.0
all_rejected,-1,gated,1.0,52,0,1.0,True,1.0,True,1.0,1.0
all_rejected,-1,gated,1.0,53,0,1.0,True,1.0,True,1.0,1.0
all_rejected,-1,gated,1.0,54,0,1.0,True,1.0,True,1.0,1.0
all_rejected,-1,gated,1.0,55,0,1.0,True,1.0,True,1.0,1.0
all_rejected,-1,gated,1.0,56,0,1.0,True,1.0,True,1.0,1.0
all_rejected,-1,gated,1.0,57,0,1.0,True,1.0,True,1.0,1.0
all_rejected,-1,gated,1.0,58,0,1.0,True,1.0,True,1.0,1.0
all_rejected,-1,gated,1.0,59,0,1.0,True,1.0,True,1.0,1.0
all_rejected,-1,gated,1.0,60,0,1.0,True,1.0,True,1.0,1.0
all_rejected,-1,gated,1.0,61,0,1.0,True,1.0,True,1.0,1.0
all_rejected,-1,gated,1.0,62,0,1.0,True,1.0,True,1.0,1.0
all_rejected,-1,gated,1.0,63,0,1.0,True,1.0,True,1.0,1.0
all_rejected,-1,gated,1.0,64,0,1.0,True,1.0,True,1.0,1.0
all_rejected,-1,gated,1.0,65,0,1.0,True,1.0,True,1.0,1.0
all_rejected,-1,gated,1.0,66,0,1.0,True,1.0,True,1.0,1.0
all_rejected,-1,gated,1.0,67,0,1.0,True,1.0,True,1.0,1.0
all_rejected,-1,gated,1.0,68,0,1.0,True,1.0,True,1.0,1.0
all_rejected,-1,gated,1.0,69,0,1.0,True,1.0,True,1.0,1.0
all_rejected,-1,gated,1.0,70,0,1.0,True,1.0,True,1.0,1.0
all_rejected,-1,gated,1.0,71,0,1.0,True,1.0,True,1.0,1.0
all_rejected,-1,gated,1.0,72,0,1.0,True,1.0,True,1.0,1.0
all_rejected,-1,gated,1.0,73,0,1.0,True,1.0,True,1.0,1.0
all_rejected,-1,gated,1.0,74,0,1.0,True,1.0,True,1.0,1.0
all_rejected,-1,gated,1.0,75,0,1.0,True,1.0,True,1.0,1.0
all_rejected,-1,gated,1.0,76,0,1.0,True,1.0,True,1.0,1.0
all_rejected,-1,gated,1.0,77,0,1.0,True,1.0,True,1.0,1.0
all_rejected,-1,gated,1.0,78,0,1.0,True,1.0,True,1.0,1.0
all_rejected,-1,gated,1.0,79,0,1.0,True,1.0,True,1.0,1.0
all_rejected,-1,gated,1.0,80,0,1.0,True,1.0,True,1.0,1.0
all_rejected,-1,accept_all,1.0,1,0,1.0,True,0.0,True,0.0,1.0
all_rejected,-1,accept_all,1.0,2,0,1.0,True,1.0,True,1.0,1.0
all_rejected,-1,accept_all,1.0,3,0,1.0,True,1.0,True,1.0,1.0
all_rejected,-1,accept_all,1.0,4,0,1.0,True,1.0,True,1.0,1.0
all_rejected,-1,accept_all,1.0,5,0,1.0,True,1.0,True,1.0,1.0
all_rejected,-1,accept_all,1.0,6,0,1.0,True,1.0,True,1.0,1.0
all_rejected,-1,accept_all,1.0,7,0,1.0,True,1.0,True,1.0,1.0
all_rejected,-1,accept_all,1.0,8,0,1.0,True,1.0,True,1.0,1.0
all_rejected,-1,accept_all,1.0,9,0,1.0,True,1.0,True,1.0,1.0
all_rejected,-1,accept_all,1.0,10,0,1.0,True,1.0,True,1.0,1.0
all_rejected,-1,accept_all,1.0,11,0,1.0,True,1.0,True,1.0,1.0
all_rejected,-1,accept_all,1.0,12,0,1.0,True,1.0,True,1.0,1.0
all_rejected,-1,accept_all,1.0,13,0,1.0,True,1.0,True,1.0,1.0
all_rejected,-1,accept_all,1.0,14,0,1.0,True,1.0,True,1.0,1.0
all_rejected,-1,accept_all,1.0,15,0,1.0,True,1.0,True,1.0,1.0
all_rejected,-1,accept_all,1.0,16,0,1.0,True,1.0,True,1.0,1.0
all_rejected,-1,accept_all,1.0,17,0,1.0,True,1.0,True,1.0,1.0
all_rejected,-1,accept_all,1.0,18,0,1.0,True,1.0,True,1.0,1.0
all_rejected,-1,accept_all,1.0,19,0,1.0,True,1.0,True,1.0,1.0
all_rejected,-1,accept_all,1.0,20,0,1.0,True,1.0,True,1.0,1.0
all_rejected,-1,accept_all,1.0,21,0,1.0,True,1.0,True,1.0,1.0
all_rejected,-1,accept_all,1.0,22,0,1.0,True,1.0,True,1.0,1.0
all_rejected,-1,accept_all,1.0,23,0,1.0,True,1.0,True,1.0,1.0
all_rejected,-1,accept_all,1.0,24,0,1.0,True,1.0,True,1.0,1.0
all_rejected,-1,accept_all,1.0,25,0,1.0,True,1.0,True,1.0,1.0
all_rejected,-1,accept_all,1.0,26,0,1.0,True,1.0,True,1.0,1.0
all_rejected,-1,accept_all,1.0,27,0,1.0,True,1.0,True,1.0,1.0
all_rejected,-1,accept_all,1.0,28,0,1.0,True,1.0,True,1.0,1.0
all_rejected,-1,accept_all,1.0,29,0,1.0,True,1.0,True,1.0,1.0
all_rejected,-1,accept_all,1.0,30,0,1.0,True,1.0,True,1.0,1.0
all_rejected,-1,accept_all,1.0,31,0,1.0,True,1.0,True,1.0,1.0
all_rejected,-1,accept_all,1.0,32,0,1.0,True,1.0,True,1.0,1.0
all_rejected,-1,accept_all,1.0,33,0,1.0,True,1.0,True,1.0,1.0
all_rejected,-1,accept_all,1.0,34,0,1.0,True,1.0,True,1.0,1.0
all_rejected,-1,accept_all,1.0,35,0,1.0,True,1.0,True,1.0,1.0
all_rejected,-1,accept_all,1.0,36,0,1.0,True,1.0,True,1.0,1.0
all_rejected,-1,accept_all,1.0,37,0,1.0,True,1.0,True,1.0,1.0
all_rejected,-1,accept_all,1.0,38,0,1.0,True,1.0,True,1.0,1.0
all_rejected,-1,accept_all,1.0,39,0,1.0,True,1.0,True,1.0,1.0
all_rejected,-1,accept_all,1.0,40,0,1.0,True,1.0,True,1.0,1.0
all_rejected,-1,accept_all,1.0,41,0,1.0,True,1.0,True,1.0,1.0
all_rejected,-1,accept_all,1.0,42,0,1.0,True,1.0,True,1.0,1.0
all_rejected,-1,accept_all,1.0,43,0,1.0,True,1.0,True,1.0,1.0
all_rejected,-1,accept_all,1.0,44,0,1.0,True,1.0,True,1.0,1.0
all_rejected,-1,accept_all,1.0,45,0,1.0,True,1.0,True,1.0,1.0
all_rejected,-1,accept_all,1.0,46,0,1.0,True,1.0,True,1.0,1.0
all_rejected,-1,accept_all,1.0,47,0,1.0,True,1.0,True,1.0,1.0
all_rejected,-1,accept_all,1.0,48,0,1.0,True,1.0,True,1.0,1.0
all_rejected,-1,accept_all,1.0,49,0,1.0,True,1.0,True,1.0,1.0
all_rejected,-1,accept_all,1.0,50,0,1.0,True,1.0,True,1.0,1.0
all_rejected,-1,accept_all,1.0,51,0,1.0,True,1.0,True,1.0,1.0
all_rejected,-1,accept_all,1.0,52,0,1.0,True,1.0,True,1.0,1.0
all_rejected,-1,accept_all,1.0,53,0,1.0,True,1.0,True,1.0,1.0
all_rejected,-1,accept_all,1.0,54,0,1.0,True,1.0,True,1.0,1.0
all_rejected,-1,accept_all,1.0,55,0,1.0,True,1.0,True,1.0,1.0
all_rejected,-1,accept_all,1.0,56,0,1.0,True,1.0,True,1.0,1.0
all_rejected,-1,accept_all,1.0,57,0,1.0,True,1.0,True,1.0,1.0
all_rejected,-1,accept_all,1.0,58,0,1.0,True,1.0,True,1.0,1.0
all_rejected,-1,accept_all,1.0,59,0,1.0,True,1.0,True,1.0,1.0
all_rejected,-1,accept_all,1.0,60,0,1.0,True,1.0,True,1.0,1.0
all_rejected,-1,accept_all,1.0,61,0,1.0,True,1.0,True,1.0,1.0
all_rejected,-1,accept_all,1.0,62,0,1.0,True,1.0,True,1.0,1.0
all_rejected,-1,accept_all,1.0,63,0,1.0,True,1.0,True,1.0,1.0
all_rejected,-1,accept_all,1.0,64,0,1.0,True,1.0,True,1.0,1.0
all_rejected,-1,accept_all,1.0,65,0,1.0,True,1.0,True,1.0,1.0
all_rejected,-1,accept_all,1.0,66,0,1.0,True,1.0,True,1.0,1.0
all_rejected,-1,accept_all,1.0,67,0,1.0,True,1.0,True,1.0,1.0
all_rejected,-1,accept_all,1.0,68,0,1.0,True,1.0,True,1.0,1.0
all_rejected,-1,accept_all,1.0,69,0,1.0,True,1.0,True,1.0,1.0
all_rejected,-1,accept_all,1.0,70,0,1.0,True,1.0,True,1.0,1.0
all_rejected,-1,accept_all,1.0,71,0,1.0,True,1.0,True,1.0,1.0
all_rejected,-1,accept_all,1.0,72,0,1.0,True,1.0,True,1.0,1.0
all_rejected,-1,accept_all,1.0,73,0,1.0,True,1.0,True,1.0,1.0
all_rejected,-1,accept_all,1.0,74,0,1.0,True,1.0,True,1.0,1.0
all_rejected,-1,accept_all,1.0,75,0,1.0,True,1.0,True,1.0,1.0
all_rejected,-1,accept_all,1.0,76,0,1.0,True,1.0,True,1.0,1.0
all_rejected,-1,accept_all,1.0,77,0,1.0,True,1.0,True,1.0,1.0
all_rejected,-1,accept_all,1.0,78,0,1.0,True,1.0,True,1.0,1.0
all_rejected,-1,accept_all,1.0,79,0,1.0,True,1.0,True,1.0,1.0
all_rejected,-1,accept_all,1.0,80,0,1.0,True,1.0,True,1.0,1.0
all_rejected,-1,reference_only,1.0,1,0,1.0,True,0.0,True,0.0,1.0
all_rejected,-1,reference_only,1.0,2,0,1.0,True,1.0,True,1.0,1.0
all_rejected,-1,reference_only,1.0,3,0,1.0,True,1.0,True,1.0,1.0
all_rejected,-1,reference_only,1.0,4,0,1.0,True,1.0,True,1.0,1.0
all_rejected,-1,reference_only,1.0,5,0,1.0,True,1.0,True,1.0,1.0
all_rejected,-1,reference_only,1.0,6,0,1.0,True,1.0,True,1.0,1.0
all_rejected,-1,reference_only,1.0,7,0,1.0,True,1.0,True,1.0,1.0
all_rejected,-1,reference_only,1.0,8,0,1.0,True,1.0,True,1.0,1.0
all_rejected,-1,reference_only,1.0,9,0,1.0,True,1.0,True,1.0,1.0
all_rejected,-1,reference_only,1.0,10,0,1.0,True,1.0,True,1.0,1.0
all_rejected,-1,reference_only,1.0,11,0,1.0,True,1.0,True,1.0,1.0
all_rejected,-1,reference_only,1.0,12,0,1.0,True,1.0,True,1.0,1.0
all_rejected,-1,reference_only,1.0,13,0,1.0,True,1.0,True,1.0,1.0
all_rejected,-1,reference_only,1.0,14,0,1.0,True,1.0,True,1.0,1.0
all_rejected,-1,reference_only,1.0,15,0,1.0,True,1.0,True,1.0,1.0
all_rejected,-1,reference_only,1.0,16,0,1.0,True,1.0,True,1.0,1.0
all_rejected,-1,reference_only,1.0,17,0,1.0,True,1.0,True,1.0,1.0
all_rejected,-1,reference_only,1.0,18,0,1.0,True,1.0,True,1.0,1.0
all_rejected,-1,reference_only,1.0,19,0,1.0,True,1.0,True,1.0,1.0
all_rejected,-1,reference_only,1.0,20,0,1.0,True,1.0,True,1.0,1.0
all_rejected,-1,reference_only,1.0,21,0,1.0,True,1.0,True,1.0,1.0
all_rejected,-1,reference_only,1.0,22,0,1.0,True,1.0,True,1.0,1.0
all_rejected,-1,reference_only,1.0,23,0,1.0,True,1.0,True,1.0,1.0
all_rejected,-1,reference_only,1.0,24,0,1.0,True,1.0,True,1.0,1.0
all_rejected,-1,reference_only,1.0,25,0,1.0,True,1.0,True,1.0,1.0
all_rejected,-1,reference_only,1.0,26,0,1.0,True,1.0,True,1.0,1.0
all_rejected,-1,reference_only,1.0,27,0,1.0,True,1.0,True,1.0,1.0
all_rejected,-1,reference_only,1.0,28,0,1.0,True,1.0,True,1.0,1.0
all_rejected,-1,reference_only,1.0,29,0,1.0,True,1.0,True,1.0,1.0
all_rejected,-1,reference_only,1.0,30,0,1.0,True,1.0,True,1.0,1.0
all_rejected,-1,reference_only,1.0,31,0,1.0,True,1.0,True,1.0,1.0
all_rejected,-1,reference_only,1.0,32,0,1.0,True,1.0,True,1.0,1.0
all_rejected,-1,reference_only,1.0,33,0,1.0,True,1.0,True,1.0,1.0
all_rejected,-1,reference_only,1.0,34,0,1.0,True,1.0,True,1.0,1.0
all_rejected,-1,reference_only,1.0,35,0,1.0,True,1.0,True,1.0,1.0
all_rejected,-1,reference_only,1.0,36,0,1.0,True,1.0,True,1.0,1.0
all_rejected,-1,reference_only,1.0,37,0,1.0,True,1.0,True,1.0,1.0
all_rejected,-1,reference_only,1.0,38,0,1.0,True,1.0,True,1.0,1.0
all_rejected,-1,reference_only,1.0,39,0,1.0,True,1.0,True,1.0,1.0
all_rejected,-1,reference_only,1.0,40,0,1.0,True,1.0,True,1.0,1.0
all_rejected,-1,reference_only,1.0,41,0,1.0,True,1.0,True,1.0,1.0
all_rejected,-1,reference_only,1.0,42,0,1.0,True,1.0,True,1.0,1.0
all_rejected,-1,reference_only,1.0,43,0,1.0,True,1.0,True,1.0,1.0
all_rejected,-1,reference_only,1.0,44,0,1.0,True,1.0,True,1.0,1.0
all_rejected,-1,reference_only,1.0,45,0,1.0,True,1.0,True,1.0,1.0
all_rejected,-1,reference_only,1.0,46,0,1.0,True,1.0,True,1.0,1.0
all_rejected,-1,reference_only,1.0,47,0,1.0,True,1.0,True,1.0,1.0
all_rejected,-1,reference_only,1.0,48,0,1.0,True,1.0,True,1.0,1.0
all_rejected,-1,reference_only,1.0,49,0,1.0,True,1.0,True,1.0,1.0
all_rejected,-1,reference_only,1.0,50,0,1.0,True,1.0,True,1.0,1.0
all_rejected,-1,reference_only,1.0,51,0,1.0,True,1.0,True,1.0,1.0
all_rejected,-1,reference_only,1.0,52,0,1.0,True,1.0,True,1.0,1.0
all_rejected,-1,reference_only,1.0,53,0,1.0,True,1.0,True,1.0,1.0
all_rejected,-1,reference_only,1.0,54,0,1.0,True,1.0,True,1.0,1.0
all_rejected,-1,reference_only,1.0,55,0,1.0,True,1.0,True,1.0,1.0
all_rejected,-1,reference_only,1.0,56,0,1.0,True,1.0,True,1.0,1.0
all_rejected,-1,reference_only,1.0,57,0,1.0,True,1.0,True,1.0,1.0
all_rejected,-1,reference_only,1.0,58,0,1.0,True,1.0,True,1.0,1.0
all_rejected,-1,reference_only,1.0,59,0,1.0,True,1.0,True,1.0,1.0
all_rejected,-1,reference_only,1.0,60,0,1.0,True,1.0,True,1.0,1.0
all_rejected,-1,reference_only,1.0,61,0,1.0,True,1.0,True,1.0,1.0
all_rejected,-1,reference_only,1.0,62,0,1.0,True,1.0,True,1.0,1.0
all_rejected,-1,reference_only,1.0,63,0,1.0,True,1.0,True,1.0,1.0
all_rejected,-1,reference_only,1.0,64,0,1.0,True,1.0,True,1.0,1.0
all_rejected,-1,reference_only,1.0,65,0,1.0,True,1.0,True,1.0,1.0
all_rejected,-1,reference_only,1.0,66,0,1.0,True,1.0,True,1.0,1.0
all_rejected,-1,reference_only,1.0,67,0,1.0,True,1.0,True,1.0,1.0
all_rejected,-1,reference_only,1.0,68,0,1.0,True,1.0,True,1.0,1.0
all_rejected,-1,reference_only,1.0,69,0,1.0,True,1.0,True,1.0,1.0
all_rejected,-1,reference_only,1.0,70,0,1.0,True,1.0,True,1.0,1.0
all_rejected,-1,reference_only,1.0,71,0,1.0,True,1.0,True,1.0,1.0
all_rejected,-1,reference_only,1.0,72,0,1.0,True,1.0,True,1.0,1.0
all_rejected,-1,reference_only,1.0,73,0,1.0,True,1.0,True,1.0,1.0
all_rejected,-1,reference_only,1.0,74,0,1.0,True,1.0,True,1.0,1.0
all_rejected,-1,reference_only,1.0,75,0,1.0,True,1.0,True,1.0,1.0
all_rejected,-1,reference_only,1.0,76,0,1.0,True,1.0,True,1.0,1.0
all_rejected,-1,reference_only,1.0,77,0,1.0,True,1.0,True,1.0,1.0
all_rejected,-1,reference_only,1.0,78,0,1.0,True,1.0,True,1.0,1.0
all_rejected,-1,reference_only,1.0,79,0,1.0,True,1.0,True,1.0,1.0
all_rejected,-1,reference_only,1.0,80,0,1.0,True,1.0,True,1.0,1.0
