fixture,seed,policy,tol,step,initial_belief,reference,belief,state_delta,accepted_agreement,all_input_agreement,coverage,reference_error,reference_acceptance,rejected_total,reference_rejected_total
frozen,-1,gated,0.0,1,0.0,1.0,0.0,0.0,1.0,0.5,0.5,1.0,0.0,1,1
frozen,-1,gated,0.0,2,0.0,1.0,0.0,0.0,1.0,0.5,0.5,1.0,0.0,2,2
frozen,-1,gated,0.0,3,0.0,1.0,0.0,0.0,1.0,0.5,0.5,1.0,0.0,3,3
frozen,-1,gated,0.0,4,0.0,1.0,0.0,0.0,1.0,0.5,0.5,1.0,0.0,4,4
frozen,-1,gated,0.0,5,0.0,1.0,0.0,0.0,1.0,0.5,0.5,1.0,0.0,5,5
frozen,-1,gated,0.0,6,0.0,1.0,0.0,0.0,1.0,0.5,0.5,1.0,0.0,6,6
frozen,-1,gated,0.0,7,0.0,1.0,0.0,0.0,1.0,0.5,0.5,1.0,0.0,7,7
frozen,-1,gated,0.0,8,0.0,1.0,0.0,0.0,1.0,0.5,0.5,1.0,0.0,8,8
frozen,-1,gated,0.0,9,0.0,1.0,0.0,0.0,1.0,0.5,0.5,1.0,0.0,9,9
frozen,-1,gated,0.0,10,0.0,1.0,0.0,0.0,1.0,0.5,0.5,1.0,0.0,10,10
frozen,-1,gated,0.0,11,0.0,1.0,0.0,0.0,1.0,0.5,0.5,1.0,0.0,11,11
frozen,-1,gated,0.0,12,0.0,1.0,0.0,0.0,1.0,0.5,0.5,1.0,0.0,12,12
frozen,-1,gated,0.0,13,0.0,1.0,0.0,0.0,1.0,0.5,0.5,1.0,0.0,13,13
frozen,-1,gated,0.0,14,0.0,1.0,0.0,0.0,1.0,0.5,0.5,1.0,0.0,14,14
frozen,-1,gated,0.0,15,0.0,1.0,0.0,0.0,1.0,0.5,0.5,1.0,0.0,15,15
frozen,-1,gated,0.0,16,0.0,1.0,0.0,0.0,1.0,0.5,0.5,1.0,0.0,16,16
frozen,-1,gated,0.0,17,0.0,1.0,0.0,0.0,1.0,0.5,0.5,1.0,0.0,17,17
frozen,-1,gated,0.0,18,0.0,1.0,0.0,0.0,1.0,0.5,0.5,1.0,0.0,18,18
frozen,-1,gated,0.0,19,0.0,1.0,0.0,0.0,1.0,0.5,0.5,1.0,0.0,19,19
frozen,-1,gated,0.0,20,0.0,1.0,0.0,0.0,1.0,0.5,0.5,1.0,0.0,20,20
frozen,-1,gated,0.0,21,0.0,1.0,0.0,0.0,1.0,0.5,0.5,1.0,0.0,21,21
frozen,-1,gated,0.0,22,0.0,1.0,0.0,0.0,1.0,0.5,0.5,1.0,0.0,22,22
frozen,-1,gated,0.0,23,0.0,1.0,0.0,0.0,1.0,0.5,0.5,1.0,0.0,23,23
frozen,-1,gated,0.0,24,0.0,1.0,0.0,0.0,1.0,0.5,0.5,1.0,0.0,24,24
frozen,-1,gated,0.0,25,0.0,1.0,0.0,0.0,1.0,0.5,0.5,1.0,0.0,25,25
frozen,-1,gated,0.0,26,0.0,1.0,0.0,0.0,1.0,0.5,0.5,1.0,0.0,26,26
frozen,-1,gated,0.0,27,0.0,1.0,0.0,0.0,1.0,0.5,0.5,1.0,0.0,27,27
frozen,-1,gated,0.0,28,0.0,1.0,0.0,0.0,1.0,0.5,0.5,1.0,0.0,28,28
frozen,-1,gated,0.0,29,0.0,1.0,0.0,0.0,1.0,0.5,0.5,1.0,0.0,29,29
frozen,-1,gated,0.0,30,0.0,1.0,0.0,0.0,1.0,0.5,0.5,1.0,0.0,30,30
frozen,-1,gated,0.0,31,0.0,1.0,0.0,0.0,1.0,0.5,0.5,1.0,0.0,31,31
frozen,-1,gated,0.0,32,0.0,1.0,0.0,0.0,1.0,0.5,0.5,1.0,0.0,32,32
frozen,-1,gated,0.0,33,0.0,1.0,0.0,0.0,1.0,0.5,0.5,1.0,0.0,33,33
frozen,-1,gated,0.0,34,0.0,1.0,0.0,0.0,1.0,0.5,0.5,1.0,0.0,34,34
frozen,-1,gated,0.0,35,0.0,1.0,0.0,0.0,1.0,0.5,0.5,1.0,0.0,35,35
frozen,-1,gated,0.0,36,0.0,1.0,0.0,0.0,1.0,0.5,0.5,1.0,0.0,36,36
frozen,-1,gated,0.0,37,0.0,1.0,0.0,0.0,1.0,0.5,0.5,1.0,0.0,37,37
frozen,-1,gated,0.0,38,0.0,1.0,0.0,0.0,1.0,0.5,0.5,1.0,0.0,38,38
frozen,-1,gated,0.0,39,0.0,1.0,0.0,0.0,1.0,0.5,0.5,1.0,0.0,39,39
frozen,-1,gated,0.0,40,0.0,1.0,0.0,0.0,1.0,0.5,0.5,1.0,0.0,40,40
frozen,-1,gated,0.0,41,0.0,1.0,0.0,0.0,1.0,0.5,0.5,1.0,0.0,41,41
frozen,-1,gated,0.0,42,0.0,1.0,0.0,0.0,1.0,0.5,0.5,1.0,0.0,42,42
frozen,-1,gated,0.0,43,0.0,1.0,0.0,0.0,1.0,0.5,0.5,1.0,0.0,43,43
frozen,-1,gated,0.0,44,0.0,1.0,0.0,0.0,1.0,0.5,0.5,1.0,0.0,44,44
frozen,-1,gated,0.0,45,0.0,1.0,0.0,0.0,1.0,0.5,0.5,1.0,0.0,45,45
frozen,-1,gated,0.0,46,0.0,1.0,0.0,0.0,1.0,0.5,0.5,1.0,0.0,46,46
frozen,-1,gated,0.0,47,0.0,1.0,0.0,0.0,1.0,0.5,0.5,1.0,0.0,47,47
frozen,-1,gated,0.0,48,0.0,1.0,0.0,0.0,1.0,0.5,0.5,1.0,0.0,48,48
frozen,-1,gated,0.0,49,0.0,1.0,0.0,0.0,1.0,0.5,0.5,1.0,0.0,49,49
frozen,-1,gated,0.0,50,0.0,1.0,0.0,0.0,1.0,0.5,0.5,1.0,0.0,50,50
frozen,-1,gated,0.0,51,0.0,1.0,0.0,0.0,1.0,0.5,0.5,1.0,0.0,51,51
frozen,-1,gated,0.0,52,0.0,1.0,0.0,0.0,1.0,0.5,0.5,1.0,0.0,52,52
frozen,-1,gated,0.0,53,0.0,1.0,0.0,0.0,1.0,0.5,0.5,1.0,0.0,53,53
frozen,-1,gated,0.0,54,0.0,1.0,0.0,0.0,1.0,0.5,0.5,1.0,0.0,54,54
frozen,-1,gated,0.0,55,0.0,1.0,0.0,0.0,1.0,0.5,0.5,1.0,0.0,55,55
frozen,-1,gated,0.0,56,0.0,1.0,0.0,0.0,1.0,0.5,0.5,1.0,0.0,56,56
frozen,-1,gated,0.0,57,0.0,1.0,0.0,0.0,1.0,0.5,0.5,1.0,0.0,57,57
frozen,-1,gated,0.0,58,0.0,1.0,0.0,0.0,1.0,0.5,0.5,1.0,0.0,58,58
frozen,-1,gated,0.0,59,0.0,1.0,0.0,0.0,1.0,0.5,0.5,1.0,0.0,59,59
frozen,-1,gated,0.0,60,0.0,1.0,0.0,0.0,1.0,0.5,0.5,1.0,0.0,60,60
frozen,-1,gated,0.0,61,0.0,1.0,0.0,0.0,1.0,0.5,0.5,1.0,0.0,61,61
frozen,-1,gated,0.0,62,0.0,1.0,0.0,0.0,1.0,0.5,0.5,1.0,0.0,62,62
frozen,-1,gated,0.0,63,0.0,1.0,0.0,0.0,1.0,0.5,0.5,1.0,0.0,63,63
frozen,-1,gated,0.0,64,0.0,1.0,0.0,0.0,1.0,0.5,0.5,1.0,0.0,64,64
frozen,-1,gated,0.0,65,0.0,1.0,0.0,0.0,1.0,0.5,0.5,1.0,0.0,65,65
frozen,-1,gated,0.0,66,0.0,1.0,0.0,0.0,1.0,0.5,0.5,1.0,0.0,66,66
frozen,-1,gated,0.0,67,0.0,1.0,0.0,0.0,1.0,0.5,0.5,1.0,0.0,67,67
frozen,-1,gated,0.0,68,0.0,1.0,0.0,0.0,1.0,0.5,0.5,1.0,0.0,68,68
frozen,-1,gated,0.0,69,0.0,1.0,0.0,0.0,1.0,0.5,0.5,1.0,0.0,69,69
frozen,-1,gated,0.0,70,0.0,1.0,0.0,0.0,1.0,0.5,0.5,1.0,0.0,70,70
frozen,-1,gated,0.0,71,0.0,1.0,0.0,0.0,1.0,0.5,0.5,1.0,0.0,71,71
frozen,-1,gated,0.0,72,0.0,1.0,0.0,0.0,1.0,0.5,0.5,1.0,0.0,72,72
frozen,-1,gated,0.0,73,0.0,1.0,0.0,0.0,1.0,0.5,0.5,1.0,0.0,73,73
frozen,-1,gated,0.0,74,0.0,1.0,0.0,0.0,1.0,0.5,0.5,1.0,0.0,74,74
frozen,-1,gated,0.0,75,0.0,1.0,0.0,0.0,1.0,0.5,0.5,1.0,0.0,75,75
frozen,-1,gated,0.0,76,0.0,1.0,0.0,0.0,1.0,0.5,0.5,1.0,0.0,76,76
frozen,-1,gated,0.0,77,0.0,1.0,0.0,0.0,1.0,0.5,0.5,1.0,0.0,77,77
frozen,-1,gated,0.0,78,0.0,1.0,0.0,0.0,1.0,0.5,0.5,1.0,0.0,78,78
frozen,-1,gated,0.0,79,0.0,1.0,0.0,0.0,1.0,0.5,0.5,1.0,0.0,79,79
frozen,-1,gated,0.0,80,0.0,1.0,0.0,0.0,1.0,0.5,0.5,1.0,0.0,80,80
frozen,-1,accept_all,0.0,1,0.0,1.0,1.0,1.0,0.5,0.5,1.0,0.0,1.0,0,0
frozen,-1,accept_all,0.0,2,0.0,1.0,1.0,0.0,0.0,0.0,1.0,0.0,1.0,0,0
frozen,-1,accept_all,0.0,3,0.0,1.0,1.0,0.0,0.0,0.0,1.0,0.0,1.0,0,0
frozen,-1,accept_all,0.0,4,0.0,1.0,1.0,0.0,0.0,0.0,1.0,0.0,1.0,0,0
frozen,-1,accept_all,0.0,5,0.0,1.0,1.0,0.0,0.0,0.0,1.0,0.0,1.0,0,0
frozen,-1,accept_all,0.0,6,0.0,1.0,1.0,0.0,0.0,0.0,1.0,0.0,1.0,0,0
frozen,-1,accept_all,0.0,7,0.0,1.0,1.0,0.0,0.0,0.0,1.0,0.0,1.0,0,0
frozen,-1,accept_all,0.0,8,0.0,1.0,1.0,0.0,0.0,0.0,1.0,0.0,1.0,0,0
frozen,-1,accept_all,0.0,9,0.0,1.0,1.0,0.0,0.0,0.0,1.0,0.0,1.0,0,0
frozen,-1,accept_all,0.0,10,0.0,1.0,1.0,0.0,0.0,0.0,1.0,0.0,1.0,0,0
frozen,-1,accept_all,0.0,11,0.0,1.0,1.0,0.0,0.0,0.0,1.0,0.0,1.0,0,0
frozen,-1,accept_all,0.0,12,0.0,1.0,1.0,0.0,0.0,0.0,1.0,0.0,1.0,0,0
frozen,-1,accept_all,0.0,13,0.0,1.0,1.0,0.0,0.0,0.0,1.0,0.0,1.0,0,0
frozen,-1,accept_all,0.0,14,0.0,1.0,1.0,0.0,0.0,0.0,1.0,0.0,1.0,0,0
frozen,-1,accept_all,0.0,15,0.0,1.0,1.0,0.0,0.0,0.0,1.0,0.0,1.0,0,0
frozen,-1,accept_all,0.0,16,0.0,1.0,1.0,0.0,0.0,0.0,1.0,0.0,1.0,0,0
frozen,-1,accept_all,0.0,17,0.0,1.0,1.0,0.0,0.0,0.0,1.0,0.0,1.0,0,0
frozen,-1,accept_all,0.0,18,0.0,1.0,1.0,0.0,0.0,0.0,1.0,0.0,1.0,0,0
frozen,-1,accept_all,0.0,19,0.0,1.0,1.0,0.0,0.0,0.0,1.0,0.0,1.0,0,0
frozen,-1,accept_all,0.0,20,0.0,1.0,1.0,0.0,0.0,0.0,1.0,0.0,1.0,0,0
frozen,-1,accept_all,0.0,21,0.0,1.0,1.0,0.0,0.0,0.0,1.0,0.0,1.0,0,0
frozen,-1,accept_all,0.0,22,0.0,1.0,1.0,0.0,0.0,0.0,1.0,0.0,1.0,0,0
frozen,-1,accept_all,0.0,23,0.0,1.0,1.0,0.0,0.0,0.0,1.0,0.0,1.0,0,0
frozen,-1,accept_all,0.0,24,0.0,1.0,1.0,0.0,0.0,0.0,1.0,0.0,1.0,0,0
frozen,-1,accept_all,0.0,25,0.0,1.0,1.0,0.0,0.0,0.0,1.0,0.0,1.0,0,0
frozen,-1,accept_all,0.0,26,0.0,1.0,1.0,0.0,0.0,0.0,1.0,0.0,1.0,0,0
frozen,-1,accept_all,0.0,27,0.0,1.0,1.0,0.0,0.0,0.0,1.0,0.0,1.0,0,0
frozen,-1,accept_all,0.0,28,0.0,1.0,1.0,0.0,0.0,0.0,1.0,0.0,1.0,0,0
frozen,-1,accept_all,0.0,29,0.0,1.0,1.0,0.0,0.0,0.0,1.0,0.0,1.0,0,0
frozen,-1,accept_all,0.0,30,0.0,1.0,1.0,0.0,0.0,0.0,1.0,0.0,1.0,0,0
frozen,-1,accept_all,0.0,31,0.0,1.0,1.0,0.0,0.0,0.0,1.0,0.0,1.0,0,0
frozen,-1,accept_all,0.0,32,0.0,1.0,1.0,0.0,0.0,0.0,1.0,0.0,1.0,0,0
frozen,-1,accept_all,0.0,33,0.0,1.0,1.0,0.0,0.0,0.0,1.0,0.0,1.0,0,0
frozen,-1,accept_all,0.0,34,0.0,1.0,1.0,0.0,0.0,0.0,1.0,0.0,1.0,0,0
frozen,-1,accept_all,0.0,35,0.0,1.0,1.0,0.0,0.0,0.0,1.0,0.0,1.0,0,0
frozen,-1,accept_all,0.0,36,0.0,1.0,1.0,0.0,0.0,0.0,1.0,0.0,1.0,0,0
frozen,-1,accept_all,0.0,37,0.0,1.0,1.0,0.0,0.0,0.0,1.0,0.0,1.0,0,0
frozen,-1,accept_all,0.0,38,0.0,1.0,1.0,0.0,0.0,0.0,1.0,0.0,1.0,0,0
frozen,-1,accept_all,0.0,39,0.0,1.0,1.0,0.0,0.0,0.0,1.0,0.0,1.0,0,0
frozen,-1,accept_all,0.0,40,0.0,1.0,1.0,0.0,0.0,0.0,1.0,0.0,1.0,0,0
frozen,-1,accept_all,0.0,41,0.0,1.0,1.0,0.0,0.0,0.0,1.0,0.0,1.0,0,0
frozen,-1,accept_all,0.0,42,0.0,1.0,1.0,0.0,0.0,0.0,1.0,0.0,1.0,0,0
frozen,-1,accept_all,0.0,43,0.0,1.0,1.0,0.0,0.0,0.0,1.0,0.0,1.0,0,0
frozen,-1,accept_all,0.0,44,0.0,1.0,1.0,0.0,0.0,0.0,1.0,0.0,1.0,0,0
frozen,-1,accept_all,0.0,45,0.0,1.0,1.0,0.0,0.0,0.0,1.0,0.0,1.0,0,0
frozen,-1,accept_all,0.0,46,0.0,1.0,1.0,0.0,0.0,0.0,1.0,0.0,1.0,0,0
frozen,-1,accept_all,0.0,47,0.0,1.0,1.0,0.0,0.0,0.0,1.0,0.0,1.0,0,0
frozen,-1,accept_all,0.0,48,0.0,1.0,1.0,0.0,0.0,0.0,1.0,0.0,1.0,0,0
frozen,-1,accept_all,0.0,49,0.0,1.0,1.0,0.0,0.0,0.0,1.0,0.0,1.0,0,0
frozen,-1,accept_all,0.0,50,0.0,1.0,1.0,0.0,0.0,0.0,1.0,0.0,1.0,0,0
frozen,-1,accept_all,0.0,51,0.0,1.0,1.0,0.0,0.0,0.0,1.0,0.0,1.0,0,0
frozen,-1,accept_all,0.0,52,0.0,1.0,1.0,0.0,0.0,0.0,1.0,0.0,1.0,0,0
frozen,-1,accept_all,0.0,53,0.0,1.0,1.0,0.0,0.0,0.0,1.0,0.0,1.0,0,0
frozen,-1,accept_all,0.0,54,0.0,1.0,1.0,0.0,0.0,0.0,1.0,0.0,1.0,0,0
frozen,-1,accept_all,0.0,55,0.0,1.0,1.0,0.0,0.0,0.0,1.0,0.0,1.0,0,0
frozen,-1,accept_all,0.0,56,0.0,1.0,1.0,0.0,0.0,0.0,1.0,0.0,1.0,0,0
frozen,-1,accept_all,0.0,57,0.0,1.0,1.0,0.0,0.0,0.0,1.0,0.0,1.0,0,0
frozen,-1,accept_all,0.0,58,0.0,1.0,1.0,0.0,0.0,0.0,1.0,0.0,1.0,0,0
frozen,-1,accept_all,0.0,59,0.0,1.0,1.0,0.0,0.0,0.0,1.0,0.0,1.0,0,0
frozen,-1,accept_all,0.0,60,0.0,1.0,1.0,0.0,0.0,0.0,1.0,0.0,1.0,0,0
frozen,-1,accept_all,0.0,61,0.0,1.0,1.0,0.0,0.0,0.0,1.0,0.0,1.0,0,0
frozen,-1,accept_all,0.0,62,0.0,1.0,1.0,0.0,0.0,0.0,1.0,0.0,1.0,0,0
frozen,-1,accept_all,0.0,63,0.0,1.0,1.0,0.0,0.0,0.0,1.0,0.0,1.0,0,0
frozen,-1,accept_all,0.0,64,0.0,1.0,1.0,0.0,0.0,0.0,1.0,0.0,1.0,0,0
frozen,-1,accept_all,0.0,65,0.0,1.0,1.0,0.0,0.0,0.0,1.0,0.0,1.0,0,0
frozen,-1,accept_all,0.0,66,0.0,1.0,1.0,0.0,0.0,0.0,1.0,0.0,1.0,0,0
frozen,-1,accept_all,0.0,67,0.0,1.0,1.0,0.0,0.0,0.0,1.0,0.0,1.0,0,0
frozen,-1,accept_all,0.0,68,0.0,1.0,1.0,0.0,0.0,0.0,1.0,0.0,1.0,0,0
frozen,-1,accept_all,0.0,69,0.0,1.0,1.0,0.0,0.0,0.0,1.0,0.0,1.0,0,0
frozen,-1,accept_all,0.0,70,0.0,1.0,1.0,0.0,0.0,0.0,1.0,0.0,1.0,0,0
frozen,-1,accept_all,0.0,71,0.0,1.0,1.0,0.0,0.0,0.0,1.0,0.0,1.0,0,0
frozen,-1,accept_all,0.0,72,0.0,1.0,1.0,0.0,0.0,0.0,1.0,0.0,1.0,0,0
frozen,-1,accept_all,0.0,73,0.0,1.0,1.0,0.0,0.0,0.0,1.0,0.0,1.0,0,0
frozen,-1,accept_all,0.0,74,0.0,1.0,1.0,0.0,0.0,0.0,1.0,0.0,1.0,0,0
frozen,-1,accept_all,0.0,75,0.0,1.0,1.0,0.0,0.0,0.0,1.0,0.0,1.0,0,0
frozen,-1,accept_all,0.0,76,0.0,1.0,1.0,0.0,0.0,0.0,1.0,0.0,1.0,0,0
frozen,-1,accept_all,0.0,77,0.0,1.0,1.0,0.0,0.0,0.0,1.0,0.0,1.0,0,0
frozen,-1,accept_all,0.0,78,0.0,1.0,1.0,0.0,0.0,0.0,1.0,0.0,1.0,0,0
frozen,-1,accept_all,0.0,79,0.0,1.0,1.0,0.0,0.0,0.0,1.0,0.0,1.0,0,0
frozen,-1,accept_all,0.0,80,0.0,1.0,1.0,0.0,0.0,0.0,1.0,0.0,1.0,0,0
frozen,-1,reference_only,0.0,1,0.0,1.0,1.0,1.0,0.0,0.5,0.5,0.0,1.0,1,0
frozen,-1,reference_only,0.0,2,0.0,1.0,1.0,0.0,1.0,0.5,0.5,0.0,1.0,2,0
frozen,-1,reference_only,0.0,3,0.0,1.0,1.0,0.0,1.0,0.5,0.5,0.0,1.0,3,0
frozen,-1,reference_only,0.0,4,0.0,1.0,1.0,0.0,1.0,0.5,0.5,0.0,1.0,4,0
frozen,-1,reference_only,0.0,5,0.0,1.0,1.0,0.0,1.0,0.5,0.5,0.0,1.0,5,0
frozen,-1,reference_only,0.0,6,0.0,1.0,1.0,0.0,1.0,0.5,0.5,0.0,1.0,6,0
frozen,-1,reference_only,0.0,7,0.0,1.0,1.0,0.0,1.0,0.5,0.5,0.0,1.0,7,0
frozen,-1,reference_only,0.0,8,0.0,1.0,1.0,0.0,1.0,0.5,0.5,0.0,1.0,8,0
frozen,-1,reference_only,0.0,9,0.0,1.0,1.0,0.0,1.0,0.5,0.5,0.0,1.0,9,0
frozen,-1,reference_only,0.0,10,0.0,1.0,1.0,0.0,1.0,0.5,0.5,0.0,1.0,10,0
frozen,-1,reference_only,0.0,11,0.0,1.0,1.0,0.0,1.0,0.5,0.5,0.0,1.0,11,0
frozen,-1,reference_only,0.0,12,0.0,1.0,1.0,0.0,1.0,0.5,0.5,0.0,1.0,12,0
frozen,-1,reference_only,0.0,13,0.0,1.0,1.0,0.0,1.0,0.5,0.5,0.0,1.0,13,0
frozen,-1,reference_only,0.0,14,0.0,1.0,1.0,0.0,1.0,0.5,0.5,0.0,1.0,14,0
frozen,-1,reference_only,0.0,15,0.0,1.0,1.0,0.0,1.0,0.5,0.5,0.0,1.0,15,0
frozen,-1,reference_only,0.0,16,0.0,1.0,1.0,0.0,1.0,0.5,0.5,0.0,1.0,16,0
frozen,-1,reference_only,0.0,17,0.0,1.0,1.0,0.0,1.0,0.5,0.5,0.0,1.0,17,0
frozen,-1,reference_only,0.0,18,0.0,1.0,1.0,0.0,1.0,0.5,0.5,0.0,1.0,18,0
frozen,-1,reference_only,0.0,19,0.0,1.0,1.0,0.0,1.0,0.5,0.5,0.0,1.0,19,0
frozen,-1,reference_only,0.0,20,0.0,1.0,1.0,0.0,1.0,0.5,0.5,0.0,1.0,20,0
frozen,-1,reference_only,0.0,21,0.0,1.0,1.0,0.0,1.0,0.5,0.5,0.0,1.0,21,0
frozen,-1,reference_only,0.0,22,0.0,1.0,1.0,0.0,1.0,0.5,0.5,0.0,1.0,22,0
frozen,-1,reference_only,0.0,23,0.0,1.0,1.0,0.0,1.0,0.5,0.5,0.0,1.0,23,0
frozen,-1,reference_only,0.0,24,0.0,1.0,1.0,0.0,1.0,0.5,0.5,0.0,1.0,24,0
frozen,-1,reference_only,0.0,25,0.0,1.0,1.0,0.0,1.0,0.5,0.5,0.0,1.0,25,0
frozen,-1,reference_only,0.0,26,0.0,1.0,1.0,0.0,1.0,0.5,0.5,0.0,1.0,26,0
frozen,-1,reference_only,0.0,27,0.0,1.0,1.0,0.0,1.0,0.5,0.5,0.0,1.0,27,0
frozen,-1,reference_only,0.0,28,0.0,1.0,1.0,0.0,1.0,0.5,0.5,0.0,1.0,28,0
frozen,-1,reference_only,0.0,29,0.0,1.0,1.0,0.0,1.0,0.5,0.5,0.0,1.0,29,0
frozen,-1,reference_only,0.0,30,0.0,1.0,1.0,0.0,1.0,0.5,0.5,0.0,1.0,30,0
frozen,-1,reference_only,0.0,31,0.0,1.0,1.0,0.0,1.0,0.5,0.5,0.0,1.0,31,0
frozen,-1,reference_only,0.0,32,0.0,1.0,1.0,0.0,1.0,0.5,0.5,0.0,1.0,32,0
frozen,-1,reference_only,0.0,33,0.0,1.0,1.0,0.0,1.0,0.5,0.5,0.0,1.0,33,0
frozen,-1,reference_only,0.0,34,0.0,1.0,1.0,0.0,1.0,0.5,0.5,0.0,1.0,34,0
frozen,-1,reference_only,0.0,35,0.0,1.0,1.0,0.0,1.0,0.5,0.5,0.0,1.0,35,0
frozen,-1,reference_only,0.0,36,0.0,1.0,1.0,0.0,1.0,0.5,0.5,0.0,1.0,36,0
frozen,-1,reference_only,0.0,37,0.0,1.0,1.0,0.0,1.0,0.5,0.5,0.0,1.0,37,0
frozen,-1,reference_only,0.0,38,0.0,1.0,1.0,0.0,1.0,0.5,0.5,0.0,1.0,38,0
frozen,-1,reference_only,0.0,39,0.0,1.0,1.0,0.0,1.0,0.5,0.5,0.0,1.0,39,0
frozen,-1,reference_only,0.0,40,0.0,1.0,1.0,0.0,1.0,0.5,0.5,0.0,1.0,40,0
frozen,-1,reference_only,0.0,41,0.0,1.0,1.0,0.0,1.0,0.5,0.5,0.0,1.0,41,0
frozen,-1,reference_only,0.0,42,0.0,1.0,1.0,0.0,1.0,0.5,0.5,0.0,1.0,42,0
frozen,-1,reference_only,0.0,43,0.0,1.0,1.0,0.0,1.0,0.5,0.5,0.0,1.0,43,0
frozen,-1,reference_only,0.0,44,0.0,1.0,1.0,0.0,1.0,0.5,0.5,0.0,1.0,44,0
frozen,-1,reference_only,0.0,45,0.0,1.0,1.0,0.0,1.0,0.5,0.5,0.0,1.0,45,0
frozen,-1,reference_only,0.0,46,0.0,1.0,1.0,0.0,1.0,0.5,0.5,0.0,1.0,46,0
frozen,-1,reference_only,0.0,47,0.0,1.0,1.0,0.0,1.0,0.5,0.5,0.0,1.0,47,0
frozen,-1,reference_only,0.0,48,0.0,1.0,1.0,0.0,1.0,0.5,0.5,0.0,1.0,48,0
frozen,-1,reference_only,0.0,49,0.0,1.0,1.0,0.0,1.0,0.5,0.5,0.0,1.0,49,0
frozen,-1,reference_only,0.0,50,0.0,1.0,1.0,0.0,1.0,0.5,0.5,0.0,1.0,50,0
frozen,-1,reference_only,0.0,51,0.0,1.0,1.0,0.0,1.0,0.5,0.5,0.0,1.0,51,0
frozen,-1,reference_only,0.0,52,0.0,1.0,1.0,0.0,1.0,0.5,0.5,0.0,1.0,52,0
frozen,-1,reference_only,0.0,53,0.0,1.0,1.0,0.0,1.0,0.5,0.5,0.0,1.0,53,0
frozen,-1,reference_only,0.0,54,0.0,1.0,1.0,0.0,1.0,0.5,0.5,0.0,1.0,54,0
frozen,-1,reference_only,0.0,55,0.0,1.0,1.0,0.0,1.0,0.5,0.5,0.0,1.0,55,0
frozen,-1,reference_only,0.0,56,0.0,1.0,1.0,0.0,1.0,0.5,0.5,0.0,1.0,56,0
frozen,-1,reference_only,0.0,57,0.0,1.0,1.0,0.0,1.0,0.5,0.5,0.0,1.0,57,0
frozen,-1,reference_only,0.0,58,0.0,1.0,1.0,0.0,1.0,0.5,0.5,0.0,1.0,58,0
frozen,-1,reference_only,0.0,59,0.0,1.0,1.0,0.0,1.0,0.5,0.5,0.0,1.0,59,0
frozen,-1,reference_only,0.0,60,0.0,1.0,1.0,0.0,1.0,0.5,0.5,0.0,1.0,60,0
frozen,-1,reference_only,0.0,61,0.0,1.0,1.0,0.0,1.0,0.5,0.5,0.0,1.0,61,0
frozen,-1,reference_only,0.0,62,0.0,1.0,1.0,0.0,1.0,0.5,0.5,0.0,1.0,62,0
frozen,-1,reference_only,0.0,63,0.0,1.0,1.0,0.0,1.0,0.5,0.5,0.0,1.0,63,0
frozen,-1,reference_only,0.0,64,0.0,1.0,1.0,0.0,1.0,0.5,0.5,0.0,1.0,64,0
frozen,-1,reference_only,0.0,65,0.0,1.0,1.0,0.0,1.0,0.5,0.5,0.0,1.0,65,0
frozen,-1,reference_only,0.0,66,0.0,1.0,1.0,0.0,1.0,0.5,0.5,0.0,1.0,66,0
frozen,-1,reference_only,0.0,67,0.0,1.0,1.0,0.0,1.0,0.5,0.5,0.0,1.0,67,0
frozen,-1,reference_only,0.0,68,0.0,1.0,1.0,0.0,1.0,0.5,0.5,0.0,1.0,68,0
frozen,-1,reference_only,0.0,69,0.0,1.0,1.0,0.0,1.0,0.5,0.5,0.0,1.0,69,0
frozen,-1,reference_only,0.0,70,0.0,1.0,1.0,0.0,1.0,0.5,0.5,0.0,1.0,70,0
frozen,-1,reference_only,0.0,71,0.0,1.0,1.0,0.0,1.0,0.5,0.5,0.0,1.0,71,0
frozen,-1,reference_only,0.0,72,0.0,1.0,1.0,0.0,1.0,0.5,0.5,0.0,1.0,72,0
frozen,-1,reference_only,0.0,73,0.0,1.0,1.0,0.0,1.0,0.5,0.5,0.0,1.0,73,0
frozen,-1,reference_only,0.0,74,0.0,1.0,1.0,0.0,1.0,0.5,0.5,0.0,1.0,74,0
frozen,-1,reference_only,0.0,75,0.0,1.0,1.0,0.0,1.0,0.5,0.5,0.0,1.0,75,0
frozen,-1,reference_only,0.0,76,0.0,1.0,1.0,0.0,1.0,0.5,0.5,0.0,1.0,76,0
frozen,-1,reference_only,0.0,77,0.0,1.0,1.0,0.0,1.0,0.5,0.5,0.0,1.0,77,0
frozen,-1,reference_only,0.0,78,0.0,1.0,1.0,0.0,1.0,0.5,0.5,0.0,1.0,78,0
frozen,-1,reference_only,0.0,79,0.0,1.0,1.0,0.0,1.0,0.5,0.5,0.0,1.0,79,0
frozen,-1,reference_only,0.0,80,0.0,1.0,1.0,0.0,1.0,0.5,0.5,0.0,1.0,80,0
frozen,-1,gated,0.01,1,0.0,1.0,0.0,0.0,1.0,0.5,0.5,1.0,0.0,1,1
frozen,-1,gated,0.01,2,0.0,1.0,0.0,0.0,1.0,0.5,0.5,1.0,0.0,2,2
frozen,-1,gated,0.01,3,0.0,1.0,0.0,0.0,1.0,0.5,0.5,1.0,0.0,3,3
frozen,-1,gated,0.01,4,0.0,1.0,0.0,0.0,1.0,0.5,0.5,1.0,0.0,4,4
frozen,-1,gated,0.01,5,0.0,1.0,0.0,0.0,1.0,0.5,0.5,1.0,0.0,5,5
frozen,-1,gated,0.01,6,0.0,1.0,0.0,0.0,1.0,0.5,0.5,1.0,0.0,6,6
frozen,-1,gated,0.01,7,0.0,1.0,0.0,0.0,1.0,0.5,0.5,1.0,0.0,7,7
frozen,-1,gated,0.01,8,0.0,1.0,0.0,0.0,1.0,0.5,0.5,1.0,0.0,8,8
frozen,-1,gated,0.01,9,0.0,1.0,0.0,0.0,1.0,0.5,0.5,1.0,0.0,9,9
frozen,-1,gated,0.01,10,0.0,1.0,0.0,0.0,1.0,0.5,0.5,1.0,0.0,10,10
frozen,-1,gated,0.01,11,0.0,1.0,0.0,0.0,1.0,0.5,0.5,1.0,0.0,11,11
frozen,-1,gated,0.01,12,0.0,1.0,0.0,0.0,1.0,0.5,0.5,1.0,0.0,12,12
frozen,-1,gated,0.01,13,0.0,1.0,0.0,0.0,1.0,0.5,0.5,1.0,0.0,13,13
frozen,-1,gated,0.01,14,0.0,1.0,0.0,0.0,1.0,0.5,0.5,1.0,0.0,14,14
frozen,-1,gated,0.01,15,0.0,1.0,0.0,0.0,1.0,0.5,0.5,1.0,0.0,15,15
frozen,-1,gated,0.01,16,0.0,1.0,0.0,0.0,1.0,0.5,0.5,1.0,0.0,16,16
frozen,-1,gated,0.01,17,0.0,1.0,0.0,0.0,1.0,0.5,0.5,1.0,0.0,17,17
frozen,-1,gated,0.01,18,0.0,1.0,0.0,0.0,1.0,0.5,0.5,1.0,0.0,18,18
frozen,-1,gated,0.01,19,0.0,1.0,0.0,0.0,1.0,0.5,0.5,1.0,0.0,19,19
frozen,-1,gated,0.01,20,0.0,1.0,0.0,0.0,1.0,0.5,0.5,1.0,0.0,20,20
frozen,-1,gated,0.01,21,0.0,1.0,0.0,0.0,1.0,0.5,0.5,1.0,0.0,21,21
frozen,-1,gated,0.01,22,0.0,1.0,0.0,0.0,1.0,0.5,0.5,1.0,0.0,22,22
frozen,-1,gated,0.01,23,0.0,1.0,0.0,0.0,1.0,0.5,0.5,1.0,0.0,23,23
frozen,-1,gated,0.01,24,0.0,1.0,0.0,0.0,1.0,0.5,0.5,1.0,0.0,24,24
frozen,-1,gated,0.01,25,0.0,1.0,0.0,0.0,1.0,0.5,0.5,1.0,0.0,25,25
frozen,-1,gated,0.01,26,0.0,1.0,0.0,0.0,1.0,0.5,0.5,1.0,0.0,26,26
frozen,-1,gated,0.01,27,0.0,1.0,0.0,0.0,1.0,0.5,0.5,1.0,0.0,27,27
frozen,-1,gated,0.01,28,0.0,1.0,0.0,0.0,1.0,0.5,0.5,1.0,0.0,28,28
frozen,-1,gated,0.01,29,0.0,1.0,0.0,0.0,1.0,0.5,0.5,1.0,0.0,29,29
frozen,-1,gated,0.01,30,0.0,1.0,0.0,0.0,1.0,0.5,0.5,1.0,0.0,30,30
frozen,-1,gated,0.01,31,0.0,1.0,0.0,0.0,1.0,0.5,0.5,1.0,0.0,31,31
frozen,-1,gated,0.01,32,0.0,1.0,0.0,0.0,1.0,0.5,0.5,1.0,0.0,32,32
frozen,-1,gated,0.01,33,0.0,1.0,0.0,0.0,1.0,0.5,0.5,1.0,0.0,33,33
frozen,-1,gated,0.01,34,0.0,1.0,0.0,0.0,1.0,0.5,0.5,1.0,0.0,34,34
frozen,-1,gated,0.01,35,0.0,1.0,0.0,0.0,1.0,0.5,0.5,1.0,0.0,35,35
frozen,-1,gated,0.01,36,0.0,1.0,0.0,0.0,1.0,0.5,0.5,1.0,0.0,36,36
frozen,-1,gated,0.01,37,0.0,1.0,0.0,0.0,1.0,0.5,0.5,1.0,0.0,37,37
frozen,-1,gated,0.01,38,0.0,1.0,0.0,0.0,1.0,0.5,0.5,1.0,0.0,38,38
frozen,-1,gated,0.01,39,0.0,1.0,0.0,0.0,1.0,0.5,0.5,1.0,0.0,39,39
frozen,-1,gated,0.01,40,0.0,1.0,0.0,0.0,1.0,0.5,0.5,1.0,0.0,40,40
frozen,-1,gated,0.01,41,0.0,1.0,0.0,0.0,1.0,0.5,0.5,1.0,0.0,41,41
frozen,-1,gated,0.01,42,0.0,1.0,0.0,0.0,1.0,0.5,0.5,1.0,0.0,42,42
frozen,-1,gated,0.01,43,0.0,1.0,0.0,0.0,1.0,0.5,0.5,1.0,0.0,43,43
frozen,-1,gated,0.01,44,0.0,1.0,0.0,0.0,1.0,0.5,0.5,1.0,0.0,44,44
frozen,-1,gated,0.01,45,0.0,1.0,0.0,0.0,1.0,0.5,0.5,1.0,0.0,45,45
frozen,-1,gated,0.01,46,0.0,1.0,0.0,0.0,1.0,0.5,0.5,1.0,0.0,46,46
frozen,-1,gated,0.01,47,0.0,1.0,0.0,0.0,1.0,0.5,0.5,1.0,0.0,47,47
frozen,-1,gated,0.01,48,0.0,1.0,0.0,0.0,1.0,0.5,0.5,1.0,0.0,48,48
frozen,-1,gated,0.01,49,0.0,1.0,0.0,0.0,1.0,0.5,0.5,1.0,0.0,49,49
frozen,-1,gated,0.01,50,0.0,1.0,0.0,0.0,1.0,0.5,0.5,1.0,0.0,50,50
frozen,-1,gated,0.01,51,0.0,1.0,0.0,0.0,1.0,0.5,0.5,1.0,0.0,51,51
frozen,-1,gated,0.01,52,0.0,1.0,0.0,0.0,1.0,0.5,0.5,1.0,0.0,52,52
frozen,-1,gated,0.01,53,0.0,1.0,0.0,0.0,1.0,0.5,0.5,1.0,0.0,53,53
frozen,-1,gated,0.01,54,0.0,1.0,0.0,0.0,1.0,0.5,0.5,1.0,0.0,54,54
frozen,-1,gated,0.01,55,0.0,1.0,0.0,0.0,1.0,0.5,0.5,1.0,0.0,55,55
frozen,-1,gated,0.01,56,0.0,1.0,0.0,0.0,1.0,0.5,0.5,1.0,0.0,56,56
frozen,-1,gated,0.01,57,0.0,1.0,0.0,0.0,1.0,0.5,0.5,1.0,0.0,57,57
frozen,-1,gated,0.01,58,0.0,1.0,0.0,0.0,1.0,0.5,0.5,1.0,0.0,58,58
frozen,-1,gated,0.01,59,0.0,1.0,0.0,0.0,1.0,0.5,0.5,1.0,0.0,59,59
frozen,-1,gated,0.01,60,0.0,1.0,0.0,0.0,1.0,0.5,0.5,1.0,0.0,60,60
frozen,-1,gated,0.01,61,0.0,1.0,0.0,0.0,1.0,0.5,0.5,1.0,0.0,61,61
frozen,-1,gated,0.01,62,0.0,1.0,0.0,0.0,1.0,0.5,0.5,1.0,0.0,62,62
frozen,-1,gated,0.01,63,0.0,1.0,0.0,0.0,1.0,0.5,0.5,1.0,0.0,63,63
frozen,-1,gated,0.01,64,0.0,1.0,0.0,0.0,1.0,0.5,0.5,1.0,0.0,64,64
frozen,-1,gated,0.01,65,0.0,1.0,0.0,0.0,1.0,0.5,0.5,1.0,0.0,65,65
frozen,-1,gated,0.01,66,0.0,1.0,0.0,0.0,1.0,0.5,0.5,1.0,0.0,66,66
frozen,-1,gated,0.01,67,0.0,1.0,0.0,0.0,1.0,0.5,0.5,1.0,0.0,67,67
frozen,-1,gated,0.01,68,0.0,1.0,0.0,0.0,1.0,0.5,0.5,1.0,0.0,68,68
frozen,-1,gated,0.01,69,0.0,1.0,0.0,0.0,1.0,0.5,0.5,1.0,0.0,69,69
frozen,-1,gated,0.01,70,0.0,1.0,0.0,0.0,1.0,0.5,0.5,1.0,0.0,70,70
frozen,-1,gated,0.01,71,0.0,1.0,0.0,0.0,1.0,0.5,0.5,1.0,0.0,71,71
frozen,-1,gated,0.01,72,0.0,1.0,0.0,0.0,1.0,0.5,0.5,1.0,0.0,72,72
frozen,-1,gated,0.01,73,0.0,1.0,0.0,0.0,1.0,0.5,0.5,1.0,0.0,73,73
frozen,-1,gated,0.01,74,0.0,1.0,0.0,0.0,1.0,0.5,0.5,1.0,0.0,74,74
frozen,-1,gated,0.01,75,0.0,1.0,0.0,0.0,1.0,0.5,0.5,1.0,0.0,75,75
frozen,-1,gated,0.01,76,0.0,1.0,0.0,0.0,1.0,0.5,0.5,1.0,0.0,76,76
frozen,-1,gated,0.01,77,0.0,1.0,0.0,0.0,1.0,0.5,0.5,1.0,0.0,77,77
frozen,-1,gated,0.01,78,0.0,1.0,0.0,0.0,1.0,0.5,0.5,1.0,0.0,78,78
frozen,-1,gated,0.01,79,0.0,1.0,0.0,0.0,1.0,0.5,0.5,1.0,0.0,79,79
frozen,-1,gated,0.01,80,0.0,1.0,0.0,0.0,1.0,0.5,0.5,1.0,0.0,80,80
frozen,-1,accept_all,0.01,1,0.0,1.0,1.0,1.0,0.5,0.5,1.0,0.0,1.0,0,0
frozen,-1,accept_all,0.01,2,0.0,1.0,1.0,0.0,0.0,0.0,1.0,0.0,1.0,0,0
frozen,-1,accept_all,0.01,3,0.0,1.0,1.0,0.0,0.0,0.0,1.0,0.0,1.0,0,0
frozen,-1,accept_all,0.01,4,0.0,1.0,1.0,0.0,0.0,0.0,1.0,0.0,1.0,0,0
frozen,-1,accept_all,0.01,5,0.0,1.0,1.0,0.0,0.0,0.0,1.0,0.0,1.0,0,0
frozen,-1,accept_all,0.01,6,0.0,1.0,1.0,0.0,0.0,0.0,1.0,0.0,1.0,0,0
frozen,-1,accept_all,0.01,7,0.0,1.0,1.0,0.0,0.0,0.0,1.0,0.0,1.0,0,0
frozen,-1,accept_all,0.01,8,0.0,1.0,1.0,0.0,0.0,0.0,1.0,0.0,1.0,0,0
frozen,-1,accept_all,0.01,9,0.0,1.0,1.0,0.0,0.0,0.0,1.0,0.0,1.0,0,0
frozen,-1,accept_all,0.01,10,0.0,1.0,1.0,0.0,0.0,0.0,1.0,0.0,1.0,0,0
frozen,-1,accept_all,0.01,11,0.0,1.0,1.0,0.0,0.0,0.0,1.0,0.0,1.0,0,0
frozen,-1,accept_all,0.01,12,0.0,1.0,1.0,0.0,0.0,0.0,1.0,0.0,1.0,0,0
frozen,-1,accept_all,0.01,13,0.0,1.0,1.0,0.0,0.0,0.0,1.0,0.0,1.0,0,0
frozen,-1,accept_all,0.01,14,0.0,1.0,1.0,0.0,0.0,0.0,1.0,0.0,1.0,0,0
frozen,-1,accept_all,0.01,15,0.0,1.0,1.0,0.0,0.0,0.0,1.0,0.0,1.0,0,0
frozen,-1,accept_all,0.01,16,0.0,1.0,1.0,0.0,0.0,0.0,1.0,0.0,1.0,0,0
frozen,-1,accept_all,0.01,17,0.0,1.0,1.0,0.0,0.0,0.0,1.0,0.0,1.0,0,0
frozen,-1,accept_all,0.01,18,0.0,1.0,1.0,0.0,0.0,0.0,1.0,0.0,1.0,0,0
frozen,-1,accept_all,0.01,19,0.0,1.0,1.0,0.0,0.0,0.0,1.0,0.0,1.0,0,0
frozen,-1,accept_all,0.01,20,0.0,1.0,1.0,0.0,0.0,0.0,1.0,0.0,1.0,0,0
frozen,-1,accept_all,0.01,21,0.0,1.0,1.0,0.0,0.0,0.0,1.0,0.0,1.0,0,0
frozen,-1,accept_all,0.01,22,0.0,1.0,1.0,0.0,0.0,0.0,1.0,0.0,1.0,0,0
frozen,-1,accept_all,0.01,23,0.0,1.0,1.0,0.0,0.0,0.0,1.0,0.0,1.0,0,0
frozen,-1,accept_all,0.01,24,0.0,1.0,1.0,0.0,0.0,0.0,1.0,0.0,1.0,0,0
frozen,-1,accept_all,0.01,25,0.0,1.0,1.0,0.0,0.0,0.0,1.0,0.0,1.0,0,0
frozen,-1,accept_all,0.01,26,0.0,1.0,1.0,0.0,0.0,0.0,1.0,0.0,1.0,0,0
frozen,-1,accept_all,0.01,27,0.0,1.0,1.0,0.0,0.0,0.0,1.0,0.0,1.0,0,0
frozen,-1,accept_all,0.01,28,0.0,1.0,1.0,0.0,0.0,0.0,1.0,0.0,1.0,0,0
frozen,-1,accept_all,0.01,29,0.0,1.0,1.0,0.0,0.0,0.0,1.0,0.0,1.0,0,0
frozen,-1,accept_all,0.01,30,0.0,1.0,1.0,0.0,0.0,0.0,1.0,0.0,1.0,0,0
frozen,-1,accept_all,0.01,31,0.0,1.0,1.0,0.0,0.0,0.0,1.0,0.0,1.0,0,0
frozen,-1,accept_all,0.01,32,0.0,1.0,1.0,0.0,0.0,0.0,1.0,0.0,1.0,0,0
frozen,-1,accept_all,0.01,33,0.0,1.0,1.0,0.0,0.0,0.0,1.0,0.0,1.0,0,0
frozen,-1,accept_all,0.01,34,0.0,1.0,1.0,0.0,0.0,0.0,1.0,0.0,1.0,0,0
frozen,-1,accept_all,0.01,35,0.0,1.0,1.0,0.0,0.0,0.0,1.0,0.0,1.0,0,0
frozen,-1,accept_all,0.01,36,0.0,1.0,1.0,0.0,0.0,0.0,1.0,0.0,1.0,0,0
frozen,-1,accept_all,0.01,37,0.0,1.0,1.0,0.0,0.0,0.0,1.0,0.0,1.0,0,0
frozen,-1,accept_all,0.01,38,0.0,1.0,1.0,0.0,0.0,0.0,1.0,0.0,1.0,0,0
frozen,-1,accept_all,0.01,39,0.0,1.0,1.0,0.0,0.0,0.0,1.0,0.0,1.0,0,0
frozen,-1,accept_all,0.01,40,0.0,1.0,1.0,0.0,0.0,0.0,1.0,0.0,1.0,0,0
frozen,-1,accept_all,0.01,41,0.0,1.0,1.0,0.0,0.0,0.0,1.0,0.0,1.0,0,0
frozen,-1,accept_all,0.01,42,0.0,1.0,1.0,0.0,0.0,0.0,1.0,0.0,1.0,0,0
frozen,-1,accept_all,0.01,43,0.0,1.0,1.0,0.0,0.0,0.0,1.0,0.0,1.0,0,0
frozen,-1,accept_all,0.01,44,0.0,1.0,1.0,0.0,0.0,0.0,1.0,0.0,1.0,0,0
frozen,-1,accept_all,0.01,45,0.0,1.0,1.0,0.0,0.0,0.0,1.0,0.0,1.0,0,0
frozen,-1,accept_all,0.01,46,0.0,1.0,1.0,0.0,0.0,0.0,1.0,0.0,1.0,0,0
frozen,-1,accept_all,0.01,47,0.0,1.0,1.0,0.0,0.0,0.0,1.0,0.0,1.0,0,0
frozen,-1,accept_all,0.01,48,0.0,1.0,1.0,0.0,0.0,0.0,1.0,0.0,1.0,0,0
frozen,-1,accept_all,0.01,49,0.0,1.0,1.0,0.0,0.0,0.0,1.0,0.0,1.0,0,0
frozen,-1,accept_all,0.01,50,0.0,1.0,1.0,0.0,0.0,0.0,1.0,0.0,1.0,0,0
frozen,-1,accept_all,0.01,51,0.0,1.0,1.0,0.0,0.0,0.0,1.0,0.0,1.0,0,0
frozen,-1,accept_all,0.01,52,0.0,1.0,1.0,0.0,0.0,0.0,1.0,0.0,1.0,0,0
frozen,-1,accept_all,0.01,53,0.0,1.0,1.0,0.0,0.0,0.0,1.0,0.0,1.0,0,0
frozen,-1,accept_all,0.01,54,0.0,1.0,1.0,0.0,0.0,0.0,1.0,0.0,1.0,0,0
frozen,-1,accept_all,0.01,55,0.0,1.0,1.0,0.0,0.0,0.0,1.0,0.0,1.0,0,0
frozen,-1,accept_all,0.01,56,0.0,1.0,1.0,0.0,0.0,0.0,1.0,0.0,1.0,0,0
frozen,-1,accept_all,0.01,57,0.0,1.0,1.0,0.0,0.0,0.0,1.0,0.0,1.0,0,0
frozen,-1,accept_all,0.01,58,0.0,1.0,1.0,0.0,0.0,0.0,1.0,0.0,1.0,0,0
frozen,-1,accept_all,0.01,59,0.0,1.0,1.0,0.0,0.0,0.0,1.0,0.0,1.0,0,0
frozen,-1,accept_all,0.01,60,0.0,1.0,1.0,0.0,0.0,0.0,1.0,0.0,1.0,0,0
frozen,-1,accept_all,0.01,61,0.0,1.0,1.0,0.0,0.0,0.0,1.0,0.0,1.0,0,0
frozen,-1,accept_all,0.01,62,0.0,1.0,1.0,0.0,0.0,0.0,1.0,0.0,1.0,0,0
frozen,-1,accept_all,0.01,63,0.0,1.0,1.0,0.0,0.0,0.0,1.0,0.0,1.0,0,0
frozen,-1,accept_all,0.01,64,0.0,1.0,1.0,0.0,0.0,0.0,1.0,0.0,1.0,0,0
frozen,-1,accept_all,0.01,65,0.0,1.0,1.0,0.0,0.0,0.0,1.0,0.0,1.0,0,0
frozen,-1,accept_all,0.01,66,0.0,1.0,1.0,0.0,0.0,0.0,1.0,0.0,1.0,0,0
frozen,-1,accept_all,0.01,67,0.0,1.0,1.0,0.0,0.0,0.0,1.0,0.0,1.0,0,0
frozen,-1,accept_all,0.01,68,0.0,1.0,1.0,0.0,0.0,0.0,1.0,0.0,1.0,0,0
frozen,-1,accept_all,0.01,69,0.0,1.0,1.0,0.0,0.0,0.0,1.0,0.0,1.0,0,0
frozen,-1,accept_all,0.01,70,0.0,1.0,1.0,0.0,0.0,0.0,1.0,0.0,1.0,0,0
frozen,-1,accept_all,0.01,71,0.0,1.0,1.0,0.0,0.0,0.0,1.0,0.0,1.0,0,0
frozen,-1,accept_all,0.01,72,0.0,1.0,1.0,0.0,0.0,0.0,1.0,0.0,1.0,0,0
frozen,-1,accept_all,0.01,73,0.0,1.0,1.0,0.0,0.0,0.0,1.0,0.0,1.0,0,0
frozen,-1,accept_all,0.01,74,0.0,1.0,1.0,0.0,0.0,0.0,1.0,0.0,1.0,0,0
frozen,-1,accept_all,0.01,75,0.0,1.0,1.0,0.0,0.0,0.0,1.0,0.0,1.0,0,0
frozen,-1,accept_all,0.01,76,0.0,1.0,1.0,0.0,0.0,0.0,1.0,0.0,1.0,0,0
frozen,-1,accept_all,0.01,77,0.0,1.0,1.0,0.0,0.0,0.0,1.0,0.0,1.0,0,0
frozen,-1,accept_all,0.01,78,0.0,1.0,1.0,0.0,0.0,0.0,1.0,0.0,1.0,0,0
frozen,-1,accept_all,0.01,79,0.0,1.0,1.0,0.0,0.0,0.0,1.0,0.0,1.0,0,0
frozen,-1,accept_all,0.01,80,0.0,1.0,1.0,0.0,0.0,0.0,1.0,0.0,1.0,0,0
frozen,-1,reference_only,0.01,1,0.0,1.0,1.0,1.0,0.0,0.5,0.5,0.0,1.0,1,0
frozen,-1,reference_only,0.01,2,0.0,1.0,1.0,0.0,1.0,0.5,0.5,0.0,1.0,2,0
frozen,-1,reference_only,0.01,3,0.0,1.0,1.0,0.0,1.0,0.5,0.5,0.0,1.0,3,0
frozen,-1,reference_only,0.01,4,0.0,1.0,1.0,0.0,1.0,0.5,0.5,0.0,1.0,4,0
frozen,-1,reference_only,0.01,5,0.0,1.0,1.0,0.0,1.0,0.5,0.5,0.0,1.0,5,0
frozen,-1,reference_only,0.01,6,0.0,1.0,1.0,0.0,1.0,0.5,0.5,0.0,1.0,6,0
frozen,-1,reference_only,0.01,7,0.0,1.0,1.0,0.0,1.0,0.5,0.5,0.0,1.0,7,0
frozen,-1,reference_only,0.01,8,0.0,1.0,1.0,0.0,1.0,0.5,0.5,0.0,1.0,8,0
frozen,-1,reference_only,0.01,9,0.0,1.0,1.0,0.0,1.0,0.5,0.5,0.0,1.0,9,0
frozen,-1,reference_only,0.01,10,0.0,1.0,1.0,0.0,1.0,0.5,0.5,0.0,1.0,10,0
frozen,-1,reference_only,0.01,11,0.0,1.0,1.0,0.0,1.0,0.5,0.5,0.0,1.0,11,0
frozen,-1,reference_only,0.01,12,0.0,1.0,1.0,0.0,1.0,0.5,0.5,0.0,1.0,12,0
frozen,-1,reference_only,0.01,13,0.0,1.0,1.0,0.0,1.0,0.5,0.5,0.0,1.0,13,0
frozen,-1,reference_only,0.01,14,0.0,1.0,1.0,0.0,1.0,0.5,0.5,0.0,1.0,14,0
frozen,-1,reference_only,0.01,15,0.0,1.0,1.0,0.0,1.0,0.5,0.5,0.0,1.0,15,0
frozen,-1,reference_only,0.01,16,0.0,1.0,1.0,0.0,1.0,0.5,0.5,0.0,1.0,16,0
frozen,-1,reference_only,0.01,17,0.0,1.0,1.0,0.0,1.0,0.5,0.5,0.0,1.0,17,0
frozen,-1,reference_only,0.01,18,0.0,1.0,1.0,0.0,1.0,0.5,0.5,0.0,1.0,18,0
frozen,-1,reference_only,0.01,19,0.0,1.0,1.0,0.0,1.0,0.5,0.5,0.0,1.0,19,0
frozen,-1,reference_only,0.01,20,0.0,1.0,1.0,0.0,1.0,0.5,0.5,0.0,1.0,20,0
frozen,-1,reference_only,0.01,21,0.0,1.0,1.0,0.0,1.0,0.5,0.5,0.0,1.0,21,0
frozen,-1,reference_only,0.01,22,0.0,1.0,1.0,0.0,1.0,0.5,0.5,0.0,1.0,22,0
frozen,-1,reference_only,0.01,23,0.0,1.0,1.0,0.0,1.0,0.5,0.5,0.0,1.0,23,0
frozen,-1,reference_only,0.01,24,0.0,1.0,1.0,0.0,1.0,0.5,0.5,0.0,1.0,24,0
frozen,-1,reference_only,0.01,25,0.0,1.0,1.0,0.0,1.0,0.5,0.5,0.0,1.0,25,0
frozen,-1,reference_only,0.01,26,0.0,1.0,1.0,0.0,1.0,0.5,0.5,0.0,1.0,26,0
frozen,-1,reference_only,0.01,27,0.0,1.0,1.0,0.0,1.0,0.5,0.5,0.0,1.0,27,0
frozen,-1,reference_only,0.01,28,0.0,1.0,1.0,0.0,1.0,0.5,0.5,0.0,1.0,28,0
frozen,-1,reference_only,0.01,29,0.0,1.0,1.0,0.0,1.0,0.5,0.5,0.0,1.0,29,0
frozen,-1,reference_only,0.01,30,0.0,1.0,1.0,0.0,1.0,0.5,0.5,0.0,1.0,30,0
frozen,-1,reference_only,0.01,31,0.0,1.0,1.0,0.0,1.0,0.5,0.5,0.0,1.0,31,0
frozen,-1,reference_only,0.01,32,0.0,1.0,1.0,0.0,1.0,0.5,0.5,0.0,1.0,32,0
frozen,-1,reference_only,0.01,33,0.0,1.0,1.0,0.0,1.0,0.5,0.5,0.0,1.0,33,0
frozen,-1,reference_only,0.01,34,0.0,1.0,1.0,0.0,1.0,0.5,0.5,0.0,1.0,34,0
frozen,-1,reference_only,0.01,35,0.0,1.0,1.0,0.0,1.0,0.5,0.5,0.0,1.0,35,0
frozen,-1,reference_only,0.01,36,0.0,1.0,1.0,0.0,1.0,0.5,0.5,0.0,1.0,36,0
frozen,-1,reference_only,0.01,37,0.0,1.0,1.0,0.0,1.0,0.5,0.5,0.0,1.0,37,0
frozen,-1,reference_only,0.01,38,0.0,1.0,1.0,0.0,1.0,0.5,0.5,0.0,1.0,38,0
frozen,-1,reference_only,0.01,39,0.0,1.0,1.0,0.0,1.0,0.5,0.5,0.0,1.0,39,0
frozen,-1,reference_only,0.01,40,0.0,1.0,1.0,0.0,1.0,0.5,0.5,0.0,1.0,40,0
frozen,-1,reference_only,0.01,41,0.0,1.0,1.0,0.0,1.0,0.5,0.5,0.0,1.0,41,0
frozen,-1,reference_only,0.01,42,0.0,1.0,1.0,0.0,1.0,0.5,0.5,0.0,1.0,42,0
frozen,-1,reference_only,0.01,43,0.0,1.0,1.0,0.0,1.0,0.5,0.5,0.0,1.0,43,0
frozen,-1,reference_only,0.01,44,0.0,1.0,1.0,0.0,1.0,0.5,0.5,0.0,1.0,44,0
frozen,-1,reference_only,0.01,45,0.0,1.0,1.0,0.0,1.0,0.5,0.5,0.0,1.0,45,0
frozen,-1,reference_only,0.01,46,0.0,1.0,1.0,0.0,1.0,0.5,0.5,0.0,1.0,46,0
frozen,-1,reference_only,0.01,47,0.0,1.0,1.0,0.0,1.0,0.5,0.5,0.0,1.0,47,0
frozen,-1,reference_only,0.01,48,0.0,1.0,1.0,0.0,1.0,0.5,0.5,0.0,1.0,48,0
frozen,-1,reference_only,0.01,49,0.0,1.0,1.0,0.0,1.0,0.5,0.5,0.0,1.0,49,0
frozen,-1,reference_only,0.01,50,0.0,1.0,1.0,0.0,1.0,0.5,0.5,0.0,1.0,50,0
frozen,-1,reference_only,0.01,51,0.0,1.0,1.0,0.0,1.0,0.5,0.5,0.0,1.0,51,0
frozen,-1,reference_only,0.01,52,0.0,1.0,1.0,0.0,1.0,0.5,0.5,0.0,1.0,52,0
frozen,-1,reference_only,0.01,53,0.0,1.0,1.0,0.0,1.0,0.5,0.5,0.0,1.0,53,0
frozen,-1,reference_only,0.01,54,0.0,1.0,1.0,0.0,1.0,0.5,0.5,0.0,1.0,54,0
frozen,-1,reference_only,0.01,55,0.0,1.0,1.0,0.0,1.0,0.5,0.5,0.0,1.0,55,0
frozen,-1,reference_only,0.01,56,0.0,1.0,1.0,0.0,1.0,0.5,0.5,0.0,1.0,56,0
frozen,-1,reference_only,0.01,57,0.0,1.0,1.0,0.0,1.0,0.5,0.5,0.0,1.0,57,0
frozen,-1,reference_only,0.01,58,0.0,1.0,1.0,0.0,1.0,0.5,0.5,0.0,1.0,58,0
frozen,-1,reference_only,0.01,59,0.0,1.0,1.0,0.0,1.0,0.5,0.5,0.0,1.0,59,0
frozen,-1,reference_only,0.01,60,0.0,1.0,1.0,0.0,1.0,0.5,0.5,0.0,1.0,60,0
frozen,-1,reference_only,0.01,61,0.0,1.0,1.0,0.0,1.0,0.5,0.5,0.0,1.0,61,0
frozen,-1,reference_only,0.01,62,0.0,1.0,1.0,0.0,1.0,0.5,0.5,0.0,1.0,62,0
frozen,-1,reference_only,0.01,63,0.0,1.0,1.0,0.0,1.0,0.5,0.5,0.0,1.0,63,0
frozen,-1,reference_only,0.01,64,0.0,1.0,1.0,0.0,1.0,0.5,0.5,0.0,1.0,64,0
frozen,-1,reference_only,0.01,65,0.0,1.0,1.0,0.0,1.0,0.5,0.5,0.0,1.0,65,0
frozen,-1,reference_only,0.01,66,0.0,1.0,1.0,0.0,1.0,0.5,0.5,0.0,1.0,66,0
frozen,-1,reference_only,0.01,67,0.0,1.0,1.0,0.0,1.0,0.5,0.5,0.0,1.0,67,0
frozen,-1,reference_only,0.01,68,0.0,1.0,1.0,0.0,1.0,0.5,0.5,0.0,1.0,68,0
frozen,-1,reference_only,0.01,69,0.0,1.0,1.0,0.0,1.0,0.5,0.5,0.0,1.0,69,0
frozen,-1,reference_only,0.01,70,0.0,1.0,1.0,0.0,1.0,0.5,0.5,0.0,1.0,70,0
frozen,-1,reference_only,0.01,71,0.0,1.0,1.0,0.0,1.0,0.5,0.5,0.0,1.0,71,0
frozen,-1,reference_only,0.01,72,0.0,1.0,1.0,0.0,1.0,0.5,0.5,0.0,1.0,72,0
frozen,-1,reference_only,0.01,73,0.0,1.0,1.0,0.0,1.0,0.5,0.5,0.0,1.0,73,0
frozen,-1,reference_only,0.01,74,0.0,1.0,1.0,0.0,1.0,0.5,0.5,0.0,1.0,74,0
frozen,-1,reference_only,0.01,75,0.0,1.0,1.0,0.0,1.0,0.5,0.5,0.0,1.0,75,0
frozen,-1,reference_only,0.01,76,0.0,1.0,1.0,0.0,1.0,0.5,0.5,0.0,1.0,76,0
frozen,-1,reference_only,0.01,77,0.0,1.0,1.0,0.0,1.0,0.5,0.5,0.0,1.0,77,0
frozen,-1,reference_only,0.01,78,0.0,1.0,1.0,0.0,1.0,0.5,0.5,0.0,1.0,78,0
frozen,-1,reference_only,0.01,79,0.0,1.0,1.0,0.0,1.0,0.5,0.5,0.0,1.0,79,0
frozen,-1,reference_only,0.01,80,0.0,1.0,1.0,0.0,1.0,0.5,0.5,0.0,1.0,80,0
frozen,-1,gated,0.024,1,0.0,1.0,0.0,0.0,1.0,0.5,0.5,1.0,0.0,1,1
frozen,-1,gated,0.024,2,0.0,1.0,0.0,0.0,1.0,0.5,0.5,1.0,0.0,2,2
frozen,-1,gated,0.024,3,0.0,1.0,0.0,0.0,1.0,0.5,0.5,1.0,0.0,3,3
frozen,-1,gated,0.024,4,0.0,1.0,0.0,0.0,1.0,0.5,0.5,1.0,0.0,4,4
frozen,-1,gated,0.024,5,0.0,1.0,0.0,0.0,1.0,0.5,0.5,1.0,0.0,5,5
frozen,-1,gated,0.024,6,0.0,1.0,0.0,0.0,1.0,0.5,0.5,1.0,0.0,6,6
frozen,-1,gated,0.024,7,0.0,1.0,0.0,0.0,1.0,0.5,0.5,1.0,0.0,7,7
frozen,-1,gated,0.024,8,0.0,1.0,0.0,0.0,1.0,0.5,0.5,1.0,0.0,8,8
frozen,-1,gated,0.024,9,0.0,1.0,0.0,0.0,1.0,0.5,0.5,1.0,0.0,9,9
frozen,-1,gated,0.024,10,0.0,1.0,0.0,0.0,1.0,0.5,0.5,1.0,0.0,10,10
frozen,-1,gated,0.024,11,0.0,1.0,0.0,0.0,1.0,0.5,0.5,1.0,0.0,11,11
frozen,-1,gated,0.024,12,0.0,1.0,0.0,0.0,1.0,0.5,0.5,1.0,0.0,12,12
frozen,-1,gated,0.024,13,0.0,1.0,0.0,0.0,1.0,0.5,0.5,1.0,0.0,13,13
frozen,-1,gated,0.024,14,0.0,1.0,0.0,0.0,1.0,0.5,0.5,1.0,0.0,14,14
frozen,-1,gated,0.024,15,0.0,1.0,0.0,0.0,1.0,0.5,0.5,1.0,0.0,15,15
frozen,-1,gated,0.024,16,0.0,1.0,0.0,0.0,1.0,0.5,0.5,1.0,0.0,16,16
frozen,-1,gated,0.024,17,0.0,1.0,0.0,0.0,1.0,0.5,0.5,1.0,0.0,17,17
frozen,-1,gated,0.024,18,0.0,1.0,0.0,0.0,1.0,0.5,0.5,1.0,0.0,18,18
frozen,-1,gated,0.024,19,0.0,1.0,0.0,0.0,1.0,0.5,0.5,1.0,0.0,19,19
frozen,-1,gated,0.024,20,0.0,1.0,0.0,0.0,1.0,0.5,0.5,1.0,0.0,20,20
frozen,-1,gated,0.024,21,0.0,1.0,0.0,0.0,1.0,0.5,0.5,1.0,0.0,21,21
frozen,-1,gated,0.024,22,0.0,1.0,0.0,0.0,1.0,0.5,0.5,1.0,0.0,22,22
frozen,-1,gated,0.024,23,0.0,1.0,0.0,0.0,1.0,0.5,0.5,1.0,0.0,23,23
frozen,-1,gated,0.024,24,0.0,1.0,0.0,0.0,1.0,0.5,0.5,1.0,0.0,24,24
frozen,-1,gated,0.024,25,0.0,1.0,0.0,0.0,1.0,0.5,0.5,1.0,0.0,25,25
frozen,-1,gated,0.024,26,0.0,1.0,0.0,0.0,1.0,0.5,0.5,1.0,0.0,26,26
frozen,-1,gated,0.024,27,0.0,1.0,0.0,0.0,1.0,0.5,0.5,1.0,0.0,27,27
frozen,-1,gated,0.024,28,0.0,1.0,0.0,0.0,1.0,0.5,0.5,1.0,0.0,28,28
frozen,-1,gated,0.024,29,0.0,1.0,0.0,0.0,1.0,0.5,0.5,1.0,0.0,29,29
frozen,-1,gated,0.024,30,0.0,1.0,0.0,0.0,1.0,0.5,0.5,1.0,0.0,30,30
frozen,-1,gated,0.024,31,0.0,1.0,0.0,0.0,1.0,0.5,0.5,1.0,0.0,31,31
frozen,-1,gated,0.024,32,0.0,1.0,0.0,0.0,1.0,0.5,0.5,1.0,0.0,32,32
frozen,-1,gated,0.024,33,0.0,1.0,0.0,0.0,1.0,0.5,0.5,1.0,0.0,33,33
frozen,-1,gated,0.024,34,0.0,1.0,0.0,0.0,1.0,0.5,0.5,1.0,0.0,34,34
frozen,-1,gated,0.024,35,0.0,1.0,0.0,0.0,1.0,0.5,0.5,1.0,0.0,35,35
frozen,-1,gated,0.024,36,0.0,1.0,0.0,0.0,1.0,0.5,0.5,1.0,0.0,36,36
frozen,-1,gated,0.024,37,0.0,1.0,0.0,0.0,1.0,0.5,0.5,1.0,0.0,37,37
frozen,-1,gated,0.024,38,0.0,1.0,0.0,0.0,1.0,0.5,0.5,1.0,0.0,38,38
frozen,-1,gated,0.024,39,0.0,1.0,0.0,0.0,1.0,0.5,0.5,1.0,0.0,39,39
frozen,-1,gated,0.024,40,0.0,1.0,0.0,0.0,1.0,0.5,0.5,1.0,0.0,40,40
frozen,-1,gated,0.024,41,0.0,1.0,0.0,0.0,1.0,0.5,0.5,1.0,0.0,41,41
frozen,-1,gated,0.024,42,0.0,1.0,0.0,0.0,1.0,0.5,0.5,1.0,0.0,42,42
frozen,-1,gated,0.024,43,0.0,1.0,0.0,0.0,1.0,0.5,0.5,1.0,0.0,43,43
frozen,-1,gated,0.024,44,0.0,1.0,0.0,0.0,1.0,0.5,0.5,1.0,0.0,44,44
frozen,-1,gated,0.024,45,0.0,1.0,0.0,0.0,1.0,0.5,0.5,1.0,0.0,45,45
frozen,-1,gated,0.024,46,0.0,1.0,0.0,0.0,1.0,0.5,0.5,1.0,0.0,46,46
frozen,-1,gated,0.024,47,0.0,1.0,0.0,0.0,1.0,0.5,0.5,1.0,0.0,47,47
frozen,-1,gated,0.024,48,0.0,1.0,0.0,0.0,1.0,0.5,0.5,1.0,0.0,48,48
frozen,-1,gated,0.024,49,0.0,1.0,0.0,0.0,1.0,0.5,0.5,1.0,0.0,49,49
frozen,-1,gated,0.024,50,0.0,1.0,0.0,0.0,1.0,0.5,0.5,1.0,0.0,50,50
frozen,-1,gated,0.024,51,0.0,1.0,0.0,0.0,1.0,0.5,0.5,1.0,0.0,51,51
frozen,-1,gated,0.024,52,0.0,1.0,0.0,0.0,1.0,0.5,0.5,1.0,0.0,52,52
frozen,-1,gated,0.024,53,0.0,1.0,0.0,0.0,1.0,0.5,0.5,1.0,0.0,53,53
frozen,-1,gated,0.024,54,0.0,1.0,0.0,0.0,1.0,0.5,0.5,1.0,0.0,54,54
frozen,-1,gated,0.024,55,0.0,1.0,0.0,0.0,1.0,0.5,0.5,1.0,0.0,55,55
frozen,-1,gated,0.024,56,0.0,1.0,0.0,0.0,1.0,0.5,0.5,1.0,0.0,56,56
frozen,-1,gated,0.024,57,0.0,1.0,0.0,0.0,1.0,0.5,0.5,1.0,0.0,57,57
frozen,-1,gated,0.024,58,0.0,1.0,0.0,0.0,1.0,0.5,0.5,1.0,0.0,58,58
frozen,-1,gated,0.024,59,0.0,1.0,0.0,0.0,1.0,0.5,0.5,1.0,0.0,59,59
frozen,-1,gated,0.024,60,0.0,1.0,0.0,0.0,1.0,0.5,0.5,1.0,0.0,60,60
frozen,-1,gated,0.024,61,0.0,1.0,0.0,0.0,1.0,0.5,0.5,1.0,0.0,61,61
frozen,-1,gated,0.024,62,0.0,1.0,0.0,0.0,1.0,0.5,0.5,1.0,0.0,62,62
frozen,-1,gated,0.024,63,0.0,1.0,0.0,0.0,1.0,0.5,0.5,1.0,0.0,63,63
frozen,-1,gated,0.024,64,0.0,1.0,0.0,0.0,1.0,0.5,0.5,1.0,0.0,64,64
frozen,-1,gated,0.024,65,0.0,1.0,0.0,0.0,1.0,0.5,0.5,1.0,0.0,65,65
frozen,-1,gated,0.024,66,0.0,1.0,0.0,0.0,1.0,0.5,0.5,1.0,0.0,66,66
frozen,-1,gated,0.024,67,0.0,1.0,0.0,0.0,1.0,0.5,0.5,1.0,0.0,67,67
frozen,-1,gated,0.024,68,0.0,1.0,0.0,0.0,1.0,0.5,0.5,1.0,0.0,68,68
frozen,-1,gated,0.024,69,0.0,1.0,0.0,0.0,1.0,0.5,0.5,1.0,0.0,69,69
frozen,-1,gated,0.024,70,0.0,1.0,0.0,0.0,1.0,0.5,0.5,1.0,0.0,70,70
frozen,-1,gated,0.024,71,0.0,1.0,0.0,0.0,1.0,0.5,0.5,1.0,0.0,71,71
frozen,-1,gated,0.024,72,0.0,1.0,0.0,0.0,1.0,0.5,0.5,1.0,0.0,72,72
frozen,-1,gated,0.024,73,0.0,1.0,0.0,0.0,1.0,0.5,0.5,1.0,0.0,73,73
frozen,-1,gated,0.024,74,0.0,1.0,0.0,0.0,1.0,0.5,0.5,1.0,0.0,74,74
frozen,-1,gated,0.024,75,0.0,1.0,0.0,0.0,1.0,0.5,0.5,1.0,0.0,75,75
frozen,-1,gated,0.024,76,0.0,1.0,0.0,0.0,1.0,0.5,0.5,1.0,0.0,76,76
frozen,-1,gated,0.024,77,0.0,1.0,0.0,0.0,1.0,0.5,0.5,1.0,0.0,77,77
frozen,-1,gated,0.024,78,0.0,1.0,0.0,0.0,1.0,0.5,0.5,1.0,0.0,78,78
frozen,-1,gated,0.024,79,0.0,1.0,0.0,0.0,1.0,0.5,0.5,1.0,0.0,79,79
frozen,-1,gated,0.024,80,0.0,1.0,0.0,0.0,1.0,0.5,0.5,1.0,0.0,80,80
frozen,-1,accept_all,0.024,1,0.0,1.0,1.0,1.0,0.5,0.5,1.0,0.0,1.0,0,0
frozen,-1,accept_all,0.024,2,0.0,1.0,1.0,0.0,0.0,0.0,1.0,0.0,1.0,0,0
frozen,-1,accept_all,0.024,3,0.0,1.0,1.0,0.0,0.0,0.0,1.0,0.0,1.0,0,0
frozen,-1,accept_all,0.024,4,0.0,1.0,1.0,0.0,0.0,0.0,1.0,0.0,1.0,0,0
frozen,-1,accept_all,0.024,5,0.0,1.0,1.0,0.0,0.0,0.0,1.0,0.0,1.0,0,0
frozen,-1,accept_all,0.024,6,0.0,1.0,1.0,0.0,0.0,0.0,1.0,0.0,1.0,0,0
frozen,-1,accept_all,0.024,7,0.0,1.0,1.0,0.0,0.0,0.0,1.0,0.0,1.0,0,0
frozen,-1,accept_all,0.024,8,0.0,1.0,1.0,0.0,0.0,0.0,1.0,0.0,1.0,0,0
frozen,-1,accept_all,0.024,9,0.0,1.0,1.0,0.0,0.0,0.0,1.0,0.0,1.0,0,0
frozen,-1,accept_all,0.024,10,0.0,1.0,1.0,0.0,0.0,0.0,1.0,0.0,1.0,0,0
frozen,-1,accept_all,0.024,11,0.0,1.0,1.0,0.0,0.0,0.0,1.0,0.0,1.0,0,0
frozen,-1,accept_all,0.024,12,0.0,1.0,1.0,0.0,0.0,0.0,1.0,0.0,1.0,0,0
frozen,-1,accept_all,0.024,13,0.0,1.0,1.0,0.0,0.0,0.0,1.0,0.0,1.0,0,0
frozen,-1,accept_all,0.024,14,0.0,1.0,1.0,0.0,0.0,0.0,1.0,0.0,1.0,0,0
frozen,-1,accept_all,0.024,15,0.0,1.0,1.0,0.0,0.0,0.0,1.0,0.0,1.0,0,0
frozen,-1,accept_all,0.024,16,0.0,1.0,1.0,0.0,0.0,0.0,1.0,0.0,1.0,0,0
frozen,-1,accept_all,0.024,17,0.0,1.0,1.0,0.0,0.0,0.0,1.0,0.0,1.0,0,0
frozen,-1,accept_all,0.024,18,0.0,1.0,1.0,0.0,0.0,0.0,1.0,0.0,1.0,0,0
frozen,-1,accept_all,0.024,19,0.0,1.0,1.0,0.0,0.0,0.0,1.0,0.0,1.0,0,0
frozen,-1,accept_all,0.024,20,0.0,1.0,1.0,0.0,0.0,0.0,1.0,0.0,1.0,0,0
frozen,-1,accept_all,0.024,21,0.0,1.0,1.0,0.0,0.0,0.0,1.0,0.0,1.0,0,0
frozen,-1,accept_all,0.024,22,0.0,1.0,1.0,0.0,0.0,0.0,1.0,0.0,1.0,0,0
frozen,-1,accept_all,0.024,23,0.0,1.0,1.0,0.0,0.0,0.0,1.0,0.0,1.0,0,0
frozen,-1,accept_all,0.024,24,0.0,1.0,1.0,0.0,0.0,0.0,1.0,0.0,1.0,0,0
frozen,-1,accept_all,0.024,25,0.0,1.0,1.0,0.0,0.0,0.0,1.0,0.0,1.0,0,0
frozen,-1,accept_all,0.024,26,0.0,1.0,1.0,0.0,0.0,0.0,1.0,0.0,1.0,0,0
frozen,-1,accept_all,0.024,27,0.0,1.0,1.0,0.0,0.0,0.0,1.0,0.0,1.0,0,0
frozen,-1,accept_all,0.024,28,0.0,1.0,1.0,0.0,0.0,0.0,1.0,0.0,1.0,0,0
frozen,-1,accept_all,0.024,29,0.0,1.0,1.0,0.0,0.0,0.0,1.0,0.0,1.0,0,0
frozen,-1,accept_all,0.024,30,0.0,1.0,1.0,0.0,0.0,0.0,1.0,0.0,1.0,0,0
frozen,-1,accept_all,0.024,31,0.0,1.0,1.0,0.0,0.0,0.0,1.0,0.0,1.0,0,0
frozen,-1,accept_all,0.024,32,0.0,1.0,1.0,0.0,0.0,0.0,1.0,0.0,1.0,0,0
frozen,-1,accept_all,0.024,33,0.0,1.0,1.0,0.0,0.0,0.0,1.0,0.0,1.0,0,0
frozen,-1,accept_all,0.024,34,0.0,1.0,1.0,0.0,0.0,0.0,1.0,0.0,1.0,0,0
frozen,-1,accept_all,0.024,35,0.0,1.0,1.0,0.0,0.0,0.0,1.0,0.0,1.0,0,0
frozen,-1,accept_all,0.024,36,0.0,1.0,1.0,0.0,0.0,0.0,1.0,0.0,1.0,0,0
frozen,-1,accept_all,0.024,37,0.0,1.0,1.0,0.0,0.0,0.0,1.0,0.0,1.0,0,0
frozen,-1,accept_all,0.024,38,0.0,1.0,1.0,0.0,0.0,0.0,1.0,0.0,1.0,0,0
frozen,-1,accept_all,0.024,39,0.0,1.0,1.0,0.0,0.0,0.0,1.0,0.0,1.0,0,0
frozen,-1,accept_all,0.024,40,0.0,1.0,1.0,0.0,0.0,0.0,1.0,0.0,1.0,0,0
frozen,-1,accept_all,0.024,41,0.0,1.0,1.0,0.0,0.0,0.0,1.0,0.0,1.0,0,0
frozen,-1,accept_all,0.024,42,0.0,1.0,1.0,0.0,0.0,0.0,1.0,0.0,1.0,0,0
frozen,-1,accept_all,0.024,43,0.0,1.0,1.0,0.0,0.0,0.0,1.0,0.0,1.0,0,0
frozen,-1,accept_all,0.024,44,0.0,1.0,1.0,0.0,0.0,0.0,1.0,0.0,1.0,0,0
frozen,-1,accept_all,0.024,45,0.0,1.0,1.0,0.0,0.0,0.0,1.0,0.0,1.0,0,0
frozen,-1,accept_all,0.024,46,0.0,1.0,1.0,0.0,0.0,0.0,1.0,0.0,1.0,0,0
frozen,-1,accept_all,0.024,47,0.0,1.0,1.0,0.0,0.0,0.0,1.0,0.0,1.0,0,0
frozen,-1,accept_all,0.024,48,0.0,1.0,1.0,0.0,0.0,0.0,1.0,0.0,1.0,0,0
frozen,-1,accept_all,0.024,49,0.0,1.0,1.0,0.0,0.0,0.0,1.0,0.0,1.0,0,0
frozen,-1,accept_all,0.024,50,0.0,1.0,1.0,0.0,0.0,0.0,1.0,0.0,1.0,0,0
frozen,-1,accept_all,0.024,51,0.0,1.0,1.0,0.0,0.0,0.0,1.0,0.0,1.0,0,0
frozen,-1,accept_all,0.024,52,0.0,1.0,1.0,0.0,0.0,0.0,1.0,0.0,1.0,0,0
frozen,-1,accept_all,0.024,53,0.0,1.0,1.0,0.0,0.0,0.0,1.0,0.0,1.0,0,0
frozen,-1,accept_all,0.024,54,0.0,1.0,1.0,0.0,0.0,0.0,1.0,0.0,1.0,0,0
frozen,-1,accept_all,0.024,55,0.0,1.0,1.0,0.0,0.0,0.0,1.0,0.0,1.0,0,0
frozen,-1,accept_all,0.024,56,0.0,1.0,1.0,0.0,0.0,0.0,1.0,0.0,1.0,0,0
frozen,-1,accept_all,0.024,57,0.0,1.0,1.0,0.0,0.0,0.0,1.0,0.0,1.0,0,0
frozen,-1,accept_all,0.024,58,0.0,1.0,1.0,0.0,0.0,0.0,1.0,0.0,1.0,0,0
frozen,-1,accept_all,0.024,59,0.0,1.0,1.0,0.0,0.0,0.0,1.0,0.0,1.0,0,0
frozen,-1,accept_all,0.024,60,0.0,1.0,1.0,0.0,0.0,0.0,1.0,0.0,1.0,0,0
frozen,-1,accept_all,0.024,61,0.0,1.0,1.0,0.0,0.0,0.0,1.0,0.0,1.0,0,0
frozen,-1,accept_all,0.024,62,0.0,1.0,1.0,0.0,0.0,0.0,1.0,0.0,1.0,0,0
frozen,-1,accept_all,0.024,63,0.0,1.0,1.0,0.0,0.0,0.0,1.0,0.0,1.0,0,0
frozen,-1,accept_all,0.024,64,0.0,1.0,1.0,0.0,0.0,0.0,1.0,0.0,1.0,0,0
frozen,-1,accept_all,0.024,65,0.0,1.0,1.0,0.0,0.0,0.0,1.0,0.0,1.0,0,0
frozen,-1,accept_all,0.024,66,0.0,1.0,1.0,0.0,0.0,0.0,1.0,0.0,1.0,0,0
frozen,-1,accept_all,0.024,67,0.0,1.0,1.0,0.0,0.0,0.0,1.0,0.0,1.0,0,0
frozen,-1,accept_all,0.024,68,0.0,1.0,1.0,0.0,0.0,0.0,1.0,0.0,1.0,0,0
frozen,-1,accept_all,0.024,69,0.0,1.0,1.0,0.0,0.0,0.0,1.0,0.0,1.0,0,0
frozen,-1,accept_all,0.024,70,0.0,1.0,1.0,0.0,0.0,0.0,1.0,0.0,1.0,0,0
frozen,-1,accept_all,0.024,71,0.0,1.0,1.0,0.0,0.0,0.0,1.0,0.0,1.0,0,0
frozen,-1,accept_all,0.024,72,0.0,1.0,1.0,0.0,0.0,0.0,1.0,0.0,1.0,0,0
frozen,-1,accept_all,0.024,73,0.0,1.0,1.0,0.0,0.0,0.0,1.0,0.0,1.0,0,0
frozen,-1,accept_all,0.024,74,0.0,1.0,1.0,0.0,0.0,0.0,1.0,0.0,1.0,0,0
frozen,-1,accept_all,0.024,75,0.0,1.0,1.0,0.0,0.0,0.0,1.0,0.0,1.0,0,0
frozen,-1,accept_all,0.024,76,0.0,1.0,1.0,0.0,0.0,0.0,1.0,0.0,1.0,0,0
frozen,-1,accept_all,0.024,77,0.0,1.0,1.0,0.0,0.0,0.0,1.0,0.0,1.0,0,0
frozen,-1,accept_all,0.024,78,0.0,1.0,1.0,0.0,0.0,0.0,1.0,0.0,1.0,0,0
frozen,-1,accept_all,0.024,79,0.0,1.0,1.0,0.0,0.0,0.0,1.0,0.0,1.0,0,0
frozen,-1,accept_all,0.024,80,0.0,1.0,1.0,0.0,0.0,0.0,1.0,0.0,1.0,0,0
frozen,-1,reference_only,0.024,1,0.0,1.0,1.0,1.0,0.0,0.5,0.5,0.0,1.0,1,0
frozen,-1,reference_only,0.024,2,0.0,1.0,1.0,0.0,1.0,0.5,0.5,0.0,1.0,2,0
frozen,-1,reference_only,0.024,3,0.0,1.0,1.0,0.0,1.0,0.5,0.5,0.0,1.0,3,0
frozen,-1,reference_only,0.024,4,0.0,1.0,1.0,0.0,1.0,0.5,0.5,0.0,1.0,4,0
frozen,-1,reference_only,0.024,5,0.0,1.0,1.0,0.0,1.0,0.5,0.5,0.0,1.0,5,0
frozen,-1,reference_only,0.024,6,0.0,1.0,1.0,0.0,1.0,0.5,0.5,0.0,1.0,6,0
frozen,-1,reference_only,0.024,7,0.0,1.0,1.0,0.0,1.0,0.5,0.5,0.0,1.0,7,0
frozen,-1,reference_only,0.024,8,0.0,1.0,1.0,0.0,1.0,0.5,0.5,0.0,1.0,8,0
frozen,-1,reference_only,0.024,9,0.0,1.0,1.0,0.0,1.0,0.5,0.5,0.0,1.0,9,0
frozen,-1,reference_only,0.024,10,0.0,1.0,1.0,0.0,1.0,0.5,0.5,0.0,1.0,10,0
frozen,-1,reference_only,0.024,11,0.0,1.0,1.0,0.0,1.0,0.5,0.5,0.0,1.0,11,0
frozen,-1,reference_only,0.024,12,0.0,1.0,1.0,0.0,1.0,0.5,0.5,0.0,1.0,12,0
frozen,-1,reference_only,0.024,13,0.0,1.0,1.0,0.0,1.0,0.5,0.5,0.0,1.0,13,0
frozen,-1,reference_only,0.024,14,0.0,1.0,1.0,0.0,1.0,0.5,0.5,0.0,1.0,14,0
frozen,-1,reference_only,0.024,15,0.0,1.0,1.0,0.0,1.0,0.5,0.5,0.0,1.0,15,0
frozen,-1,reference_only,0.024,16,0.0,1.0,1.0,0.0,1.0,0.5,0.5,0.0,1.0,16,0
frozen,-1,reference_only,0.024,17,0.0,1.0,1.0,0.0,1.0,0.5,0.5,0.0,1.0,17,0
frozen,-1,reference_only,0.024,18,0.0,1.0,1.0,0.0,1.0,0.5,0.5,0.0,1.0,18,0
frozen,-1,reference_only,0.024,19,0.0,1.0,1.0,0.0,1.0,0.5,0.5,0.0,1.0,19,0
frozen,-1,reference_only,0.024,20,0.0,1.0,1.0,0.0,1.0,0.5,0.5,0.0,1.0,20,0
frozen,-1,reference_only,0.024,21,0.0,1.0,1.0,0.0,1.0,0.5,0.5,0.0,1.0,21,0
frozen,-1,reference_only,0.024,22,0.0,1.0,1.0,0.0,1.0,0.5,0.5,0.0,1.0,22,0
frozen,-1,reference_only,0.024,23,0.0,1.0,1.0,0.0,1.0,0.5,0.5,0.0,1.0,23,0
frozen,-1,reference_only,0.024,24,0.0,1.0,1.0,0.0,1.0,0.5,0.5,0.0,1.0,24,0
frozen,-1,reference_only,0.024,25,0.0,1.0,1.0,0.0,1.0,0.5,0.5,0.0,1.0,25,0
frozen,-1,reference_only,0.024,26,0.0,1.0,1.0,0.0,1.0,0.5,0.5,0.0,1.0,26,0
frozen,-1,reference_only,0.024,27,0.0,1.0,1.0,0.0,1.0,0.5,0.5,0.0,1.0,27,0
frozen,-1,reference_only,0.024,28,0.0,1.0,1.0,0.0,1.0,0.5,0.5,0.0,1.0,28,0
frozen,-1,reference_only,0.024,29,0.0,1.0,1.0,0.0,1.0,0.5,0.5,0.0,1.0,29,0
frozen,-1,reference_only,0.024,30,0.0,1.0,1.0,0.0,1.0,0.5,0.5,0.0,1.0,30,0
frozen,-1,reference_only,0.024,31,0.0,1.0,1.0,0.0,1.0,0.5,0.5,0.0,1.0,31,0
frozen,-1,reference_only,0.024,32,0.0,1.0,1.0,0.0,1.0,0.5,0.5,0.0,1.0,32,0
frozen,-1,reference_only,0.024,33,0.0,1.0,1.0,0.0,1.0,0.5,0.5,0.0,1.0,33,0
frozen,-1,reference_only,0.024,34,0.0,1.0,1.0,0.0,1.0,0.5,0.5,0.0,1.0,34,0
frozen,-1,reference_only,0.024,35,0.0,1.0,1.0,0.0,1.0,0.5,0.5,0.0,1.0,35,0
frozen,-1,reference_only,0.024,36,0.0,1.0,1.0,0.0,1.0,0.5,0.5,0.0,1.0,36,0
frozen,-1,reference_only,0.024,37,0.0,1.0,1.0,0.0,1.0,0.5,0.5,0.0,1.0,37,0
frozen,-1,reference_only,0.024,38,0.0,1.0,1.0,0.0,1.0,0.5,0.5,0.0,1.0,38,0
frozen,-1,reference_only,0.024,39,0.0,1.0,1.0,0.0,1.0,0.5,0.5,0.0,1.0,39,0
frozen,-1,reference_only,0.024,40,0.0,1.0,1.0,0.0,1.0,0.5,0.5,0.0,1.0,40,0
frozen,-1,reference_only,0.024,41,0.0,1.0,1.0,0.0,1.0,0.5,0.5,0.0,1.0,41,0
frozen,-1,reference_only,0.024,42,0.0,1.0,1.0,0.0,1.0,0.5,0.5,0.0,1.0,42,0
frozen,-1,reference_only,0.024,43,0.0,1.0,1.0,0.0,1.0,0.5,0.5,0.0,1.0,43,0
frozen,-1,reference_only,0.024,44,0.0,1.0,1.0,0.0,1.0,0.5,0.5,0.0,1.0,44,0
frozen,-1,reference_only,0.024,45,0.0,1.0,1.0,0.0,1.0,0.5,0.5,0.0,1.0,45,0
frozen,-1,reference_only,0.024,46,0.0,1.0,1.0,0.0,1.0,0.5,0.5,0.0,1.0,46,0
frozen,-1,reference_only,0.024,47,0.0,1.0,1.0,0.0,1.0,0.5,0.5,0.0,1.0,47,0
frozen,-1,reference_only,0.024,48,0.0,1.0,1.0,0.0,1.0,0.5,0.5,0.0,1.0,48,0
frozen,-1,reference_only,0.024,49,0.0,1.0,1.0,0.0,1.0,0.5,0.5,0.0,1.0,49,0
frozen,-1,reference_only,0.024,50,0.0,1.0,1.0,0.0,1.0,0.5,0.5,0.0,1.0,50,0
frozen,-1,reference_only,0.024,51,0.0,1.0,1.0,0.0,1.0,0.5,0.5,0.0,1.0,51,0
frozen,-1,reference_only,0.024,52,0.0,1.0,1.0,0.0,1.0,0.5,0.5,0.0,1.0,52,0
frozen,-1,reference_only,0.024,53,0.0,1.0,1.0,0.0,1.0,0.5,0.5,0.0,1.0,53,0
frozen,-1,reference_only,0.024,54,0.0,1.0,1.0,0.0,1.0,0.5,0.5,0.0,1.0,54,0
frozen,-1,reference_only,0.024,55,0.0,1.0,1.0,0.0,1.0,0.5,0.5,0.0,1.0,55,0
frozen,-1,reference_only,0.024,56,0.0,1.0,1.0,0.0,1.0,0.5,0.5,0.0,1.0,56,0
frozen,-1,reference_only,0.024,57,0.0,1.0,1.0,0.0,1.0,0.5,0.5,0.0,1.0,57,0
frozen,-1,reference_only,0.024,58,0.0,1.0,1.0,0.0,1.0,0.5,0.5,0.0,1.0,58,0
frozen,-1,reference_only,0.024,59,0.0,1.0,1.0,0.0,1.0,0.5,0.5,0.0,1.0,59,0
frozen,-1,reference_only,0.024,60,0.0,1.0,1.0,0.0,1.0,0.5,0.5,0.0,1.0,60,0
frozen,-1,reference_only,0.024,61,0.0,1.0,1.0,0.0,1.0,0.5,0.5,0.0,1.0,61,0
frozen,-1,reference_only,0.024,62,0.0,1.0,1.0,0.0,1.0,0.5,0.5,0.0,1.0,62,0
frozen,-1,reference_only,0.024,63,0.0,1.0,1.0,0.0,1.0,0.5,0.5,0.0,1.0,63,0
frozen,-1,reference_only,0.024,64,0.0,1.0,1.0,0.0,1.0,0.5,0.5,0.0,1.0,64,0
frozen,-1,reference_only,0.024,65,0.0,1.0,1.0,0.0,1.0,0.5,0.5,0.0,1.0,65,0
frozen,-1,reference_only,0.024,66,0.0,1.0,1.0,0.0,1.0,0.5,0.5,0.0,1.0,66,0
frozen,-1,reference_only,0.024,67,0.0,1.0,1.0,0.0,1.0,0.5,0.5,0.0,1.0,67,0
frozen,-1,reference_only,0.024,68,0.0,1.0,1.0,0.0,1.0,0.5,0.5,0.0,1.0,68,0
frozen,-1,reference_only,0.024,69,0.0,1.0,1.0,0.0,1.0,0.5,0.5,0.0,1.0,69,0
frozen,-1,reference_only,0.024,70,0.0,1.0,1.0,0.0,1.0,0.5,0.5,0.0,1.0,70,0
frozen,-1,reference_only,0.024,71,0.0,1.0,1.0,0.0,1.0,0.5,0.5,0.0,1.0,71,0
frozen,-1,reference_only,0.024,72,0.0,1.0,1.0,0.0,1.0,0.5,0.5,0.0,1.0,72,0
frozen,-1,reference_only,0.024,73,0.0,1.0,1.0,0.0,1.0,0.5,0.5,0.0,1.0,73,0
frozen,-1,reference_only,0.024,74,0.0,1.0,1.0,0.0,1.0,0.5,0.5,0.0,1.0,74,0
frozen,-1,reference_only,0.024,75,0.0,1.0,1.0,0.0,1.0,0.5,0.5,0.0,1.0,75,0
frozen,-1,reference_only,0.024,76,0.0,1.0,1.0,0.0,1.0,0.5,0.5,0.0,1.0,76,0
frozen,-1,reference_only,0.024,77,0.0,1.0,1.0,0.0,1.0,0.5,0.5,0.0,1.0,77,0
frozen,-1,reference_only,0.024,78,0.0,1.0,1.0,0.0,1.0,0.5,0.5,0.0,1.0,78,0
frozen,-1,reference_only,0.024,79,0.0,1.0,1.0,0.0,1.0,0.5,0.5,0.0,1.0,79,0
frozen,-1,reference_only,0.024,80,0.0,1.0,1.0,0.0,1.0,0.5,0.5,0.0,1.0,80,0
frozen,-1,gated,0.026,1,0.0,1.0,0.0,0.0,1.0,0.5,0.5,1.0,0.0,1,1
frozen,-1,gated,0.026,2,0.0,1.0,0.0,0.0,1.0,0.5,0.5,1.0,0.0,2,2
frozen,-1,gated,0.026,3,0.0,1.0,0.0,0.0,1.0,0.5,0.5,1.0,0.0,3,3
frozen,-1,gated,0.026,4,0.0,1.0,0.0,0.0,1.0,0.5,0.5,1.0,0.0,4,4
frozen,-1,gated,0.026,5,0.0,1.0,0.0,0.0,1.0,0.5,0.5,1.0,0.0,5,5
frozen,-1,gated,0.026,6,0.0,1.0,0.0,0.0,1.0,0.5,0.5,1.0,0.0,6,6
frozen,-1,gated,0.026,7,0.0,1.0,0.0,0.0,1.0,0.5,0.5,1.0,0.0,7,7
frozen,-1,gated,0.026,8,0.0,1.0,0.0,0.0,1.0,0.5,0.5,1.0,0.0,8,8
frozen,-1,gated,0.026,9,0.0,1.0,0.0,0.0,1.0,0.5,0.5,1.0,0.0,9,9
frozen,-1,gated,0.026,10,0.0,1.0,0.0,0.0,1.0,0.5,0.5,1.0,0.0,10,10
frozen,-1,gated,0.026,11,0.0,1.0,0.0,0.0,1.0,0.5,0.5,1.0,0.0,11,11
frozen,-1,gated,0.026,12,0.0,1.0,0.0,0.0,1.0,0.5,0.5,1.0,0.0,12,12
frozen,-1,gated,0.026,13,0.0,1.0,0.0,0.0,1.0,0.5,0.5,1.0,0.0,13,13
frozen,-1,gated,0.026,14,0.0,1.0,0.0,0.0,1.0,0.5,0.5,1.0,0.0,14,14
frozen,-1,gated,0.026,15,0.0,1.0,0.0,0.0,1.0,0.5,0.5,1.0,0.0,15,15
frozen,-1,gated,0.026,16,0.0,1.0,0.0,0.0,1.0,0.5,0.5,1.0,0.0,16,16
frozen,-1,gated,0.026,17,0.0,1.0,0.0,0.0,1.0,0.5,0.5,1.0,0.0,17,17
frozen,-1,gated,0.026,18,0.0,1.0,0.0,0.0,1.0,0.5,0.5,1.0,0.0,18,18
frozen,-1,gated,0.026,19,0.0,1.0,0.0,0.0,1.0,0.5,0.5,1.0,0.0,19,19
frozen,-1,gated,0.026,20,0.0,1.0,0.0,0.0,1.0,0.5,0.5,1.0,0.0,20,20
frozen,-1,gated,0.026,21,0.0,1.0,0.0,0.0,1.0,0.5,0.5,1.0,0.0,21,21
frozen,-1,gated,0.026,22,0.0,1.0,0.0,0.0,1.0,0.5,0.5,1.0,0.0,22,22
frozen,-1,gated,0.026,23,0.0,1.0,0.0,0.0,1.0,0.5,0.5,1.0,0.0,23,23
frozen,-1,gated,0.026,24,0.0,1.0,0.0,0.0,1.0,0.5,0.5,1.0,0.0,24,24
frozen,-1,gated,0.026,25,0.0,1.0,0.0,0.0,1.0,0.5,0.5,1.0,0.0,25,25
frozen,-1,gated,0.026,26,0.0,1.0,0.0,0.0,1.0,0.5,0.5,1.0,0.0,26,26
frozen,-1,gated,0.026,27,0.0,1.0,0.0,0.0,1.0,0.5,0.5,1.0,0.0,27,27
frozen,-1,gated,0.026,28,0.0,1.0,0.0,0.0,1.0,0.5,0.5,1.0,0.0,28,28
frozen,-1,gated,0.026,29,0.0,1.0,0.0,0.0,1.0,0.5,0.5,1.0,0.0,29,29
frozen,-1,gated,0.026,30,0.0,1.0,0.0,0.0,1.0,0.5,0.5,1.0,0.0,30,30
frozen,-1,gated,0.026,31,0.0,1.0,0.0,0.0,1.0,0.5,0.5,1.0,0.0,31,31
frozen,-1,gated,0.026,32,0.0,1.0,0.0,0.0,1.0,0.5,0.5,1.0,0.0,32,32
frozen,-1,gated,0.026,33,0.0,1.0,0.0,0.0,1.0,0.5,0.5,1.0,0.0,33,33
frozen,-1,gated,0.026,34,0.0,1.0,0.0,0.0,1.0,0.5,0.5,1.0,0.0,34,34
frozen,-1,gated,0.026,35,0.0,1.0,0.0,0.0,1.0,0.5,0.5,1.0,0.0,35,35
frozen,-1,gated,0.026,36,0.0,1.0,0.0,0.0,1.0,0.5,0.5,1.0,0.0,36,36
frozen,-1,gated,0.026,37,0.0,1.0,0.0,0.0,1.0,0.5,0.5,1.0,0.0,37,37
frozen,-1,gated,0.026,38,0.0,1.0,0.0,0.0,1.0,0.5,0.5,1.0,0.0,38,38
frozen,-1,gated,0.026,39,0.0,1.0,0.0,0.0,1.0,0.5,0.5,1.0,0.0,39,39
frozen,-1,gated,0.026,40,0.0,1.0,0.0,0.0,1.0,0.5,0.5,1.0,0.0,40,40
frozen,-1,gated,0.026,41,0.0,1.0,0.0,0.0,1.0,0.5,0.5,1.0,0.0,41,41
frozen,-1,gated,0.026,42,0.0,1.0,0.0,0.0,1.0,0.5,0.5,1.0,0.0,42,42
frozen,-1,gated,0.026,43,0.0,1.0,0.0,0.0,1.0,0.5,0.5,1.0,0.0,43,43
frozen,-1,gated,0.026,44,0.0,1.0,0.0,0.0,1.0,0.5,0.5,1.0,0.0,44,44
frozen,-1,gated,0.026,45,0.0,1.0,0.0,0.0,1.0,0.5,0.5,1.0,0.0,45,45
frozen,-1,gated,0.026,46,0.0,1.0,0.0,0.0,1.0,0.5,0.5,1.0,0.0,46,46
frozen,-1,gated,0.026,47,0.0,1.0,0.0,0.0,1.0,0.5,0.5,1.0,0.0,47,47
frozen,-1,gated,0.026,48,0.0,1.0,0.0,0.0,1.0,0.5,0.5,1.0,0.0,48,48
frozen,-1,gated,0.026,49,0.0,1.0,0.0,0.0,1.0,0.5,0.5,1.0,0.0,49,49
frozen,-1,gated,0.026,50,0.0,1.0,0.0,0.0,1.0,0.5,0.5,1.0,0.0,50,50
frozen,-1,gated,0.026,51,0.0,1.0,0.0,0.0,1.0,0.5,0.5,1.0,0.0,51,51
frozen,-1,gated,0.026,52,0.0,1.0,0.0,0.0,1.0,0.5,0.5,1.0,0.0,52,52
frozen,-1,gated,0.026,53,0.0,1.0,0.0,0.0,1.0,0.5,0.5,1.0,0.0,53,53
frozen,-1,gated,0.026,54,0.0,1.0,0.0,0.0,1.0,0.5,0.5,1.0,0.0,54,54
frozen,-1,gated,0.026,55,0.0,1.0,0.0,0.0,1.0,0.5,0.5,1.0,0.0,55,55
frozen,-1,gated,0.026,56,0.0,1.0,0.0,0.0,1.0,0.5,0.5,1.0,0.0,56,56
frozen,-1,gated,0.026,57,0.0,1.0,0.0,0.0,1.0,0.5,0.5,1.0,0.0,57,57
frozen,-1,gated,0.026,58,0.0,1.0,0.0,0.0,1.0,0.5,0.5,1.0,0.0,58,58
frozen,-1,gated,0.026,59,0.0,1.0,0.0,0.0,1.0,0.5,0.5,1.0,0.0,59,59
frozen,-1,gated,0.026,60,0.0,1.0,0.0,0.0,1.0,0.5,0.5,1.0,0.0,60,60
frozen,-1,gated,0.026,61,0.0,1.0,0.0,0.0,1.0,0.5,0.5,1.0,0.0,61,61
frozen,-1,gated,0.026,62,0.0,1.0,0.0,0.0,1.0,0.5,0.5,1.0,0.0,62,62
frozen,-1,gated,0.026,63,0.0,1.0,0.0,0.0,1.0,0.5,0.5,1.0,0.0,63,63
frozen,-1,gated,0.026,64,0.0,1.0,0.0,0.0,1.0,0.5,0.5,1.0,0.0,64,64
frozen,-1,gated,0.026,65,0.0,1.0,0.0,0.0,1.0,0.5,0.5,1.0,0.0,65,65
frozen,-1,gated,0.026,66,0.0,1.0,0.0,0.0,1.0,0.5,0.5,1.0,0.0,66,66
frozen,-1,gated,0.026,67,0.0,1.0,0.0,0.0,1.0,0.5,0.5,1.0,0.0,67,67
frozen,-1,gated,0.026,68,0.0,1.0,0.0,0.0,1.0,0.5,0.5,1.0,0.0,68,68
frozen,-1,gated,0.026,69,0.0,1.0,0.0,0.0,1.0,0.5,0.5,1.0,0.0,69,69
frozen,-1,gated,0.026,70,0.0,1.0,0.0,0.0,1.0,0.5,0.5,1.0,0.0,70,70
frozen,-1,gated,0.026,71,0.0,1.0,0.0,0.0,1.0,0.5,0.5,1.0,0.0,71,71
frozen,-1,gated,0.026,72,0.0,1.0,0.0,0.0,1.0,0.5,0.5,1.0,0.0,72,72
frozen,-1,gated,0.026,73,0.0,1.0,0.0,0.0,1.0,0.5,0.5,1.0,0.0,73,73
frozen,-1,gated,0.026,74,0.0,1.0,0.0,0.0,1.0,0.5,0.5,1.0,0.0,74,74
frozen,-1,gated,0.026,75,0.0,1.0,0.0,0.0,1.0,0.5,0.5,1.0,0.0,75,75
frozen,-1,gated,0.026,76,0.0,1.0,0.0,0.0,1.0,0.5,0.5,1.0,0.0,76,76
frozen,-1,gated,0.026,77,0.0,1.0,0.0,0.0,1.0,0.5,0.5,1.0,0.0,77,77
frozen,-1,gated,0.026,78,0.0,1.0,0.0,0.0,1.0,0.5,0.5,1.0,0.0,78,78
frozen,-1,gated,0.026,79,0.0,1.0,0.0,0.0,1.0,0.5,0.5,1.0,0.0,79,79
frozen,-1,gated,0.026,80,0.0,1.0,0.0,0.0,1.0,0.5,0.5,1.0,0.0,80,80
frozen,-1,accept_all,0.026,1,0.0,1.0,1.0,1.0,0.5,0.5,1.0,0.0,1.0,0,0
frozen,-1,accept_all,0.026,2,0.0,1.0,1.0,0.0,0.0,0.0,1.0,0.0,1.0,0,0
frozen,-1,accept_all,0.026,3,0.0,1.0,1.0,0.0,0.0,0.0,1.0,0.0,1.0,0,0
frozen,-1,accept_all,0.026,4,0.0,1.0,1.0,0.0,0.0,0.0,1.0,0.0,1.0,0,0
frozen,-1,accept_all,0.026,5,0.0,1.0,1.0,0.0,0.0,0.0,1.0,0.0,1.0,0,0
frozen,-1,accept_all,0.026,6,0.0,1.0,1.0,0.0,0.0,0.0,1.0,0.0,1.0,0,0
frozen,-1,accept_all,0.026,7,0.0,1.0,1.0,0.0,0.0,0.0,1.0,0.0,1.0,0,0
frozen,-1,accept_all,0.026,8,0.0,1.0,1.0,0.0,0.0,0.0,1.0,0.0,1.0,0,0
frozen,-1,accept_all,0.026,9,0.0,1.0,1.0,0.0,0.0,0.0,1.0,0.0,1.0,0,0
frozen,-1,accept_all,0.026,10,0.0,1.0,1.0,0.0,0.0,0.0,1.0,0.0,1.0,0,0
frozen,-1,accept_all,0.026,11,0.0,1.0,1.0,0.0,0.0,0.0,1.0,0.0,1.0,0,0
frozen,-1,accept_all,0.026,12,0.0,1.0,1.0,0.0,0.0,0.0,1.0,0.0,1.0,0,0
frozen,-1,accept_all,0.026,13,0.0,1.0,1.0,0.0,0.0,0.0,1.0,0.0,1.0,0,0
frozen,-1,accept_all,0.026,14,0.0,1.0,1.0,0.0,0.0,0.0,1.0,0.0,1.0,0,0
frozen,-1,accept_all,0.026,15,0.0,1.0,1.0,0.0,0.0,0.0,1.0,0.0,1.0,0,0
frozen,-1,accept_all,0.026,16,0.0,1.0,1.0,0.0,0.0,0.0,1.0,0.0,1.0,0,0
frozen,-1,accept_all,0.026,17,0.0,1.0,1.0,0.0,0.0,0.0,1.0,0.0,1.0,0,0
frozen,-1,accept_all,0.026,18,0.0,1.0,1.0,0.0,0.0,0.0,1.0,0.0,1.0,0,0
frozen,-1,accept_all,0.026,19,0.0,1.0,1.0,0.0,0.0,0.0,1.0,0.0,1.0,0,0
frozen,-1,accept_all,0.026,20,0.0,1.0,1.0,0.0,0.0,0.0,1.0,0.0,1.0,0,0
frozen,-1,accept_all,0.026,21,0.0,1.0,1.0,0.0,0.0,0.0,1.0,0.0,1.0,0,0
frozen,-1,accept_all,0.026,22,0.0,1.0,1.0,0.0,0.0,0.0,1.0,0.0,1.0,0,0
frozen,-1,accept_all,0.026,23,0.0,1.0,1.0,0.0,0.0,0.0,1.0,0.0,1.0,0,0
frozen,-1,accept_all,0.026,24,0.0,1.0,1.0,0.0,0.0,0.0,1.0,0.0,1.0,0,0
frozen,-1,accept_all,0.026,25,0.0,1.0,1.0,0.0,0.0,0.0,1.0,0.0,1.0,0,0
frozen,-1,accept_all,0.026,26,0.0,1.0,1.0,0.0,0.0,0.0,1.0,0.0,1.0,0,0
frozen,-1,accept_all,0.026,27,0.0,1.0,1.0,0.0,0.0,0.0,1.0,0.0,1.0,0,0
frozen,-1,accept_all,0.026,28,0.0,1.0,1.0,0.0,0.0,0.0,1.0,0.0,1.0,0,0
frozen,-1,accept_all,0.026,29,0.0,1.0,1.0,0.0,0.0,0.0,1.0,0.0,1.0,0,0
frozen,-1,accept_all,0.026,30,0.0,1.0,1.0,0.0,0.0,0.0,1.0,0.0,1.0,0,0
frozen,-1,accept_all,0.026,31,0.0,1.0,1.0,0.0,0.0,0.0,1.0,0.0,1.0,0,0
frozen,-1,accept_all,0.026,32,0.0,1.0,1.0,0.0,0.0,0.0,1.0,0.0,1.0,0,0
frozen,-1,accept_all,0.026,33,0.0,1.0,1.0,0.0,0.0,0.0,1.0,0.0,1.0,0,0
frozen,-1,accept_all,0.026,34,0.0,1.0,1.0,0.0,0.0,0.0,1.0,0.0,1.0,0,0
frozen,-1,accept_all,0.026,35,0.0,1.0,1.0,0.0,0.0,0.0,1.0,0.0,1.0,0,0
frozen,-1,accept_all,0.026,36,0.0,1.0,1.0,0.0,0.0,0.0,1.0,0.0,1.0,0,0
frozen,-1,accept_all,0.026,37,0.0,1.0,1.0,0.0,0.0,0.0,1.0,0.0,1.0,0,0
frozen,-1,accept_all,0.026,38,0.0,1.0,1.0,0.0,0.0,0.0,1.0,0.0,1.0,0,0
frozen,-1,accept_all,0.026,39,0.0,1.0,1.0,0.0,0.0,0.0,1.0,0.0,1.0,0,0
frozen,-1,accept_all,0.026,40,0.0,1.0,1.0,0.0,0.0,0.0,1.0,0.0,1.0,0,0
frozen,-1,accept_all,0.026,41,0.0,1.0,1.0,0.0,0.0,0.0,1.0,0.0,1.0,0,0
frozen,-1,accept_all,0.026,42,0.0,1.0,1.0,0.0,0.0,0.0,1.0,0.0,1.0,0,0
frozen,-1,accept_all,0.026,43,0.0,1.0,1.0,0.0,0.0,0.0,1.0,0.0,1.0,0,0
frozen,-1,accept_all,0.026,44,0.0,1.0,1.0,0.0,0.0,0.0,1.0,0.0,1.0,0,0
frozen,-1,accept_all,0.026,45,0.0,1.0,1.0,0.0,0.0,0.0,1.0,0.0,1.0,0,0
frozen,-1,accept_all,0.026,46,0.0,1.0,1.0,0.0,0.0,0.0,1.0,0.0,1.0,0,0
frozen,-1,accept_all,0.026,47,0.0,1.0,1.0,0.0,0.0,0.0,1.0,0.0,1.0,0,0
frozen,-1,accept_all,0.026,48,0.0,1.0,1.0,0.0,0.0,0.0,1.0,0.0,1.0,0,0
frozen,-1,accept_all,0.026,49,0.0,1.0,1.0,0.0,0.0,0.0,1.0,0.0,1.0,0,0
frozen,-1,accept_all,0.026,50,0.0,1.0,1.0,0.0,0.0,0.0,1.0,0.0,1.0,0,0
frozen,-1,accept_all,0.026,51,0.0,1.0,1.0,0.0,0.0,0.0,1.0,0.0,1.0,0,0
frozen,-1,accept_all,0.026,52,0.0,1.0,1.0,0.0,0.0,0.0,1.0,0.0,1.0,0,0
frozen,-1,accept_all,0.026,53,0.0,1.0,1.0,0.0,0.0,0.0,1.0,0.0,1.0,0,0
frozen,-1,accept_all,0.026,54,0.0,1.0,1.0,0.0,0.0,0.0,1.0,0.0,1.0,0,0
frozen,-1,accept_all,0.026,55,0.0,1.0,1.0,0.0,0.0,0.0,1.0,0.0,1.0,0,0
frozen,-1,accept_all,0.026,56,0.0,1.0,1.0,0.0,0.0,0.0,1.0,0.0,1.0,0,0
frozen,-1,accept_all,0.026,57,0.0,1.0,1.0,0.0,0.0,0.0,1.0,0.0,1.0,0,0
frozen,-1,accept_all,0.026,58,0.0,1.0,1.0,0.0,0.0,0.0,1.0,0.0,1.0,0,0
frozen,-1,accept_all,0.026,59,0.0,1.0,1.0,0.0,0.0,0.0,1.0,0.0,1.0,0,0
frozen,-1,accept_all,0.026,60,0.0,1.0,1.0,0.0,0.0,0.0,1.0,0.0,1.0,0,0
frozen,-1,accept_all,0.026,61,0.0,1.0,1.0,0.0,0.0,0.0,1.0,0.0,1.0,0,0
frozen,-1,accept_all,0.026,62,0.0,1.0,1.0,0.0,0.0,0.0,1.0,0.0,1.0,0,0
frozen,-1,accept_all,0.026,63,0.0,1.0,1.0,0.0,0.0,0.0,1.0,0.0,1.0,0,0
frozen,-1,accept_all,0.026,64,0.0,1.0,1.0,0.0,0.0,0.0,1.0,0.0,1.0,0,0
frozen,-1,accept_all,0.026,65,0.0,1.0,1.0,0.0,0.0,0.0,1.0,0.0,1.0,0,0
frozen,-1,accept_all,0.026,66,0.0,1.0,1.0,0.0,0.0,0.0,1.0,0.0,1.0,0,0
frozen,-1,accept_all,0.026,67,0.0,1.0,1.0,0.0,0.0,0.0,1.0,0.0,1.0,0,0
frozen,-1,accept_all,0.026,68,0.0,1.0,1.0,0.0,0.0,0.0,1.0,0.0,1.0,0,0
frozen,-1,accept_all,0.026,69,0.0,1.0,1.0,0.0,0.0,0.0,1.0,0.0,1.0,0,0
frozen,-1,accept_all,0.026,70,0.0,1.0,1.0,0.0,0.0,0.0,1.0,0.0,1.0,0,0
frozen,-1,accept_all,0.026,71,0.0,1.0,1.0,0.0,0.0,0.0,1.0,0.0,1.0,0,0
frozen,-1,accept_all,0.026,72,0.0,1.0,1.0,0.0,0.0,0.0,1.0,0.0,1.0,0,0
frozen,-1,accept_all,0.026,73,0.0,1.0,1.0,0.0,0.0,0.0,1.0,0.0,1.0,0,0
frozen,-1,accept_all,0.026,74,0.0,1.0,1.0,0.0,0.0,0.0,1.0,0.0,1.0,0,0
frozen,-1,accept_all,0.026,75,0.0,1.0,1.0,0.0,0.0,0.0,1.0,0.0,1.0,0,0
frozen,-1,accept_all,0.026,76,0.0,1.0,1.0,0.0,0.0,0.0,1.0,0.0,1.0,0,0
frozen,-1,accept_all,0.026,77,0.0,1.0,1.0,0.0,0.0,0.0,1.0,0.0,1.0,0,0
frozen,-1,accept_all,0.026,78,0.0,1.0,1.0,0.0,0.0,0.0,1.0,0.0,1.0,0,0
frozen,-1,accept_all,0.026,79,0.0,1.0,1.0,0.0,0.0,0.0,1.0,0.0,1.0,0,0
frozen,-1,accept_all,0.026,80,0.0,1.0,1.0,0.0,0.0,0.0,1.0,0.0,1.0,0,0
frozen,-1,reference_only,0.026,1,0.0,1.0,1.0,1.0,0.0,0.5,0.5,0.0,1.0,1,0
frozen,-1,reference_only,0.026,2,0.0,1.0,1.0,0.0,1.0,0.5,0.5,0.0,1.0,2,0
frozen,-1,reference_only,0.026,3,0.0,1.0,1.0,0.0,1.0,0.5,0.5,0.0,1.0,3,0
frozen,-1,reference_only,0.026,4,0.0,1.0,1.0,0.0,1.0,0.5,0.5,0.0,1.0,4,0
frozen,-1,reference_only,0.026,5,0.0,1.0,1.0,0.0,1.0,0.5,0.5,0.0,1.0,5,0
frozen,-1,reference_only,0.026,6,0.0,1.0,1.0,0.0,1.0,0.5,0.5,0.0,1.0,6,0
frozen,-1,reference_only,0.026,7,0.0,1.0,1.0,0.0,1.0,0.5,0.5,0.0,1.0,7,0
frozen,-1,reference_only,0.026,8,0.0,1.0,1.0,0.0,1.0,0.5,0.5,0.0,1.0,8,0
frozen,-1,reference_only,0.026,9,0.0,1.0,1.0,0.0,1.0,0.5,0.5,0.0,1.0,9,0
frozen,-1,reference_only,0.026,10,0.0,1.0,1.0,0.0,1.0,0.5,0.5,0.0,1.0,10,0
frozen,-1,reference_only,0.026,11,0.0,1.0,1.0,0.0,1.0,0.5,0.5,0.0,1.0,11,0
frozen,-1,reference_only,0.026,12,0.0,1.0,1.0,0.0,1.0,0.5,0.5,0.0,1.0,12,0
frozen,-1,reference_only,0.026,13,0.0,1.0,1.0,0.0,1.0,0.5,0.5,0.0,1.0,13,0
frozen,-1,reference_only,0.026,14,0.0,1.0,1.0,0.0,1.0,0.5,0.5,0.0,1.0,14,0
frozen,-1,reference_only,0.026,15,0.0,1.0,1.0,0.0,1.0,0.5,0.5,0.0,1.0,15,0
frozen,-1,reference_only,0.026,16,0.0,1.0,1.0,0.0,1.0,0.5,0.5,0.0,1.0,16,0
frozen,-1,reference_only,0.026,17,0.0,1.0,1.0,0.0,1.0,0.5,0.5,0.0,1.0,17,0
frozen,-1,reference_only,0.026,18,0.0,1.0,1.0,0.0,1.0,0.5,0.5,0.0,1.0,18,0
frozen,-1,reference_only,0.026,19,0.0,1.0,1.0,0.0,1.0,0.5,0.5,0.0,1.0,19,0
frozen,-1,reference_only,0.026,20,0.0,1.0,1.0,0.0,1.0,0.5,0.5,0.0,1.0,20,0
frozen,-1,reference_only,0.026,21,0.0,1.0,1.0,0.0,1.0,0.5,0.5,0.0,1.0,21,0
frozen,-1,reference_only,0.026,22,0.0,1.0,1.0,0.0,1.0,0.5,0.5,0.0,1.0,22,0
frozen,-1,reference_only,0.026,23,0.0,1.0,1.0,0.0,1.0,0.5,0.5,0.0,1.0,23,0
frozen,-1,reference_only,0.026,24,0.0,1.0,1.0,0.0,1.0,0.5,0.5,0.0,1.0,24,0
frozen,-1,reference_only,0.026,25,0.0,1.0,1.0,0.0,1.0,0.5,0.5,0.0,1.0,25,0
frozen,-1,reference_only,0.026,26,0.0,1.0,1.0,0.0,1.0,0.5,0.5,0.0,1.0,26,0
frozen,-1,reference_only,0.026,27,0.0,1.0,1.0,0.0,1.0,0.5,0.5,0.0,1.0,27,0
frozen,-1,reference_only,0.026,28,0.0,1.0,1.0,0.0,1.0,0.5,0.5,0.0,1.0,28,0
frozen,-1,reference_only,0.026,29,0.0,1.0,1.0,0.0,1.0,0.5,0.5,0.0,1.0,29,0
frozen,-1,reference_only,0.026,30,0.0,1.0,1.0,0.0,1.0,0.5,0.5,0.0,1.0,30,0
frozen,-1,reference_only,0.026,31,0.0,1.0,1.0,0.0,1.0,0.5,0.5,0.0,1.0,31,0
frozen,-1,reference_only,0.026,32,0.0,1.0,1.0,0.0,1.0,0.5,0.5,0.0,1.0,32,0
frozen,-1,reference_only,0.026,33,0.0,1.0,1.0,0.0,1.0,0.5,0.5,0.0,1.0,33,0
frozen,-1,reference_only,0.026,34,0.0,1.0,1.0,0.0,1.0,0.5,0.5,0.0,1.0,34,0
frozen,-1,reference_only,0.026,35,0.0,1.0,1.0,0.0,1.0,0.5,0.5,0.0,1.0,35,0
frozen,-1,reference_only,0.026,36,0.0,1.0,1.0,0.0,1.0,0.5,0.5,0.0,1.0,36,0
frozen,-1,reference_only,0.026,37,0.0,1.0,1.0,0.0,1.0,0.5,0.5,0.0,1.0,37,0
frozen,-1,reference_only,0.026,38,0.0,1.0,1.0,0.0,1.0,0.5,0.5,0.0,1.0,38,0
frozen,-1,reference_only,0.026,39,0.0,1.0,1.0,0.0,1.0,0.5,0.5,0.0,1.0,39,0
frozen,-1,reference_only,0.026,40,0.0,1.0,1.0,0.0,1.0,0.5,0.5,0.0,1.0,40,0
frozen,-1,reference_only,0.026,41,0.0,1.0,1.0,0.0,1.0,0.5,0.5,0.0,1.0,41,0
frozen,-1,reference_only,0.026,42,0.0,1.0,1.0,0.0,1.0,0.5,0.5,0.0,1.0,42,0
frozen,-1,reference_only,0.026,43,0.0,1.0,1.0,0.0,1.0,0.5,0.5,0.0,1.0,43,0
frozen,-1,reference_only,0.026,44,0.0,1.0,1.0,0.0,1.0,0.5,0.5,0.0,1.0,44,0
frozen,-1,reference_only,0.026,45,0.0,1.0,1.0,0.0,1.0,0.5,0.5,0.0,1.0,45,0
frozen,-1,reference_only,0.026,46,0.0,1.0,1.0,0.0,1.0,0.5,0.5,0.0,1.0,46,0
frozen,-1,reference_only,0.026,47,0.0,1.0,1.0,0.0,1.0,0.5,0.5,0.0,1.0,47,0
frozen,-1,reference_only,0.026,48,0.0,1.0,1.0,0.0,1.0,0.5,0.5,0.0,1.0,48,0
frozen,-1,reference_only,0.026,49,0.0,1.0,1.0,0.0,1.0,0.5,0.5,0.0,1.0,49,0
frozen,-1,reference_only,0.026,50,0.0,1.0,1.0,0.0,1.0,0.5,0.5,0.0,1.0,50,0
frozen,-1,reference_only,0.026,51,0.0,1.0,1.0,0.0,1.0,0.5,0.5,0.0,1.0,51,0
frozen,-1,reference_only,0.026,52,0.0,1.0,1.0,0.0,1.0,0.5,0.5,0.0,1.0,52,0
frozen,-1,reference_only,0.026,53,0.0,1.0,1.0,0.0,1.0,0.5,0.5,0.0,1.0,53,0
frozen,-1,reference_only,0.026,54,0.0,1.0,1.0,0.0,1.0,0.5,0.5,0.0,1.0,54,0
frozen,-1,reference_only,0.026,55,0.0,1.0,1.0,0.0,1.0,0.5,0.5,0.0,1.0,55,0
frozen,-1,reference_only,0.026,56,0.0,1.0,1.0,0.0,1.0,0.5,0.5,0.0,1.0,56,0
frozen,-1,reference_only,0.026,57,0.0,1.0,1.0,0.0,1.0,0.5,0.5,0.0,1.0,57,0
frozen,-1,reference_only,0.026,58,0.0,1.0,1.0,0.0,1.0,0.5,0.5,0.0,1.0,58,0
frozen,-1,reference_only,0.026,59,0.0,1.0,1.0,0.0,1.0,0.5,0.5,0.0,1.0,59,0
frozen,-1,reference_only,0.026,60,0.0,1.0,1.0,0.0,1.0,0.5,0.5,0.0,1.0,60,0
frozen,-1,reference_only,0.026,61,0.0,1.0,1.0,0.0,1.0,0.5,0.5,0.0,1.0,61,0
frozen,-1,reference_only,0.026,62,0.0,1.0,1.0,0.0,1.0,0.5,0.5,0.0,1.0,62,0
frozen,-1,reference_only,0.026,63,0.0,1.0,1.0,0.0,1.0,0.5,0.5,0.0,1.0,63,0
frozen,-1,reference_only,0.026,64,0.0,1.0,1.0,0.0,1.0,0.5,0.5,0.0,1.0,64,0
frozen,-1,reference_only,0.026,65,0.0,1.0,1.0,0.0,1.0,0.5,0.5,0.0,1.0,65,0
frozen,-1,reference_only,0.026,66,0.0,1.0,1.0,0.0,1.0,0.5,0.5,0.0,1.0,66,0
frozen,-1,reference_only,0.026,67,0.0,1.0,1.0,0.0,1.0,0.5,0.5,0.0,1.0,67,0
frozen,-1,reference_only,0.026,68,0.0,1.0,1.0,0.0,1.0,0.5,0.5,0.0,1.0,68,0
frozen,-1,reference_only,0.026,69,0.0,1.0,1.0,0.0,1.0,0.5,0.5,0.0,1.0,69,0
frozen,-1,reference_only,0.026,70,0.0,1.0,1.0,0.0,1.0,0.5,0.5,0.0,1.0,70,0
frozen,-1,reference_only,0.026,71,0.0,1.0,1.0,0.0,1.0,0.5,0.5,0.0,1.0,71,0
frozen,-1,reference_only,0.026,72,0.0,1.0,1.0,0.0,1.0,0.5,0.5,0.0,1.0,72,0
frozen,-1,reference_only,0.026,73,0.0,1.0,1.0,0.0,1.0,0.5,0.5,0.0,1.0,73,0
frozen,-1,reference_only,0.026,74,0.0,1.0,1.0,0.0,1.0,0.5,0.5,0.0,1.0,74,0
frozen,-1,reference_only,0.026,75,0.0,1.0,1.0,0.0,1.0,0.5,0.5,0.0,1.0,75,0
frozen,-1,reference_only,0.026,76,0.0,1.0,1.0,0.0,1.0,0.5,0.5,0.0,1.0,76,0
frozen,-1,reference_only,0.026,77,0.0,1.0,1.0,0.0,1.0,0.5,0.5,0.0,1.0,77,0
frozen,-1,reference_only,0.026,78,0.0,1.0,1.0,0.0,1.0,0.5,0.5,0.0,1.0,78,0
frozen,-1,reference_only,0.026,79,0.0,1.0,1.0,0.0,1.0,0.5,0.5,0.0,1.0,79,0
frozen,-1,reference_only,0.026,80,0.0,1.0,1.0,0.0,1.0,0.5,0.5,0.0,1.0,80,0
frozen,-1,gated,0.05,1,0.0,1.0,0.0,0.0,1.0,0.5,0.5,1.0,0.0,1,1
frozen,-1,gated,0.05,2,0.0,1.0,0.0,0.0,1.0,0.5,0.5,1.0,0.0,2,2
frozen,-1,gated,0.05,3,0.0,1.0,0.0,0.0,1.0,0.5,0.5,1.0,0.0,3,3
frozen,-1,gated,0.05,4,0.0,1.0,0.0,0.0,1.0,0.5,0.5,1.0,0.0,4,4
frozen,-1,gated,0.05,5,0.0,1.0,0.0,0.0,1.0,0.5,0.5,1.0,0.0,5,5
frozen,-1,gated,0.05,6,0.0,1.0,0.0,0.0,1.0,0.5,0.5,1.0,0.0,6,6
frozen,-1,gated,0.05,7,0.0,1.0,0.0,0.0,1.0,0.5,0.5,1.0,0.0,7,7
frozen,-1,gated,0.05,8,0.0,1.0,0.0,0.0,1.0,0.5,0.5,1.0,0.0,8,8
frozen,-1,gated,0.05,9,0.0,1.0,0.0,0.0,1.0,0.5,0.5,1.0,0.0,9,9
frozen,-1,gated,0.05,10,0.0,1.0,0.0,0.0,1.0,0.5,0.5,1.0,0.0,10,10
frozen,-1,gated,0.05,11,0.0,1.0,0.0,0.0,1.0,0.5,0.5,1.0,0.0,11,11
frozen,-1,gated,0.05,12,0.0,1.0,0.0,0.0,1.0,0.5,0.5,1.0,0.0,12,12
frozen,-1,gated,0.05,13,0.0,1.0,0.0,0.0,1.0,0.5,0.5,1.0,0.0,13,13
frozen,-1,gated,0.05,14,0.0,1.0,0.0,0.0,1.0,0.5,0.5,1.0,0.0,14,14
frozen,-1,gated,0.05,15,0.0,1.0,0.0,0.0,1.0,0.5,0.5,1.0,0.0,15,15
frozen,-1,gated,0.05,16,0.0,1.0,0.0,0.0,1.0,0.5,0.5,1.0,0.0,16,16
frozen,-1,gated,0.05,17,0.0,1.0,0.0,0.0,1.0,0.5,0.5,1.0,0.0,17,17
frozen,-1,gated,0.05,18,0.0,1.0,0.0,0.0,1.0,0.5,0.5,1.0,0.0,18,18
frozen,-1,gated,0.05,19,0.0,1.0,0.0,0.0,1.0,0.5,0.5,1.0,0.0,19,19
frozen,-1,gated,0.05,20,0.0,1.0,0.0,0.0,1.0,0.5,0.5,1.0,0.0,20,20
frozen,-1,gated,0.05,21,0.0,1.0,0.0,0.0,1.0,0.5,0.5,1.0,0.0,21,21
frozen,-1,gated,0.05,22,0.0,1.0,0.0,0.0,1.0,0.5,0.5,1.0,0.0,22,22
frozen,-1,gated,0.05,23,0.0,1.0,0.0,0.0,1.0,0.5,0.5,1.0,0.0,23,23
frozen,-1,gated,0.05,24,0.0,1.0,0.0,0.0,1.0,0.5,0.5,1.0,0.0,24,24
frozen,-1,gated,0.05,25,0.0,1.0,0.0,0.0,1.0,0.5,0.5,1.0,0.0,25,25
frozen,-1,gated,0.05,26,0.0,1.0,0.0,0.0,1.0,0.5,0.5,1.0,0.0,26,26
frozen,-1,gated,0.05,27,0.0,1.0,0.0,0.0,1.0,0.5,0.5,1.0,0.0,27,27
frozen,-1,gated,0.05,28,0.0,1.0,0.0,0.0,1.0,0.5,0.5,1.0,0.0,28,28
frozen,-1,gated,0.05,29,0.0,1.0,0.0,0.0,1.0,0.5,0.5,1.0,0.0,29,29
frozen,-1,gated,0.05,30,0.0,1.0,0.0,0.0,1.0,0.5,0.5,1.0,0.0,30,30
frozen,-1,gated,0.05,31,0.0,1.0,0.0,0.0,1.0,0.5,0.5,1.0,0.0,31,31
frozen,-1,gated,0.05,32,0.0,1.0,0.0,0.0,1.0,0.5,0.5,1.0,0.0,32,32
frozen,-1,gated,0.05,33,0.0,1.0,0.0,0.0,1.0,0.5,0.5,1.0,0.0,33,33
frozen,-1,gated,0.05,34,0.0,1.0,0.0,0.0,1.0,0.5,0.5,1.0,0.0,34,34
frozen,-1,gated,0.05,35,0.0,1.0,0.0,0.0,1.0,0.5,0.5,1.0,0.0,35,35
frozen,-1,gated,0.05,36,0.0,1.0,0.0,0.0,1.0,0.5,0.5,1.0,0.0,36,36
frozen,-1,gated,0.05,37,0.0,1.0,0.0,0.0,1.0,0.5,0.5,1.0,0.0,37,37
frozen,-1,gated,0.05,38,0.0,1.0,0.0,0.0,1.0,0.5,0.5,1.0,0.0,38,38
frozen,-1,gated,0.05,39,0.0,1.0,0.0,0.0,1.0,0.5,0.5,1.0,0.0,39,39
frozen,-1,gated,0.05,40,0.0,1.0,0.0,0.0,1.0,0.5,0.5,1.0,0.0,40,40
frozen,-1,gated,0.05,41,0.0,1.0,0.0,0.0,1.0,0.5,0.5,1.0,0.0,41,41
frozen,-1,gated,0.05,42,0.0,1.0,0.0,0.0,1.0,0.5,0.5,1.0,0.0,42,42
frozen,-1,gated,0.05,43,0.0,1.0,0.0,0.0,1.0,0.5,0.5,1.0,0.0,43,43
frozen,-1,gated,0.05,44,0.0,1.0,0.0,0.0,1.0,0.5,0.5,1.0,0.0,44,44
frozen,-1,gated,0.05,45,0.0,1.0,0.0,0.0,1.0,0.5,0.5,1.0,0.0,45,45
frozen,-1,gated,0.05,46,0.0,1.0,0.0,0.0,1.0,0.5,0.5,1.0,0.0,46,46
frozen,-1,gated,0.05,47,0.0,1.0,0.0,0.0,1.0,0.5,0.5,1.0,0.0,47,47
frozen,-1,gated,0.05,48,0.0,1.0,0.0,0.0,1.0,0.5,0.5,1.0,0.0,48,48
frozen,-1,gated,0.05,49,0.0,1.0,0.0,0.0,1.0,0.5,0.5,1.0,0.0,49,49
frozen,-1,gated,0.05,50,0.0,1.0,0.0,0.0,1.0,0.5,0.5,1.0,0.0,50,50
frozen,-1,gated,0.05,51,0.0,1.0,0.0,0.0,1.0,0.5,0.5,1.0,0.0,51,51
frozen,-1,gated,0.05,52,0.0,1.0,0.0,0.0,1.0,0.5,0.5,1.0,0.0,52,52
frozen,-1,gated,0.05,53,0.0,1.0,0.0,0.0,1.0,0.5,0.5,1.0,0.0,53,53
frozen,-1,gated,0.05,54,0.0,1.0,0.0,0.0,1.0,0.5,0.5,1.0,0.0,54,54
frozen,-1,gated,0.05,55,0.0,1.0,0.0,0.0,1.0,0.5,0.5,1.0,0.0,55,55
frozen,-1,gated,0.05,56,0.0,1.0,0.0,0.0,1.0,0.5,0.5,1.0,0.0,56,56
frozen,-1,gated,0.05,57,0.0,1.0,0.0,0.0,1.0,0.5,0.5,1.0,0.0,57,57
frozen,-1,gated,0.05,58,0.0,1.0,0.0,0.0,1.0,0.5,0.5,1.0,0.0,58,58
frozen,-1,gated,0.05,59,0.0,1.0,0.0,0.0,1.0,0.5,0.5,1.0,0.0,59,59
frozen,-1,gated,0.05,60,0.0,1.0,0.0,0.0,1.0,0.5,0.5,1.0,0.0,60,60
frozen,-1,gated,0.05,61,0.0,1.0,0.0,0.0,1.0,0.5,0.5,1.0,0.0,61,61
frozen,-1,gated,0.05,62,0.0,1.0,0.0,0.0,1.0,0.5,0.5,1.0,0.0,62,62
frozen,-1,gated,0.05,63,0.0,1.0,0.0,0.0,1.0,0.5,0.5,1.0,0.0,63,63
frozen,-1,gated,0.05,64,0.0,1.0,0.0,0.0,1.0,0.5,0.5,1.0,0.0,64,64
frozen,-1,gated,0.05,65,0.0,1.0,0.0,0.0,1.0,0.5,0.5,1.0,0.0,65,65
frozen,-1,gated,0.05,66,0.0,1.0,0.0,0.0,1.0,0.5,0.5,1.0,0.0,66,66
frozen,-1,gated,0.05,67,0.0,1.0,0.0,0.0,1.0,0.5,0.5,1.0,0.0,67,67
frozen,-1,gated,0.05,68,0.0,1.0,0.0,0.0,1.0,0.5,0.5,1.0,0.0,68,68
frozen,-1,gated,0.05,69,0.0,1.0,0.0,0.0,1.0,0.5,0.5,1.0,0.0,69,69
frozen,-1,gated,0.05,70,0.0,1.0,0.0,0.0,1.0,0.5,0.5,1.0,0.0,70,70
frozen,-1,gated,0.05,71,0.0,1.0,0.0,0.0,1.0,0.5,0.5,1.0,0.0,71,71
frozen,-1,gated,0.05,72,0.0,1.0,0.0,0.0,1.0,0.5,0.5,1.0,0.0,72,72
frozen,-1,gated,0.05,73,0.0,1.0,0.0,0.0,1.0,0.5,0.5,1.0,0.0,73,73
frozen,-1,gated,0.05,74,0.0,1.0,0.0,0.0,1.0,0.5,0.5,1.0,0.0,74,74
frozen,-1,gated,0.05,75,0.0,1.0,0.0,0.0,1.0,0.5,0.5,1.0,0.0,75,75
frozen,-1,gated,0.05,76,0.0,1.0,0.0,0.0,1.0,0.5,0.5,1.0,0.0,76,76
frozen,-1,gated,0.05,77,0.0,1.0,0.0,0.0,1.0,0.5,0.5,1.0,0.0,77,77
frozen,-1,gated,0.05,78,0.0,1.0,0.0,0.0,1.0,0.5,0.5,1.0,0.0,78,78
frozen,-1,gated,0.05,79,0.0,1.0,0.0,0.0,1.0,0.5,0.5,1.0,0.0,79,79
frozen,-1,gated,0.05,80,0.0,1.0,0.0,0.0,1.0,0.5,0.5,1.0,0.0,80,80
frozen,-1,accept_all,0.05,1,0.0,1.0,1.0,1.0,0.5,0.5,1.0,0.0,1.0,0,0
frozen,-1,accept_all,0.05,2,0.0,1.0,1.0,0.0,0.0,0.0,1.0,0.0,1.0,0,0
frozen,-1,accept_all,0.05,3,0.0,1.0,1.0,0.0,0.0,0.0,1.0,0.0,1.0,0,0
frozen,-1,accept_all,0.05,4,0.0,1.0,1.0,0.0,0.0,0.0,1.0,0.0,1.0,0,0
frozen,-1,accept_all,0.05,5,0.0,1.0,1.0,0.0,0.0,0.0,1.0,0.0,1.0,0,0
frozen,-1,accept_all,0.05,6,0.0,1.0,1.0,0.0,0.0,0.0,1.0,0.0,1.0,0,0
frozen,-1,accept_all,0.05,7,0.0,1.0,1.0,0.0,0.0,0.0,1.0,0.0,1.0,0,0
frozen,-1,accept_all,0.05,8,0.0,1.0,1.0,0.0,0.0,0.0,1.0,0.0,1.0,0,0
frozen,-1,accept_all,0.05,9,0.0,1.0,1.0,0.0,0.0,0.0,1.0,0.0,1.0,0,0
frozen,-1,accept_all,0.05,10,0.0,1.0,1.0,0.0,0.0,0.0,1.0,0.0,1.0,0,0
frozen,-1,accept_all,0.05,11,0.0,1.0,1.0,0.0,0.0,0.0,1.0,0.0,1.0,0,0
frozen,-1,accept_all,0.05,12,0.0,1.0,1.0,0.0,0.0,0.0,1.0,0.0,1.0,0,0
frozen,-1,accept_all,0.05,13,0.0,1.0,1.0,0.0,0.0,0.0,1.0,0.0,1.0,0,0
frozen,-1,accept_all,0.05,14,0.0,1.0,1.0,0.0,0.0,0.0,1.0,0.0,1.0,0,0
frozen,-1,accept_all,0.05,15,0.0,1.0,1.0,0.0,0.0,0.0,1.0,0.0,1.0,0,0
frozen,-1,accept_all,0.05,16,0.0,1.0,1.0,0.0,0.0,0.0,1.0,0.0,1.0,0,0
frozen,-1,accept_all,0.05,17,0.0,1.0,1.0,0.0,0.0,0.0,1.0,0.0,1.0,0,0
frozen,-1,accept_all,0.05,18,0.0,1.0,1.0,0.0,0.0,0.0,1.0,0.0,1.0,0,0
frozen,-1,accept_all,0.05,19,0.0,1.0,1.0,0.0,0.0,0.0,1.0,0.0,1.0,0,0
frozen,-1,accept_all,0.05,20,0.0,1.0,1.0,0.0,0.0,0.0,1.0,0.0,1.0,0,0
frozen,-1,accept_all,0.05,21,0.0,1.0,1.0,0.0,0.0,0.0,1.0,0.0,1.0,0,0
frozen,-1,accept_all,0.05,22,0.0,1.0,1.0,0.0,0.0,0.0,1.0,0.0,1.0,0,0
frozen,-1,accept_all,0.05,23,0.0,1.0,1.0,0.0,0.0,0.0,1.0,0.0,1.0,0,0
frozen,-1,accept_all,0.05,24,0.0,1.0,1.0,0.0,0.0,0.0,1.0,0.0,1.0,0,0
frozen,-1,accept_all,0.05,25,0.0,1.0,1.0,0.0,0.0,0.0,1.0,0.0,1.0,0,0
frozen,-1,accept_all,0.05,26,0.0,1.0,1.0,0.0,0.0,0.0,1.0,0.0,1.0,0,0
frozen,-1,accept_all,0.05,27,0.0,1.0,1.0,0.0,0.0,0.0,1.0,0.0,1.0,0,0
frozen,-1,accept_all,0.05,28,0.0,1.0,1.0,0.0,0.0,0.0,1.0,0.0,1.0,0,0
frozen,-1,accept_all,0.05,29,0.0,1.0,1.0,0.0,0.0,0.0,1.0,0.0,1.0,0,0
frozen,-1,accept_all,0.05,30,0.0,1.0,1.0,0.0,0.0,0.0,1.0,0.0,1.0,0,0
frozen,-1,accept_all,0.05,31,0.0,1.0,1.0,0.0,0.0,0.0,1.0,0.0,1.0,0,0
frozen,-1,accept_all,0.05,32,0.0,1.0,1.0,0.0,0.0,0.0,1.0,0.0,1.0,0,0
frozen,-1,accept_all,0.05,33,0.0,1.0,1.0,0.0,0.0,0.0,1.0,0.0,1.0,0,0
frozen,-1,accept_all,0.05,34,0.0,1.0,1.0,0.0,0.0,0.0,1.0,0.0,1.0,0,0
frozen,-1,accept_all,0.05,35,0.0,1.0,1.0,0.0,0.0,0.0,1.0,0.0,1.0,0,0
frozen,-1,accept_all,0.05,36,0.0,1.0,1.0,0.0,0.0,0.0,1.0,0.0,1.0,0,0
frozen,-1,accept_all,0.05,37,0.0,1.0,1.0,0.0,0.0,0.0,1.0,0.0,1.0,0,0
frozen,-1,accept_all,0.05,38,0.0,1.0,1.0,0.0,0.0,0.0,1.0,0.0,1.0,0,0
frozen,-1,accept_all,0.05,39,0.0,1.0,1.0,0.0,0.0,0.0,1.0,0.0,1.0,0,0
frozen,-1,accept_all,0.05,40,0.0,1.0,1.0,0.0,0.0,0.0,1.0,0.0,1.0,0,0
frozen,-1,accept_all,0.05,41,0.0,1.0,1.0,0.0,0.0,0.0,1.0,0.0,1.0,0,0
frozen,-1,accept_all,0.05,42,0.0,1.0,1.0,0.0,0.0,0.0,1.0,0.0,1.0,0,0
frozen,-1,accept_all,0.05,43,0.0,1.0,1.0,0.0,0.0,0.0,1.0,0.0,1.0,0,0
frozen,-1,accept_all,0.05,44,0.0,1.0,1.0,0.0,0.0,0.0,1.0,0.0,1.0,0,0
frozen,-1,accept_all,0.05,45,0.0,1.0,1.0,0.0,0.0,0.0,1.0,0.0,1.0,0,0
frozen,-1,accept_all,0.05,46,0.0,1.0,1.0,0.0,0.0,0.0,1.0,0.0,1.0,0,0
frozen,-1,accept_all,0.05,47,0.0,1.0,1.0,0.0,0.0,0.0,1.0,0.0,1.0,0,0
frozen,-1,accept_all,0.05,48,0.0,1.0,1.0,0.0,0.0,0.0,1.0,0.0,1.0,0,0
frozen,-1,accept_all,0.05,49,0.0,1.0,1.0,0.0,0.0,0.0,1.0,0.0,1.0,0,0
frozen,-1,accept_all,0.05,50,0.0,1.0,1.0,0.0,0.0,0.0,1.0,0.0,1.0,0,0
frozen,-1,accept_all,0.05,51,0.0,1.0,1.0,0.0,0.0,0.0,1.0,0.0,1.0,0,0
frozen,-1,accept_all,0.05,52,0.0,1.0,1.0,0.0,0.0,0.0,1.0,0.0,1.0,0,0
frozen,-1,accept_all,0.05,53,0.0,1.0,1.0,0.0,0.0,0.0,1.0,0.0,1.0,0,0
frozen,-1,accept_all,0.05,54,0.0,1.0,1.0,0.0,0.0,0.0,1.0,0.0,1.0,0,0
frozen,-1,accept_all,0.05,55,0.0,1.0,1.0,0.0,0.0,0.0,1.0,0.0,1.0,0,0
frozen,-1,accept_all,0.05,56,0.0,1.0,1.0,0.0,0.0,0.0,1.0,0.0,1.0,0,0
frozen,-1,accept_all,0.05,57,0.0,1.0,1.0,0.0,0.0,0.0,1.0,0.0,1.0,0,0
frozen,-1,accept_all,0.05,58,0.0,1.0,1.0,0.0,0.0,0.0,1.0,0.0,1.0,0,0
frozen,-1,accept_all,0.05,59,0.0,1.0,1.0,0.0,0.0,0.0,1.0,0.0,1.0,0,0
frozen,-1,accept_all,0.05,60,0.0,1.0,1.0,0.0,0.0,0.0,1.0,0.0,1.0,0,0
frozen,-1,accept_all,0.05,61,0.0,1.0,1.0,0.0,0.0,0.0,1.0,0.0,1.0,0,0
frozen,-1,accept_all,0.05,62,0.0,1.0,1.0,0.0,0.0,0.0,1.0,0.0,1.0,0,0
frozen,-1,accept_all,0.05,63,0.0,1.0,1.0,0.0,0.0,0.0,1.0,0.0,1.0,0,0
frozen,-1,accept_all,0.05,64,0.0,1.0,1.0,0.0,0.0,0.0,1.0,0.0,1.0,0,0
frozen,-1,accept_all,0.05,65,0.0,1.0,1.0,0.0,0.0,0.0,1.0,0.0,1.0,0,0
frozen,-1,accept_all,0.05,66,0.0,1.0,1.0,0.0,0.0,0.0,1.0,0.0,1.0,0,0
frozen,-1,accept_all,0.05,67,0.0,1.0,1.0,0.0,0.0,0.0,1.0,0.0,1.0,0,0
frozen,-1,accept_all,0.05,68,0.0,1.0,1.0,0.0,0.0,0.0,1.0,0.0,1.0,0,0
frozen,-1,accept_all,0.05,69,0.0,1.0,1.0,0.0,0.0,0.0,1.0,0.0,1.0,0,0
frozen,-1,accept_all,0.05,70,0.0,1.0,1.0,0.0,0.0,0.0,1.0,0.0,1.0,0,0
frozen,-1,accept_all,0.05,71,0.0,1.0,1.0,0.0,0.0,0.0,1.0,0.0,1.0,0,0
frozen,-1,accept_all,0.05,72,0.0,1.0,1.0,0.0,0.0,0.0,1.0,0.0,1.0,0,0
frozen,-1,accept_all,0.05,73,0.0,1.0,1.0,0.0,0.0,0.0,1.0,0.0,1.0,0,0
frozen,-1,accept_all,0.05,74,0.0,1.0,1.0,0.0,0.0,0.0,1.0,0.0,1.0,0,0
frozen,-1,accept_all,0.05,75,0.0,1.0,1.0,0.0,0.0,0.0,1.0,0.0,1.0,0,0
frozen,-1,accept_all,0.05,76,0.0,1.0,1.0,0.0,0.0,0.0,1.0,0.0,1.0,0,0
frozen,-1,accept_all,0.05,77,0.0,1.0,1.0,0.0,0.0,0.0,1.0,0.0,1.0,0,0
frozen,-1,accept_all,0.05,78,0.0,1.0,1.0,0.0,0.0,0.0,1.0,0.0,1.0,0,0
frozen,-1,accept_all,0.05,79,0.0,1.0,1.0,0.0,0.0,0.0,1.0,0.0,1.0,0,0
frozen,-1,accept_all,0.05,80,0.0,1.0,1.0,0.0,0.0,0.0,1.0,0.0,1.0,0,0
frozen,-1,reference_only,0.05,1,0.0,1.0,1.0,1.0,0.0,0.5,0.5,0.0,1.0,1,0
frozen,-1,reference_only,0.05,2,0.0,1.0,1.0,0.0,1.0,0.5,0.5,0.0,1.0,2,0
frozen,-1,reference_only,0.05,3,0.0,1.0,1.0,0.0,1.0,0.5,0.5,0.0,1.0,3,0
frozen,-1,reference_only,0.05,4,0.0,1.0,1.0,0.0,1.0,0.5,0.5,0.0,1.0,4,0
frozen,-1,reference_only,0.05,5,0.0,1.0,1.0,0.0,1.0,0.5,0.5,0.0,1.0,5,0
frozen,-1,reference_only,0.05,6,0.0,1.0,1.0,0.0,1.0,0.5,0.5,0.0,1.0,6,0
frozen,-1,reference_only,0.05,7,0.0,1.0,1.0,0.0,1.0,0.5,0.5,0.0,1.0,7,0
frozen,-1,reference_only,0.05,8,0.0,1.0,1.0,0.0,1.0,0.5,0.5,0.0,1.0,8,0
frozen,-1,reference_only,0.05,9,0.0,1.0,1.0,0.0,1.0,0.5,0.5,0.0,1.0,9,0
frozen,-1,reference_only,0.05,10,0.0,1.0,1.0,0.0,1.0,0.5,0.5,0.0,1.0,10,0
frozen,-1,reference_only,0.05,11,0.0,1.0,1.0,0.0,1.0,0.5,0.5,0.0,1.0,11,0
frozen,-1,reference_only,0.05,12,0.0,1.0,1.0,0.0,1.0,0.5,0.5,0.0,1.0,12,0
frozen,-1,reference_only,0.05,13,0.0,1.0,1.0,0.0,1.0,0.5,0.5,0.0,1.0,13,0
frozen,-1,reference_only,0.05,14,0.0,1.0,1.0,0.0,1.0,0.5,0.5,0.0,1.0,14,0
frozen,-1,reference_only,0.05,15,0.0,1.0,1.0,0.0,1.0,0.5,0.5,0.0,1.0,15,0
frozen,-1,reference_only,0.05,16,0.0,1.0,1.0,0.0,1.0,0.5,0.5,0.0,1.0,16,0
frozen,-1,reference_only,0.05,17,0.0,1.0,1.0,0.0,1.0,0.5,0.5,0.0,1.0,17,0
frozen,-1,reference_only,0.05,18,0.0,1.0,1.0,0.0,1.0,0.5,0.5,0.0,1.0,18,0
frozen,-1,reference_only,0.05,19,0.0,1.0,1.0,0.0,1.0,0.5,0.5,0.0,1.0,19,0
frozen,-1,reference_only,0.05,20,0.0,1.0,1.0,0.0,1.0,0.5,0.5,0.0,1.0,20,0
frozen,-1,reference_only,0.05,21,0.0,1.0,1.0,0.0,1.0,0.5,0.5,0.0,1.0,21,0
frozen,-1,reference_only,0.05,22,0.0,1.0,1.0,0.0,1.0,0.5,0.5,0.0,1.0,22,0
frozen,-1,reference_only,0.05,23,0.0,1.0,1.0,0.0,1.0,0.5,0.5,0.0,1.0,23,0
frozen,-1,reference_only,0.05,24,0.0,1.0,1.0,0.0,1.0,0.5,0.5,0.0,1.0,24,0
frozen,-1,reference_only,0.05,25,0.0,1.0,1.0,0.0,1.0,0.5,0.5,0.0,1.0,25,0
frozen,-1,reference_only,0.05,26,0.0,1.0,1.0,0.0,1.0,0.5,0.5,0.0,1.0,26,0
frozen,-1,reference_only,0.05,27,0.0,1.0,1.0,0.0,1.0,0.5,0.5,0.0,1.0,27,0
frozen,-1,reference_only,0.05,28,0.0,1.0,1.0,0.0,1.0,0.5,0.5,0.0,1.0,28,0
frozen,-1,reference_only,0.05,29,0.0,1.0,1.0,0.0,1.0,0.5,0.5,0.0,1.0,29,0
frozen,-1,reference_only,0.05,30,0.0,1.0,1.0,0.0,1.0,0.5,0.5,0.0,1.0,30,0
frozen,-1,reference_only,0.05,31,0.0,1.0,1.0,0.0,1.0,0.5,0.5,0.0,1.0,31,0
frozen,-1,reference_only,0.05,32,0.0,1.0,1.0,0.0,1.0,0.5,0.5,0.0,1.0,32,0
frozen,-1,reference_only,0.05,33,0.0,1.0,1.0,0.0,1.0,0.5,0.5,0.0,1.0,33,0
frozen,-1,reference_only,0.05,34,0.0,1.0,1.0,0.0,1.0,0.5,0.5,0.0,1.0,34,0
frozen,-1,reference_only,0.05,35,0.0,1.0,1.0,0.0,1.0,0.5,0.5,0.0,1.0,35,0
frozen,-1,reference_only,0.05,36,0.0,1.0,1.0,0.0,1.0,0.5,0.5,0.0,1.0,36,0
frozen,-1,reference_only,0.05,37,0.0,1.0,1.0,0.0,1.0,0.5,0.5,0.0,1.0,37,0
frozen,-1,reference_only,0.05,38,0.0,1.0,1.0,0.0,1.0,0.5,0.5,0.0,1.0,38,0
frozen,-1,reference_only,0.05,39,0.0,1.0,1.0,0.0,1.0,0.5,0.5,0.0,1.0,39,0
frozen,-1,reference_only,0.05,40,0.0,1.0,1.0,0.0,1.0,0.5,0.5,0.0,1.0,40,0
frozen,-1,reference_only,0.05,41,0.0,1.0,1.0,0.0,1.0,0.5,0.5,0.0,1.0,41,0
frozen,-1,reference_only,0.05,42,0.0,1.0,1.0,0.0,1.0,0.5,0.5,0.0,1.0,42,0
frozen,-1,reference_only,0.05,43,0.0,1.0,1.0,0.0,1.0,0.5,0.5,0.0,1.0,43,0
frozen,-1,reference_only,0.05,44,0.0,1.0,1.0,0.0,1.0,0.5,0.5,0.0,1.0,44,0
frozen,-1,reference_only,0.05,45,0.0,1.0,1.0,0.0,1.0,0.5,0.5,0.0,1.0,45,0
frozen,-1,reference_only,0.05,46,0.0,1.0,1.0,0.0,1.0,0.5,0.5,0.0,1.0,46,0
frozen,-1,reference_only,0.05,47,0.0,1.0,1.0,0.0,1.0,0.5,0.5,0.0,1.0,47,0
frozen,-1,reference_only,0.05,48,0.0,1.0,1.0,0.0,1.0,0.5,0.5,0.0,1.0,48,0
frozen,-1,reference_only,0.05,49,0.0,1.0,1.0,0.0,1.0,0.5,0.5,0.0,1.0,49,0
frozen,-1,reference_only,0.05,50,0.0,1.0,1.0,0.0,1.0,0.5,0.5,0.0,1.0,50,0
frozen,-1,reference_only,0.05,51,0.0,1.0,1.0,0.0,1.0,0.5,0.5,0.0,1.0,51,0
frozen,-1,reference_only,0.05,52,0.0,1.0,1.0,0.0,1.0,0.5,0.5,0.0,1.0,52,0
frozen,-1,reference_only,0.05,53,0.0,1.0,1.0,0.0,1.0,0.5,0.5,0.0,1.0,53,0
frozen,-1,reference_only,0.05,54,0.0,1.0,1.0,0.0,1.0,0.5,0.5,0.0,1.0,54,0
frozen,-1,reference_only,0.05,55,0.0,1.0,1.0,0.0,1.0,0.5,0.5,0.0,1.0,55,0
frozen,-1,reference_only,0.05,56,0.0,1.0,1.0,0.0,1.0,0.5,0.5,0.0,1.0,56,0
frozen,-1,reference_only,0.05,57,0.0,1.0,1.0,0.0,1.0,0.5,0.5,0.0,1.0,57,0
frozen,-1,reference_only,0.05,58,0.0,1.0,1.0,0.0,1.0,0.5,0.5,0.0,1.0,58,0
frozen,-1,reference_only,0.05,59,0.0,1.0,1.0,0.0,1.0,0.5,0.5,0.0,1.0,59,0
frozen,-1,reference_only,0.05,60,0.0,1.0,1.0,0.0,1.0,0.5,0.5,0.0,1.0,60,0
frozen,-1,reference_only,0.05,61,0.0,1.0,1.0,0.0,1.0,0.5,0.5,0.0,1.0,61,0
frozen,-1,reference_only,0.05,62,0.0,1.0,1.0,0.0,1.0,0.5,0.5,0.0,1.0,62,0
frozen,-1,reference_only,0.05,63,0.0,1.0,1.0,0.0,1.0,0.5,0.5,0.0,1.0,63,0
frozen,-1,reference_only,0.05,64,0.0,1.0,1.0,0.0,1.0,0.5,0.5,0.0,1.0,64,0
frozen,-1,reference_only,0.05,65,0.0,1.0,1.0,0.0,1.0,0.5,0.5,0.0,1.0,65,0
frozen,-1,reference_only,0.05,66,0.0,1.0,1.0,0.0,1.0,0.5,0.5,0.0,1.0,66,0
frozen,-1,reference_only,0.05,67,0.0,1.0,1.0,0.0,1.0,0.5,0.5,0.0,1.0,67,0
frozen,-1,reference_only,0.05,68,0.0,1.0,1.0,0.0,1.0,0.5,0.5,0.0,1.0,68,0
frozen,-1,reference_only,0.05,69,0.0,1.0,1.0,0.0,1.0,0.5,0.5,0.0,1.0,69,0
frozen,-1,reference_only,0.05,70,0.0,1.0,1.0,0.0,1.0,0.5,0.5,0.0,1.0,70,0
frozen,-1,reference_only,0.05,71,0.0,1.0,1.0,0.0,1.0,0.5,0.5,0.0,1.0,71,0
frozen,-1,reference_only,0.05,72,0.0,1.0,1.0,0.0,1.0,0.5,0.5,0.0,1.0,72,0
frozen,-1,reference_only,0.05,73,0.0,1.0,1.0,0.0,1.0,0.5,0.5,0.0,1.0,73,0
frozen,-1,reference_only,0.05,74,0.0,1.0,1.0,0.0,1.0,0.5,0.5,0.0,1.0,74,0
frozen,-1,reference_only,0.05,75,0.0,1.0,1.0,0.0,1.0,0.5,0.5,0.0,1.0,75,0
frozen,-1,reference_only,0.05,76,0.0,1.0,1.0,0.0,1.0,0.5,0.5,0.0,1.0,76,0
frozen,-1,reference_only,0.05,77,0.0,1.0,1.0,0.0,1.0,0.5,0.5,0.0,1.0,77,0
frozen,-1,reference_only,0.05,78,0.0,1.0,1.0,0.0,1.0,0.5,0.5,0.0,1.0,78,0
frozen,-1,reference_only,0.05,79,0.0,1.0,1.0,0.0,1.0,0.5,0.5,0.0,1.0,79,0
frozen,-1,reference_only,0.05,80,0.0,1.0,1.0,0.0,1.0,0.5,0.5,0.0,1.0,80,0
frozen,-1,gated,0.11,1,0.0,1.0,0.0,0.0,1.0,0.5,0.5,1.0,0.0,1,1
frozen,-1,gated,0.11,2,0.0,1.0,0.0,0.0,1.0,0.5,0.5,1.0,0.0,2,2
frozen,-1,gated,0.11,3,0.0,1.0,0.0,0.0,1.0,0.5,0.5,1.0,0.0,3,3
frozen,-1,gated,0.11,4,0.0,1.0,0.0,0.0,1.0,0.5,0.5,1.0,0.0,4,4
frozen,-1,gated,0.11,5,0.0,1.0,0.0,0.0,1.0,0.5,0.5,1.0,0.0,5,5
frozen,-1,gated,0.11,6,0.0,1.0,0.0,0.0,1.0,0.5,0.5,1.0,0.0,6,6
frozen,-1,gated,0.11,7,0.0,1.0,0.0,0.0,1.0,0.5,0.5,1.0,0.0,7,7
frozen,-1,gated,0.11,8,0.0,1.0,0.0,0.0,1.0,0.5,0.5,1.0,0.0,8,8
frozen,-1,gated,0.11,9,0.0,1.0,0.0,0.0,1.0,0.5,0.5,1.0,0.0,9,9
frozen,-1,gated,0.11,10,0.0,1.0,0.0,0.0,1.0,0.5,0.5,1.0,0.0,10,10
frozen,-1,gated,0.11,11,0.0,1.0,0.0,0.0,1.0,0.5,0.5,1.0,0.0,11,11
frozen,-1,gated,0.11,12,0.0,1.0,0.0,0.0,1.0,0.5,0.5,1.0,0.0,12,12
frozen,-1,gated,0.11,13,0.0,1.0,0.0,0.0,1.0,0.5,0.5,1.0,0.0,13,13
frozen,-1,gated,0.11,14,0.0,1.0,0.0,0.0,1.0,0.5,0.5,1.0,0.0,14,14
frozen,-1,gated,0.11,15,0.0,1.0,0.0,0.0,1.0,0.5,0.5,1.0,0.0,15,15
frozen,-1,gated,0.11,16,0.0,1.0,0.0,0.0,1.0,0.5,0.5,1.0,0.0,16,16
frozen,-1,gated,0.11,17,0.0,1.0,0.0,0.0,1.0,0.5,0.5,1.0,0.0,17,17
frozen,-1,gated,0.11,18,0.0,1.0,0.0,0.0,1.0,0.5,0.5,1.0,0.0,18,18
frozen,-1,gated,0.11,19,0.0,1.0,0.0,0.0,1.0,0.5,0.5,1.0,0.0,19,19
frozen,-1,gated,0.11,20,0.0,1.0,0.0,0.0,1.0,0.5,0.5,1.0,0.0,20,20
frozen,-1,gated,0.11,21,0.0,1.0,0.0,0.0,1.0,0.5,0.5,1.0,0.0,21,21
frozen,-1,gated,0.11,22,0.0,1.0,0.0,0.0,1.0,0.5,0.5,1.0,0.0,22,22
frozen,-1,gated,0.11,23,0.0,1.0,0.0,0.0,1.0,0.5,0.5,1.0,0.0,23,23
frozen,-1,gated,0.11,24,0.0,1.0,0.0,0.0,1.0,0.5,0.5,1.0,0.0,24,24
frozen,-1,gated,0.11,25,0.0,1.0,0.0,0.0,1.0,0.5,0.5,1.0,0.0,25,25
frozen,-1,gated,0.11,26,0.0,1.0,0.0,0.0,1.0,0.5,0.5,1.0,0.0,26,26
frozen,-1,gated,0.11,27,0.0,1.0,0.0,0.0,1.0,0.5,0.5,1.0,0.0,27,27
frozen,-1,gated,0.11,28,0.0,1.0,0.0,0.0,1.0,0.5,0.5,1.0,0.0,28,28
frozen,-1,gated,0.11,29,0.0,1.0,0.0,0.0,1.0,0.5,0.5,1.0,0.0,29,29
frozen,-1,gated,0.11,30,0.0,1.0,0.0,0.0,1.0,0.5,0.5,1.0,0.0,30,30
frozen,-1,gated,0.11,31,0.0,1.0,0.0,0.0,1.0,0.5,0.5,1.0,0.0,31,31
frozen,-1,gated,0.11,32,0.0,1.0,0.0,0.0,1.0,0.5,0.5,1.0,0.0,32,32
frozen,-1,gated,0.11,33,0.0,1.0,0.0,0.0,1.0,0.5,0.5,1.0,0.0,33,33
frozen,-1,gated,0.11,34,0.0,1.0,0.0,0.0,1.0,0.5,0.5,1.0,0.0,34,34
frozen,-1,gated,0.11,35,0.0,1.0,0.0,0.0,1.0,0.5,0.5,1.0,0.0,35,35
frozen,-1,gated,0.11,36,0.0,1.0,0.0,0.0,1.0,0.5,0.5,1.0,0.0,36,36
frozen,-1,gated,0.11,37,0.0,1.0,0.0,0.0,1.0,0.5,0.5,1.0,0.0,37,37
frozen,-1,gated,0.11,38,0.0,1.0,0.0,0.0,1.0,0.5,0.5,1.0,0.0,38,38
frozen,-1,gated,0.11,39,0.0,1.0,0.0,0.0,1.0,0.5,0.5,1.0,0.0,39,39
frozen,-1,gated,0.11,40,0.0,1.0,0.0,0.0,1.0,0.5,0.5,1.0,0.0,40,40
frozen,-1,gated,0.11,41,0.0,1.0,0.0,0.0,1.0,0.5,0.5,1.0,0.0,41,41
frozen,-1,gated,0.11,42,0.0,1.0,0.0,0.0,1.0,0.5,0.5,1.0,0.0,42,42
frozen,-1,gated,0.11,43,0.0,1.0,0.0,0.0,1.0,0.5,0.5,1.0,0.0,43,43
frozen,-1,gated,0.11,44,0.0,1.0,0.0,0.0,1.0,0.5,0.5,1.0,0.0,44,44
frozen,-1,gated,0.11,45,0.0,1.0,0.0,0.0,1.0,0.5,0.5,1.0,0.0,45,45
frozen,-1,gated,0.11,46,0.0,1.0,0.0,0.0,1.0,0.5,0.5,1.0,0.0,46,46
frozen,-1,gated,0.11,47,0.0,1.0,0.0,0.0,1.0,0.5,0.5,1.0,0.0,47,47
frozen,-1,gated,0.11,48,0.0,1.0,0.0,0.0,1.0,0.5,0.5,1.0,0.0,48,48
frozen,-1,gated,0.11,49,0.0,1.0,0.0,0.0,1.0,0.5,0.5,1.0,0.0,49,49
frozen,-1,gated,0.11,50,0.0,1.0,0.0,0.0,1.0,0.5,0.5,1.0,0.0,50,50
frozen,-1,gated,0.11,51,0.0,1.0,0.0,0.0,1.0,0.5,0.5,1.0,0.0,51,51
frozen,-1,gated,0.11,52,0.0,1.0,0.0,0.0,1.0,0.5,0.5,1.0,0.0,52,52
frozen,-1,gated,0.11,53,0.0,1.0,0.0,0.0,1.0,0.5,0.5,1.0,0.0,53,53
frozen,-1,gated,0.11,54,0.0,1.0,0.0,0.0,1.0,0.5,0.5,1.0,0.0,54,54
frozen,-1,gated,0.11,55,0.0,1.0,0.0,0.0,1.0,0.5,0.5,1.0,0.0,55,55
frozen,-1,gated,0.11,56,0.0,1.0,0.0,0.0,1.0,0.5,0.5,1.0,0.0,56,56
frozen,-1,gated,0.11,57,0.0,1.0,0.0,0.0,1.0,0.5,0.5,1.0,0.0,57,57
frozen,-1,gated,0.11,58,0.0,1.0,0.0,0.0,1.0,0.5,0.5,1.0,0.0,58,58
frozen,-1,gated,0.11,59,0.0,1.0,0.0,0.0,1.0,0.5,0.5,1.0,0.0,59,59
frozen,-1,gated,0.11,60,0.0,1.0,0.0,0.0,1.0,0.5,0.5,1.0,0.0,60,60
frozen,-1,gated,0.11,61,0.0,1.0,0.0,0.0,1.0,0.5,0.5,1.0,0.0,61,61
frozen,-1,gated,0.11,62,0.0,1.0,0.0,0.0,1.0,0.5,0.5,1.0,0.0,62,62
frozen,-1,gated,0.11,63,0.0,1.0,0.0,0.0,1.0,0.5,0.5,1.0,0.0,63,63
frozen,-1,gated,0.11,64,0.0,1.0,0.0,0.0,1.0,0.5,0.5,1.0,0.0,64,64
frozen,-1,gated,0.11,65,0.0,1.0,0.0,0.0,1.0,0.5,0.5,1.0,0.0,65,65
frozen,-1,gated,0.11,66,0.0,1.0,0.0,0.0,1.0,0.5,0.5,1.0,0.0,66,66
frozen,-1,gated,0.11,67,0.0,1.0,0.0,0.0,1.0,0.5,0.5,1.0,0.0,67,67
frozen,-1,gated,0.11,68,0.0,1.0,0.0,0.0,1.0,0.5,0.5,1.0,0.0,68,68
frozen,-1,gated,0.11,69,0.0,1.0,0.0,0.0,1.0,0.5,0.5,1.0,0.0,69,69
frozen,-1,gated,0.11,70,0.0,1.0,0.0,0.0,1.0,0.5,0.5,1.0,0.0,70,70
frozen,-1,gated,0.11,71,0.0,1.0,0.0,0.0,1.0,0.5,0.5,1.0,0.0,71,71
frozen,-1,gated,0.11,72,0.0,1.0,0.0,0.0,1.0,0.5,0.5,1.0,0.0,72,72
frozen,-1,gated,0.11,73,0.0,1.0,0.0,0.0,1.0,0.5,0.5,1.0,0.0,73,73
frozen,-1,gated,0.11,74,0.0,1.0,0.0,0.0,1.0,0.5,0.5,1.0,0.0,74,74
frozen,-1,gated,0.11,75,0.0,1.0,0.0,0.0,1.0,0.5,0.5,1.0,0.0,75,75
frozen,-1,gated,0.11,76,0.0,1.0,0.0,0.0,1.0,0.5,0.5,1.0,0.0,76,76
frozen,-1,gated,0.11,77,0.0,1.0,0.0,0.0,1.0,0.5,0.5,1.0,0.0,77,77
frozen,-1,gated,0.11,78,0.0,1.0,0.0,0.0,1.0,0.5,0.5,1.0,0.0,78,78
frozen,-1,gated,0.11,79,0.0,1.0,0.0,0.0,1.0,0.5,0.5,1.0,0.0,79,79
frozen,-1,gated,0.11,80,0.0,1.0,0.0,0.0,1.0,0.5,0.5,1.0,0.0,80,80
frozen,-1,accept_all,0.11,1,0.0,1.0,1.0,1.0,0.5,0.5,1.0,0.0,1.0,0,0
frozen,-1,accept_all,0.11,2,0.0,1.0,1.0,0.0,0.0,0.0,1.0,0.0,1.0,0,0
frozen,-1,accept_all,0.11,3,0.0,1.0,1.0,0.0,0.0,0.0,1.0,0.0,1.0,0,0
frozen,-1,accept_all,0.11,4,0.0,1.0,1.0,0.0,0.0,0.0,1.0,0.0,1.0,0,0
frozen,-1,accept_all,0.11,5,0.0,1.0,1.0,0.0,0.0,0.0,1.0,0.0,1.0,0,0
frozen,-1,accept_all,0.11,6,0.0,1.0,1.0,0.0,0.0,0.0,1.0,0.0,1.0,0,0
frozen,-1,accept_all,0.11,7,0.0,1.0,1.0,0.0,0.0,0.0,1.0,0.0,1.0,0,0
frozen,-1,accept_all,0.11,8,0.0,1.0,1.0,0.0,0.0,0.0,1.0,0.0,1.0,0,0
frozen,-1,accept_all,0.11,9,0.0,1.0,1.0,0.0,0.0,0.0,1.0,0.0,1.0,0,0
frozen,-1,accept_all,0.11,10,0.0,1.0,1.0,0.0,0.0,0.0,1.0,0.0,1.0,0,0
frozen,-1,accept_all,0.11,11,0.0,1.0,1.0,0.0,0.0,0.0,1.0,0.0,1.0,0,0
frozen,-1,accept_all,0.11,12,0.0,1.0,1.0,0.0,0.0,0.0,1.0,0.0,1.0,0,0
frozen,-1,accept_all,0.11,13,0.0,1.0,1.0,0.0,0.0,0.0,1.0,0.0,1.0,0,0
frozen,-1,accept_all,0.11,14,0.0,1.0,1.0,0.0,0.0,0.0,1.0,0.0,1.0,0,0
frozen,-1,accept_all,0.11,15,0.0,1.0,1.0,0.0,0.0,0.0,1.0,0.0,1.0,0,0
frozen,-1,accept_all,0.11,16,0.0,1.0,1.0,0.0,0.0,0.0,1.0,0.0,1.0,0,0
frozen,-1,accept_all,0.11,17,0.0,1.0,1.0,0.0,0.0,0.0,1.0,0.0,1.0,0,0
frozen,-1,accept_all,0.11,18,0.0,1.0,1.0,0.0,0.0,0.0,1.0,0.0,1.0,0,0
frozen,-1,accept_all,0.11,19,0.0,1.0,1.0,0.0,0.0,0.0,1.0,0.0,1.0,0,0
frozen,-1,accept_all,0.11,20,0.0,1.0,1.0,0.0,0.0,0.0,1.0,0.0,1.0,0,0
frozen,-1,accept_all,0.11,21,0.0,1.0,1.0,0.0,0.0,0.0,1.0,0.0,1.0,0,0
frozen,-1,accept_all,0.11,22,0.0,1.0,1.0,0.0,0.0,0.0,1.0,0.0,1.0,0,0
frozen,-1,accept_all,0.11,23,0.0,1.0,1.0,0.0,0.0,0.0,1.0,0.0,1.0,0,0
frozen,-1,accept_all,0.11,24,0.0,1.0,1.0,0.0,0.0,0.0,1.0,0.0,1.0,0,0
frozen,-1,accept_all,0.11,25,0.0,1.0,1.0,0.0,0.0,0.0,1.0,0.0,1.0,0,0
frozen,-1,accept_all,0.11,26,0.0,1.0,1.0,0.0,0.0,0.0,1.0,0.0,1.0,0,0
frozen,-1,accept_all,0.11,27,0.0,1.0,1.0,0.0,0.0,0.0,1.0,0.0,1.0,0,0
frozen,-1,accept_all,0.11,28,0.0,1.0,1.0,0.0,0.0,0.0,1.0,0.0,1.0,0,0
frozen,-1,accept_all,0.11,29,0.0,1.0,1.0,0.0,0.0,0.0,1.0,0.0,1.0,0,0
frozen,-1,accept_all,0.11,30,0.0,1.0,1.0,0.0,0.0,0.0,1.0,0.0,1.0,0,0
frozen,-1,accept_all,0.11,31,0.0,1.0,1.0,0.0,0.0,0.0,1.0,0.0,1.0,0,0
frozen,-1,accept_all,0.11,32,0.0,1.0,1.0,0.0,0.0,0.0,1.0,0.0,1.0,0,0
frozen,-1,accept_all,0.11,33,0.0,1.0,1.0,0.0,0.0,0.0,1.0,0.0,1.0,0,0
frozen,-1,accept_all,0.11,34,0.0,1.0,1.0,0.0,0.0,0.0,1.0,0.0,1.0,0,0
frozen,-1,accept_all,0.11,35,0.0,1.0,1.0,0.0,0.0,0.0,1.0,0.0,1.0,0,0
frozen,-1,accept_all,0.11,36,0.0,1.0,1.0,0.0,0.0,0.0,1.0,0.0,1.0,0,0
frozen,-1,accept_all,0.11,37,0.0,1.0,1.0,0.0,0.0,0.0,1.0,0.0,1.0,0,0
frozen,-1,accept_all,0.11,38,0.0,1.0,1.0,0.0,0.0,0.0,1.0,0.0,1.0,0,0
frozen,-1,accept_all,0.11,39,0.0,1.0,1.0,0.0,0.0,0.0,1.0,0.0,1.0,0,0
frozen,-1,accept_all,0.11,40,0.0,1.0,1.0,0.0,0.0,0.0,1.0,0.0,1.0,0,0
frozen,-1,accept_all,0.11,41,0.0,1.0,1.0,0.0,0.0,0.0,1.0,0.0,1.0,0,0
frozen,-1,accept_all,0.11,42,0.0,1.0,1.0,0.0,0.0,0.0,1.0,0.0,1.0,0,0
frozen,-1,accept_all,0.11,43,0.0,1.0,1.0,0.0,0.0,0.0,1.0,0.0,1.0,0,0
frozen,-1,accept_all,0.11,44,0.0,1.0,1.0,0.0,0.0,0.0,1.0,0.0,1.0,0,0
frozen,-1,accept_all,0.11,45,0.0,1.0,1.0,0.0,0.0,0.0,1.0,0.0,1.0,0,0
frozen,-1,accept_all,0.11,46,0.0,1.0,1.0,0.0,0.0,0.0,1.0,0.0,1.0,0,0
frozen,-1,accept_all,0.11,47,0.0,1.0,1.0,0.0,0.0,0.0,1.0,0.0,1.0,0,0
frozen,-1,accept_all,0.11,48,0.0,1.0,1.0,0.0,0.0,0.0,1.0,0.0,1.0,0,0
frozen,-1,accept_all,0.11,49,0.0,1.0,1.0,0.0,0.0,0.0,1.0,0.0,1.0,0,0
frozen,-1,accept_all,0.11,50,0.0,1.0,1.0,0.0,0.0,0.0,1.0,0.0,1.0,0,0
frozen,-1,accept_all,0.11,51,0.0,1.0,1.0,0.0,0.0,0.0,1.0,0.0,1.0,0,0
frozen,-1,accept_all,0.11,52,0.0,1.0,1.0,0.0,0.0,0.0,1.0,0.0,1.0,0,0
frozen,-1,accept_all,0.11,53,0.0,1.0,1.0,0.0,0.0,0.0,1.0,0.0,1.0,0,0
frozen,-1,accept_all,0.11,54,0.0,1.0,1.0,0.0,0.0,0.0,1.0,0.0,1.0,0,0
frozen,-1,accept_all,0.11,55,0.0,1.0,1.0,0.0,0.0,0.0,1.0,0.0,1.0,0,0
frozen,-1,accept_all,0.11,56,0.0,1.0,1.0,0.0,0.0,0.0,1.0,0.0,1.0,0,0
frozen,-1,accept_all,0.11,57,0.0,1.0,1.0,0.0,0.0,0.0,1.0,0.0,1.0,0,0
frozen,-1,accept_all,0.11,58,0.0,1.0,1.0,0.0,0.0,0.0,1.0,0.0,1.0,0,0
frozen,-1,accept_all,0.11,59,0.0,1.0,1.0,0.0,0.0,0.0,1.0,0.0,1.0,0,0
frozen,-1,accept_all,0.11,60,0.0,1.0,1.0,0.0,0.0,0.0,1.0,0.0,1.0,0,0
frozen,-1,accept_all,0.11,61,0.0,1.0,1.0,0.0,0.0,0.0,1.0,0.0,1.0,0,0
frozen,-1,accept_all,0.11,62,0.0,1.0,1.0,0.0,0.0,0.0,1.0,0.0,1.0,0,0
frozen,-1,accept_all,0.11,63,0.0,1.0,1.0,0.0,0.0,0.0,1.0,0.0,1.0,0,0
frozen,-1,accept_all,0.11,64,0.0,1.0,1.0,0.0,0.0,0.0,1.0,0.0,1.0,0,0
frozen,-1,accept_all,0.11,65,0.0,1.0,1.0,0.0,0.0,0.0,1.0,0.0,1.0,0,0
frozen,-1,accept_all,0.11,66,0.0,1.0,1.0,0.0,0.0,0.0,1.0,0.0,1.0,0,0
frozen,-1,accept_all,0.11,67,0.0,1.0,1.0,0.0,0.0,0.0,1.0,0.0,1.0,0,0
frozen,-1,accept_all,0.11,68,0.0,1.0,1.0,0.0,0.0,0.0,1.0,0.0,1.0,0,0
frozen,-1,accept_all,0.11,69,0.0,1.0,1.0,0.0,0.0,0.0,1.0,0.0,1.0,0,0
frozen,-1,accept_all,0.11,70,0.0,1.0,1.0,0.0,0.0,0.0,1.0,0.0,1.0,0,0
frozen,-1,accept_all,0.11,71,0.0,1.0,1.0,0.0,0.0,0.0,1.0,0.0,1.0,0,0
frozen,-1,accept_all,0.11,72,0.0,1.0,1.0,0.0,0.0,0.0,1.0,0.0,1.0,0,0
frozen,-1,accept_all,0.11,73,0.0,1.0,1.0,0.0,0.0,0.0,1.0,0.0,1.0,0,0
frozen,-1,accept_all,0.11,74,0.0,1.0,1.0,0.0,0.0,0.0,1.0,0.0,1.0,0,0
frozen,-1,accept_all,0.11,75,0.0,1.0,1.0,0.0,0.0,0.0,1.0,0.0,1.0,0,0
frozen,-1,accept_all,0.11,76,0.0,1.0,1.0,0.0,0.0,0.0,1.0,0.0,1.0,0,0
frozen,-1,accept_all,0.11,77,0.0,1.0,1.0,0.0,0.0,0.0,1.0,0.0,1.0,0,0
frozen,-1,accept_all,0.11,78,0.0,1.0,1.0,0.0,0.0,0.0,1.0,0.0,1.0,0,0
frozen,-1,accept_all,0.11,79,0.0,1.0,1.0,0.0,0.0,0.0,1.0,0.0,1.0,0,0
frozen,-1,accept_all,0.11,80,0.0,1.0,1.0,0.0,0.0,0.0,1.0,0.0,1.0,0,0
frozen,-1,reference_only,0.11,1,0.0,1.0,1.0,1.0,0.0,0.5,0.5,0.0,1.0,1,0
frozen,-1,reference_only,0.11,2,0.0,1.0,1.0,0.0,1.0,0.5,0.5,0.0,1.0,2,0
frozen,-1,reference_only,0.11,3,0.0,1.0,1.0,0.0,1.0,0.5,0.5,0.0,1.0,3,0
frozen,-1,reference_only,0.11,4,0.0,1.0,1.0,0.0,1.0,0.5,0.5,0.0,1.0,4,0
frozen,-1,reference_only,0.11,5,0.0,1.0,1.0,0.0,1.0,0.5,0.5,0.0,1.0,5,0
frozen,-1,reference_only,0.11,6,0.0,1.0,1.0,0.0,1.0,0.5,0.5,0.0,1.0,6,0
frozen,-1,reference_only,0.11,7,0.0,1.0,1.0,0.0,1.0,0.5,0.5,0.0,1.0,7,0
frozen,-1,reference_only,0.11,8,0.0,1.0,1.0,0.0,1.0,0.5,0.5,0.0,1.0,8,0
frozen,-1,reference_only,0.11,9,0.0,1.0,1.0,0.0,1.0,0.5,0.5,0.0,1.0,9,0
frozen,-1,reference_only,0.11,10,0.0,1.0,1.0,0.0,1.0,0.5,0.5,0.0,1.0,10,0
frozen,-1,reference_only,0.11,11,0.0,1.0,1.0,0.0,1.0,0.5,0.5,0.0,1.0,11,0
frozen,-1,reference_only,0.11,12,0.0,1.0,1.0,0.0,1.0,0.5,0.5,0.0,1.0,12,0
frozen,-1,reference_only,0.11,13,0.0,1.0,1.0,0.0,1.0,0.5,0.5,0.0,1.0,13,0
frozen,-1,reference_only,0.11,14,0.0,1.0,1.0,0.0,1.0,0.5,0.5,0.0,1.0,14,0
frozen,-1,reference_only,0.11,15,0.0,1.0,1.0,0.0,1.0,0.5,0.5,0.0,1.0,15,0
frozen,-1,reference_only,0.11,16,0.0,1.0,1.0,0.0,1.0,0.5,0.5,0.0,1.0,16,0
frozen,-1,reference_only,0.11,17,0.0,1.0,1.0,0.0,1.0,0.5,0.5,0.0,1.0,17,0
frozen,-1,reference_only,0.11,18,0.0,1.0,1.0,0.0,1.0,0.5,0.5,0.0,1.0,18,0
frozen,-1,reference_only,0.11,19,0.0,1.0,1.0,0.0,1.0,0.5,0.5,0.0,1.0,19,0
frozen,-1,reference_only,0.11,20,0.0,1.0,1.0,0.0,1.0,0.5,0.5,0.0,1.0,20,0
frozen,-1,reference_only,0.11,21,0.0,1.0,1.0,0.0,1.0,0.5,0.5,0.0,1.0,21,0
frozen,-1,reference_only,0.11,22,0.0,1.0,1.0,0.0,1.0,0.5,0.5,0.0,1.0,22,0
frozen,-1,reference_only,0.11,23,0.0,1.0,1.0,0.0,1.0,0.5,0.5,0.0,1.0,23,0
frozen,-1,reference_only,0.11,24,0.0,1.0,1.0,0.0,1.0,0.5,0.5,0.0,1.0,24,0
frozen,-1,reference_only,0.11,25,0.0,1.0,1.0,0.0,1.0,0.5,0.5,0.0,1.0,25,0
frozen,-1,reference_only,0.11,26,0.0,1.0,1.0,0.0,1.0,0.5,0.5,0.0,1.0,26,0
frozen,-1,reference_only,0.11,27,0.0,1.0,1.0,0.0,1.0,0.5,0.5,0.0,1.0,27,0
frozen,-1,reference_only,0.11,28,0.0,1.0,1.0,0.0,1.0,0.5,0.5,0.0,1.0,28,0
frozen,-1,reference_only,0.11,29,0.0,1.0,1.0,0.0,1.0,0.5,0.5,0.0,1.0,29,0
frozen,-1,reference_only,0.11,30,0.0,1.0,1.0,0.0,1.0,0.5,0.5,0.0,1.0,30,0
frozen,-1,reference_only,0.11,31,0.0,1.0,1.0,0.0,1.0,0.5,0.5,0.0,1.0,31,0
frozen,-1,reference_only,0.11,32,0.0,1.0,1.0,0.0,1.0,0.5,0.5,0.0,1.0,32,0
frozen,-1,reference_only,0.11,33,0.0,1.0,1.0,0.0,1.0,0.5,0.5,0.0,1.0,33,0
frozen,-1,reference_only,0.11,34,0.0,1.0,1.0,0.0,1.0,0.5,0.5,0.0,1.0,34,0
frozen,-1,reference_only,0.11,35,0.0,1.0,1.0,0.0,1.0,0.5,0.5,0.0,1.0,35,0
frozen,-1,reference_only,0.11,36,0.0,1.0,1.0,0.0,1.0,0.5,0.5,0.0,1.0,36,0
frozen,-1,reference_only,0.11,37,0.0,1.0,1.0,0.0,1.0,0.5,0.5,0.0,1.0,37,0
frozen,-1,reference_only,0.11,38,0.0,1.0,1.0,0.0,1.0,0.5,0.5,0.0,1.0,38,0
frozen,-1,reference_only,0.11,39,0.0,1.0,1.0,0.0,1.0,0.5,0.5,0.0,1.0,39,0
frozen,-1,reference_only,0.11,40,0.0,1.0,1.0,0.0,1.0,0.5,0.5,0.0,1.0,40,0
frozen,-1,reference_only,0.11,41,0.0,1.0,1.0,0.0,1.0,0.5,0.5,0.0,1.0,41,0
frozen,-1,reference_only,0.11,42,0.0,1.0,1.0,0.0,1.0,0.5,0.5,0.0,1.0,42,0
frozen,-1,reference_only,0.11,43,0.0,1.0,1.0,0.0,1.0,0.5,0.5,0.0,1.0,43,0
frozen,-1,reference_only,0.11,44,0.0,1.0,1.0,0.0,1.0,0.5,0.5,0.0,1.0,44,0
frozen,-1,reference_only,0.11,45,0.0,1.0,1.0,0.0,1.0,0.5,0.5,0.0,1.0,45,0
frozen,-1,reference_only,0.11,46,0.0,1.0,1.0,0.0,1.0,0.5,0.5,0.0,1.0,46,0
frozen,-1,reference_only,0.11,47,0.0,1.0,1.0,0.0,1.0,0.5,0.5,0.0,1.0,47,0
frozen,-1,reference_only,0.11,48,0.0,1.0,1.0,0.0,1.0,0.5,0.5,0.0,1.0,48,0
frozen,-1,reference_only,0.11,49,0.0,1.0,1.0,0.0,1.0,0.5,0.5,0.0,1.0,49,0
frozen,-1,reference_only,0.11,50,0.0,1.0,1.0,0.0,1.0,0.5,0.5,0.0,1.0,50,0
frozen,-1,reference_only,0.11,51,0.0,1.0,1.0,0.0,1.0,0.5,0.5,0.0,1.0,51,0
frozen,-1,reference_only,0.11,52,0.0,1.0,1.0,0.0,1.0,0.5,0.5,0.0,1.0,52,0
frozen,-1,reference_only,0.11,53,0.0,1.0,1.0,0.0,1.0,0.5,0.5,0.0,1.0,53,0
frozen,-1,reference_only,0.11,54,0.0,1.0,1.0,0.0,1.0,0.5,0.5,0.0,1.0,54,0
frozen,-1,reference_only,0.11,55,0.0,1.0,1.0,0.0,1.0,0.5,0.5,0.0,1.0,55,0
frozen,-1,reference_only,0.11,56,0.0,1.0,1.0,0.0,1.0,0.5,0.5,0.0,1.0,56,0
frozen,-1,reference_only,0.11,57,0.0,1.0,1.0,0.0,1.0,0.5,0.5,0.0,1.0,57,0
frozen,-1,reference_only,0.11,58,0.0,1.0,1.0,0.0,1.0,0.5,0.5,0.0,1.0,58,0
frozen,-1,reference_only,0.11,59,0.0,1.0,1.0,0.0,1.0,0.5,0.5,0.0,1.0,59,0
frozen,-1,reference_only,0.11,60,0.0,1.0,1.0,0.0,1.0,0.5,0.5,0.0,1.0,60,0
frozen,-1,reference_only,0.11,61,0.0,1.0,1.0,0.0,1.0,0.5,0.5,0.0,1.0,61,0
frozen,-1,reference_only,0.11,62,0.0,1.0,1.0,0.0,1.0,0.5,0.5,0.0,1.0,62,0
frozen,-1,reference_only,0.11,63,0.0,1.0,1.0,0.0,1.0,0.5,0.5,0.0,1.0,63,0
frozen,-1,reference_only,0.11,64,0.0,1.0,1.0,0.0,1.0,0.5,0.5,0.0,1.0,64,0
frozen,-1,reference_only,0.11,65,0.0,1.0,1.0,0.0,1.0,0.5,0.5,0.0,1.0,65,0
frozen,-1,reference_only,0.11,66,0.0,1.0,1.0,0.0,1.0,0.5,0.5,0.0,1.0,66,0
frozen,-1,reference_only,0.11,67,0.0,1.0,1.0,0.0,1.0,0.5,0.5,0.0,1.0,67,0
frozen,-1,reference_only,0.11,68,0.0,1.0,1.0,0.0,1.0,0.5,0.5,0.0,1.0,68,0
frozen,-1,reference_only,0.11,69,0.0,1.0,1.0,0.0,1.0,0.5,0.5,0.0,1.0,69,0
frozen,-1,reference_only,0.11,70,0.0,1.0,1.0,0.0,1.0,0.5,0.5,0.0,1.0,70,0
frozen,-1,reference_only,0.11,71,0.0,1.0,1.0,0.0,1.0,0.5,0.5,0.0,1.0,71,0
frozen,-1,reference_only,0.11,72,0.0,1.0,1.0,0.0,1.0,0.5,0.5,0.0,1.0,72,0
frozen,-1,reference_only,0.11,73,0.0,1.0,1.0,0.0,1.0,0.5,0.5,0.0,1.0,73,0
frozen,-1,reference_only,0.11,74,0.0,1.0,1.0,0.0,1.0,0.5,0.5,0.0,1.0,74,0
frozen,-1,reference_only,0.11,75,0.0,1.0,1.0,0.0,1.0,0.5,0.5,0.0,1.0,75,0
frozen,-1,reference_only,0.11,76,0.0,1.0,1.0,0.0,1.0,0.5,0.5,0.0,1.0,76,0
frozen,-1,reference_only,0.11,77,0.0,1.0,1.0,0.0,1.0,0.5,0.5,0.0,1.0,77,0
frozen,-1,reference_only,0.11,78,0.0,1.0,1.0,0.0,1.0,0.5,0.5,0.0,1.0,78,0
frozen,-1,reference_only,0.11,79,0.0,1.0,1.0,0.0,1.0,0.5,0.5,0.0,1.0,79,0
frozen,-1,reference_only,0.11,80,0.0,1.0,1.0,0.0,1.0,0.5,0.5,0.0,1.0,80,0
frozen,-1,gated,0.25,1,0.0,1.0,0.0,0.0,1.0,0.5,0.5,1.0,0.0,1,1
frozen,-1,gated,0.25,2,0.0,1.0,0.0,0.0,1.0,0.5,0.5,1.0,0.0,2,2
frozen,-1,gated,0.25,3,0.0,1.0,0.0,0.0,1.0,0.5,0.5,1.0,0.0,3,3
frozen,-1,gated,0.25,4,0.0,1.0,0.0,0.0,1.0,0.5,0.5,1.0,0.0,4,4
frozen,-1,gated,0.25,5,0.0,1.0,0.0,0.0,1.0,0.5,0.5,1.0,0.0,5,5
frozen,-1,gated,0.25,6,0.0,1.0,0.0,0.0,1.0,0.5,0.5,1.0,0.0,6,6
frozen,-1,gated,0.25,7,0.0,1.0,0.0,0.0,1.0,0.5,0.5,1.0,0.0,7,7
frozen,-1,gated,0.25,8,0.0,1.0,0.0,0.0,1.0,0.5,0.5,1.0,0.0,8,8
frozen,-1,gated,0.25,9,0.0,1.0,0.0,0.0,1.0,0.5,0.5,1.0,0.0,9,9
frozen,-1,gated,0.25,10,0.0,1.0,0.0,0.0,1.0,0.5,0.5,1.0,0.0,10,10
frozen,-1,gated,0.25,11,0.0,1.0,0.0,0.0,1.0,0.5,0.5,1.0,0.0,11,11
frozen,-1,gated,0.25,12,0.0,1.0,0.0,0.0,1.0,0.5,0.5,1.0,0.0,12,12
frozen,-1,gated,0.25,13,0.0,1.0,0.0,0.0,1.0,0.5,0.5,1.0,0.0,13,13
frozen,-1,gated,0.25,14,0.0,1.0,0.0,0.0,1.0,0.5,0.5,1.0,0.0,14,14
frozen,-1,gated,0.25,15,0.0,1.0,0.0,0.0,1.0,0.5,0.5,1.0,0.0,15,15
frozen,-1,gated,0.25,16,0.0,1.0,0.0,0.0,1.0,0.5,0.5,1.0,0.0,16,16
frozen,-1,gated,0.25,17,0.0,1.0,0.0,0.0,1.0,0.5,0.5,1.0,0.0,17,17
frozen,-1,gated,0.25,18,0.0,1.0,0.0,0.0,1.0,0.5,0.5,1.0,0.0,18,18
frozen,-1,gated,0.25,19,0.0,1.0,0.0,0.0,1.0,0.5,0.5,1.0,0.0,19,19
frozen,-1,gated,0.25,20,0.0,1.0,0.0,0.0,1.0,0.5,0.5,1.0,0.0,20,20
frozen,-1,gated,0.25,21,0.0,1.0,0.0,0.0,1.0,0.5,0.5,1.0,0.0,21,21
frozen,-1,gated,0.25,22,0.0,1.0,0.0,0.0,1.0,0.5,0.5,1.0,0.0,22,22
frozen,-1,gated,0.25,23,0.0,1.0,0.0,0.0,1.0,0.5,0.5,1.0,0.0,23,23
frozen,-1,gated,0.25,24,0.0,1.0,0.0,0.0,1.0,0.5,0.5,1.0,0.0,24,24
frozen,-1,gated,0.25,25,0.0,1.0,0.0,0.0,1.0,0.5,0.5,1.0,0.0,25,25
frozen,-1,gated,0.25,26,0.0,1.0,0.0,0.0,1.0,0.5,0.5,1.0,0.0,26,26
frozen,-1,gated,0.25,27,0.0,1.0,0.0,0.0,1.0,0.5,0.5,1.0,0.0,27,27
frozen,-1,gated,0.25,28,0.0,1.0,0.0,0.0,1.0,0.5,0.5,1.0,0.0,28,28
frozen,-1,gated,0.25,29,0.0,1.0,0.0,0.0,1.0,0.5,0.5,1.0,0.0,29,29
frozen,-1,gated,0.25,30,0.0,1.0,0.0,0.0,1.0,0.5,0.5,1.0,0.0,30,30
frozen,-1,gated,0.25,31,0.0,1.0,0.0,0.0,1.0,0.5,0.5,1.0,0.0,31,31
frozen,-1,gated,0.25,32,0.0,1.0,0.0,0.0,1.0,0.5,0.5,1.0,0.0,32,32
frozen,-1,gated,0.25,33,0.0,1.0,0.0,0.0,1.0,0.5,0.5,1.0,0.0,33,33
frozen,-1,gated,0.25,34,0.0,1.0,0.0,0.0,1.0,0.5,0.5,1.0,0.0,34,34
frozen,-1,gated,0.25,35,0.0,1.0,0.0,0.0,1.0,0.5,0.5,1.0,0.0,35,35
frozen,-1,gated,0.25,36,0.0,1.0,0.0,0.0,1.0,0.5,0.5,1.0,0.0,36,36
frozen,-1,gated,0.25,37,0.0,1.0,0.0,0.0,1.0,0.5,0.5,1.0,0.0,37,37
frozen,-1,gated,0.25,38,0.0,1.0,0.0,0.0,1.0,0.5,0.5,1.0,0.0,38,38
frozen,-1,gated,0.25,39,0.0,1.0,0.0,0.0,1.0,0.5,0.5,1.0,0.0,39,39
frozen,-1,gated,0.25,40,0.0,1.0,0.0,0.0,1.0,0.5,0.5,1.0,0.0,40,40
frozen,-1,gated,0.25,41,0.0,1.0,0.0,0.0,1.0,0.5,0.5,1.0,0.0,41,41
frozen,-1,gated,0.25,42,0.0,1.0,0.0,0.0,1.0,0.5,0.5,1.0,0.0,42,42
frozen,-1,gated,0.25,43,0.0,1.0,0.0,0.0,1.0,0.5,0.5,1.0,0.0,43,43
frozen,-1,gated,0.25,44,0.0,1.0,0.0,0.0,1.0,0.5,0.5,1.0,0.0,44,44
frozen,-1,gated,0.25,45,0.0,1.0,0.0,0.0,1.0,0.5,0.5,1.0,0.0,45,45
frozen,-1,gated,0.25,46,0.0,1.0,0.0,0.0,1.0,0.5,0.5,1.0,0.0,46,46
frozen,-1,gated,0.25,47,0.0,1.0,0.0,0.0,1.0,0.5,0.5,1.0,0.0,47,47
frozen,-1,gated,0.25,48,0.0,1.0,0.0,0.0,1.0,0.5,0.5,1.0,0.0,48,48
frozen,-1,gated,0.25,49,0.0,1.0,0.0,0.0,1.0,0.5,0.5,1.0,0.0,49,49
frozen,-1,gated,0.25,50,0.0,1.0,0.0,0.0,1.0,0.5,0.5,1.0,0.0,50,50
frozen,-1,gated,0.25,51,0.0,1.0,0.0,0.0,1.0,0.5,0.5,1.0,0.0,51,51
frozen,-1,gated,0.25,52,0.0,1.0,0.0,0.0,1.0,0.5,0.5,1.0,0.0,52,52
frozen,-1,gated,0.25,53,0.0,1.0,0.0,0.0,1.0,0.5,0.5,1.0,0.0,53,53
frozen,-1,gated,0.25,54,0.0,1.0,0.0,0.0,1.0,0.5,0.5,1.0,0.0,54,54
frozen,-1,gated,0.25,55,0.0,1.0,0.0,0.0,1.0,0.5,0.5,1.0,0.0,55,55
frozen,-1,gated,0.25,56,0.0,1.0,0.0,0.0,1.0,0.5,0.5,1.0,0.0,56,56
frozen,-1,gated,0.25,57,0.0,1.0,0.0,0.0,1.0,0.5,0.5,1.0,0.0,57,57
frozen,-1,gated,0.25,58,0.0,1.0,0.0,0.0,1.0,0.5,0.5,1.0,0.0,58,58
frozen,-1,gated,0.25,59,0.0,1.0,0.0,0.0,1.0,0.5,0.5,1.0,0.0,59,59
frozen,-1,gated,0.25,60,0.0,1.0,0.0,0.0,1.0,0.5,0.5,1.0,0.0,60,60
frozen,-1,gated,0.25,61,0.0,1.0,0.0,0.0,1.0,0.5,0.5,1.0,0.0,61,61
frozen,-1,gated,0.25,62,0.0,1.0,0.0,0.0,1.0,0.5,0.5,1.0,0.0,62,62
frozen,-1,gated,0.25,63,0.0,1.0,0.0,0.0,1.0,0.5,0.5,1.0,0.0,63,63
frozen,-1,gated,0.25,64,0.0,1.0,0.0,0.0,1.0,0.5,0.5,1.0,0.0,64,64
frozen,-1,gated,0.25,65,0.0,1.0,0.0,0.0,1.0,0.5,0.5,1.0,0.0,65,65
frozen,-1,gated,0.25,66,0.0,1.0,0.0,0.0,1.0,0.5,0.5,1.0,0.0,66,66
frozen,-1,gated,0.25,67,0.0,1.0,0.0,0.0,1.0,0.5,0.5,1.0,0.0,67,67
frozen,-1,gated,0.25,68,0.0,1.0,0.0,0.0,1.0,0.5,0.5,1.0,0.0,68,68
frozen,-1,gated,0.25,69,0.0,1.0,0.0,0.0,1.0,0.5,0.5,1.0,0.0,69,69
frozen,-1,gated,0.25,70,0.0,1.0,0.0,0.0,1.0,0.5,0.5,1.0,0.0,70,70
frozen,-1,gated,0.25,71,0.0,1.0,0.0,0.0,1.0,0.5,0.5,1.0,0.0,71,71
frozen,-1,gated,0.25,72,0.0,1.0,0.0,0.0,1.0,0.5,0.5,1.0,0.0,72,72
frozen,-1,gated,0.25,73,0.0,1.0,0.0,0.0,1.0,0.5,0.5,1.0,0.0,73,73
frozen,-1,gated,0.25,74,0.0,1.0,0.0,0.0,1.0,0.5,0.5,1.0,0.0,74,74
frozen,-1,gated,0.25,75,0.0,1.0,0.0,0.0,1.0,0.5,0.5,1.0,0.0,75,75
frozen,-1,gated,0.25,76,0.0,1.0,0.0,0.0,1.0,0.5,0.5,1.0,0.0,76,76
frozen,-1,gated,0.25,77,0.0,1.0,0.0,0.0,1.0,0.5,0.5,1.0,0.0,77,77
frozen,-1,gated,0.25,78,0.0,1.0,0.0,0.0,1.0,0.5,0.5,1.0,0.0,78,78
frozen,-1,gated,0.25,79,0.0,1.0,0.0,0.0,1.0,0.5,0.5,1.0,0.0,79,79
frozen,-1,gated,0.25,80,0.0,1.0,0.0,0.0,1.0,0.5,0.5,1.0,0.0,80,80
frozen,-1,accept_all,0.25,1,0.0,1.0,1.0,1.0,0.5,0.5,1.0,0.0,1.0,0,0
frozen,-1,accept_all,0.25,2,0.0,1.0,1.0,0.0,0.0,0.0,1.0,0.0,1.0,0,0
frozen,-1,accept_all,0.25,3,0.0,1.0,1.0,0.0,0.0,0.0,1.0,0.0,1.0,0,0
frozen,-1,accept_all,0.25,4,0.0,1.0,1.0,0.0,0.0,0.0,1.0,0.0,1.0,0,0
frozen,-1,accept_all,0.25,5,0.0,1.0,1.0,0.0,0.0,0.0,1.0,0.0,1.0,0,0
frozen,-1,accept_all,0.25,6,0.0,1.0,1.0,0.0,0.0,0.0,1.0,0.0,1.0,0,0
frozen,-1,accept_all,0.25,7,0.0,1.0,1.0,0.0,0.0,0.0,1.0,0.0,1.0,0,0
frozen,-1,accept_all,0.25,8,0.0,1.0,1.0,0.0,0.0,0.0,1.0,0.0,1.0,0,0
frozen,-1,accept_all,0.25,9,0.0,1.0,1.0,0.0,0.0,0.0,1.0,0.0,1.0,0,0
frozen,-1,accept_all,0.25,10,0.0,1.0,1.0,0.0,0.0,0.0,1.0,0.0,1.0,0,0
frozen,-1,accept_all,0.25,11,0.0,1.0,1.0,0.0,0.0,0.0,1.0,0.0,1.0,0,0
frozen,-1,accept_all,0.25,12,0.0,1.0,1.0,0.0,0.0,0.0,1.0,0.0,1.0,0,0
frozen,-1,accept_all,0.25,13,0.0,1.0,1.0,0.0,0.0,0.0,1.0,0.0,1.0,0,0
frozen,-1,accept_all,0.25,14,0.0,1.0,1.0,0.0,0.0,0.0,1.0,0.0,1.0,0,0
frozen,-1,accept_all,0.25,15,0.0,1.0,1.0,0.0,0.0,0.0,1.0,0.0,1.0,0,0
frozen,-1,accept_all,0.25,16,0.0,1.0,1.0,0.0,0.0,0.0,1.0,0.0,1.0,0,0
frozen,-1,accept_all,0.25,17,0.0,1.0,1.0,0.0,0.0,0.0,1.0,0.0,1.0,0,0
frozen,-1,accept_all,0.25,18,0.0,1.0,1.0,0.0,0.0,0.0,1.0,0.0,1.0,0,0
frozen,-1,accept_all,0.25,19,0.0,1.0,1.0,0.0,0.0,0.0,1.0,0.0,1.0,0,0
frozen,-1,accept_all,0.25,20,0.0,1.0,1.0,0.0,0.0,0.0,1.0,0.0,1.0,0,0
frozen,-1,accept_all,0.25,21,0.0,1.0,1.0,0.0,0.0,0.0,1.0,0.0,1.0,0,0
frozen,-1,accept_all,0.25,22,0.0,1.0,1.0,0.0,0.0,0.0,1.0,0.0,1.0,0,0
frozen,-1,accept_all,0.25,23,0.0,1.0,1.0,0.0,0.0,0.0,1.0,0.0,1.0,0,0
frozen,-1,accept_all,0.25,24,0.0,1.0,1.0,0.0,0.0,0.0,1.0,0.0,1.0,0,0
frozen,-1,accept_all,0.25,25,0.0,1.0,1.0,0.0,0.0,0.0,1.0,0.0,1.0,0,0
frozen,-1,accept_all,0.25,26,0.0,1.0,1.0,0.0,0.0,0.0,1.0,0.0,1.0,0,0
frozen,-1,accept_all,0.25,27,0.0,1.0,1.0,0.0,0.0,0.0,1.0,0.0,1.0,0,0
frozen,-1,accept_all,0.25,28,0.0,1.0,1.0,0.0,0.0,0.0,1.0,0.0,1.0,0,0
frozen,-1,accept_all,0.25,29,0.0,1.0,1.0,0.0,0.0,0.0,1.0,0.0,1.0,0,0
frozen,-1,accept_all,0.25,30,0.0,1.0,1.0,0.0,0.0,0.0,1.0,0.0,1.0,0,0
frozen,-1,accept_all,0.25,31,0.0,1.0,1.0,0.0,0.0,0.0,1.0,0.0,1.0,0,0
frozen,-1,accept_all,0.25,32,0.0,1.0,1.0,0.0,0.0,0.0,1.0,0.0,1.0,0,0
frozen,-1,accept_all,0.25,33,0.0,1.0,1.0,0.0,0.0,0.0,1.0,0.0,1.0,0,0
frozen,-1,accept_all,0.25,34,0.0,1.0,1.0,0.0,0.0,0.0,1.0,0.0,1.0,0,0
frozen,-1,accept_all,0.25,35,0.0,1.0,1.0,0.0,0.0,0.0,1.0,0.0,1.0,0,0
frozen,-1,accept_all,0.25,36,0.0,1.0,1.0,0.0,0.0,0.0,1.0,0.0,1.0,0,0
frozen,-1,accept_all,0.25,37,0.0,1.0,1.0,0.0,0.0,0.0,1.0,0.0,1.0,0,0
frozen,-1,accept_all,0.25,38,0.0,1.0,1.0,0.0,0.0,0.0,1.0,0.0,1.0,0,0
frozen,-1,accept_all,0.25,39,0.0,1.0,1.0,0.0,0.0,0.0,1.0,0.0,1.0,0,0
frozen,-1,accept_all,0.25,40,0.0,1.0,1.0,0.0,0.0,0.0,1.0,0.0,1.0,0,0
frozen,-1,accept_all,0.25,41,0.0,1.0,1.0,0.0,0.0,0.0,1.0,0.0,1.0,0,0
frozen,-1,accept_all,0.25,42,0.0,1.0,1.0,0.0,0.0,0.0,1.0,0.0,1.0,0,0
frozen,-1,accept_all,0.25,43,0.0,1.0,1.0,0.0,0.0,0.0,1.0,0.0,1.0,0,0
frozen,-1,accept_all,0.25,44,0.0,1.0,1.0,0.0,0.0,0.0,1.0,0.0,1.0,0,0
frozen,-1,accept_all,0.25,45,0.0,1.0,1.0,0.0,0.0,0.0,1.0,0.0,1.0,0,0
frozen,-1,accept_all,0.25,46,0.0,1.0,1.0,0.0,0.0,0.0,1.0,0.0,1.0,0,0
frozen,-1,accept_all,0.25,47,0.0,1.0,1.0,0.0,0.0,0.0,1.0,0.0,1.0,0,0
frozen,-1,accept_all,0.25,48,0.0,1.0,1.0,0.0,0.0,0.0,1.0,0.0,1.0,0,0
frozen,-1,accept_all,0.25,49,0.0,1.0,1.0,0.0,0.0,0.0,1.0,0.0,1.0,0,0
frozen,-1,accept_all,0.25,50,0.0,1.0,1.0,0.0,0.0,0.0,1.0,0.0,1.0,0,0
frozen,-1,accept_all,0.25,51,0.0,1.0,1.0,0.0,0.0,0.0,1.0,0.0,1.0,0,0
frozen,-1,accept_all,0.25,52,0.0,1.0,1.0,0.0,0.0,0.0,1.0,0.0,1.0,0,0
frozen,-1,accept_all,0.25,53,0.0,1.0,1.0,0.0,0.0,0.0,1.0,0.0,1.0,0,0
frozen,-1,accept_all,0.25,54,0.0,1.0,1.0,0.0,0.0,0.0,1.0,0.0,1.0,0,0
frozen,-1,accept_all,0.25,55,0.0,1.0,1.0,0.0,0.0,0.0,1.0,0.0,1.0,0,0
frozen,-1,accept_all,0.25,56,0.0,1.0,1.0,0.0,0.0,0.0,1.0,0.0,1.0,0,0
frozen,-1,accept_all,0.25,57,0.0,1.0,1.0,0.0,0.0,0.0,1.0,0.0,1.0,0,0
frozen,-1,accept_all,0.25,58,0.0,1.0,1.0,0.0,0.0,0.0,1.0,0.0,1.0,0,0
frozen,-1,accept_all,0.25,59,0.0,1.0,1.0,0.0,0.0,0.0,1.0,0.0,1.0,0,0
frozen,-1,accept_all,0.25,60,0.0,1.0,1.0,0.0,0.0,0.0,1.0,0.0,1.0,0,0
frozen,-1,accept_all,0.25,61,0.0,1.0,1.0,0.0,0.0,0.0,1.0,0.0,1.0,0,0
frozen,-1,accept_all,0.25,62,0.0,1.0,1.0,0.0,0.0,0.0,1.0,0.0,1.0,0,0
frozen,-1,accept_all,0.25,63,0.0,1.0,1.0,0.0,0.0,0.0,1.0,0.0,1.0,0,0
frozen,-1,accept_all,0.25,64,0.0,1.0,1.0,0.0,0.0,0.0,1.0,0.0,1.0,0,0
frozen,-1,accept_all,0.25,65,0.0,1.0,1.0,0.0,0.0,0.0,1.0,0.0,1.0,0,0
frozen,-1,accept_all,0.25,66,0.0,1.0,1.0,0.0,0.0,0.0,1.0,0.0,1.0,0,0
frozen,-1,accept_all,0.25,67,0.0,1.0,1.0,0.0,0.0,0.0,1.0,0.0,1.0,0,0
frozen,-1,accept_all,0.25,68,0.0,1.0,1.0,0.0,0.0,0.0,1.0,0.0,1.0,0,0
frozen,-1,accept_all,0.25,69,0.0,1.0,1.0,0.0,0.0,0.0,1.0,0.0,1.0,0,0
frozen,-1,accept_all,0.25,70,0.0,1.0,1.0,0.0,0.0,0.0,1.0,0.0,1.0,0,0
frozen,-1,accept_all,0.25,71,0.0,1.0,1.0,0.0,0.0,0.0,1.0,0.0,1.0,0,0
frozen,-1,accept_all,0.25,72,0.0,1.0,1.0,0.0,0.0,0.0,1.0,0.0,1.0,0,0
frozen,-1,accept_all,0.25,73,0.0,1.0,1.0,0.0,0.0,0.0,1.0,0.0,1.0,0,0
frozen,-1,accept_all,0.25,74,0.0,1.0,1.0,0.0,0.0,0.0,1.0,0.0,1.0,0,0
frozen,-1,accept_all,0.25,75,0.0,1.0,1.0,0.0,0.0,0.0,1.0,0.0,1.0,0,0
frozen,-1,accept_all,0.25,76,0.0,1.0,1.0,0.0,0.0,0.0,1.0,0.0,1.0,0,0
frozen,-1,accept_all,0.25,77,0.0,1.0,1.0,0.0,0.0,0.0,1.0,0.0,1.0,0,0
frozen,-1,accept_all,0.25,78,0.0,1.0,1.0,0.0,0.0,0.0,1.0,0.0,1.0,0,0
frozen,-1,accept_all,0.25,79,0.0,1.0,1.0,0.0,0.0,0.0,1.0,0.0,1.0,0,0
frozen,-1,accept_all,0.25,80,0.0,1.0,1.0,0.0,0.0,0.0,1.0,0.0,1.0,0,0
frozen,-1,reference_only,0.25,1,0.0,1.0,1.0,1.0,0.0,0.5,0.5,0.0,1.0,1,0
frozen,-1,reference_only,0.25,2,0.0,1.0,1.0,0.0,1.0,0.5,0.5,0.0,1.0,2,0
frozen,-1,reference_only,0.25,3,0.0,1.0,1.0,0.0,1.0,0.5,0.5,0.0,1.0,3,0
frozen,-1,reference_only,0.25,4,0.0,1.0,1.0,0.0,1.0,0.5,0.5,0.0,1.0,4,0
frozen,-1,reference_only,0.25,5,0.0,1.0,1.0,0.0,1.0,0.5,0.5,0.0,1.0,5,0
frozen,-1,reference_only,0.25,6,0.0,1.0,1.0,0.0,1.0,0.5,0.5,0.0,1.0,6,0
frozen,-1,reference_only,0.25,7,0.0,1.0,1.0,0.0,1.0,0.5,0.5,0.0,1.0,7,0
frozen,-1,reference_only,0.25,8,0.0,1.0,1.0,0.0,1.0,0.5,0.5,0.0,1.0,8,0
frozen,-1,reference_only,0.25,9,0.0,1.0,1.0,0.0,1.0,0.5,0.5,0.0,1.0,9,0
frozen,-1,reference_only,0.25,10,0.0,1.0,1.0,0.0,1.0,0.5,0.5,0.0,1.0,10,0
frozen,-1,reference_only,0.25,11,0.0,1.0,1.0,0.0,1.0,0.5,0.5,0.0,1.0,11,0
frozen,-1,reference_only,0.25,12,0.0,1.0,1.0,0.0,1.0,0.5,0.5,0.0,1.0,12,0
frozen,-1,reference_only,0.25,13,0.0,1.0,1.0,0.0,1.0,0.5,0.5,0.0,1.0,13,0
frozen,-1,reference_only,0.25,14,0.0,1.0,1.0,0.0,1.0,0.5,0.5,0.0,1.0,14,0
frozen,-1,reference_only,0.25,15,0.0,1.0,1.0,0.0,1.0,0.5,0.5,0.0,1.0,15,0
frozen,-1,reference_only,0.25,16,0.0,1.0,1.0,0.0,1.0,0.5,0.5,0.0,1.0,16,0
frozen,-1,reference_only,0.25,17,0.0,1.0,1.0,0.0,1.0,0.5,0.5,0.0,1.0,17,0
frozen,-1,reference_only,0.25,18,0.0,1.0,1.0,0.0,1.0,0.5,0.5,0.0,1.0,18,0
frozen,-1,reference_only,0.25,19,0.0,1.0,1.0,0.0,1.0,0.5,0.5,0.0,1.0,19,0
frozen,-1,reference_only,0.25,20,0.0,1.0,1.0,0.0,1.0,0.5,0.5,0.0,1.0,20,0
frozen,-1,reference_only,0.25,21,0.0,1.0,1.0,0.0,1.0,0.5,0.5,0.0,1.0,21,0
frozen,-1,reference_only,0.25,22,0.0,1.0,1.0,0.0,1.0,0.5,0.5,0.0,1.0,22,0
frozen,-1,reference_only,0.25,23,0.0,1.0,1.0,0.0,1.0,0.5,0.5,0.0,1.0,23,0
frozen,-1,reference_only,0.25,24,0.0,1.0,1.0,0.0,1.0,0.5,0.5,0.0,1.0,24,0
frozen,-1,reference_only,0.25,25,0.0,1.0,1.0,0.0,1.0,0.5,0.5,0.0,1.0,25,0
frozen,-1,reference_only,0.25,26,0.0,1.0,1.0,0.0,1.0,0.5,0.5,0.0,1.0,26,0
frozen,-1,reference_only,0.25,27,0.0,1.0,1.0,0.0,1.0,0.5,0.5,0.0,1.0,27,0
frozen,-1,reference_only,0.25,28,0.0,1.0,1.0,0.0,1.0,0.5,0.5,0.0,1.0,28,0
frozen,-1,reference_only,0.25,29,0.0,1.0,1.0,0.0,1.0,0.5,0.5,0.0,1.0,29,0
frozen,-1,reference_only,0.25,30,0.0,1.0,1.0,0.0,1.0,0.5,0.5,0.0,1.0,30,0
frozen,-1,reference_only,0.25,31,0.0,1.0,1.0,0.0,1.0,0.5,0.5,0.0,1.0,31,0
frozen,-1,reference_only,0.25,32,0.0,1.0,1.0,0.0,1.0,0.5,0.5,0.0,1.0,32,0
frozen,-1,reference_only,0.25,33,0.0,1.0,1.0,0.0,1.0,0.5,0.5,0.0,1.0,33,0
frozen,-1,reference_only,0.25,34,0.0,1.0,1.0,0.0,1.0,0.5,0.5,0.0,1.0,34,0
frozen,-1,reference_only,0.25,35,0.0,1.0,1.0,0.0,1.0,0.5,0.5,0.0,1.0,35,0
frozen,-1,reference_only,0.25,36,0.0,1.0,1.0,0.0,1.0,0.5,0.5,0.0,1.0,36,0
frozen,-1,reference_only,0.25,37,0.0,1.0,1.0,0.0,1.0,0.5,0.5,0.0,1.0,37,0
frozen,-1,reference_only,0.25,38,0.0,1.0,1.0,0.0,1.0,0.5,0.5,0.0,1.0,38,0
frozen,-1,reference_only,0.25,39,0.0,1.0,1.0,0.0,1.0,0.5,0.5,0.0,1.0,39,0
frozen,-1,reference_only,0.25,40,0.0,1.0,1.0,0.0,1.0,0.5,0.5,0.0,1.0,40,0
frozen,-1,reference_only,0.25,41,0.0,1.0,1.0,0.0,1.0,0.5,0.5,0.0,1.0,41,0
frozen,-1,reference_only,0.25,42,0.0,1.0,1.0,0.0,1.0,0.5,0.5,0.0,1.0,42,0
frozen,-1,reference_only,0.25,43,0.0,1.0,1.0,0.0,1.0,0.5,0.5,0.0,1.0,43,0
frozen,-1,reference_only,0.25,44,0.0,1.0,1.0,0.0,1.0,0.5,0.5,0.0,1.0,44,0
frozen,-1,reference_only,0.25,45,0.0,1.0,1.0,0.0,1.0,0.5,0.5,0.0,1.0,45,0
frozen,-1,reference_only,0.25,46,0.0,1.0,1.0,0.0,1.0,0.5,0.5,0.0,1.0,46,0
frozen,-1,reference_only,0.25,47,0.0,1.0,1.0,0.0,1.0,0.5,0.5,0.0,1.0,47,0
frozen,-1,reference_only,0.25,48,0.0,1.0,1.0,0.0,1.0,0.5,0.5,0.0,1.0,48,0
frozen,-1,reference_only,0.25,49,0.0,1.0,1.0,0.0,1.0,0.5,0.5,0.0,1.0,49,0
frozen,-1,reference_only,0.25,50,0.0,1.0,1.0,0.0,1.0,0.5,0.5,0.0,1.0,50,0
frozen,-1,reference_only,0.25,51,0.0,1.0,1.0,0.0,1.0,0.5,0.5,0.0,1.0,51,0
frozen,-1,reference_only,0.25,52,0.0,1.0,1.0,0.0,1.0,0.5,0.5,0.0,1.0,52,0
frozen,-1,reference_only,0.25,53,0.0,1.0,1.0,0.0,1.0,0.5,0.5,0.0,1.0,53,0
frozen,-1,reference_only,0.25,54,0.0,1.0,1.0,0.0,1.0,0.5,0.5,0.0,1.0,54,0
frozen,-1,reference_only,0.25,55,0.0,1.0,1.0,0.0,1.0,0.5,0.5,0.0,1.0,55,0
frozen,-1,reference_only,0.25,56,0.0,1.0,1.0,0.0,1.0,0.5,0.5,0.0,1.0,56,0
frozen,-1,reference_only,0.25,57,0.0,1.0,1.0,0.0,1.0,0.5,0.5,0.0,1.0,57,0
frozen,-1,reference_only,0.25,58,0.0,1.0,1.0,0.0,1.0,0.5,0.5,0.0,1.0,58,0
frozen,-1,reference_only,0.25,59,0.0,1.0,1.0,0.0,1.0,0.5,0.5,0.0,1.0,59,0
frozen,-1,reference_only,0.25,60,0.0,1.0,1.0,0.0,1.0,0.5,0.5,0.0,1.0,60,0
frozen,-1,reference_only,0.25,61,0.0,1.0,1.0,0.0,1.0,0.5,0.5,0.0,1.0,61,0
frozen,-1,reference_only,0.25,62,0.0,1.0,1.0,0.0,1.0,0.5,0.5,0.0,1.0,62,0
frozen,-1,reference_only,0.25,63,0.0,1.0,1.0,0.0,1.0,0.5,0.5,0.0,1.0,63,0
frozen,-1,reference_only,0.25,64,0.0,1.0,1.0,0.0,1.0,0.5,0.5,0.0,1.0,64,0
frozen,-1,reference_only,0.25,65,0.0,1.0,1.0,0.0,1.0,0.5,0.5,0.0,1.0,65,0
frozen,-1,reference_only,0.25,66,0.0,1.0,1.0,0.0,1.0,0.5,0.5,0.0,1.0,66,0
frozen,-1,reference_only,0.25,67,0.0,1.0,1.0,0.0,1.0,0.5,0.5,0.0,1.0,67,0
frozen,-1,reference_only,0.25,68,0.0,1.0,1.0,0.0,1.0,0.5,0.5,0.0,1.0,68,0
frozen,-1,reference_only,0.25,69,0.0,1.0,1.0,0.0,1.0,0.5,0.5,0.0,1.0,69,0
frozen,-1,reference_only,0.25,70,0.0,1.0,1.0,0.0,1.0,0.5,0.5,0.0,1.0,70,0
frozen,-1,reference_only,0.25,71,0.0,1.0,1.0,0.0,1.0,0.5,0.5,0.0,1.0,71,0
frozen,-1,reference_only,0.25,72,0.0,1.0,1.0,0.0,1.0,0.5,0.5,0.0,1.0,72,0
frozen,-1,reference_only,0.25,73,0.0,1.0,1.0,0.0,1.0,0.5,0.5,0.0,1.0,73,0
frozen,-1,reference_only,0.25,74,0.0,1.0,1.0,0.0,1.0,0.5,0.5,0.0,1.0,74,0
frozen,-1,reference_only,0.25,75,0.0,1.0,1.0,0.0,1.0,0.5,0.5,0.0,1.0,75,0
frozen,-1,reference_only,0.25,76,0.0,1.0,1.0,0.0,1.0,0.5,0.5,0.0,1.0,76,0
frozen,-1,reference_only,0.25,77,0.0,1.0,1.0,0.0,1.0,0.5,0.5,0.0,1.0,77,0
frozen,-1,reference_only,0.25,78,0.0,1.0,1.0,0.0,1.0,0.5,0.5,0.0,1.0,78,0
frozen,-1,reference_only,0.25,79,0.0,1.0,1.0,0.0,1.0,0.5,0.5,0.0,1.0,79,0
frozen,-1,reference_only,0.25,80,0.0,1.0,1.0,0.0,1.0,0.5,0.5,0.0,1.0,80,0
frozen,-1,gated,1.0,1,0.0,1.0,1.0,1.0,0.5,0.5,1.0,0.0,1.0,0,0
frozen,-1,gated,1.0,2,0.0,1.0,1.0,0.0,0.0,0.0,1.0,0.0,1.0,0,0
frozen,-1,gated,1.0,3,0.0,1.0,1.0,0.0,0.0,0.0,1.0,0.0,1.0,0,0
frozen,-1,gated,1.0,4,0.0,1.0,1.0,0.0,0.0,0.0,1.0,0.0,1.0,0,0
frozen,-1,gated,1.0,5,0.0,1.0,1.0,0.0,0.0,0.0,1.0,0.0,1.0,0,0
frozen,-1,gated,1.0,6,0.0,1.0,1.0,0.0,0.0,0.0,1.0,0.0,1.0,0,0
frozen,-1,gated,1.0,7,0.0,1.0,1.0,0.0,0.0,0.0,1.0,0.0,1.0,0,0
frozen,-1,gated,1.0,8,0.0,1.0,1.0,0.0,0.0,0.0,1.0,0.0,1.0,0,0
frozen,-1,gated,1.0,9,0.0,1.0,1.0,0.0,0.0,0.0,1.0,0.0,1.0,0,0
frozen,-1,gated,1.0,10,0.0,1.0,1.0,0.0,0.0,0.0,1.0,0.0,1.0,0,0
frozen,-1,gated,1.0,11,0.0,1.0,1.0,0.0,0.0,0.0,1.0,0.0,1.0,0,0
frozen,-1,gated,1.0,12,0.0,1.0,1.0,0.0,0.0,0.0,1.0,0.0,1.0,0,0
frozen,-1,gated,1.0,13,0.0,1.0,1.0,0.0,0.0,0.0,1.0,0.0,1.0,0,0
frozen,-1,gated,1.0,14,0.0,1.0,1.0,0.0,0.0,0.0,1.0,0.0,1.0,0,0
frozen,-1,gated,1.0,15,0.0,1.0,1.0,0.0,0.0,0.0,1.0,0.0,1.0,0,0
frozen,-1,gated,1.0,16,0.0,1.0,1.0,0.0,0.0,0.0,1.0,0.0,1.0,0,0
frozen,-1,gated,1.0,17,0.0,1.0,1.0,0.0,0.0,0.0,1.0,0.0,1.0,0,0
frozen,-1,gated,1.0,18,0.0,1.0,1.0,0.0,0.0,0.0,1.0,0.0,1.0,0,0
frozen,-1,gated,1.0,19,0.0,1.0,1.0,0.0,0.0,0.0,1.0,0.0,1.0,0,0
frozen,-1,gated,1.0,20,0.0,1.0,1.0,0.0,0.0,0.0,1.0,0.0,1.0,0,0
frozen,-1,gated,1.0,21,0.0,1.0,1.0,0.0,0.0,0.0,1.0,0.0,1.0,0,0
frozen,-1,gated,1.0,22,0.0,1.0,1.0,0.0,0.0,0.0,1.0,0.0,1.0,0,0
frozen,-1,gated,1.0,23,0.0,1.0,1.0,0.0,0.0,0.0,1.0,0.0,1.0,0,0
frozen,-1,gated,1.0,24,0.0,1.0,1.0,0.0,0.0,0.0,1.0,0.0,1.0,0,0
frozen,-1,gated,1.0,25,0.0,1.0,1.0,0.0,0.0,0.0,1.0,0.0,1.0,0,0
frozen,-1,gated,1.0,26,0.0,1.0,1.0,0.0,0.0,0.0,1.0,0.0,1.0,0,0
frozen,-1,gated,1.0,27,0.0,1.0,1.0,0.0,0.0,0.0,1.0,0.0,1.0,0,0
frozen,-1,gated,1.0,28,0.0,1.0,1.0,0.0,0.0,0.0,1.0,0.0,1.0,0,0
frozen,-1,gated,1.0,29,0.0,1.0,1.0,0.0,0.0,0.0,1.0,0.0,1.0,0,0
frozen,-1,gated,1.0,30,0.0,1.0,1.0,0.0,0.0,0.0,1.0,0.0,1.0,0,0
frozen,-1,gated,1.0,31,0.0,1.0,1.0,0.0,0.0,0.0,1.0,0.0,1.0,0,0
frozen,-1,gated,1.0,32,0.0,1.0,1.0,0.0,0.0,0.0,1.0,0.0,1.0,0,0
frozen,-1,gated,1.0,33,0.0,1.0,1.0,0.0,0.0,0.0,1.0,0.0,1.0,0,0
frozen,-1,gated,1.0,34,0.0,1.0,1.0,0.0,0.0,0.0,1.0,0.0,1.0,0,0
frozen,-1,gated,1.0,35,0.0,1.0,1.0,0.0,0.0,0.0,1.0,0.0,1.0,0,0
frozen,-1,gated,1.0,36,0.0,1.0,1.0,0.0,0.0,0.0,1.0,0.0,1.0,0,0
frozen,-1,gated,1.0,37,0.0,1.0,1.0,0.0,0.0,0.0,1.0,0.0,1.0,0,0
frozen,-1,gated,1.0,38,0.0,1.0,1.0,0.0,0.0,0.0,1.0,0.0,1.0,0,0
frozen,-1,gated,1.0,39,0.0,1.0,1.0,0.0,0.0,0.0,1.0,0.0,1.0,0,0
frozen,-1,gated,1.0,40,0.0,1.0,1.0,0.0,0.0,0.0,1.0,0.0,1.0,0,0
frozen,-1,gated,1.0,41,0.0,1.0,1.0,0.0,0.0,0.0,1.0,0.0,1.0,0,0
frozen,-1,gated,1.0,42,0.0,1.0,1.0,0.0,0.0,0.0,1.0,0.0,1.0,0,0
frozen,-1,gated,1.0,43,0.0,1.0,1.0,0.0,0.0,0.0,1.0,0.0,1.0,0,0
frozen,-1,gated,1.0,44,0.0,1.0,1.0,0.0,0.0,0.0,1.0,0.0,1.0,0,0
frozen,-1,gated,1.0,45,0.0,1.0,1.0,0.0,0.0,0.0,1.0,0.0,1.0,0,0
frozen,-1,gated,1.0,46,0.0,1.0,1.0,0.0,0.0,0.0,1.0,0.0,1.0,0,0
frozen,-1,gated,1.0,47,0.0,1.0,1.0,0.0,0.0,0.0,1.0,0.0,1.0,0,0
frozen,-1,gated,1.0,48,0.0,1.0,1.0,0.0,0.0,0.0,1.0,0.0,1.0,0,0
frozen,-1,gated,1.0,49,0.0,1.0,1.0,0.0,0.0,0.0,1.0,0.0,1.0,0,0
frozen,-1,gated,1.0,50,0.0,1.0,1.0,0.0,0.0,0.0,1.0,0.0,1.0,0,0
frozen,-1,gated,1.0,51,0.0,1.0,1.0,0.0,0.0,0.0,1.0,0.0,1.0,0,0
frozen,-1,gated,1.0,52,0.0,1.0,1.0,0.0,0.0,0.0,1.0,0.0,1.0,0,0
frozen,-1,gated,1.0,53,0.0,1.0,1.0,0.0,0.0,0.0,1.0,0.0,1.0,0,0
frozen,-1,gated,1.0,54,0.0,1.0,1.0,0.0,0.0,0.0,1.0,0.0,1.0,0,0
frozen,-1,gated,1.0,55,0.0,1.0,1.0,0.0,0.0,0.0,1.0,0.0,1.0,0,0
frozen,-1,gated,1.0,56,0.0,1.0,1.0,0.0,0.0,0.0,1.0,0.0,1.0,0,0
frozen,-1,gated,1.0,57,0.0,1.0,1.0,0.0,0.0,0.0,1.0,0.0,1.0,0,0
frozen,-1,gated,1.0,58,0.0,1.0,1.0,0.0,0.0,0.0,1.0,0.0,1.0,0,0
frozen,-1,gated,1.0,59,0.0,1.0,1.0,0.0,0.0,0.0,1.0,0.0,1.0,0,0
frozen,-1,gated,1.0,60,0.0,1.0,1.0,0.0,0.0,0.0,1.0,0.0,1.0,0,0
frozen,-1,gated,1.0,61,0.0,1.0,1.0,0.0,0.0,0.0,1.0,0.0,1.0,0,0
frozen,-1,gated,1.0,62,0.0,1.0,1.0,0.0,0.0,0.0,1.0,0.0,1.0,0,0
frozen,-1,gated,1.0,63,0.0,1.0,1.0,0.0,0.0,0.0,1.0,0.0,1.0,0,0
frozen,-1,gated,1.0,64,0.0,1.0,1.0,0.0,0.0,0.0,1.0,0.0,1.0,0,0
frozen,-1,gated,1.0,65,0.0,1.0,1.0,0.0,0.0,0.0,1.0,0.0,1.0,0,0
frozen,-1,gated,1.0,66,0.0,1.0,1.0,0.0,0.0,0.0,1.0,0.0,1.0,0,0
frozen,-1,gated,1.0,67,0.0,1.0,1.0,0.0,0.0,0.0,1.0,0.0,1.0,0,0
frozen,-1,gated,1.0,68,0.0,1.0,1.0,0.0,0.0,0.0,1.0,0.0,1.0,0,0
frozen,-1,gated,1.0,69,0.0,1.0,1.0,0.0,0.0,0.0,1.0,0.0,1.0,0,0
frozen,-1,gated,1.0,70,0.0,1.0,1.0,0.0,0.0,0.0,1.0,0.0,1.0,0,0
frozen,-1,gated,1.0,71,0.0,1.0,1.0,0.0,0.0,0.0,1.0,0.0,1.0,0,0
frozen,-1,gated,1.0,72,0.0,1.0,1.0,0.0,0.0,0.0,1.0,0.0,1.0,0,0
frozen,-1,gated,1.0,73,0.0,1.0,1.0,0.0,0.0,0.0,1.0,0.0,1.0,0,0
frozen,-1,gated,1.0,74,0.0,1.0,1.0,0.0,0.0,0.0,1.0,0.0,1.0,0,0
frozen,-1,gated,1.0,75,0.0,1.0,1.0,0.0,0.0,0.0,1.0,0.0,1.0,0,0
frozen,-1,gated,1.0,76,0.0,1.0,1.0,0.0,0.0,0.0,1.0,0.0,1.0,0,0
frozen,-1,gated,1.0,77,0.0,1.0,1.0,0.0,0.0,0.0,1.0,0.0,1.0,0,0
frozen,-1,gated,1.0,78,0.0,1.0,1.0,0.0,0.0,0.0,1.0,0.0,1.0,0,0
frozen,-1,gated,1.0,79,0.0,1.0,1.0,0.0,0.0,0.0,1.0,0.0,1.0,0,0
frozen,-1,gated,1.0,80,0.0,1.0,1.0,0.0,0.0,0.0,1.0,0.0,1.0,0,0
frozen,-1,accept_all,1.0,1,0.0,1.0,1.0,1.0,0.5,0.5,1.0,0.0,1.0,0,0
frozen,-1,accept_all,1.0,2,0.0,1.0,1.0,0.0,0.0,0.0,1.0,0.0,1.0,0,0
frozen,-1,accept_all,1.0,3,0.0,1.0,1.0,0.0,0.0,0.0,1.0,0.0,1.0,0,0
frozen,-1,accept_all,1.0,4,0.0,1.0,1.0,0.0,0.0,0.0,1.0,0.0,1.0,0,0
frozen,-1,accept_all,1.0,5,0.0,1.0,1.0,0.0,0.0,0.0,1.0,0.0,1.0,0,0
frozen,-1,accept_all,1.0,6,0.0,1.0,1.0,0.0,0.0,0.0,1.0,0.0,1.0,0,0
frozen,-1,accept_all,1.0,7,0.0,1.0,1.0,0.0,0.0,0.0,1.0,0.0,1.0,0,0
frozen,-1,accept_all,1.0,8,0.0,1.0,1.0,0.0,0.0,0.0,1.0,0.0,1.0,0,0
frozen,-1,accept_all,1.0,9,0.0,1.0,1.0,0.0,0.0,0.0,1.0,0.0,1.0,0,0
frozen,-1,accept_all,1.0,10,0.0,1.0,1.0,0.0,0.0,0.0,1.0,0.0,1.0,0,0
frozen,-1,accept_all,1.0,11,0.0,1.0,1.0,0.0,0.0,0.0,1.0,0.0,1.0,0,0
frozen,-1,accept_all,1.0,12,0.0,1.0,1.0,0.0,0.0,0.0,1.0,0.0,1.0,0,0
frozen,-1,accept_all,1.0,13,0.0,1.0,1.0,0.0,0.0,0.0,1.0,0.0,1.0,0,0
frozen,-1,accept_all,1.0,14,0.0,1.0,1.0,0.0,0.0,0.0,1.0,0.0,1.0,0,0
frozen,-1,accept_all,1.0,15,0.0,1.0,1.0,0.0,0.0,0.0,1.0,0.0,1.0,0,0
frozen,-1,accept_all,1.0,16,0.0,1.0,1.0,0.0,0.0,0.0,1.0,0.0,1.0,0,0
frozen,-1,accept_all,1.0,17,0.0,1.0,1.0,0.0,0.0,0.0,1.0,0.0,1.0,0,0
frozen,-1,accept_all,1.0,18,0.0,1.0,1.0,0.0,0.0,0.0,1.0,0.0,1.0,0,0
frozen,-1,accept_all,1.0,19,0.0,1.0,1.0,0.0,0.0,0.0,1.0,0.0,1.0,0,0
frozen,-1,accept_all,1.0,20,0.0,1.0,1.0,0.0,0.0,0.0,1.0,0.0,1.0,0,0
frozen,-1,accept_all,1.0,21,0.0,1.0,1.0,0.0,0.0,0.0,1.0,0.0,1.0,0,0
frozen,-1,accept_all,1.0,22,0.0,1.0,1.0,0.0,0.0,0.0,1.0,0.0,1.0,0,0
frozen,-1,accept_all,1.0,23,0.0,1.0,1.0,0.0,0.0,0.0,1.0,0.0,1.0,0,0
frozen,-1,accept_all,1.0,24,0.0,1.0,1.0,0.0,0.0,0.0,1.0,0.0,1.0,0,0
frozen,-1,accept_all,1.0,25,0.0,1.0,1.0,0.0,0.0,0.0,1.0,0.0,1.0,0,0
frozen,-1,accept_all,1.0,26,0.0,1.0,1.0,0.0,0.0,0.0,1.0,0.0,1.0,0,0
frozen,-1,accept_all,1.0,27,0.0,1.0,1.0,0.0,0.0,0.0,1.0,0.0,1.0,0,0
frozen,-1,accept_all,1.0,28,0.0,1.0,1.0,0.0,0.0,0.0,1.0,0.0,1.0,0,0
frozen,-1,accept_all,1.0,29,0.0,1.0,1.0,0.0,0.0,0.0,1.0,0.0,1.0,0,0
frozen,-1,accept_all,1.0,30,0.0,1.0,1.0,0.0,0.0,0.0,1.0,0.0,1.0,0,0
frozen,-1,accept_all,1.0,31,0.0,1.0,1.0,0.0,0.0,0.0,1.0,0.0,1.0,0,0
frozen,-1,accept_all,1.0,32,0.0,1.0,1.0,0.0,0.0,0.0,1.0,0.0,1.0,0,0
frozen,-1,accept_all,1.0,33,0.0,1.0,1.0,0.0,0.0,0.0,1.0,0.0,1.0,0,0
frozen,-1,accept_all,1.0,34,0.0,1.0,1.0,0.0,0.0,0.0,1.0,0.0,1.0,0,0
frozen,-1,accept_all,1.0,35,0.0,1.0,1.0,0.0,0.0,0.0,1.0,0.0,1.0,0,0
frozen,-1,accept_all,1.0,36,0.0,1.0,1.0,0.0,0.0,0.0,1.0,0.0,1.0,0,0
frozen,-1,accept_all,1.0,37,0.0,1.0,1.0,0.0,0.0,0.0,1.0,0.0,1.0,0,0
frozen,-1,accept_all,1.0,38,0.0,1.0,1.0,0.0,0.0,0.0,1.0,0.0,1.0,0,0
frozen,-1,accept_all,1.0,39,0.0,1.0,1.0,0.0,0.0,0.0,1.0,0.0,1.0,0,0
frozen,-1,accept_all,1.0,40,0.0,1.0,1.0,0.0,0.0,0.0,1.0,0.0,1.0,0,0
frozen,-1,accept_all,1.0,41,0.0,1.0,1.0,0.0,0.0,0.0,1.0,0.0,1.0,0,0
frozen,-1,accept_all,1.0,42,0.0,1.0,1.0,0.0,0.0,0.0,1.0,0.0,1.0,0,0
frozen,-1,accept_all,1.0,43,0.0,1.0,1.0,0.0,0.0,0.0,1.0,0.0,1.0,0,0
frozen,-1,accept_all,1.0,44,0.0,1.0,1.0,0.0,0.0,0.0,1.0,0.0,1.0,0,0
frozen,-1,accept_all,1.0,45,0.0,1.0,1.0,0.0,0.0,0.0,1.0,0.0,1.0,0,0
frozen,-1,accept_all,1.0,46,0.0,1.0,1.0,0.0,0.0,0.0,1.0,0.0,1.0,0,0
frozen,-1,accept_all,1.0,47,0.0,1.0,1.0,0.0,0.0,0.0,1.0,0.0,1.0,0,0
frozen,-1,accept_all,1.0,48,0.0,1.0,1.0,0.0,0.0,0.0,1.0,0.0,1.0,0,0
frozen,-1,accept_all,1.0,49,0.0,1.0,1.0,0.0,0.0,0.0,1.0,0.0,1.0,0,0
frozen,-1,accept_all,1.0,50,0.0,1.0,1.0,0.0,0.0,0.0,1.0,0.0,1.0,0,0
frozen,-1,accept_all,1.0,51,0.0,1.0,1.0,0.0,0.0,0.0,1.0,0.0,1.0,0,0
frozen,-1,accept_all,1.0,52,0.0,1.0,1.0,0.0,0.0,0.0,1.0,0.0,1.0,0,0
frozen,-1,accept_all,1.0,53,0.0,1.0,1.0,0.0,0.0,0.0,1.0,0.0,1.0,0,0
frozen,-1,accept_all,1.0,54,0.0,1.0,1.0,0.0,0.0,0.0,1.0,0.0,1.0,0,0
frozen,-1,accept_all,1.0,55,0.0,1.0,1.0,0.0,0.0,0.0,1.0,0.0,1.0,0,0
frozen,-1,accept_all,1.0,56,0.0,1.0,1.0,0.0,0.0,0.0,1.0,0.0,1.0,0,0
frozen,-1,accept_all,1.0,57,0.0,1.0,1.0,0.0,0.0,0.0,1.0,0.0,1.0,0,0
frozen,-1,accept_all,1.0,58,0.0,1.0,1.0,0.0,0.0,0.0,1.0,0.0,1.0,0,0
frozen,-1,accept_all,1.0,59,0.0,1.0,1.0,0.0,0.0,0.0,1.0,0.0,1.0,0,0
frozen,-1,accept_all,1.0,60,0.0,1.0,1.0,0.0,0.0,0.0,1.0,0.0,1.0,0,0
frozen,-1,accept_all,1.0,61,0.0,1.0,1.0,0.0,0.0,0.0,1.0,0.0,1.0,0,0
frozen,-1,accept_all,1.0,62,0.0,1.0,1.0,0.0,0.0,0.0,1.0,0.0,1.0,0,0
frozen,-1,accept_all,1.0,63,0.0,1.0,1.0,0.0,0.0,0.0,1.0,0.0,1.0,0,0
frozen,-1,accept_all,1.0,64,0.0,1.0,1.0,0.0,0.0,0.0,1.0,0.0,1.0,0,0
frozen,-1,accept_all,1.0,65,0.0,1.0,1.0,0.0,0.0,0.0,1.0,0.0,1.0,0,0
frozen,-1,accept_all,1.0,66,0.0,1.0,1.0,0.0,0.0,0.0,1.0,0.0,1.0,0,0
frozen,-1,accept_all,1.0,67,0.0,1.0,1.0,0.0,0.0,0.0,1.0,0.0,1.0,0,0
frozen,-1,accept_all,1.0,68,0.0,1.0,1.0,0.0,0.0,0.0,1.0,0.0,1.0,0,0
frozen,-1,accept_all,1.0,69,0.0,1.0,1.0,0.0,0.0,0.0,1.0,0.0,1.0,0,0
frozen,-1,accept_all,1.0,70,0.0,1.0,1.0,0.0,0.0,0.0,1.0,0.0,1.0,0,0
frozen,-1,accept_all,1.0,71,0.0,1.0,1.0,0.0,0.0,0.0,1.0,0.0,1.0,0,0
frozen,-1,accept_all,1.0,72,0.0,1.0,1.0,0.0,0.0,0.0,1.0,0.0,1.0,0,0
frozen,-1,accept_all,1.0,73,0.0,1.0,1.0,0.0,0.0,0.0,1.0,0.0,1.0,0,0
frozen,-1,accept_all,1.0,74,0.0,1.0,1.0,0.0,0.0,0.0,1.0,0.0,1.0,0,0
frozen,-1,accept_all,1.0,75,0.0,1.0,1.0,0.0,0.0,0.0,1.0,0.0,1.0,0,0
frozen,-1,accept_all,1.0,76,0.0,1.0,1.0,0.0,0.0,0.0,1.0,0.0,1.0,0,0
frozen,-1,accept_all,1.0,77,0.0,1.0,1.0,0.0,0.0,0.0,1.0,0.0,1.0,0,0
frozen,-1,accept_all,1.0,78,0.0,1.0,1.0,0.0,0.0,0.0,1.0,0.0,1.0,0,0
frozen,-1,accept_all,1.0,79,0.0,1.0,1.0,0.0,0.0,0.0,1.0,0.0,1.0,0,0
frozen,-1,accept_all,1.0,80,0.0,1.0,1.0,0.0,0.0,0.0,1.0,0.0,1.0,0,0
frozen,-1,reference_only,1.0,1,0.0,1.0,1.0,1.0,0.0,0.5,0.5,0.0,1.0,1,0
frozen,-1,reference_only,1.0,2,0.0,1.0,1.0,0.0,1.0,0.5,0.5,0.0,1.0,2,0
frozen,-1,reference_only,1.0,3,0.0,1.0,1.0,0.0,1.0,0.5,0.5,0.0,1.0,3,0
frozen,-1,reference_only,1.0,4,0.0,1.0,1.0,0.0,1.0,0.5,0.5,0.0,1.0,4,0
frozen,-1,reference_only,1.0,5,0.0,1.0,1.0,0.0,1.0,0.5,0.5,0.0,1.0,5,0
frozen,-1,reference_only,1.0,6,0.0,1.0,1.0,0.0,1.0,0.5,0.5,0.0,1.0,6,0
frozen,-1,reference_only,1.0,7,0.0,1.0,1.0,0.0,1.0,0.5,0.5,0.0,1.0,7,0
frozen,-1,reference_only,1.0,8,0.0,1.0,1.0,0.0,1.0,0.5,0.5,0.0,1.0,8,0
frozen,-1,reference_only,1.0,9,0.0,1.0,1.0,0.0,1.0,0.5,0.5,0.0,1.0,9,0
frozen,-1,reference_only,1.0,10,0.0,1.0,1.0,0.0,1.0,0.5,0.5,0.0,1.0,10,0
frozen,-1,reference_only,1.0,11,0.0,1.0,1.0,0.0,1.0,0.5,0.5,0.0,1.0,11,0
frozen,-1,reference_only,1.0,12,0.0,1.0,1.0,0.0,1.0,0.5,0.5,0.0,1.0,12,0
frozen,-1,reference_only,1.0,13,0.0,1.0,1.0,0.0,1.0,0.5,0.5,0.0,1.0,13,0
frozen,-1,reference_only,1.0,14,0.0,1.0,1.0,0.0,1.0,0.5,0.5,0.0,1.0,14,0
frozen,-1,reference_only,1.0,15,0.0,1.0,1.0,0.0,1.0,0.5,0.5,0.0,1.0,15,0
frozen,-1,reference_only,1.0,16,0.0,1.0,1.0,0.0,1.0,0.5,0.5,0.0,1.0,16,0
frozen,-1,reference_only,1.0,17,0.0,1.0,1.0,0.0,1.0,0.5,0.5,0.0,1.0,17,0
frozen,-1,reference_only,1.0,18,0.0,1.0,1.0,0.0,1.0,0.5,0.5,0.0,1.0,18,0
frozen,-1,reference_only,1.0,19,0.0,1.0,1.0,0.0,1.0,0.5,0.5,0.0,1.0,19,0
frozen,-1,reference_only,1.0,20,0.0,1.0,1.0,0.0,1.0,0.5,0.5,0.0,1.0,20,0
frozen,-1,reference_only,1.0,21,0.0,1.0,1.0,0.0,1.0,0.5,0.5,0.0,1.0,21,0
frozen,-1,reference_only,1.0,22,0.0,1.0,1.0,0.0,1.0,0.5,0.5,0.0,1.0,22,0
frozen,-1,reference_only,1.0,23,0.0,1.0,1.0,0.0,1.0,0.5,0.5,0.0,1.0,23,0
frozen,-1,reference_only,1.0,24,0.0,1.0,1.0,0.0,1.0,0.5,0.5,0.0,1.0,24,0
frozen,-1,reference_only,1.0,25,0.0,1.0,1.0,0.0,1.0,0.5,0.5,0.0,1.0,25,0
frozen,-1,reference_only,1.0,26,0.0,1.0,1.0,0.0,1.0,0.5,0.5,0.0,1.0,26,0
frozen,-1,reference_only,1.0,27,0.0,1.0,1.0,0.0,1.0,0.5,0.5,0.0,1.0,27,0
frozen,-1,reference_only,1.0,28,0.0,1.0,1.0,0.0,1.0,0.5,0.5,0.0,1.0,28,0
frozen,-1,reference_only,1.0,29,0.0,1.0,1.0,0.0,1.0,0.5,0.5,0.0,1.0,29,0
frozen,-1,reference_only,1.0,30,0.0,1.0,1.0,0.0,1.0,0.5,0.5,0.0,1.0,30,0
frozen,-1,reference_only,1.0,31,0.0,1.0,1.0,0.0,1.0,0.5,0.5,0.0,1.0,31,0
frozen,-1,reference_only,1.0,32,0.0,1.0,1.0,0.0,1.0,0.5,0.5,0.0,1.0,32,0
frozen,-1,reference_only,1.0,33,0.0,1.0,1.0,0.0,1.0,0.5,0.5,0.0,1.0,33,0
frozen,-1,reference_only,1.0,34,0.0,1.0,1.0,0.0,1.0,0.5,0.5,0.0,1.0,34,0
frozen,-1,reference_only,1.0,35,0.0,1.0,1.0,0.0,1.0,0.5,0.5,0.0,1.0,35,0
frozen,-1,reference_only,1.0,36,0.0,1.0,1.0,0.0,1.0,0.5,0.5,0.0,1.0,36,0
frozen,-1,reference_only,1.0,37,0.0,1.0,1.0,0.0,1.0,0.5,0.5,0.0,1.0,37,0
frozen,-1,reference_only,1.0,38,0.0,1.0,1.0,0.0,1.0,0.5,0.5,0.0,1.0,38,0
frozen,-1,reference_only,1.0,39,0.0,1.0,1.0,0.0,1.0,0.5,0.5,0.0,1.0,39,0
frozen,-1,reference_only,1.0,40,0.0,1.0,1.0,0.0,1.0,0.5,0.5,0.0,1.0,40,0
frozen,-1,reference_only,1.0,41,0.0,1.0,1.0,0.0,1.0,0.5,0.5,0.0,1.0,41,0
frozen,-1,reference_only,1.0,42,0.0,1.0,1.0,0.0,1.0,0.5,0.5,0.0,1.0,42,0
frozen,-1,reference_only,1.0,43,0.0,1.0,1.0,0.0,1.0,0.5,0.5,0.0,1.0,43,0
frozen,-1,reference_only,1.0,44,0.0,1.0,1.0,0.0,1.0,0.5,0.5,0.0,1.0,44,0
frozen,-1,reference_only,1.0,45,0.0,1.0,1.0,0.0,1.0,0.5,0.5,0.0,1.0,45,0
frozen,-1,reference_only,1.0,46,0.0,1.0,1.0,0.0,1.0,0.5,0.5,0.0,1.0,46,0
frozen,-1,reference_only,1.0,47,0.0,1.0,1.0,0.0,1.0,0.5,0.5,0.0,1.0,47,0
frozen,-1,reference_only,1.0,48,0.0,1.0,1.0,0.0,1.0,0.5,0.5,0.0,1.0,48,0
frozen,-1,reference_only,1.0,49,0.0,1.0,1.0,0.0,1.0,0.5,0.5,0.0,1.0,49,0
frozen,-1,reference_only,1.0,50,0.0,1.0,1.0,0.0,1.0,0.5,0.5,0.0,1.0,50,0
frozen,-1,reference_only,1.0,51,0.0,1.0,1.0,0.0,1.0,0.5,0.5,0.0,1.0,51,0
frozen,-1,reference_only,1.0,52,0.0,1.0,1.0,0.0,1.0,0.5,0.5,0.0,1.0,52,0
frozen,-1,reference_only,1.0,53,0.0,1.0,1.0,0.0,1.0,0.5,0.5,0.0,1.0,53,0
frozen,-1,reference_only,1.0,54,0.0,1.0,1.0,0.0,1.0,0.5,0.5,0.0,1.0,54,0
frozen,-1,reference_only,1.0,55,0.0,1.0,1.0,0.0,1.0,0.5,0.5,0.0,1.0,55,0
frozen,-1,reference_only,1.0,56,0.0,1.0,1.0,0.0,1.0,0.5,0.5,0.0,1.0,56,0
frozen,-1,reference_only,1.0,57,0.0,1.0,1.0,0.0,1.0,0.5,0.5,0.0,1.0,57,0
frozen,-1,reference_only,1.0,58,0.0,1.0,1.0,0.0,1.0,0.5,0.5,0.0,1.0,58,0
frozen,-1,reference_only,1.0,59,0.0,1.0,1.0,0.0,1.0,0.5,0.5,0.0,1.0,59,0
frozen,-1,reference_only,1.0,60,0.0,1.0,1.0,0.0,1.0,0.5,0.5,0.0,1.0,60,0
frozen,-1,reference_only,1.0,61,0.0,1.0,1.0,0.0,1.0,0.5,0.5,0.0,1.0,61,0
frozen,-1,reference_only,1.0,62,0.0,1.0,1.0,0.0,1.0,0.5,0.5,0.0,1.0,62,0
frozen,-1,reference_only,1.0,63,0.0,1.0,1.0,0.0,1.0,0.5,0.5,0.0,1.0,63,0
frozen,-1,reference_only,1.0,64,0.0,1.0,1.0,0.0,1.0,0.5,0.5,0.0,1.0,64,0
frozen,-1,reference_only,1.0,65,0.0,1.0,1.0,0.0,1.0,0.5,0.5,0.0,1.0,65,0
frozen,-1,reference_only,1.0,66,0.0,1.0,1.0,0.0,1.0,0.5,0.5,0.0,1.0,66,0
frozen,-1,reference_only,1.0,67,0.0,1.0,1.0,0.0,1.0,0.5,0.5,0.0,1.0,67,0
frozen,-1,reference_only,1.0,68,0.0,1.0,1.0,0.0,1.0,0.5,0.5,0.0,1.0,68,0
frozen,-1,reference_only,1.0,69,0.0,1.0,1.0,0.0,1.0,0.5,0.5,0.0,1.0,69,0
frozen,-1,reference_only,1.0,70,0.0,1.0,1.0,0.0,1.0,0.5,0.5,0.0,1.0,70,0
frozen,-1,reference_only,1.0,71,0.0,1.0,1.0,0.0,1.0,0.5,0.5,0.0,1.0,71,0
frozen,-1,reference_only,1.0,72,0.0,1.0,1.0,0.0,1.0,0.5,0.5,0.0,1.0,72,0
frozen,-1,reference_only,1.0,73,0.0,1.0,1.0,0.0,1.0,0.5,0.5,0.0,1.0,73,0
frozen,-1,reference_only,1.0,74,0.0,1.0,1.0,0.0,1.0,0.5,0.5,0.0,1.0,74,0
frozen,-1,reference_only,1.0,75,0.0,1.0,1.0,0.0,1.0,0.5,0.5,0.0,1.0,75,0
frozen,-1,reference_only,1.0,76,0.0,1.0,1.0,0.0,1.0,0.5,0.5,0.0,1.0,76,0
frozen,-1,reference_only,1.0,77,0.0,1.0,1.0,0.0,1.0,0.5,0.5,0.0,1.0,77,0
frozen,-1,reference_only,1.0,78,0.0,1.0,1.0,0.0,1.0,0.5,0.5,0.0,1.0,78,0
frozen,-1,reference_only,1.0,79,0.0,1.0,1.0,0.0,1.0,0.5,0.5,0.0,1.0,79,0
frozen,-1,reference_only,1.0,80,0.0,1.0,1.0,0.0,1.0,0.5,0.5,0.0,1.0,80,0
bridge,-1,gated,0.0,1,0.0,1.0,0.0,0.0,,0.975,0.0,1.0,,1,0
bridge,-1,gated,0.0,2,0.0,1.0,0.0,0.0,,0.95,0.0,1.0,,2,0
bridge,-1,gated,0.0,3,0.0,1.0,0.0,0.0,,0.925,0.0,1.0,,3,0
bridge,-1,gated,0.0,4,0.0,1.0,0.0,0.0,,0.9,0.0,1.0,,4,0
bridge,-1,gated,0.0,5,0.0,1.0,0.0,0.0,,0.875,0.0,1.0,,5,0
bridge,-1,gated,0.0,6,0.0,1.0,0.0,0.0,,0.85,0.0,1.0,,6,0
bridge,-1,gated,0.0,7,0.0,1.0,0.0,0.0,,0.825,0.0,1.0,,7,0
bridge,-1,gated,0.0,8,0.0,1.0,0.0,0.0,,0.8,0.0,1.0,,8,0
bridge,-1,gated,0.0,9,0.0,1.0,0.0,0.0,,0.775,0.0,1.0,,9,0
bridge,-1,gated,0.0,10,0.0,1.0,0.0,0.0,,0.75,0.0,1.0,,10,0
bridge,-1,gated,0.0,11,0.0,1.0,0.0,0.0,,0.725,0.0,1.0,,11,0
bridge,-1,gated,0.0,12,0.0,1.0,0.0,0.0,,0.7,0.0,1.0,,12,0
bridge,-1,gated,0.0,13,0.0,1.0,0.0,0.0,,0.675,0.0,1.0,,13,0
bridge,-1,gated,0.0,14,0.0,1.0,0.0,0.0,,0.65,0.0,1.0,,14,0
bridge,-1,gated,0.0,15,0.0,1.0,0.0,0.0,,0.625,0.0,1.0,,15,0
bridge,-1,gated,0.0,16,0.0,1.0,0.0,0.0,,0.6,0.0,1.0,,16,0
bridge,-1,gated,0.0,17,0.0,1.0,0.0,0.0,,0.575,0.0,1.0,,17,0
bridge,-1,gated,0.0,18,0.0,1.0,0.0,0.0,,0.55,0.0,1.0,,18,0
bridge,-1,gated,0.0,19,0.0,1.0,0.0,0.0,,0.525,0.0,1.0,,19,0
bridge,-1,gated,0.0,20,0.0,1.0,0.0,0.0,,0.5,0.0,1.0,,20,0
bridge,-1,gated,0.0,21,0.0,1.0,0.0,0.0,,0.475,0.0,1.0,,21,0
bridge,-1,gated,0.0,22,0.0,1.0,0.0,0.0,,0.44999999999999996,0.0,1.0,,22,0
bridge,-1,gated,0.0,23,0.0,1.0,0.0,0.0,,0.42500000000000004,0.0,1.0,,23,0
bridge,-1,gated,0.0,24,0.0,1.0,0.0,0.0,,0.4,0.0,1.0,,24,0
bridge,-1,gated,0.0,25,0.0,1.0,0.0,0.0,,0.375,0.0,1.0,,25,0
bridge,-1,gated,0.0,26,0.0,1.0,0.0,0.0,,0.35,0.0,1.0,,26,0
bridge,-1,gated,0.0,27,0.0,1.0,0.0,0.0,,0.32499999999999996,0.0,1.0,,27,0
bridge,-1,gated,0.0,28,0.0,1.0,0.0,0.0,,0.30000000000000004,0.0,1.0,,28,0
bridge,-1,gated,0.0,29,0.0,1.0,0.0,0.0,,0.275,0.0,1.0,,29,0
bridge,-1,gated,0.0,30,0.0,1.0,0.0,0.0,,0.25,0.0,1.0,,30,0
bridge,-1,gated,0.0,31,0.0,1.0,0.0,0.0,,0.22499999999999998,0.0,1.0,,31,0
bridge,-1,gated,0.0,32,0.0,1.0,0.0,0.0,,0.19999999999999996,0.0,1.0,,32,0
bridge,-1,gated,0.0,33,0.0,1.0,0.0,0.0,,0.17500000000000004,0.0,1.0,,33,0
bridge,-1,gated,0.0,34,0.0,1.0,0.0,0.0,,0.15000000000000002,0.0,1.0,,34,0
bridge,-1,gated,0.0,35,0.0,1.0,0.0,0.0,,0.125,0.0,1.0,,35,0
bridge,-1,gated,0.0,36,0.0,1.0,0.0,0.0,,0.09999999999999998,0.0,1.0,,36,0
bridge,-1,gated,0.0,37,0.0,1.0,0.0,0.0,,0.07499999999999996,0.0,1.0,,37,0
bridge,-1,gated,0.0,38,0.0,1.0,0.0,0.0,,0.050000000000000044,0.0,1.0,,38,0
bridge,-1,gated,0.0,39,0.0,1.0,0.0,0.0,,0.025000000000000022,0.0,1.0,,39,0
bridge,-1,gated,0.0,40,0.0,1.0,0.0,0.0,,0.0,0.0,1.0,0.0,40,1
bridge,-1,gated,0.0,41,0.0,1.0,0.0,0.0,,0.0,0.0,1.0,0.0,41,2
bridge,-1,gated,0.0,42,0.0,1.0,0.0,0.0,,0.0,0.0,1.0,0.0,42,3
bridge,-1,gated,0.0,43,0.0,1.0,0.0,0.0,,0.0,0.0,1.0,0.0,43,4
bridge,-1,gated,0.0,44,0.0,1.0,0.0,0.0,,0.0,0.0,1.0,0.0,44,5
bridge,-1,gated,0.0,45,0.0,1.0,0.0,0.0,,0.0,0.0,1.0,0.0,45,6
bridge,-1,gated,0.0,46,0.0,1.0,0.0,0.0,,0.0,0.0,1.0,0.0,46,7
bridge,-1,gated,0.0,47,0.0,1.0,0.0,0.0,,0.0,0.0,1.0,0.0,47,8
bridge,-1,gated,0.0,48,0.0,1.0,0.0,0.0,,0.0,0.0,1.0,0.0,48,9
bridge,-1,gated,0.0,49,0.0,1.0,0.0,0.0,,0.0,0.0,1.0,0.0,49,10
bridge,-1,gated,0.0,50,0.0,1.0,0.0,0.0,,0.0,0.0,1.0,0.0,50,11
bridge,-1,gated,0.0,51,0.0,1.0,0.0,0.0,,0.0,0.0,1.0,0.0,51,12
bridge,-1,gated,0.0,52,0.0,1.0,0.0,0.0,,0.0,0.0,1.0,0.0,52,13
bridge,-1,gated,0.0,53,0.0,1.0,0.0,0.0,,0.0,0.0,1.0,0.0,53,14
bridge,-1,gated,0.0,54,0.0,1.0,0.0,0.0,,0.0,0.0,1.0,0.0,54,15
bridge,-1,gated,0.0,55,0.0,1.0,0.0,0.0,,0.0,0.0,1.0,0.0,55,16
bridge,-1,gated,0.0,56,0.0,1.0,0.0,0.0,,0.0,0.0,1.0,0.0,56,17
bridge,-1,gated,0.0,57,0.0,1.0,0.0,0.0,,0.0,0.0,1.0,0.0,57,18
bridge,-1,gated,0.0,58,0.0,1.0,0.0,0.0,,0.0,0.0,1.0,0.0,58,19
bridge,-1,gated,0.0,59,0.0,1.0,0.0,0.0,,0.0,0.0,1.0,0.0,59,20
bridge,-1,gated,0.0,60,0.0,1.0,0.0,0.0,,0.0,0.0,1.0,0.0,60,21
bridge,-1,gated,0.0,61,0.0,1.0,0.0,0.0,,0.0,0.0,1.0,0.0,61,22
bridge,-1,gated,0.0,62,0.0,1.0,0.0,0.0,,0.0,0.0,1.0,0.0,62,23
bridge,-1,gated,0.0,63,0.0,1.0,0.0,0.0,,0.0,0.0,1.0,0.0,63,24
bridge,-1,gated,0.0,64,0.0,1.0,0.0,0.0,,0.0,0.0,1.0,0.0,64,25
bridge,-1,gated,0.0,65,0.0,1.0,0.0,0.0,,0.0,0.0,1.0,0.0,65,26
bridge,-1,gated,0.0,66,0.0,1.0,0.0,0.0,,0.0,0.0,1.0,0.0,66,27
bridge,-1,gated,0.0,67,0.0,1.0,0.0,0.0,,0.0,0.0,1.0,0.0,67,28
bridge,-1,gated,0.0,68,0.0,1.0,0.0,0.0,,0.0,0.0,1.0,0.0,68,29
bridge,-1,gated,0.0,69,0.0,1.0,0.0,0.0,,0.0,0.0,1.0,0.0,69,30
bridge,-1,gated,0.0,70,0.0,1.0,0.0,0.0,,0.0,0.0,1.0,0.0,70,31
bridge,-1,gated,0.0,71,0.0,1.0,0.0,0.0,,0.0,0.0,1.0,0.0,71,32
bridge,-1,gated,0.0,72,0.0,1.0,0.0,0.0,,0.0,0.0,1.0,0.0,72,33
bridge,-1,gated,0.0,73,0.0,1.0,0.0,0.0,,0.0,0.0,1.0,0.0,73,34
bridge,-1,gated,0.0,74,0.0,1.0,0.0,0.0,,0.0,0.0,1.0,0.0,74,35
bridge,-1,gated,0.0,75,0.0,1.0,0.0,0.0,,0.0,0.0,1.0,0.0,75,36
bridge,-1,gated,0.0,76,0.0,1.0,0.0,0.0,,0.0,0.0,1.0,0.0,76,37
bridge,-1,gated,0.0,77,0.0,1.0,0.0,0.0,,0.0,0.0,1.0,0.0,77,38
bridge,-1,gated,0.0,78,0.0,1.0,0.0,0.0,,0.0,0.0,1.0,0.0,78,39
bridge,-1,gated,0.0,79,0.0,1.0,0.0,0.0,,0.0,0.0,1.0,0.0,79,40
bridge,-1,gated,0.0,80,0.0,1.0,0.0,0.0,,0.0,0.0,1.0,0.0,80,41
bridge,-1,accept_all,0.0,1,0.0,1.0,0.025,0.025,0.975,0.975,1.0,0.975,,0,0
bridge,-1,accept_all,0.0,2,0.0,1.0,0.05,0.025,0.975,0.975,1.0,0.95,,0,0
bridge,-1,accept_all,0.0,3,0.0,1.0,0.075,0.024999999999999994,0.975,0.975,1.0,0.925,,0,0
bridge,-1,accept_all,0.0,4,0.0,1.0,0.1,0.02500000000000001,0.975,0.975,1.0,0.9,,0,0
bridge,-1,accept_all,0.0,5,0.0,1.0,0.125,0.024999999999999994,0.975,0.975,1.0,0.875,,0,0
bridge,-1,accept_all,0.0,6,0.0,1.0,0.15,0.024999999999999994,0.975,0.975,1.0,0.85,,0,0
bridge,-1,accept_all,0.0,7,0.0,1.0,0.175,0.024999999999999994,0.975,0.975,1.0,0.825,,0,0
bridge,-1,accept_all,0.0,8,0.0,1.0,0.2,0.025000000000000022,0.975,0.975,1.0,0.8,,0,0
bridge,-1,accept_all,0.0,9,0.0,1.0,0.225,0.024999999999999994,0.975,0.975,1.0,0.775,,0,0
bridge,-1,accept_all,0.0,10,0.0,1.0,0.25,0.024999999999999994,0.975,0.975,1.0,0.75,,0,0
bridge,-1,accept_all,0.0,11,0.0,1.0,0.275,0.025000000000000022,0.975,0.975,1.0,0.725,,0,0
bridge,-1,accept_all,0.0,12,0.0,1.0,0.3,0.024999999999999967,0.9750000000000001,0.9750000000000001,1.0,0.7,,0,0
bridge,-1,accept_all,0.0,13,0.0,1.0,0.325,0.025000000000000022,0.975,0.975,1.0,0.675,,0,0
bridge,-1,accept_all,0.0,14,0.0,1.0,0.35,0.024999999999999967,0.9750000000000001,0.9750000000000001,1.0,0.65,,0,0
bridge,-1,accept_all,0.0,15,0.0,1.0,0.375,0.025000000000000022,0.975,0.975,1.0,0.625,,0,0
bridge,-1,accept_all,0.0,16,0.0,1.0,0.4,0.025000000000000022,0.975,0.975,1.0,0.6,,0,0
bridge,-1,accept_all,0.0,17,0.0,1.0,0.425,0.024999999999999967,0.9750000000000001,0.9750000000000001,1.0,0.575,,0,0
bridge,-1,accept_all,0.0,18,0.0,1.0,0.45,0.025000000000000022,0.975,0.975,1.0,0.55,,0,0
bridge,-1,accept_all,0.0,19,0.0,1.0,0.475,0.024999999999999967,0.9750000000000001,0.9750000000000001,1.0,0.525,,0,0
bridge,-1,accept_all,0.0,20,0.0,1.0,0.5,0.025000000000000022,0.975,0.975,1.0,0.5,,0,0
bridge,-1,accept_all,0.0,21,0.0,1.0,0.525,0.025000000000000022,0.975,0.975,1.0,0.475,,0,0
bridge,-1,accept_all,0.0,22,0.0,1.0,0.55,0.025000000000000022,0.975,0.975,1.0,0.44999999999999996,,0,0
bridge,-1,accept_all,0.0,23,0.0,1.0,0.575,0.02499999999999991,0.9750000000000001,0.9750000000000001,1.0,0.42500000000000004,,0,0
bridge,-1,accept_all,0.0,24,0.0,1.0,0.6,0.025000000000000022,0.975,0.975,1.0,0.4,,0,0
bridge,-1,accept_all,0.0,25,0.0,1.0,0.625,0.025000000000000022,0.975,0.975,1.0,0.375,,0,0
bridge,-1,accept_all,0.0,26,0.0,1.0,0.65,0.025000000000000022,0.975,0.975,1.0,0.35,,0,0
bridge,-1,accept_all,0.0,27,0.0,1.0,0.675,0.025000000000000022,0.975,0.975,1.0,0.32499999999999996,,0,0
bridge,-1,accept_all,0.0,28,0.0,1.0,0.7,0.02499999999999991,0.9750000000000001,0.9750000000000001,1.0,0.30000000000000004,,0,0
bridge,-1,accept_all,0.0,29,0.0,1.0,0.725,0.025000000000000022,0.975,0.975,1.0,0.275,,0,0
bridge,-1,accept_all,0.0,30,0.0,1.0,0.75,0.025000000000000022,0.975,0.975,1.0,0.25,,0,0
bridge,-1,accept_all,0.0,31,0.0,1.0,0.775,0.025000000000000022,0.975,0.975,1.0,0.22499999999999998,,0,0
bridge,-1,accept_all,0.0,32,0.0,1.0,0.8,0.025000000000000022,0.975,0.975,1.0,0.19999999999999996,,0,0
bridge,-1,accept_all,0.0,33,0.0,1.0,0.825,0.02499999999999991,0.9750000000000001,0.9750000000000001,1.0,0.17500000000000004,,0,0
bridge,-1,accept_all,0.0,34,0.0,1.0,0.85,0.025000000000000022,0.975,0.975,1.0,0.15000000000000002,,0,0
bridge,-1,accept_all,0.0,35,0.0,1.0,0.875,0.025000000000000022,0.975,0.975,1.0,0.125,,0,0
bridge,-1,accept_all,0.0,36,0.0,1.0,0.9,0.025000000000000022,0.975,0.975,1.0,0.09999999999999998,,0,0
bridge,-1,accept_all,0.0,37,0.0,1.0,0.925,0.025000000000000022,0.975,0.975,1.0,0.07499999999999996,,0,0
bridge,-1,accept_all,0.0,38,0.0,1.0,0.95,0.02499999999999991,0.9750000000000001,0.9750000000000001,1.0,0.050000000000000044,,0,0
bridge,-1,accept_all,0.0,39,0.0,1.0,0.975,0.025000000000000022,0.975,0.975,1.0,0.025000000000000022,,0,0
bridge,-1,accept_all,0.0,40,0.0,1.0,1.0,0.025000000000000022,0.975,0.975,1.0,0.0,1.0,0,0
bridge,-1,accept_all,0.0,41,0.0,1.0,1.0,0.0,1.0,1.0,1.0,0.0,1.0,0,0
bridge,-1,accept_all,0.0,42,0.0,1.0,1.0,0.0,1.0,1.0,1.0,0.0,1.0,0,0
bridge,-1,accept_all,0.0,43,0.0,1.0,1.0,0.0,1.0,1.0,1.0,0.0,1.0,0,0
bridge,-1,accept_all,0.0,44,0.0,1.0,1.0,0.0,1.0,1.0,1.0,0.0,1.0,0,0
bridge,-1,accept_all,0.0,45,0.0,1.0,1.0,0.0,1.0,1.0,1.0,0.0,1.0,0,0
bridge,-1,accept_all,0.0,46,0.0,1.0,1.0,0.0,1.0,1.0,1.0,0.0,1.0,0,0
bridge,-1,accept_all,0.0,47,0.0,1.0,1.0,0.0,1.0,1.0,1.0,0.0,1.0,0,0
bridge,-1,accept_all,0.0,48,0.0,1.0,1.0,0.0,1.0,1.0,1.0,0.0,1.0,0,0
bridge,-1,accept_all,0.0,49,0.0,1.0,1.0,0.0,1.0,1.0,1.0,0.0,1.0,0,0
bridge,-1,accept_all,0.0,50,0.0,1.0,1.0,0.0,1.0,1.0,1.0,0.0,1.0,0,0
bridge,-1,accept_all,0.0,51,0.0,1.0,1.0,0.0,1.0,1.0,1.0,0.0,1.0,0,0
bridge,-1,accept_all,0.0,52,0.0,1.0,1.0,0.0,1.0,1.0,1.0,0.0,1.0,0,0
bridge,-1,accept_all,0.0,53,0.0,1.0,1.0,0.0,1.0,1.0,1.0,0.0,1.0,0,0
bridge,-1,accept_all,0.0,54,0.0,1.0,1.0,0.0,1.0,1.0,1.0,0.0,1.0,0,0
bridge,-1,accept_all,0.0,55,0.0,1.0,1.0,0.0,1.0,1.0,1.0,0.0,1.0,0,0
bridge,-1,accept_all,0.0,56,0.0,1.0,1.0,0.0,1.0,1.0,1.0,0.0,1.0,0,0
bridge,-1,accept_all,0.0,57,0.0,1.0,1.0,0.0,1.0,1.0,1.0,0.0,1.0,0,0
bridge,-1,accept_all,0.0,58,0.0,1.0,1.0,0.0,1.0,1.0,1.0,0.0,1.0,0,0
bridge,-1,accept_all,0.0,59,0.0,1.0,1.0,0.0,1.0,1.0,1.0,0.0,1.0,0,0
bridge,-1,accept_all,0.0,60,0.0,1.0,1.0,0.0,1.0,1.0,1.0,0.0,1.0,0,0
bridge,-1,accept_all,0.0,61,0.0,1.0,1.0,0.0,1.0,1.0,1.0,0.0,1.0,0,0
bridge,-1,accept_all,0.0,62,0.0,1.0,1.0,0.0,1.0,1.0,1.0,0.0,1.0,0,0
bridge,-1,accept_all,0.0,63,0.0,1.0,1.0,0.0,1.0,1.0,1.0,0.0,1.0,0,0
bridge,-1,accept_all,0.0,64,0.0,1.0,1.0,0.0,1.0,1.0,1.0,0.0,1.0,0,0
bridge,-1,accept_all,0.0,65,0.0,1.0,1.0,0.0,1.0,1.0,1.0,0.0,1.0,0,0
bridge,-1,accept_all,0.0,66,0.0,1.0,1.0,0.0,1.0,1.0,1.0,0.0,1.0,0,0
bridge,-1,accept_all,0.0,67,0.0,1.0,1.0,0.0,1.0,1.0,1.0,0.0,1.0,0,0
bridge,-1,accept_all,0.0,68,0.0,1.0,1.0,0.0,1.0,1.0,1.0,0.0,1.0,0,0
bridge,-1,accept_all,0.0,69,0.0,1.0,1.0,0.0,1.0,1.0,1.0,0.0,1.0,0,0
bridge,-1,accept_all,0.0,70,0.0,1.0,1.0,0.0,1.0,1.0,1.0,0.0,1.0,0,0
bridge,-1,accept_all,0.0,71,0.0,1.0,1.0,0.0,1.0,1.0,1.0,0.0,1.0,0,0
bridge,-1,accept_all,0.0,72,0.0,1.0,1.0,0.0,1.0,1.0,1.0,0.0,1.0,0,0
bridge,-1,accept_all,0.0,73,0.0,1.0,1.0,0.0,1.0,1.0,1.0,0.0,1.0,0,0
bridge,-1,accept_all,0.0,74,0.0,1.0,1.0,0.0,1.0,1.0,1.0,0.0,1.0,0,0
bridge,-1,accept_all,0.0,75,0.0,1.0,1.0,0.0,1.0,1.0,1.0,0.0,1.0,0,0
bridge,-1,accept_all,0.0,76,0.0,1.0,1.0,0.0,1.0,1.0,1.0,0.0,1.0,0,0
bridge,-1,accept_all,0.0,77,0.0,1.0,1.0,0.0,1.0,1.0,1.0,0.0,1.0,0,0
bridge,-1,accept_all,0.0,78,0.0,1.0,1.0,0.0,1.0,1.0,1.0,0.0,1.0,0,0
bridge,-1,accept_all,0.0,79,0.0,1.0,1.0,0.0,1.0,1.0,1.0,0.0,1.0,0,0
bridge,-1,accept_all,0.0,80,0.0,1.0,1.0,0.0,1.0,1.0,1.0,0.0,1.0,0,0
bridge,-1,reference_only,0.0,1,0.0,1.0,0.0,0.0,,0.975,0.0,1.0,,1,0
bridge,-1,reference_only,0.0,2,0.0,1.0,0.0,0.0,,0.95,0.0,1.0,,2,0
bridge,-1,reference_only,0.0,3,0.0,1.0,0.0,0.0,,0.925,0.0,1.0,,3,0
bridge,-1,reference_only,0.0,4,0.0,1.0,0.0,0.0,,0.9,0.0,1.0,,4,0
bridge,-1,reference_only,0.0,5,0.0,1.0,0.0,0.0,,0.875,0.0,1.0,,5,0
bridge,-1,reference_only,0.0,6,0.0,1.0,0.0,0.0,,0.85,0.0,1.0,,6,0
bridge,-1,reference_only,0.0,7,0.0,1.0,0.0,0.0,,0.825,0.0,1.0,,7,0
bridge,-1,reference_only,0.0,8,0.0,1.0,0.0,0.0,,0.8,0.0,1.0,,8,0
bridge,-1,reference_only,0.0,9,0.0,1.0,0.0,0.0,,0.775,0.0,1.0,,9,0
bridge,-1,reference_only,0.0,10,0.0,1.0,0.0,0.0,,0.75,0.0,1.0,,10,0
bridge,-1,reference_only,0.0,11,0.0,1.0,0.0,0.0,,0.725,0.0,1.0,,11,0
bridge,-1,reference_only,0.0,12,0.0,1.0,0.0,0.0,,0.7,0.0,1.0,,12,0
bridge,-1,reference_only,0.0,13,0.0,1.0,0.0,0.0,,0.675,0.0,1.0,,13,0
bridge,-1,reference_only,0.0,14,0.0,1.0,0.0,0.0,,0.65,0.0,1.0,,14,0
bridge,-1,reference_only,0.0,15,0.0,1.0,0.0,0.0,,0.625,0.0,1.0,,15,0
bridge,-1,reference_only,0.0,16,0.0,1.0,0.0,0.0,,0.6,0.0,1.0,,16,0
bridge,-1,reference_only,0.0,17,0.0,1.0,0.0,0.0,,0.575,0.0,1.0,,17,0
bridge,-1,reference_only,0.0,18,0.0,1.0,0.0,0.0,,0.55,0.0,1.0,,18,0
bridge,-1,reference_only,0.0,19,0.0,1.0,0.0,0.0,,0.525,0.0,1.0,,19,0
bridge,-1,reference_only,0.0,20,0.0,1.0,0.0,0.0,,0.5,0.0,1.0,,20,0
bridge,-1,reference_only,0.0,21,0.0,1.0,0.0,0.0,,0.475,0.0,1.0,,21,0
bridge,-1,reference_only,0.0,22,0.0,1.0,0.0,0.0,,0.44999999999999996,0.0,1.0,,22,0
bridge,-1,reference_only,0.0,23,0.0,1.0,0.0,0.0,,0.42500000000000004,0.0,1.0,,23,0
bridge,-1,reference_only,0.0,24,0.0,1.0,0.0,0.0,,0.4,0.0,1.0,,24,0
bridge,-1,reference_only,0.0,25,0.0,1.0,0.0,0.0,,0.375,0.0,1.0,,25,0
bridge,-1,reference_only,0.0,26,0.0,1.0,0.0,0.0,,0.35,0.0,1.0,,26,0
bridge,-1,reference_only,0.0,27,0.0,1.0,0.0,0.0,,0.32499999999999996,0.0,1.0,,27,0
bridge,-1,reference_only,0.0,28,0.0,1.0,0.0,0.0,,0.30000000000000004,0.0,1.0,,28,0
bridge,-1,reference_only,0.0,29,0.0,1.0,0.0,0.0,,0.275,0.0,1.0,,29,0
bridge,-1,reference_only,0.0,30,0.0,1.0,0.0,0.0,,0.25,0.0,1.0,,30,0
bridge,-1,reference_only,0.0,31,0.0,1.0,0.0,0.0,,0.22499999999999998,0.0,1.0,,31,0
bridge,-1,reference_only,0.0,32,0.0,1.0,0.0,0.0,,0.19999999999999996,0.0,1.0,,32,0
bridge,-1,reference_only,0.0,33,0.0,1.0,0.0,0.0,,0.17500000000000004,0.0,1.0,,33,0
bridge,-1,reference_only,0.0,34,0.0,1.0,0.0,0.0,,0.15000000000000002,0.0,1.0,,34,0
bridge,-1,reference_only,0.0,35,0.0,1.0,0.0,0.0,,0.125,0.0,1.0,,35,0
bridge,-1,reference_only,0.0,36,0.0,1.0,0.0,0.0,,0.09999999999999998,0.0,1.0,,36,0
bridge,-1,reference_only,0.0,37,0.0,1.0,0.0,0.0,,0.07499999999999996,0.0,1.0,,37,0
bridge,-1,reference_only,0.0,38,0.0,1.0,0.0,0.0,,0.050000000000000044,0.0,1.0,,38,0
bridge,-1,reference_only,0.0,39,0.0,1.0,0.0,0.0,,0.025000000000000022,0.0,1.0,,39,0
bridge,-1,reference_only,0.0,40,0.0,1.0,1.0,1.0,0.0,0.0,1.0,0.0,1.0,39,0
bridge,-1,reference_only,0.0,41,0.0,1.0,1.0,0.0,1.0,1.0,1.0,0.0,1.0,39,0
bridge,-1,reference_only,0.0,42,0.0,1.0,1.0,0.0,1.0,1.0,1.0,0.0,1.0,39,0
bridge,-1,reference_only,0.0,43,0.0,1.0,1.0,0.0,1.0,1.0,1.0,0.0,1.0,39,0
bridge,-1,reference_only,0.0,44,0.0,1.0,1.0,0.0,1.0,1.0,1.0,0.0,1.0,39,0
bridge,-1,reference_only,0.0,45,0.0,1.0,1.0,0.0,1.0,1.0,1.0,0.0,1.0,39,0
bridge,-1,reference_only,0.0,46,0.0,1.0,1.0,0.0,1.0,1.0,1.0,0.0,1.0,39,0
bridge,-1,reference_only,0.0,47,0.0,1.0,1.0,0.0,1.0,1.0,1.0,0.0,1.0,39,0
bridge,-1,reference_only,0.0,48,0.0,1.0,1.0,0.0,1.0,1.0,1.0,0.0,1.0,39,0
bridge,-1,reference_only,0.0,49,0.0,1.0,1.0,0.0,1.0,1.0,1.0,0.0,1.0,39,0
bridge,-1,reference_only,0.0,50,0.0,1.0,1.0,0.0,1.0,1.0,1.0,0.0,1.0,39,0
bridge,-1,reference_only,0.0,51,0.0,1.0,1.0,0.0,1.0,1.0,1.0,0.0,1.0,39,0
bridge,-1,reference_only,0.0,52,0.0,1.0,1.0,0.0,1.0,1.0,1.0,0.0,1.0,39,0
bridge,-1,reference_only,0.0,53,0.0,1.0,1.0,0.0,1.0,1.0,1.0,0.0,1.0,39,0
bridge,-1,reference_only,0.0,54,0.0,1.0,1.0,0.0,1.0,1.0,1.0,0.0,1.0,39,0
bridge,-1,reference_only,0.0,55,0.0,1.0,1.0,0.0,1.0,1.0,1.0,0.0,1.0,39,0
bridge,-1,reference_only,0.0,56,0.0,1.0,1.0,0.0,1.0,1.0,1.0,0.0,1.0,39,0
bridge,-1,reference_only,0.0,57,0.0,1.0,1.0,0.0,1.0,1.0,1.0,0.0,1.0,39,0
bridge,-1,reference_only,0.0,58,0.0,1.0,1.0,0.0,1.0,1.0,1.0,0.0,1.0,39,0
bridge,-1,reference_only,0.0,59,0.0,1.0,1.0,0.0,1.0,1.0,1.0,0.0,1.0,39,0
bridge,-1,reference_only,0.0,60,0.0,1.0,1.0,0.0,1.0,1.0,1.0,0.0,1.0,39,0
bridge,-1,reference_only,0.0,61,0.0,1.0,1.0,0.0,1.0,1.0,1.0,0.0,1.0,39,0
bridge,-1,reference_only,0.0,62,0.0,1.0,1.0,0.0,1.0,1.0,1.0,0.0,1.0,39,0
bridge,-1,reference_only,0.0,63,0.0,1.0,1.0,0.0,1.0,1.0,1.0,0.0,1.0,39,0
bridge,-1,reference_only,0.0,64,0.0,1.0,1.0,0.0,1.0,1.0,1.0,0.0,1.0,39,0
bridge,-1,reference_only,0.0,65,0.0,1.0,1.0,0.0,1.0,1.0,1.0,0.0,1.0,39,0
bridge,-1,reference_only,0.0,66,0.0,1.0,1.0,0.0,1.0,1.0,1.0,0.0,1.0,39,0
bridge,-1,reference_only,0.0,67,0.0,1.0,1.0,0.0,1.0,1.0,1.0,0.0,1.0,39,0
bridge,-1,reference_only,0.0,68,0.0,1.0,1.0,0.0,1.0,1.0,1.0,0.0,1.0,39,0
bridge,-1,reference_only,0.0,69,0.0,1.0,1.0,0.0,1.0,1.0,1.0,0.0,1.0,39,0
bridge,-1,reference_only,0.0,70,0.0,1.0,1.0,0.0,1.0,1.0,1.0,0.0,1.0,39,0
bridge,-1,reference_only,0.0,71,0.0,1.0,1.0,0.0,1.0,1.0,1.0,0.0,1.0,39,0
bridge,-1,reference_only,0.0,72,0.0,1.0,1.0,0.0,1.0,1.0,1.0,0.0,1.0,39,0
bridge,-1,reference_only,0.0,73,0.0,1.0,1.0,0.0,1.0,1.0,1.0,0.0,1.0,39,0
bridge,-1,reference_only,0.0,74,0.0,1.0,1.0,0.0,1.0,1.0,1.0,0.0,1.0,39,0
bridge,-1,reference_only,0.0,75,0.0,1.0,1.0,0.0,1.0,1.0,1.0,0.0,1.0,39,0
bridge,-1,reference_only,0.0,76,0.0,1.0,1.0,0.0,1.0,1.0,1.0,0.0,1.0,39,0
bridge,-1,reference_only,0.0,77,0.0,1.0,1.0,0.0,1.0,1.0,1.0,0.0,1.0,39,0
bridge,-1,reference_only,0.0,78,0.0,1.0,1.0,0.0,1.0,1.0,1.0,0.0,1.0,39,0
bridge,-1,reference_only,0.0,79,0.0,1.0,1.0,0.0,1.0,1.0,1.0,0.0,1.0,39,0
bridge,-1,reference_only,0.0,80,0.0,1.0,1.0,0.0,1.0,1.0,1.0,0.0,1.0,39,0
bridge,-1,gated,0.01,1,0.0,1.0,0.0,0.0,,0.975,0.0,1.0,,1,0
bridge,-1,gated,0.01,2,0.0,1.0,0.0,0.0,,0.95,0.0,1.0,,2,0
bridge,-1,gated,0.01,3,0.0,1.0,0.0,0.0,,0.925,0.0,1.0,,3,0
bridge,-1,gated,0.01,4,0.0,1.0,0.0,0.0,,0.9,0.0,1.0,,4,0
bridge,-1,gated,0.01,5,0.0,1.0,0.0,0.0,,0.875,0.0,1.0,,5,0
bridge,-1,gated,0.01,6,0.0,1.0,0.0,0.0,,0.85,0.0,1.0,,6,0
bridge,-1,gated,0.01,7,0.0,1.0,0.0,0.0,,0.825,0.0,1.0,,7,0
bridge,-1,gated,0.01,8,0.0,1.0,0.0,0.0,,0.8,0.0,1.0,,8,0
bridge,-1,gated,0.01,9,0.0,1.0,0.0,0.0,,0.775,0.0,1.0,,9,0
bridge,-1,gated,0.01,10,0.0,1.0,0.0,0.0,,0.75,0.0,1.0,,10,0
bridge,-1,gated,0.01,11,0.0,1.0,0.0,0.0,,0.725,0.0,1.0,,11,0
bridge,-1,gated,0.01,12,0.0,1.0,0.0,0.0,,0.7,0.0,1.0,,12,0
bridge,-1,gated,0.01,13,0.0,1.0,0.0,0.0,,0.675,0.0,1.0,,13,0
bridge,-1,gated,0.01,14,0.0,1.0,0.0,0.0,,0.65,0.0,1.0,,14,0
bridge,-1,gated,0.01,15,0.0,1.0,0.0,0.0,,0.625,0.0,1.0,,15,0
bridge,-1,gated,0.01,16,0.0,1.0,0.0,0.0,,0.6,0.0,1.0,,16,0
bridge,-1,gated,0.01,17,0.0,1.0,0.0,0.0,,0.575,0.0,1.0,,17,0
bridge,-1,gated,0.01,18,0.0,1.0,0.0,0.0,,0.55,0.0,1.0,,18,0
bridge,-1,gated,0.01,19,0.0,1.0,0.0,0.0,,0.525,0.0,1.0,,19,0
bridge,-1,gated,0.01,20,0.0,1.0,0.0,0.0,,0.5,0.0,1.0,,20,0
bridge,-1,gated,0.01,21,0.0,1.0,0.0,0.0,,0.475,0.0,1.0,,21,0
bridge,-1,gated,0.01,22,0.0,1.0,0.0,0.0,,0.44999999999999996,0.0,1.0,,22,0
bridge,-1,gated,0.01,23,0.0,1.0,0.0,0.0,,0.42500000000000004,0.0,1.0,,23,0
bridge,-1,gated,0.01,24,0.0,1.0,0.0,0.0,,0.4,0.0,1.0,,24,0
bridge,-1,gated,0.01,25,0.0,1.0,0.0,0.0,,0.375,0.0,1.0,,25,0
bridge,-1,gated,0.01,26,0.0,1.0,0.0,0.0,,0.35,0.0,1.0,,26,0
bridge,-1,gated,0.01,27,0.0,1.0,0.0,0.0,,0.32499999999999996,0.0,1.0,,27,0
bridge,-1,gated,0.01,28,0.0,1.0,0.0,0.0,,0.30000000000000004,0.0,1.0,,28,0
bridge,-1,gated,0.01,29,0.0,1.0,0.0,0.0,,0.275,0.0,1.0,,29,0
bridge,-1,gated,0.01,30,0.0,1.0,0.0,0.0,,0.25,0.0,1.0,,30,0
bridge,-1,gated,0.01,31,0.0,1.0,0.0,0.0,,0.22499999999999998,0.0,1.0,,31,0
bridge,-1,gated,0.01,32,0.0,1.0,0.0,0.0,,0.19999999999999996,0.0,1.0,,32,0
bridge,-1,gated,0.01,33,0.0,1.0,0.0,0.0,,0.17500000000000004,0.0,1.0,,33,0
bridge,-1,gated,0.01,34,0.0,1.0,0.0,0.0,,0.15000000000000002,0.0,1.0,,34,0
bridge,-1,gated,0.01,35,0.0,1.0,0.0,0.0,,0.125,0.0,1.0,,35,0
bridge,-1,gated,0.01,36,0.0,1.0,0.0,0.0,,0.09999999999999998,0.0,1.0,,36,0
bridge,-1,gated,0.01,37,0.0,1.0,0.0,0.0,,0.07499999999999996,0.0,1.0,,37,0
bridge,-1,gated,0.01,38,0.0,1.0,0.0,0.0,,0.050000000000000044,0.0,1.0,,38,0
bridge,-1,gated,0.01,39,0.0,1.0,0.0,0.0,,0.025000000000000022,0.0,1.0,,39,0
bridge,-1,gated,0.01,40,0.0,1.0,0.0,0.0,,0.0,0.0,1.0,0.0,40,1
bridge,-1,gated,0.01,41,0.0,1.0,0.0,0.0,,0.0,0.0,1.0,0.0,41,2
bridge,-1,gated,0.01,42,0.0,1.0,0.0,0.0,,0.0,0.0,1.0,0.0,42,3
bridge,-1,gated,0.01,43,0.0,1.0,0.0,0.0,,0.0,0.0,1.0,0.0,43,4
bridge,-1,gated,0.01,44,0.0,1.0,0.0,0.0,,0.0,0.0,1.0,0.0,44,5
bridge,-1,gated,0.01,45,0.0,1.0,0.0,0.0,,0.0,0.0,1.0,0.0,45,6
bridge,-1,gated,0.01,46,0.0,1.0,0.0,0.0,,0.0,0.0,1.0,0.0,46,7
bridge,-1,gated,0.01,47,0.0,1.0,0.0,0.0,,0.0,0.0,1.0,0.0,47,8
bridge,-1,gated,0.01,48,0.0,1.0,0.0,0.0,,0.0,0.0,1.0,0.0,48,9
bridge,-1,gated,0.01,49,0.0,1.0,0.0,0.0,,0.0,0.0,1.0,0.0,49,10
bridge,-1,gated,0.01,50,0.0,1.0,0.0,0.0,,0.0,0.0,1.0,0.0,50,11
bridge,-1,gated,0.01,51,0.0,1.0,0.0,0.0,,0.0,0.0,1.0,0.0,51,12
bridge,-1,gated,0.01,52,0.0,1.0,0.0,0.0,,0.0,0.0,1.0,0.0,52,13
bridge,-1,gated,0.01,53,0.0,1.0,0.0,0.0,,0.0,0.0,1.0,0.0,53,14
bridge,-1,gated,0.01,54,0.0,1.0,0.0,0.0,,0.0,0.0,1.0,0.0,54,15
bridge,-1,gated,0.01,55,0.0,1.0,0.0,0.0,,0.0,0.0,1.0,0.0,55,16
bridge,-1,gated,0.01,56,0.0,1.0,0.0,0.0,,0.0,0.0,1.0,0.0,56,17
bridge,-1,gated,0.01,57,0.0,1.0,0.0,0.0,,0.0,0.0,1.0,0.0,57,18
bridge,-1,gated,0.01,58,0.0,1.0,0.0,0.0,,0.0,0.0,1.0,0.0,58,19
bridge,-1,gated,0.01,59,0.0,1.0,0.0,0.0,,0.0,0.0,1.0,0.0,59,20
bridge,-1,gated,0.01,60,0.0,1.0,0.0,0.0,,0.0,0.0,1.0,0.0,60,21
bridge,-1,gated,0.01,61,0.0,1.0,0.0,0.0,,0.0,0.0,1.0,0.0,61,22
bridge,-1,gated,0.01,62,0.0,1.0,0.0,0.0,,0.0,0.0,1.0,0.0,62,23
bridge,-1,gated,0.01,63,0.0,1.0,0.0,0.0,,0.0,0.0,1.0,0.0,63,24
bridge,-1,gated,0.01,64,0.0,1.0,0.0,0.0,,0.0,0.0,1.0,0.0,64,25
bridge,-1,gated,0.01,65,0.0,1.0,0.0,0.0,,0.0,0.0,1.0,0.0,65,26
bridge,-1,gated,0.01,66,0.0,1.0,0.0,0.0,,0.0,0.0,1.0,0.0,66,27
bridge,-1,gated,0.01,67,0.0,1.0,0.0,0.0,,0.0,0.0,1.0,0.0,67,28
bridge,-1,gated,0.01,68,0.0,1.0,0.0,0.0,,0.0,0.0,1.0,0.0,68,29
bridge,-1,gated,0.01,69,0.0,1.0,0.0,0.0,,0.0,0.0,1.0,0.0,69,30
bridge,-1,gated,0.01,70,0.0,1.0,0.0,0.0,,0.0,0.0,1.0,0.0,70,31
bridge,-1,gated,0.01,71,0.0,1.0,0.0,0.0,,0.0,0.0,1.0,0.0,71,32
bridge,-1,gated,0.01,72,0.0,1.0,0.0,0.0,,0.0,0.0,1.0,0.0,72,33
bridge,-1,gated,0.01,73,0.0,1.0,0.0,0.0,,0.0,0.0,1.0,0.0,73,34
bridge,-1,gated,0.01,74,0.0,1.0,0.0,0.0,,0.0,0.0,1.0,0.0,74,35
bridge,-1,gated,0.01,75,0.0,1.0,0.0,0.0,,0.0,0.0,1.0,0.0,75,36
bridge,-1,gated,0.01,76,0.0,1.0,0.0,0.0,,0.0,0.0,1.0,0.0,76,37
bridge,-1,gated,0.01,77,0.0,1.0,0.0,0.0,,0.0,0.0,1.0,0.0,77,38
bridge,-1,gated,0.01,78,0.0,1.0,0.0,0.0,,0.0,0.0,1.0,0.0,78,39
bridge,-1,gated,0.01,79,0.0,1.0,0.0,0.0,,0.0,0.0,1.0,0.0,79,40
bridge,-1,gated,0.01,80,0.0,1.0,0.0,0.0,,0.0,0.0,1.0,0.0,80,41
bridge,-1,accept_all,0.01,1,0.0,1.0,0.025,0.025,0.975,0.975,1.0,0.975,,0,0
bridge,-1,accept_all,0.01,2,0.0,1.0,0.05,0.025,0.975,0.975,1.0,0.95,,0,0
bridge,-1,accept_all,0.01,3,0.0,1.0,0.075,0.024999999999999994,0.975,0.975,1.0,0.925,,0,0
bridge,-1,accept_all,0.01,4,0.0,1.0,0.1,0.02500000000000001,0.975,0.975,1.0,0.9,,0,0
bridge,-1,accept_all,0.01,5,0.0,1.0,0.125,0.024999999999999994,0.975,0.975,1.0,0.875,,0,0
bridge,-1,accept_all,0.01,6,0.0,1.0,0.15,0.024999999999999994,0.975,0.975,1.0,0.85,,0,0
bridge,-1,accept_all,0.01,7,0.0,1.0,0.175,0.024999999999999994,0.975,0.975,1.0,0.825,,0,0
bridge,-1,accept_all,0.01,8,0.0,1.0,0.2,0.025000000000000022,0.975,0.975,1.0,0.8,,0,0
bridge,-1,accept_all,0.01,9,0.0,1.0,0.225,0.024999999999999994,0.975,0.975,1.0,0.775,,0,0
bridge,-1,accept_all,0.01,10,0.0,1.0,0.25,0.024999999999999994,0.975,0.975,1.0,0.75,,0,0
bridge,-1,accept_all,0.01,11,0.0,1.0,0.275,0.025000000000000022,0.975,0.975,1.0,0.725,,0,0
bridge,-1,accept_all,0.01,12,0.0,1.0,0.3,0.024999999999999967,0.9750000000000001,0.9750000000000001,1.0,0.7,,0,0
bridge,-1,accept_all,0.01,13,0.0,1.0,0.325,0.025000000000000022,0.975,0.975,1.0,0.675,,0,0
bridge,-1,accept_all,0.01,14,0.0,1.0,0.35,0.024999999999999967,0.9750000000000001,0.9750000000000001,1.0,0.65,,0,0
bridge,-1,accept_all,0.01,15,0.0,1.0,0.375,0.025000000000000022,0.975,0.975,1.0,0.625,,0,0
bridge,-1,accept_all,0.01,16,0.0,1.0,0.4,0.025000000000000022,0.975,0.975,1.0,0.6,,0,0
bridge,-1,accept_all,0.01,17,0.0,1.0,0.425,0.024999999999999967,0.9750000000000001,0.9750000000000001,1.0,0.575,,0,0
bridge,-1,accept_all,0.01,18,0.0,1.0,0.45,0.025000000000000022,0.975,0.975,1.0,0.55,,0,0
bridge,-1,accept_all,0.01,19,0.0,1.0,0.475,0.024999999999999967,0.9750000000000001,0.9750000000000001,1.0,0.525,,0,0
bridge,-1,accept_all,0.01,20,0.0,1.0,0.5,0.025000000000000022,0.975,0.975,1.0,0.5,,0,0
bridge,-1,accept_all,0.01,21,0.0,1.0,0.525,0.025000000000000022,0.975,0.975,1.0,0.475,,0,0
bridge,-1,accept_all,0.01,22,0.0,1.0,0.55,0.025000000000000022,0.975,0.975,1.0,0.44999999999999996,,0,0
bridge,-1,accept_all,0.01,23,0.0,1.0,0.575,0.02499999999999991,0.9750000000000001,0.9750000000000001,1.0,0.42500000000000004,,0,0
bridge,-1,accept_all,0.01,24,0.0,1.0,0.6,0.025000000000000022,0.975,0.975,1.0,0.4,,0,0
bridge,-1,accept_all,0.01,25,0.0,1.0,0.625,0.025000000000000022,0.975,0.975,1.0,0.375,,0,0
bridge,-1,accept_all,0.01,26,0.0,1.0,0.65,0.025000000000000022,0.975,0.975,1.0,0.35,,0,0
bridge,-1,accept_all,0.01,27,0.0,1.0,0.675,0.025000000000000022,0.975,0.975,1.0,0.32499999999999996,,0,0
bridge,-1,accept_all,0.01,28,0.0,1.0,0.7,0.02499999999999991,0.9750000000000001,0.9750000000000001,1.0,0.30000000000000004,,0,0
bridge,-1,accept_all,0.01,29,0.0,1.0,0.725,0.025000000000000022,0.975,0.975,1.0,0.275,,0,0
bridge,-1,accept_all,0.01,30,0.0,1.0,0.75,0.025000000000000022,0.975,0.975,1.0,0.25,,0,0
bridge,-1,accept_all,0.01,31,0.0,1.0,0.775,0.025000000000000022,0.975,0.975,1.0,0.22499999999999998,,0,0
bridge,-1,accept_all,0.01,32,0.0,1.0,0.8,0.025000000000000022,0.975,0.975,1.0,0.19999999999999996,,0,0
bridge,-1,accept_all,0.01,33,0.0,1.0,0.825,0.02499999999999991,0.9750000000000001,0.9750000000000001,1.0,0.17500000000000004,,0,0
bridge,-1,accept_all,0.01,34,0.0,1.0,0.85,0.025000000000000022,0.975,0.975,1.0,0.15000000000000002,,0,0
bridge,-1,accept_all,0.01,35,0.0,1.0,0.875,0.025000000000000022,0.975,0.975,1.0,0.125,,0,0
bridge,-1,accept_all,0.01,36,0.0,1.0,0.9,0.025000000000000022,0.975,0.975,1.0,0.09999999999999998,,0,0
bridge,-1,accept_all,0.01,37,0.0,1.0,0.925,0.025000000000000022,0.975,0.975,1.0,0.07499999999999996,,0,0
bridge,-1,accept_all,0.01,38,0.0,1.0,0.95,0.02499999999999991,0.9750000000000001,0.9750000000000001,1.0,0.050000000000000044,,0,0
bridge,-1,accept_all,0.01,39,0.0,1.0,0.975,0.025000000000000022,0.975,0.975,1.0,0.025000000000000022,,0,0
bridge,-1,accept_all,0.01,40,0.0,1.0,1.0,0.025000000000000022,0.975,0.975,1.0,0.0,1.0,0,0
bridge,-1,accept_all,0.01,41,0.0,1.0,1.0,0.0,1.0,1.0,1.0,0.0,1.0,0,0
bridge,-1,accept_all,0.01,42,0.0,1.0,1.0,0.0,1.0,1.0,1.0,0.0,1.0,0,0
bridge,-1,accept_all,0.01,43,0.0,1.0,1.0,0.0,1.0,1.0,1.0,0.0,1.0,0,0
bridge,-1,accept_all,0.01,44,0.0,1.0,1.0,0.0,1.0,1.0,1.0,0.0,1.0,0,0
bridge,-1,accept_all,0.01,45,0.0,1.0,1.0,0.0,1.0,1.0,1.0,0.0,1.0,0,0
bridge,-1,accept_all,0.01,46,0.0,1.0,1.0,0.0,1.0,1.0,1.0,0.0,1.0,0,0
bridge,-1,accept_all,0.01,47,0.0,1.0,1.0,0.0,1.0,1.0,1.0,0.0,1.0,0,0
bridge,-1,accept_all,0.01,48,0.0,1.0,1.0,0.0,1.0,1.0,1.0,0.0,1.0,0,0
bridge,-1,accept_all,0.01,49,0.0,1.0,1.0,0.0,1.0,1.0,1.0,0.0,1.0,0,0
bridge,-1,accept_all,0.01,50,0.0,1.0,1.0,0.0,1.0,1.0,1.0,0.0,1.0,0,0
bridge,-1,accept_all,0.01,51,0.0,1.0,1.0,0.0,1.0,1.0,1.0,0.0,1.0,0,0
bridge,-1,accept_all,0.01,52,0.0,1.0,1.0,0.0,1.0,1.0,1.0,0.0,1.0,0,0
bridge,-1,accept_all,0.01,53,0.0,1.0,1.0,0.0,1.0,1.0,1.0,0.0,1.0,0,0
bridge,-1,accept_all,0.01,54,0.0,1.0,1.0,0.0,1.0,1.0,1.0,0.0,1.0,0,0
bridge,-1,accept_all,0.01,55,0.0,1.0,1.0,0.0,1.0,1.0,1.0,0.0,1.0,0,0
bridge,-1,accept_all,0.01,56,0.0,1.0,1.0,0.0,1.0,1.0,1.0,0.0,1.0,0,0
bridge,-1,accept_all,0.01,57,0.0,1.0,1.0,0.0,1.0,1.0,1.0,0.0,1.0,0,0
bridge,-1,accept_all,0.01,58,0.0,1.0,1.0,0.0,1.0,1.0,1.0,0.0,1.0,0,0
bridge,-1,accept_all,0.01,59,0.0,1.0,1.0,0.0,1.0,1.0,1.0,0.0,1.0,0,0
bridge,-1,accept_all,0.01,60,0.0,1.0,1.0,0.0,1.0,1.0,1.0,0.0,1.0,0,0
bridge,-1,accept_all,0.01,61,0.0,1.0,1.0,0.0,1.0,1.0,1.0,0.0,1.0,0,0
bridge,-1,accept_all,0.01,62,0.0,1.0,1.0,0.0,1.0,1.0,1.0,0.0,1.0,0,0
bridge,-1,accept_all,0.01,63,0.0,1.0,1.0,0.0,1.0,1.0,1.0,0.0,1.0,0,0
bridge,-1,accept_all,0.01,64,0.0,1.0,1.0,0.0,1.0,1.0,1.0,0.0,1.0,0,0
bridge,-1,accept_all,0.01,65,0.0,1.0,1.0,0.0,1.0,1.0,1.0,0.0,1.0,0,0
bridge,-1,accept_all,0.01,66,0.0,1.0,1.0,0.0,1.0,1.0,1.0,0.0,1.0,0,0
bridge,-1,accept_all,0.01,67,0.0,1.0,1.0,0.0,1.0,1.0,1.0,0.0,1.0,0,0
bridge,-1,accept_all,0.01,68,0.0,1.0,1.0,0.0,1.0,1.0,1.0,0.0,1.0,0,0
bridge,-1,accept_all,0.01,69,0.0,1.0,1.0,0.0,1.0,1.0,1.0,0.0,1.0,0,0
bridge,-1,accept_all,0.01,70,0.0,1.0,1.0,0.0,1.0,1.0,1.0,0.0,1.0,0,0
bridge,-1,accept_all,0.01,71,0.0,1.0,1.0,0.0,1.0,1.0,1.0,0.0,1.0,0,0
bridge,-1,accept_all,0.01,72,0.0,1.0,1.0,0.0,1.0,1.0,1.0,0.0,1.0,0,0
bridge,-1,accept_all,0.01,73,0.0,1.0,1.0,0.0,1.0,1.0,1.0,0.0,1.0,0,0
bridge,-1,accept_all,0.01,74,0.0,1.0,1.0,0.0,1.0,1.0,1.0,0.0,1.0,0,0
bridge,-1,accept_all,0.01,75,0.0,1.0,1.0,0.0,1.0,1.0,1.0,0.0,1.0,0,0
bridge,-1,accept_all,0.01,76,0.0,1.0,1.0,0.0,1.0,1.0,1.0,0.0,1.0,0,0
bridge,-1,accept_all,0.01,77,0.0,1.0,1.0,0.0,1.0,1.0,1.0,0.0,1.0,0,0
bridge,-1,accept_all,0.01,78,0.0,1.0,1.0,0.0,1.0,1.0,1.0,0.0,1.0,0,0
bridge,-1,accept_all,0.01,79,0.0,1.0,1.0,0.0,1.0,1.0,1.0,0.0,1.0,0,0
bridge,-1,accept_all,0.01,80,0.0,1.0,1.0,0.0,1.0,1.0,1.0,0.0,1.0,0,0
bridge,-1,reference_only,0.01,1,0.0,1.0,0.0,0.0,,0.975,0.0,1.0,,1,0
bridge,-1,reference_only,0.01,2,0.0,1.0,0.0,0.0,,0.95,0.0,1.0,,2,0
bridge,-1,reference_only,0.01,3,0.0,1.0,0.0,0.0,,0.925,0.0,1.0,,3,0
bridge,-1,reference_only,0.01,4,0.0,1.0,0.0,0.0,,0.9,0.0,1.0,,4,0
bridge,-1,reference_only,0.01,5,0.0,1.0,0.0,0.0,,0.875,0.0,1.0,,5,0
bridge,-1,reference_only,0.01,6,0.0,1.0,0.0,0.0,,0.85,0.0,1.0,,6,0
bridge,-1,reference_only,0.01,7,0.0,1.0,0.0,0.0,,0.825,0.0,1.0,,7,0
bridge,-1,reference_only,0.01,8,0.0,1.0,0.0,0.0,,0.8,0.0,1.0,,8,0
bridge,-1,reference_only,0.01,9,0.0,1.0,0.0,0.0,,0.775,0.0,1.0,,9,0
bridge,-1,reference_only,0.01,10,0.0,1.0,0.0,0.0,,0.75,0.0,1.0,,10,0
bridge,-1,reference_only,0.01,11,0.0,1.0,0.0,0.0,,0.725,0.0,1.0,,11,0
bridge,-1,reference_only,0.01,12,0.0,1.0,0.0,0.0,,0.7,0.0,1.0,,12,0
bridge,-1,reference_only,0.01,13,0.0,1.0,0.0,0.0,,0.675,0.0,1.0,,13,0
bridge,-1,reference_only,0.01,14,0.0,1.0,0.0,0.0,,0.65,0.0,1.0,,14,0
bridge,-1,reference_only,0.01,15,0.0,1.0,0.0,0.0,,0.625,0.0,1.0,,15,0
bridge,-1,reference_only,0.01,16,0.0,1.0,0.0,0.0,,0.6,0.0,1.0,,16,0
bridge,-1,reference_only,0.01,17,0.0,1.0,0.0,0.0,,0.575,0.0,1.0,,17,0
bridge,-1,reference_only,0.01,18,0.0,1.0,0.0,0.0,,0.55,0.0,1.0,,18,0
bridge,-1,reference_only,0.01,19,0.0,1.0,0.0,0.0,,0.525,0.0,1.0,,19,0
bridge,-1,reference_only,0.01,20,0.0,1.0,0.0,0.0,,0.5,0.0,1.0,,20,0
bridge,-1,reference_only,0.01,21,0.0,1.0,0.0,0.0,,0.475,0.0,1.0,,21,0
bridge,-1,reference_only,0.01,22,0.0,1.0,0.0,0.0,,0.44999999999999996,0.0,1.0,,22,0
bridge,-1,reference_only,0.01,23,0.0,1.0,0.0,0.0,,0.42500000000000004,0.0,1.0,,23,0
bridge,-1,reference_only,0.01,24,0.0,1.0,0.0,0.0,,0.4,0.0,1.0,,24,0
bridge,-1,reference_only,0.01,25,0.0,1.0,0.0,0.0,,0.375,0.0,1.0,,25,0
bridge,-1,reference_only,0.01,26,0.0,1.0,0.0,0.0,,0.35,0.0,1.0,,26,0
bridge,-1,reference_only,0.01,27,0.0,1.0,0.0,0.0,,0.32499999999999996,0.0,1.0,,27,0
bridge,-1,reference_only,0.01,28,0.0,1.0,0.0,0.0,,0.30000000000000004,0.0,1.0,,28,0
bridge,-1,reference_only,0.01,29,0.0,1.0,0.0,0.0,,0.275,0.0,1.0,,29,0
bridge,-1,reference_only,0.01,30,0.0,1.0,0.0,0.0,,0.25,0.0,1.0,,30,0
bridge,-1,reference_only,0.01,31,0.0,1.0,0.0,0.0,,0.22499999999999998,0.0,1.0,,31,0
bridge,-1,reference_only,0.01,32,0.0,1.0,0.0,0.0,,0.19999999999999996,0.0,1.0,,32,0
bridge,-1,reference_only,0.01,33,0.0,1.0,0.0,0.0,,0.17500000000000004,0.0,1.0,,33,0
bridge,-1,reference_only,0.01,34,0.0,1.0,0.0,0.0,,0.15000000000000002,0.0,1.0,,34,0
bridge,-1,reference_only,0.01,35,0.0,1.0,0.0,0.0,,0.125,0.0,1.0,,35,0
bridge,-1,reference_only,0.01,36,0.0,1.0,0.0,0.0,,0.09999999999999998,0.0,1.0,,36,0
bridge,-1,reference_only,0.01,37,0.0,1.0,0.0,0.0,,0.07499999999999996,0.0,1.0,,37,0
bridge,-1,reference_only,0.01,38,0.0,1.0,0.0,0.0,,0.050000000000000044,0.0,1.0,,38,0
bridge,-1,reference_only,0.01,39,0.0,1.0,0.0,0.0,,0.025000000000000022,0.0,1.0,,39,0
bridge,-1,reference_only,0.01,40,0.0,1.0,1.0,1.0,0.0,0.0,1.0,0.0,1.0,39,0
bridge,-1,reference_only,0.01,41,0.0,1.0,1.0,0.0,1.0,1.0,1.0,0.0,1.0,39,0
bridge,-1,reference_only,0.01,42,0.0,1.0,1.0,0.0,1.0,1.0,1.0,0.0,1.0,39,0
bridge,-1,reference_only,0.01,43,0.0,1.0,1.0,0.0,1.0,1.0,1.0,0.0,1.0,39,0
bridge,-1,reference_only,0.01,44,0.0,1.0,1.0,0.0,1.0,1.0,1.0,0.0,1.0,39,0
bridge,-1,reference_only,0.01,45,0.0,1.0,1.0,0.0,1.0,1.0,1.0,0.0,1.0,39,0
bridge,-1,reference_only,0.01,46,0.0,1.0,1.0,0.0,1.0,1.0,1.0,0.0,1.0,39,0
bridge,-1,reference_only,0.01,47,0.0,1.0,1.0,0.0,1.0,1.0,1.0,0.0,1.0,39,0
bridge,-1,reference_only,0.01,48,0.0,1.0,1.0,0.0,1.0,1.0,1.0,0.0,1.0,39,0
bridge,-1,reference_only,0.01,49,0.0,1.0,1.0,0.0,1.0,1.0,1.0,0.0,1.0,39,0
bridge,-1,reference_only,0.01,50,0.0,1.0,1.0,0.0,1.0,1.0,1.0,0.0,1.0,39,0
bridge,-1,reference_only,0.01,51,0.0,1.0,1.0,0.0,1.0,1.0,1.0,0.0,1.0,39,0
bridge,-1,reference_only,0.01,52,0.0,1.0,1.0,0.0,1.0,1.0,1.0,0.0,1.0,39,0
bridge,-1,reference_only,0.01,53,0.0,1.0,1.0,0.0,1.0,1.0,1.0,0.0,1.0,39,0
bridge,-1,reference_only,0.01,54,0.0,1.0,1.0,0.0,1.0,1.0,1.0,0.0,1.0,39,0
bridge,-1,reference_only,0.01,55,0.0,1.0,1.0,0.0,1.0,1.0,1.0,0.0,1.0,39,0
bridge,-1,reference_only,0.01,56,0.0,1.0,1.0,0.0,1.0,1.0,1.0,0.0,1.0,39,0
bridge,-1,reference_only,0.01,57,0.0,1.0,1.0,0.0,1.0,1.0,1.0,0.0,1.0,39,0
bridge,-1,reference_only,0.01,58,0.0,1.0,1.0,0.0,1.0,1.0,1.0,0.0,1.0,39,0
bridge,-1,reference_only,0.01,59,0.0,1.0,1.0,0.0,1.0,1.0,1.0,0.0,1.0,39,0
bridge,-1,reference_only,0.01,60,0.0,1.0,1.0,0.0,1.0,1.0,1.0,0.0,1.0,39,0
bridge,-1,reference_only,0.01,61,0.0,1.0,1.0,0.0,1.0,1.0,1.0,0.0,1.0,39,0
bridge,-1,reference_only,0.01,62,0.0,1.0,1.0,0.0,1.0,1.0,1.0,0.0,1.0,39,0
bridge,-1,reference_only,0.01,63,0.0,1.0,1.0,0.0,1.0,1.0,1.0,0.0,1.0,39,0
bridge,-1,reference_only,0.01,64,0.0,1.0,1.0,0.0,1.0,1.0,1.0,0.0,1.0,39,0
bridge,-1,reference_only,0.01,65,0.0,1.0,1.0,0.0,1.0,1.0,1.0,0.0,1.0,39,0
bridge,-1,reference_only,0.01,66,0.0,1.0,1.0,0.0,1.0,1.0,1.0,0.0,1.0,39,0
bridge,-1,reference_only,0.01,67,0.0,1.0,1.0,0.0,1.0,1.0,1.0,0.0,1.0,39,0
bridge,-1,reference_only,0.01,68,0.0,1.0,1.0,0.0,1.0,1.0,1.0,0.0,1.0,39,0
bridge,-1,reference_only,0.01,69,0.0,1.0,1.0,0.0,1.0,1.0,1.0,0.0,1.0,39,0
bridge,-1,reference_only,0.01,70,0.0,1.0,1.0,0.0,1.0,1.0,1.0,0.0,1.0,39,0
bridge,-1,reference_only,0.01,71,0.0,1.0,1.0,0.0,1.0,1.0,1.0,0.0,1.0,39,0
bridge,-1,reference_only,0.01,72,0.0,1.0,1.0,0.0,1.0,1.0,1.0,0.0,1.0,39,0
bridge,-1,reference_only,0.01,73,0.0,1.0,1.0,0.0,1.0,1.0,1.0,0.0,1.0,39,0
bridge,-1,reference_only,0.01,74,0.0,1.0,1.0,0.0,1.0,1.0,1.0,0.0,1.0,39,0
bridge,-1,reference_only,0.01,75,0.0,1.0,1.0,0.0,1.0,1.0,1.0,0.0,1.0,39,0
bridge,-1,reference_only,0.01,76,0.0,1.0,1.0,0.0,1.0,1.0,1.0,0.0,1.0,39,0
bridge,-1,reference_only,0.01,77,0.0,1.0,1.0,0.0,1.0,1.0,1.0,0.0,1.0,39,0
bridge,-1,reference_only,0.01,78,0.0,1.0,1.0,0.0,1.0,1.0,1.0,0.0,1.0,39,0
bridge,-1,reference_only,0.01,79,0.0,1.0,1.0,0.0,1.0,1.0,1.0,0.0,1.0,39,0
bridge,-1,reference_only,0.01,80,0.0,1.0,1.0,0.0,1.0,1.0,1.0,0.0,1.0,39,0
bridge,-1,gated,0.024,1,0.0,1.0,0.0,0.0,,0.975,0.0,1.0,,1,0
bridge,-1,gated,0.024,2,0.0,1.0,0.0,0.0,,0.95,0.0,1.0,,2,0
bridge,-1,gated,0.024,3,0.0,1.0,0.0,0.0,,0.925,0.0,1.0,,3,0
bridge,-1,gated,0.024,4,0.0,1.0,0.0,0.0,,0.9,0.0,1.0,,4,0
bridge,-1,gated,0.024,5,0.0,1.0,0.0,0.0,,0.875,0.0,1.0,,5,0
bridge,-1,gated,0.024,6,0.0,1.0,0.0,0.0,,0.85,0.0,1.0,,6,0
bridge,-1,gated,0.024,7,0.0,1.0,0.0,0.0,,0.825,0.0,1.0,,7,0
bridge,-1,gated,0.024,8,0.0,1.0,0.0,0.0,,0.8,0.0,1.0,,8,0
bridge,-1,gated,0.024,9,0.0,1.0,0.0,0.0,,0.775,0.0,1.0,,9,0
bridge,-1,gated,0.024,10,0.0,1.0,0.0,0.0,,0.75,0.0,1.0,,10,0
bridge,-1,gated,0.024,11,0.0,1.0,0.0,0.0,,0.725,0.0,1.0,,11,0
bridge,-1,gated,0.024,12,0.0,1.0,0.0,0.0,,0.7,0.0,1.0,,12,0
bridge,-1,gated,0.024,13,0.0,1.0,0.0,0.0,,0.675,0.0,1.0,,13,0
bridge,-1,gated,0.024,14,0.0,1.0,0.0,0.0,,0.65,0.0,1.0,,14,0
bridge,-1,gated,0.024,15,0.0,1.0,0.0,0.0,,0.625,0.0,1.0,,15,0
bridge,-1,gated,0.024,16,0.0,1.0,0.0,0.0,,0.6,0.0,1.0,,16,0
bridge,-1,gated,0.024,17,0.0,1.0,0.0,0.0,,0.575,0.0,1.0,,17,0
bridge,-1,gated,0.024,18,0.0,1.0,0.0,0.0,,0.55,0.0,1.0,,18,0
bridge,-1,gated,0.024,19,0.0,1.0,0.0,0.0,,0.525,0.0,1.0,,19,0
bridge,-1,gated,0.024,20,0.0,1.0,0.0,0.0,,0.5,0.0,1.0,,20,0
bridge,-1,gated,0.024,21,0.0,1.0,0.0,0.0,,0.475,0.0,1.0,,21,0
bridge,-1,gated,0.024,22,0.0,1.0,0.0,0.0,,0.44999999999999996,0.0,1.0,,22,0
bridge,-1,gated,0.024,23,0.0,1.0,0.0,0.0,,0.42500000000000004,0.0,1.0,,23,0
bridge,-1,gated,0.024,24,0.0,1.0,0.0,0.0,,0.4,0.0,1.0,,24,0
bridge,-1,gated,0.024,25,0.0,1.0,0.0,0.0,,0.375,0.0,1.0,,25,0
bridge,-1,gated,0.024,26,0.0,1.0,0.0,0.0,,0.35,0.0,1.0,,26,0
bridge,-1,gated,0.024,27,0.0,1.0,0.0,0.0,,0.32499999999999996,0.0,1.0,,27,0
bridge,-1,gated,0.024,28,0.0,1.0,0.0,0.0,,0.30000000000000004,0.0,1.0,,28,0
bridge,-1,gated,0.024,29,0.0,1.0,0.0,0.0,,0.275,0.0,1.0,,29,0
bridge,-1,gated,0.024,30,0.0,1.0,0.0,0.0,,0.25,0.0,1.0,,30,0
bridge,-1,gated,0.024,31,0.0,1.0,0.0,0.0,,0.22499999999999998,0.0,1.0,,31,0
bridge,-1,gated,0.024,32,0.0,1.0,0.0,0.0,,0.19999999999999996,0.0,1.0,,32,0
bridge,-1,gated,0.024,33,0.0,1.0,0.0,0.0,,0.17500000000000004,0.0,1.0,,33,0
bridge,-1,gated,0.024,34,0.0,1.0,0.0,0.0,,0.15000000000000002,0.0,1.0,,34,0
bridge,-1,gated,0.024,35,0.0,1.0,0.0,0.0,,0.125,0.0,1.0,,35,0
bridge,-1,gated,0.024,36,0.0,1.0,0.0,0.0,,0.09999999999999998,0.0,1.0,,36,0
bridge,-1,gated,0.024,37,0.0,1.0,0.0,0.0,,0.07499999999999996,0.0,1.0,,37,0
bridge,-1,gated,0.024,38,0.0,1.0,0.0,0.0,,0.050000000000000044,0.0,1.0,,38,0
bridge,-1,gated,0.024,39,0.0,1.0,0.0,0.0,,0.025000000000000022,0.0,1.0,,39,0
bridge,-1,gated,0.024,40,0.0,1.0,0.0,0.0,,0.0,0.0,1.0,0.0,40,1
bridge,-1,gated,0.024,41,0.0,1.0,0.0,0.0,,0.0,0.0,1.0,0.0,41,2
bridge,-1,gated,0.024,42,0.0,1.0,0.0,0.0,,0.0,0.0,1.0,0.0,42,3
bridge,-1,gated,0.024,43,0.0,1.0,0.0,0.0,,0.0,0.0,1.0,0.0,43,4
bridge,-1,gated,0.024,44,0.0,1.0,0.0,0.0,,0.0,0.0,1.0,0.0,44,5
bridge,-1,gated,0.024,45,0.0,1.0,0.0,0.0,,0.0,0.0,1.0,0.0,45,6
bridge,-1,gated,0.024,46,0.0,1.0,0.0,0.0,,0.0,0.0,1.0,0.0,46,7
bridge,-1,gated,0.024,47,0.0,1.0,0.0,0.0,,0.0,0.0,1.0,0.0,47,8
bridge,-1,gated,0.024,48,0.0,1.0,0.0,0.0,,0.0,0.0,1.0,0.0,48,9
bridge,-1,gated,0.024,49,0.0,1.0,0.0,0.0,,0.0,0.0,1.0,0.0,49,10
bridge,-1,gated,0.024,50,0.0,1.0,0.0,0.0,,0.0,0.0,1.0,0.0,50,11
bridge,-1,gated,0.024,51,0.0,1.0,0.0,0.0,,0.0,0.0,1.0,0.0,51,12
bridge,-1,gated,0.024,52,0.0,1.0,0.0,0.0,,0.0,0.0,1.0,0.0,52,13
bridge,-1,gated,0.024,53,0.0,1.0,0.0,0.0,,0.0,0.0,1.0,0.0,53,14
bridge,-1,gated,0.024,54,0.0,1.0,0.0,0.0,,0.0,0.0,1.0,0.0,54,15
bridge,-1,gated,0.024,55,0.0,1.0,0.0,0.0,,0.0,0.0,1.0,0.0,55,16
bridge,-1,gated,0.024,56,0.0,1.0,0.0,0.0,,0.0,0.0,1.0,0.0,56,17
bridge,-1,gated,0.024,57,0.0,1.0,0.0,0.0,,0.0,0.0,1.0,0.0,57,18
bridge,-1,gated,0.024,58,0.0,1.0,0.0,0.0,,0.0,0.0,1.0,0.0,58,19
bridge,-1,gated,0.024,59,0.0,1.0,0.0,0.0,,0.0,0.0,1.0,0.0,59,20
bridge,-1,gated,0.024,60,0.0,1.0,0.0,0.0,,0.0,0.0,1.0,0.0,60,21
bridge,-1,gated,0.024,61,0.0,1.0,0.0,0.0,,0.0,0.0,1.0,0.0,61,22
bridge,-1,gated,0.024,62,0.0,1.0,0.0,0.0,,0.0,0.0,1.0,0.0,62,23
bridge,-1,gated,0.024,63,0.0,1.0,0.0,0.0,,0.0,0.0,1.0,0.0,63,24
bridge,-1,gated,0.024,64,0.0,1.0,0.0,0.0,,0.0,0.0,1.0,0.0,64,25
bridge,-1,gated,0.024,65,0.0,1.0,0.0,0.0,,0.0,0.0,1.0,0.0,65,26
bridge,-1,gated,0.024,66,0.0,1.0,0.0,0.0,,0.0,0.0,1.0,0.0,66,27
bridge,-1,gated,0.024,67,0.0,1.0,0.0,0.0,,0.0,0.0,1.0,0.0,67,28
bridge,-1,gated,0.024,68,0.0,1.0,0.0,0.0,,0.0,0.0,1.0,0.0,68,29
bridge,-1,gated,0.024,69,0.0,1.0,0.0,0.0,,0.0,0.0,1.0,0.0,69,30
bridge,-1,gated,0.024,70,0.0,1.0,0.0,0.0,,0.0,0.0,1.0,0.0,70,31
bridge,-1,gated,0.024,71,0.0,1.0,0.0,0.0,,0.0,0.0,1.0,0.0,71,32
bridge,-1,gated,0.024,72,0.0,1.0,0.0,0.0,,0.0,0.0,1.0,0.0,72,33
bridge,-1,gated,0.024,73,0.0,1.0,0.0,0.0,,0.0,0.0,1.0,0.0,73,34
bridge,-1,gated,0.024,74,0.0,1.0,0.0,0.0,,0.0,0.0,1.0,0.0,74,35
bridge,-1,gated,0.024,75,0.0,1.0,0.0,0.0,,0.0,0.0,1.0,0.0,75,36
bridge,-1,gated,0.024,76,0.0,1.0,0.0,0.0,,0.0,0.0,1.0,0.0,76,37
bridge,-1,gated,0.024,77,0.0,1.0,0.0,0.0,,0.0,0.0,1.0,0.0,77,38
bridge,-1,gated,0.024,78,0.0,1.0,0.0,0.0,,0.0,0.0,1.0,0.0,78,39
bridge,-1,gated,0.024,79,0.0,1.0,0.0,0.0,,0.0,0.0,1.0,0.0,79,40
bridge,-1,gated,0.024,80,0.0,1.0,0.0,0.0,,0.0,0.0,1.0,0.0,80,41
bridge,-1,accept_all,0.024,1,0.0,1.0,0.025,0.025,0.975,0.975,1.0,0.975,,0,0
bridge,-1,accept_all,0.024,2,0.0,1.0,0.05,0.025,0.975,0.975,1.0,0.95,,0,0
bridge,-1,accept_all,0.024,3,0.0,1.0,0.075,0.024999999999999994,0.975,0.975,1.0,0.925,,0,0
bridge,-1,accept_all,0.024,4,0.0,1.0,0.1,0.02500000000000001,0.975,0.975,1.0,0.9,,0,0
bridge,-1,accept_all,0.024,5,0.0,1.0,0.125,0.024999999999999994,0.975,0.975,1.0,0.875,,0,0
bridge,-1,accept_all,0.024,6,0.0,1.0,0.15,0.024999999999999994,0.975,0.975,1.0,0.85,,0,0
bridge,-1,accept_all,0.024,7,0.0,1.0,0.175,0.024999999999999994,0.975,0.975,1.0,0.825,,0,0
bridge,-1,accept_all,0.024,8,0.0,1.0,0.2,0.025000000000000022,0.975,0.975,1.0,0.8,,0,0
bridge,-1,accept_all,0.024,9,0.0,1.0,0.225,0.024999999999999994,0.975,0.975,1.0,0.775,,0,0
bridge,-1,accept_all,0.024,10,0.0,1.0,0.25,0.024999999999999994,0.975,0.975,1.0,0.75,,0,0
bridge,-1,accept_all,0.024,11,0.0,1.0,0.275,0.025000000000000022,0.975,0.975,1.0,0.725,,0,0
bridge,-1,accept_all,0.024,12,0.0,1.0,0.3,0.024999999999999967,0.9750000000000001,0.9750000000000001,1.0,0.7,,0,0
bridge,-1,accept_all,0.024,13,0.0,1.0,0.325,0.025000000000000022,0.975,0.975,1.0,0.675,,0,0
bridge,-1,accept_all,0.024,14,0.0,1.0,0.35,0.024999999999999967,0.9750000000000001,0.9750000000000001,1.0,0.65,,0,0
bridge,-1,accept_all,0.024,15,0.0,1.0,0.375,0.025000000000000022,0.975,0.975,1.0,0.625,,0,0
bridge,-1,accept_all,0.024,16,0.0,1.0,0.4,0.025000000000000022,0.975,0.975,1.0,0.6,,0,0
bridge,-1,accept_all,0.024,17,0.0,1.0,0.425,0.024999999999999967,0.9750000000000001,0.9750000000000001,1.0,0.575,,0,0
bridge,-1,accept_all,0.024,18,0.0,1.0,0.45,0.025000000000000022,0.975,0.975,1.0,0.55,,0,0
bridge,-1,accept_all,0.024,19,0.0,1.0,0.475,0.024999999999999967,0.9750000000000001,0.9750000000000001,1.0,0.525,,0,0
bridge,-1,accept_all,0.024,20,0.0,1.0,0.5,0.025000000000000022,0.975,0.975,1.0,0.5,,0,0
bridge,-1,accept_all,0.024,21,0.0,1.0,0.525,0.025000000000000022,0.975,0.975,1.0,0.475,,0,0
bridge,-1,accept_all,0.024,22,0.0,1.0,0.55,0.025000000000000022,0.975,0.975,1.0,0.44999999999999996,,0,0
bridge,-1,accept_all,0.024,23,0.0,1.0,0.575,0.02499999999999991,0.9750000000000001,0.9750000000000001,1.0,0.42500000000000004,,0,0
bridge,-1,accept_all,0.024,24,0.0,1.0,0.6,0.025000000000000022,0.975,0.975,1.0,0.4,,0,0
bridge,-1,accept_all,0.024,25,0.0,1.0,0.625,0.025000000000000022,0.975,0.975,1.0,0.375,,0,0
bridge,-1,accept_all,0.024,26,0.0,1.0,0.65,0.025000000000000022,0.975,0.975,1.0,0.35,,0,0
bridge,-1,accept_all,0.024,27,0.0,1.0,0.675,0.025000000000000022,0.975,0.975,1.0,0.32499999999999996,,0,0
bridge,-1,accept_all,0.024,28,0.0,1.0,0.7,0.02499999999999991,0.9750000000000001,0.9750000000000001,1.0,0.30000000000000004,,0,0
bridge,-1,accept_all,0.024,29,0.0,1.0,0.725,0.025000000000000022,0.975,0.975,1.0,0.275,,0,0
bridge,-1,accept_all,0.024,30,0.0,1.0,0.75,0.025000000000000022,0.975,0.975,1.0,0.25,,0,0
bridge,-1,accept_all,0.024,31,0.0,1.0,0.775,0.025000000000000022,0.975,0.975,1.0,0.22499999999999998,,0,0
bridge,-1,accept_all,0.024,32,0.0,1.0,0.8,0.025000000000000022,0.975,0.975,1.0,0.19999999999999996,,0,0
bridge,-1,accept_all,0.024,33,0.0,1.0,0.825,0.02499999999999991,0.9750000000000001,0.9750000000000001,1.0,0.17500000000000004,,0,0
bridge,-1,accept_all,0.024,34,0.0,1.0,0.85,0.025000000000000022,0.975,0.975,1.0,0.15000000000000002,,0,0
bridge,-1,accept_all,0.024,35,0.0,1.0,0.875,0.025000000000000022,0.975,0.975,1.0,0.125,,0,0
bridge,-1,accept_all,0.024,36,0.0,1.0,0.9,0.025000000000000022,0.975,0.975,1.0,0.09999999999999998,,0,0
bridge,-1,accept_all,0.024,37,0.0,1.0,0.925,0.025000000000000022,0.975,0.975,1.0,0.07499999999999996,,0,0
bridge,-1,accept_all,0.024,38,0.0,1.0,0.95,0.02499999999999991,0.9750000000000001,0.9750000000000001,1.0,0.050000000000000044,,0,0
bridge,-1,accept_all,0.024,39,0.0,1.0,0.975,0.025000000000000022,0.975,0.975,1.0,0.025000000000000022,,0,0
bridge,-1,accept_all,0.024,40,0.0,1.0,1.0,0.025000000000000022,0.975,0.975,1.0,0.0,1.0,0,0
bridge,-1,accept_all,0.024,41,0.0,1.0,1.0,0.0,1.0,1.0,1.0,0.0,1.0,0,0
bridge,-1,accept_all,0.024,42,0.0,1.0,1.0,0.0,1.0,1.0,1.0,0.0,1.0,0,0
bridge,-1,accept_all,0.024,43,0.0,1.0,1.0,0.0,1.0,1.0,1.0,0.0,1.0,0,0
bridge,-1,accept_all,0.024,44,0.0,1.0,1.0,0.0,1.0,1.0,1.0,0.0,1.0,0,0
bridge,-1,accept_all,0.024,45,0.0,1.0,1.0,0.0,1.0,1.0,1.0,0.0,1.0,0,0
bridge,-1,accept_all,0.024,46,0.0,1.0,1.0,0.0,1.0,1.0,1.0,0.0,1.0,0,0
bridge,-1,accept_all,0.024,47,0.0,1.0,1.0,0.0,1.0,1.0,1.0,0.0,1.0,0,0
bridge,-1,accept_all,0.024,48,0.0,1.0,1.0,0.0,1.0,1.0,1.0,0.0,1.0,0,0
bridge,-1,accept_all,0.024,49,0.0,1.0,1.0,0.0,1.0,1.0,1.0,0.0,1.0,0,0
bridge,-1,accept_all,0.024,50,0.0,1.0,1.0,0.0,1.0,1.0,1.0,0.0,1.0,0,0
bridge,-1,accept_all,0.024,51,0.0,1.0,1.0,0.0,1.0,1.0,1.0,0.0,1.0,0,0
bridge,-1,accept_all,0.024,52,0.0,1.0,1.0,0.0,1.0,1.0,1.0,0.0,1.0,0,0
bridge,-1,accept_all,0.024,53,0.0,1.0,1.0,0.0,1.0,1.0,1.0,0.0,1.0,0,0
bridge,-1,accept_all,0.024,54,0.0,1.0,1.0,0.0,1.0,1.0,1.0,0.0,1.0,0,0
bridge,-1,accept_all,0.024,55,0.0,1.0,1.0,0.0,1.0,1.0,1.0,0.0,1.0,0,0
bridge,-1,accept_all,0.024,56,0.0,1.0,1.0,0.0,1.0,1.0,1.0,0.0,1.0,0,0
bridge,-1,accept_all,0.024,57,0.0,1.0,1.0,0.0,1.0,1.0,1.0,0.0,1.0,0,0
bridge,-1,accept_all,0.024,58,0.0,1.0,1.0,0.0,1.0,1.0,1.0,0.0,1.0,0,0
bridge,-1,accept_all,0.024,59,0.0,1.0,1.0,0.0,1.0,1.0,1.0,0.0,1.0,0,0
bridge,-1,accept_all,0.024,60,0.0,1.0,1.0,0.0,1.0,1.0,1.0,0.0,1.0,0,0
bridge,-1,accept_all,0.024,61,0.0,1.0,1.0,0.0,1.0,1.0,1.0,0.0,1.0,0,0
bridge,-1,accept_all,0.024,62,0.0,1.0,1.0,0.0,1.0,1.0,1.0,0.0,1.0,0,0
bridge,-1,accept_all,0.024,63,0.0,1.0,1.0,0.0,1.0,1.0,1.0,0.0,1.0,0,0
bridge,-1,accept_all,0.024,64,0.0,1.0,1.0,0.0,1.0,1.0,1.0,0.0,1.0,0,0
bridge,-1,accept_all,0.024,65,0.0,1.0,1.0,0.0,1.0,1.0,1.0,0.0,1.0,0,0
bridge,-1,accept_all,0.024,66,0.0,1.0,1.0,0.0,1.0,1.0,1.0,0.0,1.0,0,0
bridge,-1,accept_all,0.024,67,0.0,1.0,1.0,0.0,1.0,1.0,1.0,0.0,1.0,0,0
bridge,-1,accept_all,0.024,68,0.0,1.0,1.0,0.0,1.0,1.0,1.0,0.0,1.0,0,0
bridge,-1,accept_all,0.024,69,0.0,1.0,1.0,0.0,1.0,1.0,1.0,0.0,1.0,0,0
bridge,-1,accept_all,0.024,70,0.0,1.0,1.0,0.0,1.0,1.0,1.0,0.0,1.0,0,0
bridge,-1,accept_all,0.024,71,0.0,1.0,1.0,0.0,1.0,1.0,1.0,0.0,1.0,0,0
bridge,-1,accept_all,0.024,72,0.0,1.0,1.0,0.0,1.0,1.0,1.0,0.0,1.0,0,0
bridge,-1,accept_all,0.024,73,0.0,1.0,1.0,0.0,1.0,1.0,1.0,0.0,1.0,0,0
bridge,-1,accept_all,0.024,74,0.0,1.0,1.0,0.0,1.0,1.0,1.0,0.0,1.0,0,0
bridge,-1,accept_all,0.024,75,0.0,1.0,1.0,0.0,1.0,1.0,1.0,0.0,1.0,0,0
bridge,-1,accept_all,0.024,76,0.0,1.0,1.0,0.0,1.0,1.0,1.0,0.0,1.0,0,0
bridge,-1,accept_all,0.024,77,0.0,1.0,1.0,0.0,1.0,1.0,1.0,0.0,1.0,0,0
bridge,-1,accept_all,0.024,78,0.0,1.0,1.0,0.0,1.0,1.0,1.0,0.0,1.0,0,0
bridge,-1,accept_all,0.024,79,0.0,1.0,1.0,0.0,1.0,1.0,1.0,0.0,1.0,0,0
bridge,-1,accept_all,0.024,80,0.0,1.0,1.0,0.0,1.0,1.0,1.0,0.0,1.0,0,0
bridge,-1,reference_only,0.024,1,0.0,1.0,0.0,0.0,,0.975,0.0,1.0,,1,0
bridge,-1,reference_only,0.024,2,0.0,1.0,0.0,0.0,,0.95,0.0,1.0,,2,0
bridge,-1,reference_only,0.024,3,0.0,1.0,0.0,0.0,,0.925,0.0,1.0,,3,0
bridge,-1,reference_only,0.024,4,0.0,1.0,0.0,0.0,,0.9,0.0,1.0,,4,0
bridge,-1,reference_only,0.024,5,0.0,1.0,0.0,0.0,,0.875,0.0,1.0,,5,0
bridge,-1,reference_only,0.024,6,0.0,1.0,0.0,0.0,,0.85,0.0,1.0,,6,0
bridge,-1,reference_only,0.024,7,0.0,1.0,0.0,0.0,,0.825,0.0,1.0,,7,0
bridge,-1,reference_only,0.024,8,0.0,1.0,0.0,0.0,,0.8,0.0,1.0,,8,0
bridge,-1,reference_only,0.024,9,0.0,1.0,0.0,0.0,,0.775,0.0,1.0,,9,0
bridge,-1,reference_only,0.024,10,0.0,1.0,0.0,0.0,,0.75,0.0,1.0,,10,0
bridge,-1,reference_only,0.024,11,0.0,1.0,0.0,0.0,,0.725,0.0,1.0,,11,0
bridge,-1,reference_only,0.024,12,0.0,1.0,0.0,0.0,,0.7,0.0,1.0,,12,0
bridge,-1,reference_only,0.024,13,0.0,1.0,0.0,0.0,,0.675,0.0,1.0,,13,0
bridge,-1,reference_only,0.024,14,0.0,1.0,0.0,0.0,,0.65,0.0,1.0,,14,0
bridge,-1,reference_only,0.024,15,0.0,1.0,0.0,0.0,,0.625,0.0,1.0,,15,0
bridge,-1,reference_only,0.024,16,0.0,1.0,0.0,0.0,,0.6,0.0,1.0,,16,0
bridge,-1,reference_only,0.024,17,0.0,1.0,0.0,0.0,,0.575,0.0,1.0,,17,0
bridge,-1,reference_only,0.024,18,0.0,1.0,0.0,0.0,,0.55,0.0,1.0,,18,0
bridge,-1,reference_only,0.024,19,0.0,1.0,0.0,0.0,,0.525,0.0,1.0,,19,0
bridge,-1,reference_only,0.024,20,0.0,1.0,0.0,0.0,,0.5,0.0,1.0,,20,0
bridge,-1,reference_only,0.024,21,0.0,1.0,0.0,0.0,,0.475,0.0,1.0,,21,0
bridge,-1,reference_only,0.024,22,0.0,1.0,0.0,0.0,,0.44999999999999996,0.0,1.0,,22,0
bridge,-1,reference_only,0.024,23,0.0,1.0,0.0,0.0,,0.42500000000000004,0.0,1.0,,23,0
bridge,-1,reference_only,0.024,24,0.0,1.0,0.0,0.0,,0.4,0.0,1.0,,24,0
bridge,-1,reference_only,0.024,25,0.0,1.0,0.0,0.0,,0.375,0.0,1.0,,25,0
bridge,-1,reference_only,0.024,26,0.0,1.0,0.0,0.0,,0.35,0.0,1.0,,26,0
bridge,-1,reference_only,0.024,27,0.0,1.0,0.0,0.0,,0.32499999999999996,0.0,1.0,,27,0
bridge,-1,reference_only,0.024,28,0.0,1.0,0.0,0.0,,0.30000000000000004,0.0,1.0,,28,0
bridge,-1,reference_only,0.024,29,0.0,1.0,0.0,0.0,,0.275,0.0,1.0,,29,0
bridge,-1,reference_only,0.024,30,0.0,1.0,0.0,0.0,,0.25,0.0,1.0,,30,0
bridge,-1,reference_only,0.024,31,0.0,1.0,0.0,0.0,,0.22499999999999998,0.0,1.0,,31,0
bridge,-1,reference_only,0.024,32,0.0,1.0,0.0,0.0,,0.19999999999999996,0.0,1.0,,32,0
bridge,-1,reference_only,0.024,33,0.0,1.0,0.0,0.0,,0.17500000000000004,0.0,1.0,,33,0
bridge,-1,reference_only,0.024,34,0.0,1.0,0.0,0.0,,0.15000000000000002,0.0,1.0,,34,0
bridge,-1,reference_only,0.024,35,0.0,1.0,0.0,0.0,,0.125,0.0,1.0,,35,0
bridge,-1,reference_only,0.024,36,0.0,1.0,0.0,0.0,,0.09999999999999998,0.0,1.0,,36,0
bridge,-1,reference_only,0.024,37,0.0,1.0,0.0,0.0,,0.07499999999999996,0.0,1.0,,37,0
bridge,-1,reference_only,0.024,38,0.0,1.0,0.0,0.0,,0.050000000000000044,0.0,1.0,,38,0
bridge,-1,reference_only,0.024,39,0.0,1.0,0.0,0.0,,0.025000000000000022,0.0,1.0,,39,0
bridge,-1,reference_only,0.024,40,0.0,1.0,1.0,1.0,0.0,0.0,1.0,0.0,1.0,39,0
bridge,-1,reference_only,0.024,41,0.0,1.0,1.0,0.0,1.0,1.0,1.0,0.0,1.0,39,0
bridge,-1,reference_only,0.024,42,0.0,1.0,1.0,0.0,1.0,1.0,1.0,0.0,1.0,39,0
bridge,-1,reference_only,0.024,43,0.0,1.0,1.0,0.0,1.0,1.0,1.0,0.0,1.0,39,0
bridge,-1,reference_only,0.024,44,0.0,1.0,1.0,0.0,1.0,1.0,1.0,0.0,1.0,39,0
bridge,-1,reference_only,0.024,45,0.0,1.0,1.0,0.0,1.0,1.0,1.0,0.0,1.0,39,0
bridge,-1,reference_only,0.024,46,0.0,1.0,1.0,0.0,1.0,1.0,1.0,0.0,1.0,39,0
bridge,-1,reference_only,0.024,47,0.0,1.0,1.0,0.0,1.0,1.0,1.0,0.0,1.0,39,0
bridge,-1,reference_only,0.024,48,0.0,1.0,1.0,0.0,1.0,1.0,1.0,0.0,1.0,39,0
bridge,-1,reference_only,0.024,49,0.0,1.0,1.0,0.0,1.0,1.0,1.0,0.0,1.0,39,0
bridge,-1,reference_only,0.024,50,0.0,1.0,1.0,0.0,1.0,1.0,1.0,0.0,1.0,39,0
bridge,-1,reference_only,0.024,51,0.0,1.0,1.0,0.0,1.0,1.0,1.0,0.0,1.0,39,0
bridge,-1,reference_only,0.024,52,0.0,1.0,1.0,0.0,1.0,1.0,1.0,0.0,1.0,39,0
bridge,-1,reference_only,0.024,53,0.0,1.0,1.0,0.0,1.0,1.0,1.0,0.0,1.0,39,0
bridge,-1,reference_only,0.024,54,0.0,1.0,1.0,0.0,1.0,1.0,1.0,0.0,1.0,39,0
bridge,-1,reference_only,0.024,55,0.0,1.0,1.0,0.0,1.0,1.0,1.0,0.0,1.0,39,0
bridge,-1,reference_only,0.024,56,0.0,1.0,1.0,0.0,1.0,1.0,1.0,0.0,1.0,39,0
bridge,-1,reference_only,0.024,57,0.0,1.0,1.0,0.0,1.0,1.0,1.0,0.0,1.0,39,0
bridge,-1,reference_only,0.024,58,0.0,1.0,1.0,0.0,1.0,1.0,1.0,0.0,1.0,39,0
bridge,-1,reference_only,0.024,59,0.0,1.0,1.0,0.0,1.0,1.0,1.0,0.0,1.0,39,0
bridge,-1,reference_only,0.024,60,0.0,1.0,1.0,0.0,1.0,1.0,1.0,0.0,1.0,39,0
bridge,-1,reference_only,0.024,61,0.0,1.0,1.0,0.0,1.0,1.0,1.0,0.0,1.0,39,0
bridge,-1,reference_only,0.024,62,0.0,1.0,1.0,0.0,1.0,1.0,1.0,0.0,1.0,39,0
bridge,-1,reference_only,0.024,63,0.0,1.0,1.0,0.0,1.0,1.0,1.0,0.0,1.0,39,0
bridge,-1,reference_only,0.024,64,0.0,1.0,1.0,0.0,1.0,1.0,1.0,0.0,1.0,39,0
bridge,-1,reference_only,0.024,65,0.0,1.0,1.0,0.0,1.0,1.0,1.0,0.0,1.0,39,0
bridge,-1,reference_only,0.024,66,0.0,1.0,1.0,0.0,1.0,1.0,1.0,0.0,1.0,39,0
bridge,-1,reference_only,0.024,67,0.0,1.0,1.0,0.0,1.0,1.0,1.0,0.0,1.0,39,0
bridge,-1,reference_only,0.024,68,0.0,1.0,1.0,0.0,1.0,1.0,1.0,0.0,1.0,39,0
bridge,-1,reference_only,0.024,69,0.0,1.0,1.0,0.0,1.0,1.0,1.0,0.0,1.0,39,0
bridge,-1,reference_only,0.024,70,0.0,1.0,1.0,0.0,1.0,1.0,1.0,0.0,1.0,39,0
bridge,-1,reference_only,0.024,71,0.0,1.0,1.0,0.0,1.0,1.0,1.0,0.0,1.0,39,0
bridge,-1,reference_only,0.024,72,0.0,1.0,1.0,0.0,1.0,1.0,1.0,0.0,1.0,39,0
bridge,-1,reference_only,0.024,73,0.0,1.0,1.0,0.0,1.0,1.0,1.0,0.0,1.0,39,0
bridge,-1,reference_only,0.024,74,0.0,1.0,1.0,0.0,1.0,1.0,1.0,0.0,1.0,39,0
bridge,-1,reference_only,0.024,75,0.0,1.0,1.0,0.0,1.0,1.0,1.0,0.0,1.0,39,0
bridge,-1,reference_only,0.024,76,0.0,1.0,1.0,0.0,1.0,1.0,1.0,0.0,1.0,39,0
bridge,-1,reference_only,0.024,77,0.0,1.0,1.0,0.0,1.0,1.0,1.0,0.0,1.0,39,0
bridge,-1,reference_only,0.024,78,0.0,1.0,1.0,0.0,1.0,1.0,1.0,0.0,1.0,39,0
bridge,-1,reference_only,0.024,79,0.0,1.0,1.0,0.0,1.0,1.0,1.0,0.0,1.0,39,0
bridge,-1,reference_only,0.024,80,0.0,1.0,1.0,0.0,1.0,1.0,1.0,0.0,1.0,39,0
bridge,-1,gated,0.026,1,0.0,1.0,0.025,0.025,0.975,0.975,1.0,0.975,,0,0
bridge,-1,gated,0.026,2,0.0,1.0,0.05,0.025,0.975,0.975,1.0,0.95,,0,0
bridge,-1,gated,0.026,3,0.0,1.0,0.075,0.024999999999999994,0.975,0.975,1.0,0.925,,0,0
bridge,-1,gated,0.026,4,0.0,1.0,0.1,0.02500000000000001,0.975,0.975,1.0,0.9,,0,0
bridge,-1,gated,0.026,5,0.0,1.0,0.125,0.024999999999999994,0.975,0.975,1.0,0.875,,0,0
bridge,-1,gated,0.026,6,0.0,1.0,0.15,0.024999999999999994,0.975,0.975,1.0,0.85,,0,0
bridge,-1,gated,0.026,7,0.0,1.0,0.175,0.024999999999999994,0.975,0.975,1.0,0.825,,0,0
bridge,-1,gated,0.026,8,0.0,1.0,0.2,0.025000000000000022,0.975,0.975,1.0,0.8,,0,0
bridge,-1,gated,0.026,9,0.0,1.0,0.225,0.024999999999999994,0.975,0.975,1.0,0.775,,0,0
bridge,-1,gated,0.026,10,0.0,1.0,0.25,0.024999999999999994,0.975,0.975,1.0,0.75,,0,0
bridge,-1,gated,0.026,11,0.0,1.0,0.275,0.025000000000000022,0.975,0.975,1.0,0.725,,0,0
bridge,-1,gated,0.026,12,0.0,1.0,0.3,0.024999999999999967,0.9750000000000001,0.9750000000000001,1.0,0.7,,0,0
bridge,-1,gated,0.026,13,0.0,1.0,0.325,0.025000000000000022,0.975,0.975,1.0,0.675,,0,0
bridge,-1,gated,0.026,14,0.0,1.0,0.35,0.024999999999999967,0.9750000000000001,0.9750000000000001,1.0,0.65,,0,0
bridge,-1,gated,0.026,15,0.0,1.0,0.375,0.025000000000000022,0.975,0.975,1.0,0.625,,0,0
bridge,-1,gated,0.026,16,0.0,1.0,0.4,0.025000000000000022,0.975,0.975,1.0,0.6,,0,0
bridge,-1,gated,0.026,17,0.0,1.0,0.425,0.024999999999999967,0.9750000000000001,0.9750000000000001,1.0,0.575,,0,0
bridge,-1,gated,0.026,18,0.0,1.0,0.45,0.025000000000000022,0.975,0.975,1.0,0.55,,0,0
bridge,-1,gated,0.026,19,0.0,1.0,0.475,0.024999999999999967,0.9750000000000001,0.9750000000000001,1.0,0.525,,0,0
bridge,-1,gated,0.026,20,0.0,1.0,0.5,0.025000000000000022,0.975,0.975,1.0,0.5,,0,0
bridge,-1,gated,0.026,21,0.0,1.0,0.525,0.025000000000000022,0.975,0.975,1.0,0.475,,0,0
bridge,-1,gated,0.026,22,0.0,1.0,0.55,0.025000000000000022,0.975,0.975,1.0,0.44999999999999996,,0,0
bridge,-1,gated,0.026,23,0.0,1.0,0.575,0.02499999999999991,0.9750000000000001,0.9750000000000001,1.0,0.42500000000000004,,0,0
bridge,-1,gated,0.026,24,0.0,1.0,0.6,0.025000000000000022,0.975,0.975,1.0,0.4,,0,0
bridge,-1,gated,0.026,25,0.0,1.0,0.625,0.025000000000000022,0.975,0.975,1.0,0.375,,0,0
bridge,-1,gated,0.026,26,0.0,1.0,0.65,0.025000000000000022,0.975,0.975,1.0,0.35,,0,0
bridge,-1,gated,0.026,27,0.0,1.0,0.675,0.025000000000000022,0.975,0.975,1.0,0.32499999999999996,,0,0
bridge,-1,gated,0.026,28,0.0,1.0,0.7,0.02499999999999991,0.9750000000000001,0.9750000000000001,1.0,0.30000000000000004,,0,0
bridge,-1,gated,0.026,29,0.0,1.0,0.725,0.025000000000000022,0.975,0.975,1.0,0.275,,0,0
bridge,-1,gated,0.026,30,0.0,1.0,0.75,0.025000000000000022,0.975,0.975,1.0,0.25,,0,0
bridge,-1,gated,0.026,31,0.0,1.0,0.775,0.025000000000000022,0.975,0.975,1.0,0.22499999999999998,,0,0
bridge,-1,gated,0.026,32,0.0,1.0,0.8,0.025000000000000022,0.975,0.975,1.0,0.19999999999999996,,0,0
bridge,-1,gated,0.026,33,0.0,1.0,0.825,0.02499999999999991,0.9750000000000001,0.9750000000000001,1.0,0.17500000000000004,,0,0
bridge,-1,gated,0.026,34,0.0,1.0,0.85,0.025000000000000022,0.975,0.975,1.0,0.15000000000000002,,0,0
bridge,-1,gated,0.026,35,0.0,1.0,0.875,0.025000000000000022,0.975,0.975,1.0,0.125,,0,0
bridge,-1,gated,0.026,36,0.0,1.0,0.9,0.025000000000000022,0.975,0.975,1.0,0.09999999999999998,,0,0
bridge,-1,gated,0.026,37,0.0,1.0,0.925,0.025000000000000022,0.975,0.975,1.0,0.07499999999999996,,0,0
bridge,-1,gated,0.026,38,0.0,1.0,0.95,0.02499999999999991,0.9750000000000001,0.9750000000000001,1.0,0.050000000000000044,,0,0
bridge,-1,gated,0.026,39,0.0,1.0,0.975,0.025000000000000022,0.975,0.975,1.0,0.025000000000000022,,0,0
bridge,-1,gated,0.026,40,0.0,1.0,1.0,0.025000000000000022,0.975,0.975,1.0,0.0,1.0,0,0
bridge,-1,gated,0.026,41,0.0,1.0,1.0,0.0,1.0,1.0,1.0,0.0,1.0,0,0
bridge,-1,gated,0.026,42,0.0,1.0,1.0,0.0,1.0,1.0,1.0,0.0,1.0,0,0
bridge,-1,gated,0.026,43,0.0,1.0,1.0,0.0,1.0,1.0,1.0,0.0,1.0,0,0
bridge,-1,gated,0.026,44,0.0,1.0,1.0,0.0,1.0,1.0,1.0,0.0,1.0,0,0
bridge,-1,gated,0.026,45,0.0,1.0,1.0,0.0,1.0,1.0,1.0,0.0,1.0,0,0
bridge,-1,gated,0.026,46,0.0,1.0,1.0,0.0,1.0,1.0,1.0,0.0,1.0,0,0
bridge,-1,gated,0.026,47,0.0,1.0,1.0,0.0,1.0,1.0,1.0,0.0,1.0,0,0
bridge,-1,gated,0.026,48,0.0,1.0,1.0,0.0,1.0,1.0,1.0,0.0,1.0,0,0
bridge,-1,gated,0.026,49,0.0,1.0,1.0,0.0,1.0,1.0,1.0,0.0,1.0,0,0
bridge,-1,gated,0.026,50,0.0,1.0,1.0,0.0,1.0,1.0,1.0,0.0,1.0,0,0
bridge,-1,gated,0.026,51,0.0,1.0,1.0,0.0,1.0,1.0,1.0,0.0,1.0,0,0
bridge,-1,gated,0.026,52,0.0,1.0,1.0,0.0,1.0,1.0,1.0,0.0,1.0,0,0
bridge,-1,gated,0.026,53,0.0,1.0,1.0,0.0,1.0,1.0,1.0,0.0,1.0,0,0
bridge,-1,gated,0.026,54,0.0,1.0,1.0,0.0,1.0,1.0,1.0,0.0,1.0,0,0
bridge,-1,gated,0.026,55,0.0,1.0,1.0,0.0,1.0,1.0,1.0,0.0,1.0,0,0
bridge,-1,gated,0.026,56,0.0,1.0,1.0,0.0,1.0,1.0,1.0,0.0,1.0,0,0
bridge,-1,gated,0.026,57,0.0,1.0,1.0,0.0,1.0,1.0,1.0,0.0,1.0,0,0
bridge,-1,gated,0.026,58,0.0,1.0,1.0,0.0,1.0,1.0,1.0,0.0,1.0,0,0
bridge,-1,gated,0.026,59,0.0,1.0,1.0,0.0,1.0,1.0,1.0,0.0,1.0,0,0
bridge,-1,gated,0.026,60,0.0,1.0,1.0,0.0,1.0,1.0,1.0,0.0,1.0,0,0
bridge,-1,gated,0.026,61,0.0,1.0,1.0,0.0,1.0,1.0,1.0,0.0,1.0,0,0
bridge,-1,gated,0.026,62,0.0,1.0,1.0,0.0,1.0,1.0,1.0,0.0,1.0,0,0
bridge,-1,gated,0.026,63,0.0,1.0,1.0,0.0,1.0,1.0,1.0,0.0,1.0,0,0
bridge,-1,gated,0.026,64,0.0,1.0,1.0,0.0,1.0,1.0,1.0,0.0,1.0,0,0
bridge,-1,gated,0.026,65,0.0,1.0,1.0,0.0,1.0,1.0,1.0,0.0,1.0,0,0
bridge,-1,gated,0.026,66,0.0,1.0,1.0,0.0,1.0,1.0,1.0,0.0,1.0,0,0
bridge,-1,gated,0.026,67,0.0,1.0,1.0,0.0,1.0,1.0,1.0,0.0,1.0,0,0
bridge,-1,gated,0.026,68,0.0,1.0,1.0,0.0,1.0,1.0,1.0,0.0,1.0,0,0
bridge,-1,gated,0.026,69,0.0,1.0,1.0,0.0,1.0,1.0,1.0,0.0,1.0,0,0
bridge,-1,gated,0.026,70,0.0,1.0,1.0,0.0,1.0,1.0,1.0,0.0,1.0,0,0
bridge,-1,gated,0.026,71,0.0,1.0,1.0,0.0,1.0,1.0,1.0,0.0,1.0,0,0
bridge,-1,gated,0.026,72,0.0,1.0,1.0,0.0,1.0,1.0,1.0,0.0,1.0,0,0
bridge,-1,gated,0.026,73,0.0,1.0,1.0,0.0,1.0,1.0,1.0,0.0,1.0,0,0
bridge,-1,gated,0.026,74,0.0,1.0,1.0,0.0,1.0,1.0,1.0,0.0,1.0,0,0
bridge,-1,gated,0.026,75,0.0,1.0,1.0,0.0,1.0,1.0,1.0,0.0,1.0,0,0
bridge,-1,gated,0.026,76,0.0,1.0,1.0,0.0,1.0,1.0,1.0,0.0,1.0,0,0
bridge,-1,gated,0.026,77,0.0,1.0,1.0,0.0,1.0,1.0,1.0,0.0,1.0,0,0
bridge,-1,gated,0.026,78,0.0,1.0,1.0,0.0,1.0,1.0,1.0,0.0,1.0,0,0
bridge,-1,gated,0.026,79,0.0,1.0,1.0,0.0,1.0,1.0,1.0,0.0,1.0,0,0
bridge,-1,gated,0.026,80,0.0,1.0,1.0,0.0,1.0,1.0,1.0,0.0,1.0,0,0
bridge,-1,accept_all,0.026,1,0.0,1.0,0.025,0.025,0.975,0.975,1.0,0.975,,0,0
bridge,-1,accept_all,0.026,2,0.0,1.0,0.05,0.025,0.975,0.975,1.0,0.95,,0,0
bridge,-1,accept_all,0.026,3,0.0,1.0,0.075,0.024999999999999994,0.975,0.975,1.0,0.925,,0,0
bridge,-1,accept_all,0.026,4,0.0,1.0,0.1,0.02500000000000001,0.975,0.975,1.0,0.9,,0,0
bridge,-1,accept_all,0.026,5,0.0,1.0,0.125,0.024999999999999994,0.975,0.975,1.0,0.875,,0,0
bridge,-1,accept_all,0.026,6,0.0,1.0,0.15,0.024999999999999994,0.975,0.975,1.0,0.85,,0,0
bridge,-1,accept_all,0.026,7,0.0,1.0,0.175,0.024999999999999994,0.975,0.975,1.0,0.825,,0,0
bridge,-1,accept_all,0.026,8,0.0,1.0,0.2,0.025000000000000022,0.975,0.975,1.0,0.8,,0,0
bridge,-1,accept_all,0.026,9,0.0,1.0,0.225,0.024999999999999994,0.975,0.975,1.0,0.775,,0,0
bridge,-1,accept_all,0.026,10,0.0,1.0,0.25,0.024999999999999994,0.975,0.975,1.0,0.75,,0,0
bridge,-1,accept_all,0.026,11,0.0,1.0,0.275,0.025000000000000022,0.975,0.975,1.0,0.725,,0,0
bridge,-1,accept_all,0.026,12,0.0,1.0,0.3,0.024999999999999967,0.9750000000000001,0.9750000000000001,1.0,0.7,,0,0
bridge,-1,accept_all,0.026,13,0.0,1.0,0.325,0.025000000000000022,0.975,0.975,1.0,0.675,,0,0
bridge,-1,accept_all,0.026,14,0.0,1.0,0.35,0.024999999999999967,0.9750000000000001,0.9750000000000001,1.0,0.65,,0,0
bridge,-1,accept_all,0.026,15,0.0,1.0,0.375,0.025000000000000022,0.975,0.975,1.0,0.625,,0,0
bridge,-1,accept_all,0.026,16,0.0,1.0,0.4,0.025000000000000022,0.975,0.975,1.0,0.6,,0,0
bridge,-1,accept_all,0.026,17,0.0,1.0,0.425,0.024999999999999967,0.9750000000000001,0.9750000000000001,1.0,0.575,,0,0
bridge,-1,accept_all,0.026,18,0.0,1.0,0.45,0.025000000000000022,0.975,0.975,1.0,0.55,,0,0
bridge,-1,accept_all,0.026,19,0.0,1.0,0.475,0.024999999999999967,0.9750000000000001,0.9750000000000001,1.0,0.525,,0,0
bridge,-1,accept_all,0.026,20,0.0,1.0,0.5,0.025000000000000022,0.975,0.975,1.0,0.5,,0,0
bridge,-1,accept_all,0.026,21,0.0,1.0,0.525,0.025000000000000022,0.975,0.975,1.0,0.475,,0,0
bridge,-1,accept_all,0.026,22,0.0,1.0,0.55,0.025000000000000022,0.975,0.975,1.0,0.44999999999999996,,0,0
bridge,-1,accept_all,0.026,23,0.0,1.0,0.575,0.02499999999999991,0.9750000000000001,0.9750000000000001,1.0,0.42500000000000004,,0,0
bridge,-1,accept_all,0.026,24,0.0,1.0,0.6,0.025000000000000022,0.975,0.975,1.0,0.4,,0,0
bridge,-1,accept_all,0.026,25,0.0,1.0,0.625,0.025000000000000022,0.975,0.975,1.0,0.375,,0,0
bridge,-1,accept_all,0.026,26,0.0,1.0,0.65,0.025000000000000022,0.975,0.975,1.0,0.35,,0,0
bridge,-1,accept_all,0.026,27,0.0,1.0,0.675,0.025000000000000022,0.975,0.975,1.0,0.32499999999999996,,0,0
bridge,-1,accept_all,0.026,28,0.0,1.0,0.7,0.02499999999999991,0.9750000000000001,0.9750000000000001,1.0,0.30000000000000004,,0,0
bridge,-1,accept_all,0.026,29,0.0,1.0,0.725,0.025000000000000022,0.975,0.975,1.0,0.275,,0,0
bridge,-1,accept_all,0.026,30,0.0,1.0,0.75,0.025000000000000022,0.975,0.975,1.0,0.25,,0,0
bridge,-1,accept_all,0.026,31,0.0,1.0,0.775,0.025000000000000022,0.975,0.975,1.0,0.22499999999999998,,0,0
bridge,-1,accept_all,0.026,32,0.0,1.0,0.8,0.025000000000000022,0.975,0.975,1.0,0.19999999999999996,,0,0
bridge,-1,accept_all,0.026,33,0.0,1.0,0.825,0.02499999999999991,0.9750000000000001,0.9750000000000001,1.0,0.17500000000000004,,0,0
bridge,-1,accept_all,0.026,34,0.0,1.0,0.85,0.025000000000000022,0.975,0.975,1.0,0.15000000000000002,,0,0
bridge,-1,accept_all,0.026,35,0.0,1.0,0.875,0.025000000000000022,0.975,0.975,1.0,0.125,,0,0
bridge,-1,accept_all,0.026,36,0.0,1.0,0.9,0.025000000000000022,0.975,0.975,1.0,0.09999999999999998,,0,0
bridge,-1,accept_all,0.026,37,0.0,1.0,0.925,0.025000000000000022,0.975,0.975,1.0,0.07499999999999996,,0,0
bridge,-1,accept_all,0.026,38,0.0,1.0,0.95,0.02499999999999991,0.9750000000000001,0.9750000000000001,1.0,0.050000000000000044,,0,0
bridge,-1,accept_all,0.026,39,0.0,1.0,0.975,0.025000000000000022,0.975,0.975,1.0,0.025000000000000022,,0,0
bridge,-1,accept_all,0.026,40,0.0,1.0,1.0,0.025000000000000022,0.975,0.975,1.0,0.0,1.0,0,0
bridge,-1,accept_all,0.026,41,0.0,1.0,1.0,0.0,1.0,1.0,1.0,0.0,1.0,0,0
bridge,-1,accept_all,0.026,42,0.0,1.0,1.0,0.0,1.0,1.0,1.0,0.0,1.0,0,0
bridge,-1,accept_all,0.026,43,0.0,1.0,1.0,0.0,1.0,1.0,1.0,0.0,1.0,0,0
bridge,-1,accept_all,0.026,44,0.0,1.0,1.0,0.0,1.0,1.0,1.0,0.0,1.0,0,0
bridge,-1,accept_all,0.026,45,0.0,1.0,1.0,0.0,1.0,1.0,1.0,0.0,1.0,0,0
bridge,-1,accept_all,0.026,46,0.0,1.0,1.0,0.0,1.0,1.0,1.0,0.0,1.0,0,0
bridge,-1,accept_all,0.026,47,0.0,1.0,1.0,0.0,1.0,1.0,1.0,0.0,1.0,0,0
bridge,-1,accept_all,0.026,48,0.0,1.0,1.0,0.0,1.0,1.0,1.0,0.0,1.0,0,0
bridge,-1,accept_all,0.026,49,0.0,1.0,1.0,0.0,1.0,1.0,1.0,0.0,1.0,0,0
bridge,-1,accept_all,0.026,50,0.0,1.0,1.0,0.0,1.0,1.0,1.0,0.0,1.0,0,0
bridge,-1,accept_all,0.026,51,0.0,1.0,1.0,0.0,1.0,1.0,1.0,0.0,1.0,0,0
bridge,-1,accept_all,0.026,52,0.0,1.0,1.0,0.0,1.0,1.0,1.0,0.0,1.0,0,0
bridge,-1,accept_all,0.026,53,0.0,1.0,1.0,0.0,1.0,1.0,1.0,0.0,1.0,0,0
bridge,-1,accept_all,0.026,54,0.0,1.0,1.0,0.0,1.0,1.0,1.0,0.0,1.0,0,0
bridge,-1,accept_all,0.026,55,0.0,1.0,1.0,0.0,1.0,1.0,1.0,0.0,1.0,0,0
bridge,-1,accept_all,0.026,56,0.0,1.0,1.0,0.0,1.0,1.0,1.0,0.0,1.0,0,0
bridge,-1,accept_all,0.026,57,0.0,1.0,1.0,0.0,1.0,1.0,1.0,0.0,1.0,0,0
bridge,-1,accept_all,0.026,58,0.0,1.0,1.0,0.0,1.0,1.0,1.0,0.0,1.0,0,0
bridge,-1,accept_all,0.026,59,0.0,1.0,1.0,0.0,1.0,1.0,1.0,0.0,1.0,0,0
bridge,-1,accept_all,0.026,60,0.0,1.0,1.0,0.0,1.0,1.0,1.0,0.0,1.0,0,0
bridge,-1,accept_all,0.026,61,0.0,1.0,1.0,0.0,1.0,1.0,1.0,0.0,1.0,0,0
bridge,-1,accept_all,0.026,62,0.0,1.0,1.0,0.0,1.0,1.0,1.0,0.0,1.0,0,0
bridge,-1,accept_all,0.026,63,0.0,1.0,1.0,0.0,1.0,1.0,1.0,0.0,1.0,0,0
bridge,-1,accept_all,0.026,64,0.0,1.0,1.0,0.0,1.0,1.0,1.0,0.0,1.0,0,0
bridge,-1,accept_all,0.026,65,0.0,1.0,1.0,0.0,1.0,1.0,1.0,0.0,1.0,0,0
bridge,-1,accept_all,0.026,66,0.0,1.0,1.0,0.0,1.0,1.0,1.0,0.0,1.0,0,0
bridge,-1,accept_all,0.026,67,0.0,1.0,1.0,0.0,1.0,1.0,1.0,0.0,1.0,0,0
bridge,-1,accept_all,0.026,68,0.0,1.0,1.0,0.0,1.0,1.0,1.0,0.0,1.0,0,0
bridge,-1,accept_all,0.026,69,0.0,1.0,1.0,0.0,1.0,1.0,1.0,0.0,1.0,0,0
bridge,-1,accept_all,0.026,70,0.0,1.0,1.0,0.0,1.0,1.0,1.0,0.0,1.0,0,0
bridge,-1,accept_all,0.026,71,0.0,1.0,1.0,0.0,1.0,1.0,1.0,0.0,1.0,0,0
bridge,-1,accept_all,0.026,72,0.0,1.0,1.0,0.0,1.0,1.0,1.0,0.0,1.0,0,0
bridge,-1,accept_all,0.026,73,0.0,1.0,1.0,0.0,1.0,1.0,1.0,0.0,1.0,0,0
bridge,-1,accept_all,0.026,74,0.0,1.0,1.0,0.0,1.0,1.0,1.0,0.0,1.0,0,0
bridge,-1,accept_all,0.026,75,0.0,1.0,1.0,0.0,1.0,1.0,1.0,0.0,1.0,0,0
bridge,-1,accept_all,0.026,76,0.0,1.0,1.0,0.0,1.0,1.0,1.0,0.0,1.0,0,0
bridge,-1,accept_all,0.026,77,0.0,1.0,1.0,0.0,1.0,1.0,1.0,0.0,1.0,0,0
bridge,-1,accept_all,0.026,78,0.0,1.0,1.0,0.0,1.0,1.0,1.0,0.0,1.0,0,0
bridge,-1,accept_all,0.026,79,0.0,1.0,1.0,0.0,1.0,1.0,1.0,0.0,1.0,0,0
bridge,-1,accept_all,0.026,80,0.0,1.0,1.0,0.0,1.0,1.0,1.0,0.0,1.0,0,0
bridge,-1,reference_only,0.026,1,0.0,1.0,0.0,0.0,,0.975,0.0,1.0,,1,0
bridge,-1,reference_only,0.026,2,0.0,1.0,0.0,0.0,,0.95,0.0,1.0,,2,0
bridge,-1,reference_only,0.026,3,0.0,1.0,0.0,0.0,,0.925,0.0,1.0,,3,0
bridge,-1,reference_only,0.026,4,0.0,1.0,0.0,0.0,,0.9,0.0,1.0,,4,0
bridge,-1,reference_only,0.026,5,0.0,1.0,0.0,0.0,,0.875,0.0,1.0,,5,0
bridge,-1,reference_only,0.026,6,0.0,1.0,0.0,0.0,,0.85,0.0,1.0,,6,0
bridge,-1,reference_only,0.026,7,0.0,1.0,0.0,0.0,,0.825,0.0,1.0,,7,0
bridge,-1,reference_only,0.026,8,0.0,1.0,0.0,0.0,,0.8,0.0,1.0,,8,0
bridge,-1,reference_only,0.026,9,0.0,1.0,0.0,0.0,,0.775,0.0,1.0,,9,0
bridge,-1,reference_only,0.026,10,0.0,1.0,0.0,0.0,,0.75,0.0,1.0,,10,0
bridge,-1,reference_only,0.026,11,0.0,1.0,0.0,0.0,,0.725,0.0,1.0,,11,0
bridge,-1,reference_only,0.026,12,0.0,1.0,0.0,0.0,,0.7,0.0,1.0,,12,0
bridge,-1,reference_only,0.026,13,0.0,1.0,0.0,0.0,,0.675,0.0,1.0,,13,0
bridge,-1,reference_only,0.026,14,0.0,1.0,0.0,0.0,,0.65,0.0,1.0,,14,0
bridge,-1,reference_only,0.026,15,0.0,1.0,0.0,0.0,,0.625,0.0,1.0,,15,0
bridge,-1,reference_only,0.026,16,0.0,1.0,0.0,0.0,,0.6,0.0,1.0,,16,0
bridge,-1,reference_only,0.026,17,0.0,1.0,0.0,0.0,,0.575,0.0,1.0,,17,0
bridge,-1,reference_only,0.026,18,0.0,1.0,0.0,0.0,,0.55,0.0,1.0,,18,0
bridge,-1,reference_only,0.026,19,0.0,1.0,0.0,0.0,,0.525,0.0,1.0,,19,0
bridge,-1,reference_only,0.026,20,0.0,1.0,0.0,0.0,,0.5,0.0,1.0,,20,0
bridge,-1,reference_only,0.026,21,0.0,1.0,0.0,0.0,,0.475,0.0,1.0,,21,0
bridge,-1,reference_only,0.026,22,0.0,1.0,0.0,0.0,,0.44999999999999996,0.0,1.0,,22,0
bridge,-1,reference_only,0.026,23,0.0,1.0,0.0,0.0,,0.42500000000000004,0.0,1.0,,23,0
bridge,-1,reference_only,0.026,24,0.0,1.0,0.0,0.0,,0.4,0.0,1.0,,24,0
bridge,-1,reference_only,0.026,25,0.0,1.0,0.0,0.0,,0.375,0.0,1.0,,25,0
bridge,-1,reference_only,0.026,26,0.0,1.0,0.0,0.0,,0.35,0.0,1.0,,26,0
bridge,-1,reference_only,0.026,27,0.0,1.0,0.0,0.0,,0.32499999999999996,0.0,1.0,,27,0
bridge,-1,reference_only,0.026,28,0.0,1.0,0.0,0.0,,0.30000000000000004,0.0,1.0,,28,0
bridge,-1,reference_only,0.026,29,0.0,1.0,0.0,0.0,,0.275,0.0,1.0,,29,0
bridge,-1,reference_only,0.026,30,0.0,1.0,0.0,0.0,,0.25,0.0,1.0,,30,0
bridge,-1,reference_only,0.026,31,0.0,1.0,0.0,0.0,,0.22499999999999998,0.0,1.0,,31,0
bridge,-1,reference_only,0.026,32,0.0,1.0,0.0,0.0,,0.19999999999999996,0.0,1.0,,32,0
bridge,-1,reference_only,0.026,33,0.0,1.0,0.0,0.0,,0.17500000000000004,0.0,1.0,,33,0
bridge,-1,reference_only,0.026,34,0.0,1.0,0.0,0.0,,0.15000000000000002,0.0,1.0,,34,0
bridge,-1,reference_only,0.026,35,0.0,1.0,0.0,0.0,,0.125,0.0,1.0,,35,0
bridge,-1,reference_only,0.026,36,0.0,1.0,0.0,0.0,,0.09999999999999998,0.0,1.0,,36,0
bridge,-1,reference_only,0.026,37,0.0,1.0,0.0,0.0,,0.07499999999999996,0.0,1.0,,37,0
bridge,-1,reference_only,0.026,38,0.0,1.0,0.0,0.0,,0.050000000000000044,0.0,1.0,,38,0
bridge,-1,reference_only,0.026,39,0.0,1.0,0.0,0.0,,0.025000000000000022,0.0,1.0,,39,0
bridge,-1,reference_only,0.026,40,0.0,1.0,1.0,1.0,0.0,0.0,1.0,0.0,1.0,39,0
bridge,-1,reference_only,0.026,41,0.0,1.0,1.0,0.0,1.0,1.0,1.0,0.0,1.0,39,0
bridge,-1,reference_only,0.026,42,0.0,1.0,1.0,0.0,1.0,1.0,1.0,0.0,1.0,39,0
bridge,-1,reference_only,0.026,43,0.0,1.0,1.0,0.0,1.0,1.0,1.0,0.0,1.0,39,0
bridge,-1,reference_only,0.026,44,0.0,1.0,1.0,0.0,1.0,1.0,1.0,0.0,1.0,39,0
bridge,-1,reference_only,0.026,45,0.0,1.0,1.0,0.0,1.0,1.0,1.0,0.0,1.0,39,0
bridge,-1,reference_only,0.026,46,0.0,1.0,1.0,0.0,1.0,1.0,1.0,0.0,1.0,39,0
bridge,-1,reference_only,0.026,47,0.0,1.0,1.0,0.0,1.0,1.0,1.0,0.0,1.0,39,0
bridge,-1,reference_only,0.026,48,0.0,1.0,1.0,0.0,1.0,1.0,1.0,0.0,1.0,39,0
bridge,-1,reference_only,0.026,49,0.0,1.0,1.0,0.0,1.0,1.0,1.0,0.0,1.0,39,0
bridge,-1,reference_only,0.026,50,0.0,1.0,1.0,0.0,1.0,1.0,1.0,0.0,1.0,39,0
bridge,-1,reference_only,0.026,51,0.0,1.0,1.0,0.0,1.0,1.0,1.0,0.0,1.0,39,0
bridge,-1,reference_only,0.026,52,0.0,1.0,1.0,0.0,1.0,1.0,1.0,0.0,1.0,39,0
bridge,-1,reference_only,0.026,53,0.0,1.0,1.0,0.0,1.0,1.0,1.0,0.0,1.0,39,0
bridge,-1,reference_only,0.026,54,0.0,1.0,1.0,0.0,1.0,1.0,1.0,0.0,1.0,39,0
bridge,-1,reference_only,0.026,55,0.0,1.0,1.0,0.0,1.0,1.0,1.0,0.0,1.0,39,0
bridge,-1,reference_only,0.026,56,0.0,1.0,1.0,0.0,1.0,1.0,1.0,0.0,1.0,39,0
bridge,-1,reference_only,0.026,57,0.0,1.0,1.0,0.0,1.0,1.0,1.0,0.0,1.0,39,0
bridge,-1,reference_only,0.026,58,0.0,1.0,1.0,0.0,1.0,1.0,1.0,0.0,1.0,39,0
bridge,-1,reference_only,0.026,59,0.0,1.0,1.0,0.0,1.0,1.0,1.0,0.0,1.0,39,0
bridge,-1,reference_only,0.026,60,0.0,1.0,1.0,0.0,1.0,1.0,1.0,0.0,1.0,39,0
bridge,-1,reference_only,0.026,61,0.0,1.0,1.0,0.0,1.0,1.0,1.0,0.0,1.0,39,0
bridge,-1,reference_only,0.026,62,0.0,1.0,1.0,0.0,1.0,1.0,1.0,0.0,1.0,39,0
bridge,-1,reference_only,0.026,63,0.0,1.0,1.0,0.0,1.0,1.0,1.0,0.0,1.0,39,0
bridge,-1,reference_only,0.026,64,0.0,1.0,1.0,0.0,1.0,1.0,1.0,0.0,1.0,39,0
bridge,-1,reference_only,0.026,65,0.0,1.0,1.0,0.0,1.0,1.0,1.0,0.0,1.0,39,0
bridge,-1,reference_only,0.026,66,0.0,1.0,1.0,0.0,1.0,1.0,1.0,0.0,1.0,39,0
bridge,-1,reference_only,0.026,67,0.0,1.0,1.0,0.0,1.0,1.0,1.0,0.0,1.0,39,0
bridge,-1,reference_only,0.026,68,0.0,1.0,1.0,0.0,1.0,1.0,1.0,0.0,1.0,39,0
bridge,-1,reference_only,0.026,69,0.0,1.0,1.0,0.0,1.0,1.0,1.0,0.0,1.0,39,0
bridge,-1,reference_only,0.026,70,0.0,1.0,1.0,0.0,1.0,1.0,1.0,0.0,1.0,39,0
bridge,-1,reference_only,0.026,71,0.0,1.0,1.0,0.0,1.0,1.0,1.0,0.0,1.0,39,0
bridge,-1,reference_only,0.026,72,0.0,1.0,1.0,0.0,1.0,1.0,1.0,0.0,1.0,39,0
bridge,-1,reference_only,0.026,73,0.0,1.0,1.0,0.0,1.0,1.0,1.0,0.0,1.0,39,0
bridge,-1,reference_only,0.026,74,0.0,1.0,1.0,0.0,1.0,1.0,1.0,0.0,1.0,39,0
bridge,-1,reference_only,0.026,75,0.0,1.0,1.0,0.0,1.0,1.0,1.0,0.0,1.0,39,0
bridge,-1,reference_only,0.026,76,0.0,1.0,1.0,0.0,1.0,1.0,1.0,0.0,1.0,39,0
bridge,-1,reference_only,0.026,77,0.0,1.0,1.0,0.0,1.0,1.0,1.0,0.0,1.0,39,0
bridge,-1,reference_only,0.026,78,0.0,1.0,1.0,0.0,1.0,1.0,1.0,0.0,1.0,39,0
bridge,-1,reference_only,0.026,79,0.0,1.0,1.0,0.0,1.0,1.0,1.0,0.0,1.0,39,0
bridge,-1,reference_only,0.026,80,0.0,1.0,1.0,0.0,1.0,1.0,1.0,0.0,1.0,39,0
bridge,-1,gated,0.05,1,0.0,1.0,0.025,0.025,0.975,0.975,1.0,0.975,,0,0
bridge,-1,gated,0.05,2,0.0,1.0,0.05,0.025,0.975,0.975,1.0,0.95,,0,0
bridge,-1,gated,0.05,3,0.0,1.0,0.075,0.024999999999999994,0.975,0.975,1.0,0.925,,0,0
bridge,-1,gated,0.05,4,0.0,1.0,0.1,0.02500000000000001,0.975,0.975,1.0,0.9,,0,0
bridge,-1,gated,0.05,5,0.0,1.0,0.125,0.024999999999999994,0.975,0.975,1.0,0.875,,0,0
bridge,-1,gated,0.05,6,0.0,1.0,0.15,0.024999999999999994,0.975,0.975,1.0,0.85,,0,0
bridge,-1,gated,0.05,7,0.0,1.0,0.175,0.024999999999999994,0.975,0.975,1.0,0.825,,0,0
bridge,-1,gated,0.05,8,0.0,1.0,0.2,0.025000000000000022,0.975,0.975,1.0,0.8,,0,0
bridge,-1,gated,0.05,9,0.0,1.0,0.225,0.024999999999999994,0.975,0.975,1.0,0.775,,0,0
bridge,-1,gated,0.05,10,0.0,1.0,0.25,0.024999999999999994,0.975,0.975,1.0,0.75,,0,0
bridge,-1,gated,0.05,11,0.0,1.0,0.275,0.025000000000000022,0.975,0.975,1.0,0.725,,0,0
bridge,-1,gated,0.05,12,0.0,1.0,0.3,0.024999999999999967,0.9750000000000001,0.9750000000000001,1.0,0.7,,0,0
bridge,-1,gated,0.05,13,0.0,1.0,0.325,0.025000000000000022,0.975,0.975,1.0,0.675,,0,0
bridge,-1,gated,0.05,14,0.0,1.0,0.35,0.024999999999999967,0.9750000000000001,0.9750000000000001,1.0,0.65,,0,0
bridge,-1,gated,0.05,15,0.0,1.0,0.375,0.025000000000000022,0.975,0.975,1.0,0.625,,0,0
bridge,-1,gated,0.05,16,0.0,1.0,0.4,0.025000000000000022,0.975,0.975,1.0,0.6,,0,0
bridge,-1,gated,0.05,17,0.0,1.0,0.425,0.024999999999999967,0.9750000000000001,0.9750000000000001,1.0,0.575,,0,0
bridge,-1,gated,0.05,18,0.0,1.0,0.45,0.025000000000000022,0.975,0.975,1.0,0.55,,0,0
bridge,-1,gated,0.05,19,0.0,1.0,0.475,0.024999999999999967,0.9750000000000001,0.9750000000000001,1.0,0.525,,0,0
bridge,-1,gated,0.05,20,0.0,1.0,0.5,0.025000000000000022,0.975,0.975,1.0,0.5,,0,0
bridge,-1,gated,0.05,21,0.0,1.0,0.525,0.025000000000000022,0.975,0.975,1.0,0.475,,0,0
bridge,-1,gated,0.05,22,0.0,1.0,0.55,0.025000000000000022,0.975,0.975,1.0,0.44999999999999996,,0,0
bridge,-1,gated,0.05,23,0.0,1.0,0.575,0.02499999999999991,0.9750000000000001,0.9750000000000001,1.0,0.42500000000000004,,0,0
bridge,-1,gated,0.05,24,0.0,1.0,0.6,0.025000000000000022,0.975,0.975,1.0,0.4,,0,0
bridge,-1,gated,0.05,25,0.0,1.0,0.625,0.025000000000000022,0.975,0.975,1.0,0.375,,0,0
bridge,-1,gated,0.05,26,0.0,1.0,0.65,0.025000000000000022,0.975,0.975,1.0,0.35,,0,0
bridge,-1,gated,0.05,27,0.0,1.0,0.675,0.025000000000000022,0.975,0.975,1.0,0.32499999999999996,,0,0
bridge,-1,gated,0.05,28,0.0,1.0,0.7,0.02499999999999991,0.9750000000000001,0.9750000000000001,1.0,0.30000000000000004,,0,0
bridge,-1,gated,0.05,29,0.0,1.0,0.725,0.025000000000000022,0.975,0.975,1.0,0.275,,0,0
bridge,-1,gated,0.05,30,0.0,1.0,0.75,0.025000000000000022,0.975,0.975,1.0,0.25,,0,0
bridge,-1,gated,0.05,31,0.0,1.0,0.775,0.025000000000000022,0.975,0.975,1.0,0.22499999999999998,,0,0
bridge,-1,gated,0.05,32,0.0,1.0,0.8,0.025000000000000022,0.975,0.975,1.0,0.19999999999999996,,0,0
bridge,-1,gated,0.05,33,0.0,1.0,0.825,0.02499999999999991,0.9750000000000001,0.9750000000000001,1.0,0.17500000000000004,,0,0
bridge,-1,gated,0.05,34,0.0,1.0,0.85,0.025000000000000022,0.975,0.975,1.0,0.15000000000000002,,0,0
bridge,-1,gated,0.05,35,0.0,1.0,0.875,0.025000000000000022,0.975,0.975,1.0,0.125,,0,0
bridge,-1,gated,0.05,36,0.0,1.0,0.9,0.025000000000000022,0.975,0.975,1.0,0.09999999999999998,,0,0
bridge,-1,gated,0.05,37,0.0,1.0,0.925,0.025000000000000022,0.975,0.975,1.0,0.07499999999999996,,0,0
bridge,-1,gated,0.05,38,0.0,1.0,0.95,0.02499999999999991,0.9750000000000001,0.9750000000000001,1.0,0.050000000000000044,,0,0
bridge,-1,gated,0.05,39,0.0,1.0,0.975,0.025000000000000022,0.975,0.975,1.0,0.025000000000000022,,0,0
bridge,-1,gated,0.05,40,0.0,1.0,1.0,0.025000000000000022,0.975,0.975,1.0,0.0,1.0,0,0
bridge,-1,gated,0.05,41,0.0,1.0,1.0,0.0,1.0,1.0,1.0,0.0,1.0,0,0
bridge,-1,gated,0.05,42,0.0,1.0,1.0,0.0,1.0,1.0,1.0,0.0,1.0,0,0
bridge,-1,gated,0.05,43,0.0,1.0,1.0,0.0,1.0,1.0,1.0,0.0,1.0,0,0
bridge,-1,gated,0.05,44,0.0,1.0,1.0,0.0,1.0,1.0,1.0,0.0,1.0,0,0
bridge,-1,gated,0.05,45,0.0,1.0,1.0,0.0,1.0,1.0,1.0,0.0,1.0,0,0
bridge,-1,gated,0.05,46,0.0,1.0,1.0,0.0,1.0,1.0,1.0,0.0,1.0,0,0
bridge,-1,gated,0.05,47,0.0,1.0,1.0,0.0,1.0,1.0,1.0,0.0,1.0,0,0
bridge,-1,gated,0.05,48,0.0,1.0,1.0,0.0,1.0,1.0,1.0,0.0,1.0,0,0
bridge,-1,gated,0.05,49,0.0,1.0,1.0,0.0,1.0,1.0,1.0,0.0,1.0,0,0
bridge,-1,gated,0.05,50,0.0,1.0,1.0,0.0,1.0,1.0,1.0,0.0,1.0,0,0
bridge,-1,gated,0.05,51,0.0,1.0,1.0,0.0,1.0,1.0,1.0,0.0,1.0,0,0
bridge,-1,gated,0.05,52,0.0,1.0,1.0,0.0,1.0,1.0,1.0,0.0,1.0,0,0
bridge,-1,gated,0.05,53,0.0,1.0,1.0,0.0,1.0,1.0,1.0,0.0,1.0,0,0
bridge,-1,gated,0.05,54,0.0,1.0,1.0,0.0,1.0,1.0,1.0,0.0,1.0,0,0
bridge,-1,gated,0.05,55,0.0,1.0,1.0,0.0,1.0,1.0,1.0,0.0,1.0,0,0
bridge,-1,gated,0.05,56,0.0,1.0,1.0,0.0,1.0,1.0,1.0,0.0,1.0,0,0
bridge,-1,gated,0.05,57,0.0,1.0,1.0,0.0,1.0,1.0,1.0,0.0,1.0,0,0
bridge,-1,gated,0.05,58,0.0,1.0,1.0,0.0,1.0,1.0,1.0,0.0,1.0,0,0
bridge,-1,gated,0.05,59,0.0,1.0,1.0,0.0,1.0,1.0,1.0,0.0,1.0,0,0
bridge,-1,gated,0.05,60,0.0,1.0,1.0,0.0,1.0,1.0,1.0,0.0,1.0,0,0
bridge,-1,gated,0.05,61,0.0,1.0,1.0,0.0,1.0,1.0,1.0,0.0,1.0,0,0
bridge,-1,gated,0.05,62,0.0,1.0,1.0,0.0,1.0,1.0,1.0,0.0,1.0,0,0
bridge,-1,gated,0.05,63,0.0,1.0,1.0,0.0,1.0,1.0,1.0,0.0,1.0,0,0
bridge,-1,gated,0.05,64,0.0,1.0,1.0,0.0,1.0,1.0,1.0,0.0,1.0,0,0
bridge,-1,gated,0.05,65,0.0,1.0,1.0,0.0,1.0,1.0,1.0,0.0,1.0,0,0
bridge,-1,gated,0.05,66,0.0,1.0,1.0,0.0,1.0,1.0,1.0,0.0,1.0,0,0
bridge,-1,gated,0.05,67,0.0,1.0,1.0,0.0,1.0,1.0,1.0,0.0,1.0,0,0
bridge,-1,gated,0.05,68,0.0,1.0,1.0,0.0,1.0,1.0,1.0,0.0,1.0,0,0
bridge,-1,gated,0.05,69,0.0,1.0,1.0,0.0,1.0,1.0,1.0,0.0,1.0,0,0
bridge,-1,gated,0.05,70,0.0,1.0,1.0,0.0,1.0,1.0,1.0,0.0,1.0,0,0
bridge,-1,gated,0.05,71,0.0,1.0,1.0,0.0,1.0,1.0,1.0,0.0,1.0,0,0
bridge,-1,gated,0.05,72,0.0,1.0,1.0,0.0,1.0,1.0,1.0,0.0,1.0,0,0
bridge,-1,gated,0.05,73,0.0,1.0,1.0,0.0,1.0,1.0,1.0,0.0,1.0,0,0
bridge,-1,gated,0.05,74,0.0,1.0,1.0,0.0,1.0,1.0,1.0,0.0,1.0,0,0
bridge,-1,gated,0.05,75,0.0,1.0,1.0,0.0,1.0,1.0,1.0,0.0,1.0,0,0
bridge,-1,gated,0.05,76,0.0,1.0,1.0,0.0,1.0,1.0,1.0,0.0,1.0,0,0
bridge,-1,gated,0.05,77,0.0,1.0,1.0,0.0,1.0,1.0,1.0,0.0,1.0,0,0
bridge,-1,gated,0.05,78,0.0,1.0,1.0,0.0,1.0,1.0,1.0,0.0,1.0,0,0
bridge,-1,gated,0.05,79,0.0,1.0,1.0,0.0,1.0,1.0,1.0,0.0,1.0,0,0
bridge,-1,gated,0.05,80,0.0,1.0,1.0,0.0,1.0,1.0,1.0,0.0,1.0,0,0
bridge,-1,accept_all,0.05,1,0.0,1.0,0.025,0.025,0.975,0.975,1.0,0.975,,0,0
bridge,-1,accept_all,0.05,2,0.0,1.0,0.05,0.025,0.975,0.975,1.0,0.95,,0,0
bridge,-1,accept_all,0.05,3,0.0,1.0,0.075,0.024999999999999994,0.975,0.975,1.0,0.925,,0,0
bridge,-1,accept_all,0.05,4,0.0,1.0,0.1,0.02500000000000001,0.975,0.975,1.0,0.9,,0,0
bridge,-1,accept_all,0.05,5,0.0,1.0,0.125,0.024999999999999994,0.975,0.975,1.0,0.875,,0,0
bridge,-1,accept_all,0.05,6,0.0,1.0,0.15,0.024999999999999994,0.975,0.975,1.0,0.85,,0,0
bridge,-1,accept_all,0.05,7,0.0,1.0,0.175,0.024999999999999994,0.975,0.975,1.0,0.825,,0,0
bridge,-1,accept_all,0.05,8,0.0,1.0,0.2,0.025000000000000022,0.975,0.975,1.0,0.8,,0,0
bridge,-1,accept_all,0.05,9,0.0,1.0,0.225,0.024999999999999994,0.975,0.975,1.0,0.775,,0,0
bridge,-1,accept_all,0.05,10,0.0,1.0,0.25,0.024999999999999994,0.975,0.975,1.0,0.75,,0,0
bridge,-1,accept_all,0.05,11,0.0,1.0,0.275,0.025000000000000022,0.975,0.975,1.0,0.725,,0,0
bridge,-1,accept_all,0.05,12,0.0,1.0,0.3,0.024999999999999967,0.9750000000000001,0.9750000000000001,1.0,0.7,,0,0
bridge,-1,accept_all,0.05,13,0.0,1.0,0.325,0.025000000000000022,0.975,0.975,1.0,0.675,,0,0
bridge,-1,accept_all,0.05,14,0.0,1.0,0.35,0.024999999999999967,0.9750000000000001,0.9750000000000001,1.0,0.65,,0,0
bridge,-1,accept_all,0.05,15,0.0,1.0,0.375,0.025000000000000022,0.975,0.975,1.0,0.625,,0,0
bridge,-1,accept_all,0.05,16,0.0,1.0,0.4,0.025000000000000022,0.975,0.975,1.0,0.6,,0,0
bridge,-1,accept_all,0.05,17,0.0,1.0,0.425,0.024999999999999967,0.9750000000000001,0.9750000000000001,1.0,0.575,,0,0
bridge,-1,accept_all,0.05,18,0.0,1.0,0.45,0.025000000000000022,0.975,0.975,1.0,0.55,,0,0
bridge,-1,accept_all,0.05,19,0.0,1.0,0.475,0.024999999999999967,0.9750000000000001,0.9750000000000001,1.0,0.525,,0,0
bridge,-1,accept_all,0.05,20,0.0,1.0,0.5,0.025000000000000022,0.975,0.975,1.0,0.5,,0,0
bridge,-1,accept_all,0.05,21,0.0,1.0,0.525,0.025000000000000022,0.975,0.975,1.0,0.475,,0,0
bridge,-1,accept_all,0.05,22,0.0,1.0,0.55,0.025000000000000022,0.975,0.975,1.0,0.44999999999999996,,0,0
bridge,-1,accept_all,0.05,23,0.0,1.0,0.575,0.02499999999999991,0.9750000000000001,0.9750000000000001,1.0,0.42500000000000004,,0,0
bridge,-1,accept_all,0.05,24,0.0,1.0,0.6,0.025000000000000022,0.975,0.975,1.0,0.4,,0,0
bridge,-1,accept_all,0.05,25,0.0,1.0,0.625,0.025000000000000022,0.975,0.975,1.0,0.375,,0,0
bridge,-1,accept_all,0.05,26,0.0,1.0,0.65,0.025000000000000022,0.975,0.975,1.0,0.35,,0,0
bridge,-1,accept_all,0.05,27,0.0,1.0,0.675,0.025000000000000022,0.975,0.975,1.0,0.32499999999999996,,0,0
bridge,-1,accept_all,0.05,28,0.0,1.0,0.7,0.02499999999999991,0.9750000000000001,0.9750000000000001,1.0,0.30000000000000004,,0,0
bridge,-1,accept_all,0.05,29,0.0,1.0,0.725,0.025000000000000022,0.975,0.975,1.0,0.275,,0,0
bridge,-1,accept_all,0.05,30,0.0,1.0,0.75,0.025000000000000022,0.975,0.975,1.0,0.25,,0,0
bridge,-1,accept_all,0.05,31,0.0,1.0,0.775,0.025000000000000022,0.975,0.975,1.0,0.22499999999999998,,0,0
bridge,-1,accept_all,0.05,32,0.0,1.0,0.8,0.025000000000000022,0.975,0.975,1.0,0.19999999999999996,,0,0
bridge,-1,accept_all,0.05,33,0.0,1.0,0.825,0.02499999999999991,0.9750000000000001,0.9750000000000001,1.0,0.17500000000000004,,0,0
bridge,-1,accept_all,0.05,34,0.0,1.0,0.85,0.025000000000000022,0.975,0.975,1.0,0.15000000000000002,,0,0
bridge,-1,accept_all,0.05,35,0.0,1.0,0.875,0.025000000000000022,0.975,0.975,1.0,0.125,,0,0
bridge,-1,accept_all,0.05,36,0.0,1.0,0.9,0.025000000000000022,0.975,0.975,1.0,0.09999999999999998,,0,0
bridge,-1,accept_all,0.05,37,0.0,1.0,0.925,0.025000000000000022,0.975,0.975,1.0,0.07499999999999996,,0,0
bridge,-1,accept_all,0.05,38,0.0,1.0,0.95,0.02499999999999991,0.9750000000000001,0.9750000000000001,1.0,0.050000000000000044,,0,0
bridge,-1,accept_all,0.05,39,0.0,1.0,0.975,0.025000000000000022,0.975,0.975,1.0,0.025000000000000022,,0,0
bridge,-1,accept_all,0.05,40,0.0,1.0,1.0,0.025000000000000022,0.975,0.975,1.0,0.0,1.0,0,0
bridge,-1,accept_all,0.05,41,0.0,1.0,1.0,0.0,1.0,1.0,1.0,0.0,1.0,0,0
bridge,-1,accept_all,0.05,42,0.0,1.0,1.0,0.0,1.0,1.0,1.0,0.0,1.0,0,0
bridge,-1,accept_all,0.05,43,0.0,1.0,1.0,0.0,1.0,1.0,1.0,0.0,1.0,0,0
bridge,-1,accept_all,0.05,44,0.0,1.0,1.0,0.0,1.0,1.0,1.0,0.0,1.0,0,0
bridge,-1,accept_all,0.05,45,0.0,1.0,1.0,0.0,1.0,1.0,1.0,0.0,1.0,0,0
bridge,-1,accept_all,0.05,46,0.0,1.0,1.0,0.0,1.0,1.0,1.0,0.0,1.0,0,0
bridge,-1,accept_all,0.05,47,0.0,1.0,1.0,0.0,1.0,1.0,1.0,0.0,1.0,0,0
bridge,-1,accept_all,0.05,48,0.0,1.0,1.0,0.0,1.0,1.0,1.0,0.0,1.0,0,0
bridge,-1,accept_all,0.05,49,0.0,1.0,1.0,0.0,1.0,1.0,1.0,0.0,1.0,0,0
bridge,-1,accept_all,0.05,50,0.0,1.0,1.0,0.0,1.0,1.0,1.0,0.0,1.0,0,0
bridge,-1,accept_all,0.05,51,0.0,1.0,1.0,0.0,1.0,1.0,1.0,0.0,1.0,0,0
bridge,-1,accept_all,0.05,52,0.0,1.0,1.0,0.0,1.0,1.0,1.0,0.0,1.0,0,0
bridge,-1,accept_all,0.05,53,0.0,1.0,1.0,0.0,1.0,1.0,1.0,0.0,1.0,0,0
bridge,-1,accept_all,0.05,54,0.0,1.0,1.0,0.0,1.0,1.0,1.0,0.0,1.0,0,0
bridge,-1,accept_all,0.05,55,0.0,1.0,1.0,0.0,1.0,1.0,1.0,0.0,1.0,0,0
bridge,-1,accept_all,0.05,56,0.0,1.0,1.0,0.0,1.0,1.0,1.0,0.0,1.0,0,0
bridge,-1,accept_all,0.05,57,0.0,1.0,1.0,0.0,1.0,1.0,1.0,0.0,1.0,0,0
bridge,-1,accept_all,0.05,58,0.0,1.0,1.0,0.0,1.0,1.0,1.0,0.0,1.0,0,0
bridge,-1,accept_all,0.05,59,0.0,1.0,1.0,0.0,1.0,1.0,1.0,0.0,1.0,0,0
bridge,-1,accept_all,0.05,60,0.0,1.0,1.0,0.0,1.0,1.0,1.0,0.0,1.0,0,0
bridge,-1,accept_all,0.05,61,0.0,1.0,1.0,0.0,1.0,1.0,1.0,0.0,1.0,0,0
bridge,-1,accept_all,0.05,62,0.0,1.0,1.0,0.0,1.0,1.0,1.0,0.0,1.0,0,0
bridge,-1,accept_all,0.05,63,0.0,1.0,1.0,0.0,1.0,1.0,1.0,0.0,1.0,0,0
bridge,-1,accept_all,0.05,64,0.0,1.0,1.0,0.0,1.0,1.0,1.0,0.0,1.0,0,0
bridge,-1,accept_all,0.05,65,0.0,1.0,1.0,0.0,1.0,1.0,1.0,0.0,1.0,0,0
bridge,-1,accept_all,0.05,66,0.0,1.0,1.0,0.0,1.0,1.0,1.0,0.0,1.0,0,0
bridge,-1,accept_all,0.05,67,0.0,1.0,1.0,0.0,1.0,1.0,1.0,0.0,1.0,0,0
bridge,-1,accept_all,0.05,68,0.0,1.0,1.0,0.0,1.0,1.0,1.0,0.0,1.0,0,0
bridge,-1,accept_all,0.05,69,0.0,1.0,1.0,0.0,1.0,1.0,1.0,0.0,1.0,0,0
bridge,-1,accept_all,0.05,70,0.0,1.0,1.0,0.0,1.0,1.0,1.0,0.0,1.0,0,0
bridge,-1,accept_all,0.05,71,0.0,1.0,1.0,0.0,1.0,1.0,1.0,0.0,1.0,0,0
bridge,-1,accept_all,0.05,72,0.0,1.0,1.0,0.0,1.0,1.0,1.0,0.0,1.0,0,0
bridge,-1,accept_all,0.05,73,0.0,1.0,1.0,0.0,1.0,1.0,1.0,0.0,1.0,0,0
bridge,-1,accept_all,0.05,74,0.0,1.0,1.0,0.0,1.0,1.0,1.0,0.0,1.0,0,0
bridge,-1,accept_all,0.05,75,0.0,1.0,1.0,0.0,1.0,1.0,1.0,0.0,1.0,0,0
bridge,-1,accept_all,0.05,76,0.0,1.0,1.0,0.0,1.0,1.0,1.0,0.0,1.0,0,0
bridge,-1,accept_all,0.05,77,0.0,1.0,1.0,0.0,1.0,1.0,1.0,0.0,1.0,0,0
bridge,-1,accept_all,0.05,78,0.0,1.0,1.0,0.0,1.0,1.0,1.0,0.0,1.0,0,0
bridge,-1,accept_all,0.05,79,0.0,1.0,1.0,0.0,1.0,1.0,1.0,0.0,1.0,0,0
bridge,-1,accept_all,0.05,80,0.0,1.0,1.0,0.0,1.0,1.0,1.0,0.0,1.0,0,0
bridge,-1,reference_only,0.05,1,0.0,1.0,0.0,0.0,,0.975,0.0,1.0,,1,0
bridge,-1,reference_only,0.05,2,0.0,1.0,0.0,0.0,,0.95,0.0,1.0,,2,0
bridge,-1,reference_only,0.05,3,0.0,1.0,0.0,0.0,,0.925,0.0,1.0,,3,0
bridge,-1,reference_only,0.05,4,0.0,1.0,0.0,0.0,,0.9,0.0,1.0,,4,0
bridge,-1,reference_only,0.05,5,0.0,1.0,0.0,0.0,,0.875,0.0,1.0,,5,0
bridge,-1,reference_only,0.05,6,0.0,1.0,0.0,0.0,,0.85,0.0,1.0,,6,0
bridge,-1,reference_only,0.05,7,0.0,1.0,0.0,0.0,,0.825,0.0,1.0,,7,0
bridge,-1,reference_only,0.05,8,0.0,1.0,0.0,0.0,,0.8,0.0,1.0,,8,0
bridge,-1,reference_only,0.05,9,0.0,1.0,0.0,0.0,,0.775,0.0,1.0,,9,0
bridge,-1,reference_only,0.05,10,0.0,1.0,0.0,0.0,,0.75,0.0,1.0,,10,0
bridge,-1,reference_only,0.05,11,0.0,1.0,0.0,0.0,,0.725,0.0,1.0,,11,0
bridge,-1,reference_only,0.05,12,0.0,1.0,0.0,0.0,,0.7,0.0,1.0,,12,0
bridge,-1,reference_only,0.05,13,0.0,1.0,0.0,0.0,,0.675,0.0,1.0,,13,0
bridge,-1,reference_only,0.05,14,0.0,1.0,0.0,0.0,,0.65,0.0,1.0,,14,0
bridge,-1,reference_only,0.05,15,0.0,1.0,0.0,0.0,,0.625,0.0,1.0,,15,0
bridge,-1,reference_only,0.05,16,0.0,1.0,0.0,0.0,,0.6,0.0,1.0,,16,0
bridge,-1,reference_only,0.05,17,0.0,1.0,0.0,0.0,,0.575,0.0,1.0,,17,0
bridge,-1,reference_only,0.05,18,0.0,1.0,0.0,0.0,,0.55,0.0,1.0,,18,0
bridge,-1,reference_only,0.05,19,0.0,1.0,0.0,0.0,,0.525,0.0,1.0,,19,0
bridge,-1,reference_only,0.05,20,0.0,1.0,0.0,0.0,,0.5,0.0,1.0,,20,0
bridge,-1,reference_only,0.05,21,0.0,1.0,0.0,0.0,,0.475,0.0,1.0,,21,0
bridge,-1,reference_only,0.05,22,0.0,1.0,0.0,0.0,,0.44999999999999996,0.0,1.0,,22,0
bridge,-1,reference_only,0.05,23,0.0,1.0,0.0,0.0,,0.42500000000000004,0.0,1.0,,23,0
bridge,-1,reference_only,0.05,24,0.0,1.0,0.0,0.0,,0.4,0.0,1.0,,24,0
bridge,-1,reference_only,0.05,25,0.0,1.0,0.0,0.0,,0.375,0.0,1.0,,25,0
bridge,-1,reference_only,0.05,26,0.0,1.0,0.0,0.0,,0.35,0.0,1.0,,26,0
bridge,-1,reference_only,0.05,27,0.0,1.0,0.0,0.0,,0.32499999999999996,0.0,1.0,,27,0
bridge,-1,reference_only,0.05,28,0.0,1.0,0.0,0.0,,0.30000000000000004,0.0,1.0,,28,0
bridge,-1,reference_only,0.05,29,0.0,1.0,0.0,0.0,,0.275,0.0,1.0,,29,0
bridge,-1,reference_only,0.05,30,0.0,1.0,0.0,0.0,,0.25,0.0,1.0,,30,0
bridge,-1,reference_only,0.05,31,0.0,1.0,0.0,0.0,,0.22499999999999998,0.0,1.0,,31,0
bridge,-1,reference_only,0.05,32,0.0,1.0,0.0,0.0,,0.19999999999999996,0.0,1.0,,32,0
bridge,-1,reference_only,0.05,33,0.0,1.0,0.0,0.0,,0.17500000000000004,0.0,1.0,,33,0
bridge,-1,reference_only,0.05,34,0.0,1.0,0.0,0.0,,0.15000000000000002,0.0,1.0,,34,0
bridge,-1,reference_only,0.05,35,0.0,1.0,0.0,0.0,,0.125,0.0,1.0,,35,0
bridge,-1,reference_only,0.05,36,0.0,1.0,0.0,0.0,,0.09999999999999998,0.0,1.0,,36,0
bridge,-1,reference_only,0.05,37,0.0,1.0,0.0,0.0,,0.07499999999999996,0.0,1.0,,37,0
bridge,-1,reference_only,0.05,38,0.0,1.0,0.0,0.0,,0.050000000000000044,0.0,1.0,,38,0
bridge,-1,reference_only,0.05,39,0.0,1.0,0.0,0.0,,0.025000000000000022,0.0,1.0,,39,0
bridge,-1,reference_only,0.05,40,0.0,1.0,1.0,1.0,0.0,0.0,1.0,0.0,1.0,39,0
bridge,-1,reference_only,0.05,41,0.0,1.0,1.0,0.0,1.0,1.0,1.0,0.0,1.0,39,0
bridge,-1,reference_only,0.05,42,0.0,1.0,1.0,0.0,1.0,1.0,1.0,0.0,1.0,39,0
bridge,-1,reference_only,0.05,43,0.0,1.0,1.0,0.0,1.0,1.0,1.0,0.0,1.0,39,0
bridge,-1,reference_only,0.05,44,0.0,1.0,1.0,0.0,1.0,1.0,1.0,0.0,1.0,39,0
bridge,-1,reference_only,0.05,45,0.0,1.0,1.0,0.0,1.0,1.0,1.0,0.0,1.0,39,0
bridge,-1,reference_only,0.05,46,0.0,1.0,1.0,0.0,1.0,1.0,1.0,0.0,1.0,39,0
bridge,-1,reference_only,0.05,47,0.0,1.0,1.0,0.0,1.0,1.0,1.0,0.0,1.0,39,0
bridge,-1,reference_only,0.05,48,0.0,1.0,1.0,0.0,1.0,1.0,1.0,0.0,1.0,39,0
bridge,-1,reference_only,0.05,49,0.0,1.0,1.0,0.0,1.0,1.0,1.0,0.0,1.0,39,0
bridge,-1,reference_only,0.05,50,0.0,1.0,1.0,0.0,1.0,1.0,1.0,0.0,1.0,39,0
bridge,-1,reference_only,0.05,51,0.0,1.0,1.0,0.0,1.0,1.0,1.0,0.0,1.0,39,0
bridge,-1,reference_only,0.05,52,0.0,1.0,1.0,0.0,1.0,1.0,1.0,0.0,1.0,39,0
bridge,-1,reference_only,0.05,53,0.0,1.0,1.0,0.0,1.0,1.0,1.0,0.0,1.0,39,0
bridge,-1,reference_only,0.05,54,0.0,1.0,1.0,0.0,1.0,1.0,1.0,0.0,1.0,39,0
bridge,-1,reference_only,0.05,55,0.0,1.0,1.0,0.0,1.0,1.0,1.0,0.0,1.0,39,0
bridge,-1,reference_only,0.05,56,0.0,1.0,1.0,0.0,1.0,1.0,1.0,0.0,1.0,39,0
bridge,-1,reference_only,0.05,57,0.0,1.0,1.0,0.0,1.0,1.0,1.0,0.0,1.0,39,0
bridge,-1,reference_only,0.05,58,0.0,1.0,1.0,0.0,1.0,1.0,1.0,0.0,1.0,39,0
bridge,-1,reference_only,0.05,59,0.0,1.0,1.0,0.0,1.0,1.0,1.0,0.0,1.0,39,0
bridge,-1,reference_only,0.05,60,0.0,1.0,1.0,0.0,1.0,1.0,1.0,0.0,1.0,39,0
bridge,-1,reference_only,0.05,61,0.0,1.0,1.0,0.0,1.0,1.0,1.0,0.0,1.0,39,0
bridge,-1,reference_only,0.05,62,0.0,1.0,1.0,0.0,1.0,1.0,1.0,0.0,1.0,39,0
bridge,-1,reference_only,0.05,63,0.0,1.0,1.0,0.0,1.0,1.0,1.0,0.0,1.0,39,0
bridge,-1,reference_only,0.05,64,0.0,1.0,1.0,0.0,1.0,1.0,1.0,0.0,1.0,39,0
bridge,-1,reference_only,0.05,65,0.0,1.0,1.0,0.0,1.0,1.0,1.0,0.0,1.0,39,0
bridge,-1,reference_only,0.05,66,0.0,1.0,1.0,0.0,1.0,1.0,1.0,0.0,1.0,39,0
bridge,-1,reference_only,0.05,67,0.0,1.0,1.0,0.0,1.0,1.0,1.0,0.0,1.0,39,0
bridge,-1,reference_only,0.05,68,0.0,1.0,1.0,0.0,1.0,1.0,1.0,0.0,1.0,39,0
bridge,-1,reference_only,0.05,69,0.0,1.0,1.0,0.0,1.0,1.0,1.0,0.0,1.0,39,0
bridge,-1,reference_only,0.05,70,0.0,1.0,1.0,0.0,1.0,1.0,1.0,0.0,1.0,39,0
bridge,-1,reference_only,0.05,71,0.0,1.0,1.0,0.0,1.0,1.0,1.0,0.0,1.0,39,0
bridge,-1,reference_only,0.05,72,0.0,1.0,1.0,0.0,1.0,1.0,1.0,0.0,1.0,39,0
bridge,-1,reference_only,0.05,73,0.0,1.0,1.0,0.0,1.0,1.0,1.0,0.0,1.0,39,0
bridge,-1,reference_only,0.05,74,0.0,1.0,1.0,0.0,1.0,1.0,1.0,0.0,1.0,39,0
bridge,-1,reference_only,0.05,75,0.0,1.0,1.0,0.0,1.0,1.0,1.0,0.0,1.0,39,0
bridge,-1,reference_only,0.05,76,0.0,1.0,1.0,0.0,1.0,1.0,1.0,0.0,1.0,39,0
bridge,-1,reference_only,0.05,77,0.0,1.0,1.0,0.0,1.0,1.0,1.0,0.0,1.0,39,0
bridge,-1,reference_only,0.05,78,0.0,1.0,1.0,0.0,1.0,1.0,1.0,0.0,1.0,39,0
bridge,-1,reference_only,0.05,79,0.0,1.0,1.0,0.0,1.0,1.0,1.0,0.0,1.0,39,0
bridge,-1,reference_only,0.05,80,0.0,1.0,1.0,0.0,1.0,1.0,1.0,0.0,1.0,39,0
bridge,-1,gated,0.11,1,0.0,1.0,0.025,0.025,0.975,0.975,1.0,0.975,,0,0
bridge,-1,gated,0.11,2,0.0,1.0,0.05,0.025,0.975,0.975,1.0,0.95,,0,0
bridge,-1,gated,0.11,3,0.0,1.0,0.075,0.024999999999999994,0.975,0.975,1.0,0.925,,0,0
bridge,-1,gated,0.11,4,0.0,1.0,0.1,0.02500000000000001,0.975,0.975,1.0,0.9,,0,0
bridge,-1,gated,0.11,5,0.0,1.0,0.125,0.024999999999999994,0.975,0.975,1.0,0.875,,0,0
bridge,-1,gated,0.11,6,0.0,1.0,0.15,0.024999999999999994,0.975,0.975,1.0,0.85,,0,0
bridge,-1,gated,0.11,7,0.0,1.0,0.175,0.024999999999999994,0.975,0.975,1.0,0.825,,0,0
bridge,-1,gated,0.11,8,0.0,1.0,0.2,0.025000000000000022,0.975,0.975,1.0,0.8,,0,0
bridge,-1,gated,0.11,9,0.0,1.0,0.225,0.024999999999999994,0.975,0.975,1.0,0.775,,0,0
bridge,-1,gated,0.11,10,0.0,1.0,0.25,0.024999999999999994,0.975,0.975,1.0,0.75,,0,0
bridge,-1,gated,0.11,11,0.0,1.0,0.275,0.025000000000000022,0.975,0.975,1.0,0.725,,0,0
bridge,-1,gated,0.11,12,0.0,1.0,0.3,0.024999999999999967,0.9750000000000001,0.9750000000000001,1.0,0.7,,0,0
bridge,-1,gated,0.11,13,0.0,1.0,0.325,0.025000000000000022,0.975,0.975,1.0,0.675,,0,0
bridge,-1,gated,0.11,14,0.0,1.0,0.35,0.024999999999999967,0.9750000000000001,0.9750000000000001,1.0,0.65,,0,0
bridge,-1,gated,0.11,15,0.0,1.0,0.375,0.025000000000000022,0.975,0.975,1.0,0.625,,0,0
bridge,-1,gated,0.11,16,0.0,1.0,0.4,0.025000000000000022,0.975,0.975,1.0,0.6,,0,0
bridge,-1,gated,0.11,17,0.0,1.0,0.425,0.024999999999999967,0.9750000000000001,0.9750000000000001,1.0,0.575,,0,0
bridge,-1,gated,0.11,18,0.0,1.0,0.45,0.025000000000000022,0.975,0.975,1.0,0.55,,0,0
bridge,-1,gated,0.11,19,0.0,1.0,0.475,0.024999999999999967,0.9750000000000001,0.9750000000000001,1.0,0.525,,0,0
bridge,-1,gated,0.11,20,0.0,1.0,0.5,0.025000000000000022,0.975,0.975,1.0,0.5,,0,0
bridge,-1,gated,0.11,21,0.0,1.0,0.525,0.025000000000000022,0.975,0.975,1.0,0.475,,0,0
bridge,-1,gated,0.11,22,0.0,1.0,0.55,0.025000000000000022,0.975,0.975,1.0,0.44999999999999996,,0,0
bridge,-1,gated,0.11,23,0.0,1.0,0.575,0.02499999999999991,0.9750000000000001,0.9750000000000001,1.0,0.42500000000000004,,0,0
bridge,-1,gated,0.11,24,0.0,1.0,0.6,0.025000000000000022,0.975,0.975,1.0,0.4,,0,0
bridge,-1,gated,0.11,25,0.0,1.0,0.625,0.025000000000000022,0.975,0.975,1.0,0.375,,0,0
bridge,-1,gated,0.11,26,0.0,1.0,0.65,0.025000000000000022,0.975,0.975,1.0,0.35,,0,0
bridge,-1,gated,0.11,27,0.0,1.0,0.675,0.025000000000000022,0.975,0.975,1.0,0.32499999999999996,,0,0
bridge,-1,gated,0.11,28,0.0,1.0,0.7,0.02499999999999991,0.9750000000000001,0.9750000000000001,1.0,0.30000000000000004,,0,0
bridge,-1,gated,0.11,29,0.0,1.0,0.725,0.025000000000000022,0.975,0.975,1.0,0.275,,0,0
bridge,-1,gated,0.11,30,0.0,1.0,0.75,0.025000000000000022,0.975,0.975,1.0,0.25,,0,0
bridge,-1,gated,0.11,31,0.0,1.0,0.775,0.025000000000000022,0.975,0.975,1.0,0.22499999999999998,,0,0
bridge,-1,gated,0.11,32,0.0,1.0,0.8,0.025000000000000022,0.975,0.975,1.0,0.19999999999999996,,0,0
bridge,-1,gated,0.11,33,0.0,1.0,0.825,0.02499999999999991,0.9750000000000001,0.9750000000000001,1.0,0.17500000000000004,,0,0
bridge,-1,gated,0.11,34,0.0,1.0,0.85,0.025000000000000022,0.975,0.975,1.0,0.15000000000000002,,0,0
bridge,-1,gated,0.11,35,0.0,1.0,0.875,0.025000000000000022,0.975,0.975,1.0,0.125,,0,0
bridge,-1,gated,0.11,36,0.0,1.0,0.9,0.025000000000000022,0.975,0.975,1.0,0.09999999999999998,,0,0
bridge,-1,gated,0.11,37,0.0,1.0,0.925,0.025000000000000022,0.975,0.975,1.0,0.07499999999999996,,0,0
bridge,-1,gated,0.11,38,0.0,1.0,0.95,0.02499999999999991,0.9750000000000001,0.9750000000000001,1.0,0.050000000000000044,,0,0
bridge,-1,gated,0.11,39,0.0,1.0,0.975,0.025000000000000022,0.975,0.975,1.0,0.025000000000000022,,0,0
bridge,-1,gated,0.11,40,0.0,1.0,1.0,0.025000000000000022,0.975,0.975,1.0,0.0,1.0,0,0
bridge,-1,gated,0.11,41,0.0,1.0,1.0,0.0,1.0,1.0,1.0,0.0,1.0,0,0
bridge,-1,gated,0.11,42,0.0,1.0,1.0,0.0,1.0,1.0,1.0,0.0,1.0,0,0
bridge,-1,gated,0.11,43,0.0,1.0,1.0,0.0,1.0,1.0,1.0,0.0,1.0,0,0
bridge,-1,gated,0.11,44,0.0,1.0,1.0,0.0,1.0,1.0,1.0,0.0,1.0,0,0
bridge,-1,gated,0.11,45,0.0,1.0,1.0,0.0,1.0,1.0,1.0,0.0,1.0,0,0
bridge,-1,gated,0.11,46,0.0,1.0,1.0,0.0,1.0,1.0,1.0,0.0,1.0,0,0
bridge,-1,gated,0.11,47,0.0,1.0,1.0,0.0,1.0,1.0,1.0,0.0,1.0,0,0
bridge,-1,gated,0.11,48,0.0,1.0,1.0,0.0,1.0,1.0,1.0,0.0,1.0,0,0
bridge,-1,gated,0.11,49,0.0,1.0,1.0,0.0,1.0,1.0,1.0,0.0,1.0,0,0
bridge,-1,gated,0.11,50,0.0,1.0,1.0,0.0,1.0,1.0,1.0,0.0,1.0,0,0
bridge,-1,gated,0.11,51,0.0,1.0,1.0,0.0,1.0,1.0,1.0,0.0,1.0,0,0
bridge,-1,gated,0.11,52,0.0,1.0,1.0,0.0,1.0,1.0,1.0,0.0,1.0,0,0
bridge,-1,gated,0.11,53,0.0,1.0,1.0,0.0,1.0,1.0,1.0,0.0,1.0,0,0
bridge,-1,gated,0.11,54,0.0,1.0,1.0,0.0,1.0,1.0,1.0,0.0,1.0,0,0
bridge,-1,gated,0.11,55,0.0,1.0,1.0,0.0,1.0,1.0,1.0,0.0,1.0,0,0
bridge,-1,gated,0.11,56,0.0,1.0,1.0,0.0,1.0,1.0,1.0,0.0,1.0,0,0
bridge,-1,gated,0.11,57,0.0,1.0,1.0,0.0,1.0,1.0,1.0,0.0,1.0,0,0
bridge,-1,gated,0.11,58,0.0,1.0,1.0,0.0,1.0,1.0,1.0,0.0,1.0,0,0
bridge,-1,gated,0.11,59,0.0,1.0,1.0,0.0,1.0,1.0,1.0,0.0,1.0,0,0
bridge,-1,gated,0.11,60,0.0,1.0,1.0,0.0,1.0,1.0,1.0,0.0,1.0,0,0
bridge,-1,gated,0.11,61,0.0,1.0,1.0,0.0,1.0,1.0,1.0,0.0,1.0,0,0
bridge,-1,gated,0.11,62,0.0,1.0,1.0,0.0,1.0,1.0,1.0,0.0,1.0,0,0
bridge,-1,gated,0.11,63,0.0,1.0,1.0,0.0,1.0,1.0,1.0,0.0,1.0,0,0
bridge,-1,gated,0.11,64,0.0,1.0,1.0,0.0,1.0,1.0,1.0,0.0,1.0,0,0
bridge,-1,gated,0.11,65,0.0,1.0,1.0,0.0,1.0,1.0,1.0,0.0,1.0,0,0
bridge,-1,gated,0.11,66,0.0,1.0,1.0,0.0,1.0,1.0,1.0,0.0,1.0,0,0
bridge,-1,gated,0.11,67,0.0,1.0,1.0,0.0,1.0,1.0,1.0,0.0,1.0,0,0
bridge,-1,gated,0.11,68,0.0,1.0,1.0,0.0,1.0,1.0,1.0,0.0,1.0,0,0
bridge,-1,gated,0.11,69,0.0,1.0,1.0,0.0,1.0,1.0,1.0,0.0,1.0,0,0
bridge,-1,gated,0.11,70,0.0,1.0,1.0,0.0,1.0,1.0,1.0,0.0,1.0,0,0
bridge,-1,gated,0.11,71,0.0,1.0,1.0,0.0,1.0,1.0,1.0,0.0,1.0,0,0
bridge,-1,gated,0.11,72,0.0,1.0,1.0,0.0,1.0,1.0,1.0,0.0,1.0,0,0
bridge,-1,gated,0.11,73,0.0,1.0,1.0,0.0,1.0,1.0,1.0,0.0,1.0,0,0
bridge,-1,gated,0.11,74,0.0,1.0,1.0,0.0,1.0,1.0,1.0,0.0,1.0,0,0
bridge,-1,gated,0.11,75,0.0,1.0,1.0,0.0,1.0,1.0,1.0,0.0,1.0,0,0
bridge,-1,gated,0.11,76,0.0,1.0,1.0,0.0,1.0,1.0,1.0,0.0,1.0,0,0
bridge,-1,gated,0.11,77,0.0,1.0,1.0,0.0,1.0,1.0,1.0,0.0,1.0,0,0
bridge,-1,gated,0.11,78,0.0,1.0,1.0,0.0,1.0,1.0,1.0,0.0,1.0,0,0
bridge,-1,gated,0.11,79,0.0,1.0,1.0,0.0,1.0,1.0,1.0,0.0,1.0,0,0
bridge,-1,gated,0.11,80,0.0,1.0,1.0,0.0,1.0,1.0,1.0,0.0,1.0,0,0
bridge,-1,accept_all,0.11,1,0.0,1.0,0.025,0.025,0.975,0.975,1.0,0.975,,0,0
bridge,-1,accept_all,0.11,2,0.0,1.0,0.05,0.025,0.975,0.975,1.0,0.95,,0,0
bridge,-1,accept_all,0.11,3,0.0,1.0,0.075,0.024999999999999994,0.975,0.975,1.0,0.925,,0,0
bridge,-1,accept_all,0.11,4,0.0,1.0,0.1,0.02500000000000001,0.975,0.975,1.0,0.9,,0,0
bridge,-1,accept_all,0.11,5,0.0,1.0,0.125,0.024999999999999994,0.975,0.975,1.0,0.875,,0,0
bridge,-1,accept_all,0.11,6,0.0,1.0,0.15,0.024999999999999994,0.975,0.975,1.0,0.85,,0,0
bridge,-1,accept_all,0.11,7,0.0,1.0,0.175,0.024999999999999994,0.975,0.975,1.0,0.825,,0,0
bridge,-1,accept_all,0.11,8,0.0,1.0,0.2,0.025000000000000022,0.975,0.975,1.0,0.8,,0,0
bridge,-1,accept_all,0.11,9,0.0,1.0,0.225,0.024999999999999994,0.975,0.975,1.0,0.775,,0,0
bridge,-1,accept_all,0.11,10,0.0,1.0,0.25,0.024999999999999994,0.975,0.975,1.0,0.75,,0,0
bridge,-1,accept_all,0.11,11,0.0,1.0,0.275,0.025000000000000022,0.975,0.975,1.0,0.725,,0,0
bridge,-1,accept_all,0.11,12,0.0,1.0,0.3,0.024999999999999967,0.9750000000000001,0.9750000000000001,1.0,0.7,,0,0
bridge,-1,accept_all,0.11,13,0.0,1.0,0.325,0.025000000000000022,0.975,0.975,1.0,0.675,,0,0
bridge,-1,accept_all,0.11,14,0.0,1.0,0.35,0.024999999999999967,0.9750000000000001,0.9750000000000001,1.0,0.65,,0,0
bridge,-1,accept_all,0.11,15,0.0,1.0,0.375,0.025000000000000022,0.975,0.975,1.0,0.625,,0,0
bridge,-1,accept_all,0.11,16,0.0,1.0,0.4,0.025000000000000022,0.975,0.975,1.0,0.6,,0,0
bridge,-1,accept_all,0.11,17,0.0,1.0,0.425,0.024999999999999967,0.9750000000000001,0.9750000000000001,1.0,0.575,,0,0
bridge,-1,accept_all,0.11,18,0.0,1.0,0.45,0.025000000000000022,0.975,0.975,1.0,0.55,,0,0
bridge,-1,accept_all,0.11,19,0.0,1.0,0.475,0.024999999999999967,0.9750000000000001,0.9750000000000001,1.0,0.525,,0,0
bridge,-1,accept_all,0.11,20,0.0,1.0,0.5,0.025000000000000022,0.975,0.975,1.0,0.5,,0,0
bridge,-1,accept_all,0.11,21,0.0,1.0,0.525,0.025000000000000022,0.975,0.975,1.0,0.475,,0,0
bridge,-1,accept_all,0.11,22,0.0,1.0,0.55,0.025000000000000022,0.975,0.975,1.0,0.44999999999999996,,0,0
bridge,-1,accept_all,0.11,23,0.0,1.0,0.575,0.02499999999999991,0.9750000000000001,0.9750000000000001,1.0,0.42500000000000004,,0,0
bridge,-1,accept_all,0.11,24,0.0,1.0,0.6,0.025000000000000022,0.975,0.975,1.0,0.4,,0,0
bridge,-1,accept_all,0.11,25,0.0,1.0,0.625,0.025000000000000022,0.975,0.975,1.0,0.375,,0,0
bridge,-1,accept_all,0.11,26,0.0,1.0,0.65,0.025000000000000022,0.975,0.975,1.0,0.35,,0,0
bridge,-1,accept_all,0.11,27,0.0,1.0,0.675,0.025000000000000022,0.975,0.975,1.0,0.32499999999999996,,0,0
bridge,-1,accept_all,0.11,28,0.0,1.0,0.7,0.02499999999999991,0.9750000000000001,0.9750000000000001,1.0,0.30000000000000004,,0,0
bridge,-1,accept_all,0.11,29,0.0,1.0,0.725,0.025000000000000022,0.975,0.975,1.0,0.275,,0,0
bridge,-1,accept_all,0.11,30,0.0,1.0,0.75,0.025000000000000022,0.975,0.975,1.0,0.25,,0,0
bridge,-1,accept_all,0.11,31,0.0,1.0,0.775,0.025000000000000022,0.975,0.975,1.0,0.22499999999999998,,0,0
bridge,-1,accept_all,0.11,32,0.0,1.0,0.8,0.025000000000000022,0.975,0.975,1.0,0.19999999999999996,,0,0
bridge,-1,accept_all,0.11,33,0.0,1.0,0.825,0.02499999999999991,0.9750000000000001,0.9750000000000001,1.0,0.17500000000000004,,0,0
bridge,-1,accept_all,0.11,34,0.0,1.0,0.85,0.025000000000000022,0.975,0.975,1.0,0.15000000000000002,,0,0
bridge,-1,accept_all,0.11,35,0.0,1.0,0.875,0.025000000000000022,0.975,0.975,1.0,0.125,,0,0
bridge,-1,accept_all,0.11,36,0.0,1.0,0.9,0.025000000000000022,0.975,0.975,1.0,0.09999999999999998,,0,0
bridge,-1,accept_all,0.11,37,0.0,1.0,0.925,0.025000000000000022,0.975,0.975,1.0,0.07499999999999996,,0,0
bridge,-1,accept_all,0.11,38,0.0,1.0,0.95,0.02499999999999991,0.9750000000000001,0.9750000000000001,1.0,0.050000000000000044,,0,0
bridge,-1,accept_all,0.11,39,0.0,1.0,0.975,0.025000000000000022,0.975,0.975,1.0,0.025000000000000022,,0,0
bridge,-1,accept_all,0.11,40,0.0,1.0,1.0,0.025000000000000022,0.975,0.975,1.0,0.0,1.0,0,0
bridge,-1,accept_all,0.11,41,0.0,1.0,1.0,0.0,1.0,1.0,1.0,0.0,1.0,0,0
bridge,-1,accept_all,0.11,42,0.0,1.0,1.0,0.0,1.0,1.0,1.0,0.0,1.0,0,0
bridge,-1,accept_all,0.11,43,0.0,1.0,1.0,0.0,1.0,1.0,1.0,0.0,1.0,0,0
bridge,-1,accept_all,0.11,44,0.0,1.0,1.0,0.0,1.0,1.0,1.0,0.0,1.0,0,0
bridge,-1,accept_all,0.11,45,0.0,1.0,1.0,0.0,1.0,1.0,1.0,0.0,1.0,0,0
bridge,-1,accept_all,0.11,46,0.0,1.0,1.0,0.0,1.0,1.0,1.0,0.0,1.0,0,0
bridge,-1,accept_all,0.11,47,0.0,1.0,1.0,0.0,1.0,1.0,1.0,0.0,1.0,0,0
bridge,-1,accept_all,0.11,48,0.0,1.0,1.0,0.0,1.0,1.0,1.0,0.0,1.0,0,0
bridge,-1,accept_all,0.11,49,0.0,1.0,1.0,0.0,1.0,1.0,1.0,0.0,1.0,0,0
bridge,-1,accept_all,0.11,50,0.0,1.0,1.0,0.0,1.0,1.0,1.0,0.0,1.0,0,0
bridge,-1,accept_all,0.11,51,0.0,1.0,1.0,0.0,1.0,1.0,1.0,0.0,1.0,0,0
bridge,-1,accept_all,0.11,52,0.0,1.0,1.0,0.0,1.0,1.0,1.0,0.0,1.0,0,0
bridge,-1,accept_all,0.11,53,0.0,1.0,1.0,0.0,1.0,1.0,1.0,0.0,1.0,0,0
bridge,-1,accept_all,0.11,54,0.0,1.0,1.0,0.0,1.0,1.0,1.0,0.0,1.0,0,0
bridge,-1,accept_all,0.11,55,0.0,1.0,1.0,0.0,1.0,1.0,1.0,0.0,1.0,0,0
bridge,-1,accept_all,0.11,56,0.0,1.0,1.0,0.0,1.0,1.0,1.0,0.0,1.0,0,0
bridge,-1,accept_all,0.11,57,0.0,1.0,1.0,0.0,1.0,1.0,1.0,0.0,1.0,0,0
bridge,-1,accept_all,0.11,58,0.0,1.0,1.0,0.0,1.0,1.0,1.0,0.0,1.0,0,0
bridge,-1,accept_all,0.11,59,0.0,1.0,1.0,0.0,1.0,1.0,1.0,0.0,1.0,0,0
bridge,-1,accept_all,0.11,60,0.0,1.0,1.0,0.0,1.0,1.0,1.0,0.0,1.0,0,0
bridge,-1,accept_all,0.11,61,0.0,1.0,1.0,0.0,1.0,1.0,1.0,0.0,1.0,0,0
bridge,-1,accept_all,0.11,62,0.0,1.0,1.0,0.0,1.0,1.0,1.0,0.0,1.0,0,0
bridge,-1,accept_all,0.11,63,0.0,1.0,1.0,0.0,1.0,1.0,1.0,0.0,1.0,0,0
bridge,-1,accept_all,0.11,64,0.0,1.0,1.0,0.0,1.0,1.0,1.0,0.0,1.0,0,0
bridge,-1,accept_all,0.11,65,0.0,1.0,1.0,0.0,1.0,1.0,1.0,0.0,1.0,0,0
bridge,-1,accept_all,0.11,66,0.0,1.0,1.0,0.0,1.0,1.0,1.0,0.0,1.0,0,0
bridge,-1,accept_all,0.11,67,0.0,1.0,1.0,0.0,1.0,1.0,1.0,0.0,1.0,0,0
bridge,-1,accept_all,0.11,68,0.0,1.0,1.0,0.0,1.0,1.0,1.0,0.0,1.0,0,0
bridge,-1,accept_all,0.11,69,0.0,1.0,1.0,0.0,1.0,1.0,1.0,0.0,1.0,0,0
bridge,-1,accept_all,0.11,70,0.0,1.0,1.0,0.0,1.0,1.0,1.0,0.0,1.0,0,0
bridge,-1,accept_all,0.11,71,0.0,1.0,1.0,0.0,1.0,1.0,1.0,0.0,1.0,0,0
bridge,-1,accept_all,0.11,72,0.0,1.0,1.0,0.0,1.0,1.0,1.0,0.0,1.0,0,0
bridge,-1,accept_all,0.11,73,0.0,1.0,1.0,0.0,1.0,1.0,1.0,0.0,1.0,0,0
bridge,-1,accept_all,0.11,74,0.0,1.0,1.0,0.0,1.0,1.0,1.0,0.0,1.0,0,0
bridge,-1,accept_all,0.11,75,0.0,1.0,1.0,0.0,1.0,1.0,1.0,0.0,1.0,0,0
bridge,-1,accept_all,0.11,76,0.0,1.0,1.0,0.0,1.0,1.0,1.0,0.0,1.0,0,0
bridge,-1,accept_all,0.11,77,0.0,1.0,1.0,0.0,1.0,1.0,1.0,0.0,1.0,0,0
bridge,-1,accept_all,0.11,78,0.0,1.0,1.0,0.0,1.0,1.0,1.0,0.0,1.0,0,0
bridge,-1,accept_all,0.11,79,0.0,1.0,1.0,0.0,1.0,1.0,1.0,0.0,1.0,0,0
bridge,-1,accept_all,0.11,80,0.0,1.0,1.0,0.0,1.0,1.0,1.0,0.0,1.0,0,0
bridge,-1,reference_only,0.11,1,0.0,1.0,0.0,0.0,,0.975,0.0,1.0,,1,0
bridge,-1,reference_only,0.11,2,0.0,1.0,0.0,0.0,,0.95,0.0,1.0,,2,0
bridge,-1,reference_only,0.11,3,0.0,1.0,0.0,0.0,,0.925,0.0,1.0,,3,0
bridge,-1,reference_only,0.11,4,0.0,1.0,0.0,0.0,,0.9,0.0,1.0,,4,0
bridge,-1,reference_only,0.11,5,0.0,1.0,0.0,0.0,,0.875,0.0,1.0,,5,0
bridge,-1,reference_only,0.11,6,0.0,1.0,0.0,0.0,,0.85,0.0,1.0,,6,0
bridge,-1,reference_only,0.11,7,0.0,1.0,0.0,0.0,,0.825,0.0,1.0,,7,0
bridge,-1,reference_only,0.11,8,0.0,1.0,0.0,0.0,,0.8,0.0,1.0,,8,0
bridge,-1,reference_only,0.11,9,0.0,1.0,0.0,0.0,,0.775,0.0,1.0,,9,0
bridge,-1,reference_only,0.11,10,0.0,1.0,0.0,0.0,,0.75,0.0,1.0,,10,0
bridge,-1,reference_only,0.11,11,0.0,1.0,0.0,0.0,,0.725,0.0,1.0,,11,0
bridge,-1,reference_only,0.11,12,0.0,1.0,0.0,0.0,,0.7,0.0,1.0,,12,0
bridge,-1,reference_only,0.11,13,0.0,1.0,0.0,0.0,,0.675,0.0,1.0,,13,0
bridge,-1,reference_only,0.11,14,0.0,1.0,0.0,0.0,,0.65,0.0,1.0,,14,0
bridge,-1,reference_only,0.11,15,0.0,1.0,0.0,0.0,,0.625,0.0,1.0,,15,0
bridge,-1,reference_only,0.11,16,0.0,1.0,0.0,0.0,,0.6,0.0,1.0,,16,0
bridge,-1,reference_only,0.11,17,0.0,1.0,0.0,0.0,,0.575,0.0,1.0,,17,0
bridge,-1,reference_only,0.11,18,0.0,1.0,0.0,0.0,,0.55,0.0,1.0,,18,0
bridge,-1,reference_only,0.11,19,0.0,1.0,0.0,0.0,,0.525,0.0,1.0,,19,0
bridge,-1,reference_only,0.11,20,0.0,1.0,0.0,0.0,,0.5,0.0,1.0,,20,0
bridge,-1,reference_only,0.11,21,0.0,1.0,0.0,0.0,,0.475,0.0,1.0,,21,0
bridge,-1,reference_only,0.11,22,0.0,1.0,0.0,0.0,,0.44999999999999996,0.0,1.0,,22,0
bridge,-1,reference_only,0.11,23,0.0,1.0,0.0,0.0,,0.42500000000000004,0.0,1.0,,23,0
bridge,-1,reference_only,0.11,24,0.0,1.0,0.0,0.0,,0.4,0.0,1.0,,24,0
bridge,-1,reference_only,0.11,25,0.0,1.0,0.0,0.0,,0.375,0.0,1.0,,25,0
bridge,-1,reference_only,0.11,26,0.0,1.0,0.0,0.0,,0.35,0.0,1.0,,26,0
bridge,-1,reference_only,0.11,27,0.0,1.0,0.0,0.0,,0.32499999999999996,0.0,1.0,,27,0
bridge,-1,reference_only,0.11,28,0.0,1.0,0.0,0.0,,0.30000000000000004,0.0,1.0,,28,0
bridge,-1,reference_only,0.11,29,0.0,1.0,0.0,0.0,,0.275,0.0,1.0,,29,0
bridge,-1,reference_only,0.11,30,0.0,1.0,0.0,0.0,,0.25,0.0,1.0,,30,0
bridge,-1,reference_only,0.11,31,0.0,1.0,0.0,0.0,,0.22499999999999998,0.0,1.0,,31,0
bridge,-1,reference_only,0.11,32,0.0,1.0,0.0,0.0,,0.19999999999999996,0.0,1.0,,32,0
bridge,-1,reference_only,0.11,33,0.0,1.0,0.0,0.0,,0.17500000000000004,0.0,1.0,,33,0
bridge,-1,reference_only,0.11,34,0.0,1.0,0.0,0.0,,0.15000000000000002,0.0,1.0,,34,0
bridge,-1,reference_only,0.11,35,0.0,1.0,0.0,0.0,,0.125,0.0,1.0,,35,0
bridge,-1,reference_only,0.11,36,0.0,1.0,0.0,0.0,,0.09999999999999998,0.0,1.0,,36,0
bridge,-1,reference_only,0.11,37,0.0,1.0,0.0,0.0,,0.07499999999999996,0.0,1.0,,37,0
bridge,-1,reference_only,0.11,38,0.0,1.0,0.0,0.0,,0.050000000000000044,0.0,1.0,,38,0
bridge,-1,reference_only,0.11,39,0.0,1.0,0.0,0.0,,0.025000000000000022,0.0,1.0,,39,0
bridge,-1,reference_only,0.11,40,0.0,1.0,1.0,1.0,0.0,0.0,1.0,0.0,1.0,39,0
bridge,-1,reference_only,0.11,41,0.0,1.0,1.0,0.0,1.0,1.0,1.0,0.0,1.0,39,0
bridge,-1,reference_only,0.11,42,0.0,1.0,1.0,0.0,1.0,1.0,1.0,0.0,1.0,39,0
bridge,-1,reference_only,0.11,43,0.0,1.0,1.0,0.0,1.0,1.0,1.0,0.0,1.0,39,0
bridge,-1,reference_only,0.11,44,0.0,1.0,1.0,0.0,1.0,1.0,1.0,0.0,1.0,39,0
bridge,-1,reference_only,0.11,45,0.0,1.0,1.0,0.0,1.0,1.0,1.0,0.0,1.0,39,0
bridge,-1,reference_only,0.11,46,0.0,1.0,1.0,0.0,1.0,1.0,1.0,0.0,1.0,39,0
bridge,-1,reference_only,0.11,47,0.0,1.0,1.0,0.0,1.0,1.0,1.0,0.0,1.0,39,0
bridge,-1,reference_only,0.11,48,0.0,1.0,1.0,0.0,1.0,1.0,1.0,0.0,1.0,39,0
bridge,-1,reference_only,0.11,49,0.0,1.0,1.0,0.0,1.0,1.0,1.0,0.0,1.0,39,0
bridge,-1,reference_only,0.11,50,0.0,1.0,1.0,0.0,1.0,1.0,1.0,0.0,1.0,39,0
bridge,-1,reference_only,0.11,51,0.0,1.0,1.0,0.0,1.0,1.0,1.0,0.0,1.0,39,0
bridge,-1,reference_only,0.11,52,0.0,1.0,1.0,0.0,1.0,1.0,1.0,0.0,1.0,39,0
bridge,-1,reference_only,0.11,53,0.0,1.0,1.0,0.0,1.0,1.0,1.0,0.0,1.0,39,0
bridge,-1,reference_only,0.11,54,0.0,1.0,1.0,0.0,1.0,1.0,1.0,0.0,1.0,39,0
bridge,-1,reference_only,0.11,55,0.0,1.0,1.0,0.0,1.0,1.0,1.0,0.0,1.0,39,0
bridge,-1,reference_only,0.11,56,0.0,1.0,1.0,0.0,1.0,1.0,1.0,0.0,1.0,39,0
bridge,-1,reference_only,0.11,57,0.0,1.0,1.0,0.0,1.0,1.0,1.0,0.0,1.0,39,0
bridge,-1,reference_only,0.11,58,0.0,1.0,1.0,0.0,1.0,1.0,1.0,0.0,1.0,39,0
bridge,-1,reference_only,0.11,59,0.0,1.0,1.0,0.0,1.0,1.0,1.0,0.0,1.0,39,0
bridge,-1,reference_only,0.11,60,0.0,1.0,1.0,0.0,1.0,1.0,1.0,0.0,1.0,39,0
bridge,-1,reference_only,0.11,61,0.0,1.0,1.0,0.0,1.0,1.0,1.0,0.0,1.0,39,0
bridge,-1,reference_only,0.11,62,0.0,1.0,1.0,0.0,1.0,1.0,1.0,0.0,1.0,39,0
bridge,-1,reference_only,0.11,63,0.0,1.0,1.0,0.0,1.0,1.0,1.0,0.0,1.0,39,0
bridge,-1,reference_only,0.11,64,0.0,1.0,1.0,0.0,1.0,1.0,1.0,0.0,1.0,39,0
bridge,-1,reference_only,0.11,65,0.0,1.0,1.0,0.0,1.0,1.0,1.0,0.0,1.0,39,0
bridge,-1,reference_only,0.11,66,0.0,1.0,1.0,0.0,1.0,1.0,1.0,0.0,1.0,39,0
bridge,-1,reference_only,0.11,67,0.0,1.0,1.0,0.0,1.0,1.0,1.0,0.0,1.0,39,0
bridge,-1,reference_only,0.11,68,0.0,1.0,1.0,0.0,1.0,1.0,1.0,0.0,1.0,39,0
bridge,-1,reference_only,0.11,69,0.0,1.0,1.0,0.0,1.0,1.0,1.0,0.0,1.0,39,0
bridge,-1,reference_only,0.11,70,0.0,1.0,1.0,0.0,1.0,1.0,1.0,0.0,1.0,39,0
bridge,-1,reference_only,0.11,71,0.0,1.0,1.0,0.0,1.0,1.0,1.0,0.0,1.0,39,0
bridge,-1,reference_only,0.11,72,0.0,1.0,1.0,0.0,1.0,1.0,1.0,0.0,1.0,39,0
bridge,-1,reference_only,0.11,73,0.0,1.0,1.0,0.0,1.0,1.0,1.0,0.0,1.0,39,0
bridge,-1,reference_only,0.11,74,0.0,1.0,1.0,0.0,1.0,1.0,1.0,0.0,1.0,39,0
bridge,-1,reference_only,0.11,75,0.0,1.0,1.0,0.0,1.0,1.0,1.0,0.0,1.0,39,0
bridge,-1,reference_only,0.11,76,0.0,1.0,1.0,0.0,1.0,1.0,1.0,0.0,1.0,39,0
bridge,-1,reference_only,0.11,77,0.0,1.0,1.0,0.0,1.0,1.0,1.0,0.0,1.0,39,0
bridge,-1,reference_only,0.11,78,0.0,1.0,1.0,0.0,1.0,1.0,1.0,0.0,1.0,39,0
bridge,-1,reference_only,0.11,79,0.0,1.0,1.0,0.0,1.0,1.0,1.0,0.0,1.0,39,0
bridge,-1,reference_only,0.11,80,0.0,1.0,1.0,0.0,1.0,1.0,1.0,0.0,1.0,39,0
bridge,-1,gated,0.25,1,0.0,1.0,0.025,0.025,0.975,0.975,1.0,0.975,,0,0
bridge,-1,gated,0.25,2,0.0,1.0,0.05,0.025,0.975,0.975,1.0,0.95,,0,0
bridge,-1,gated,0.25,3,0.0,1.0,0.075,0.024999999999999994,0.975,0.975,1.0,0.925,,0,0
bridge,-1,gated,0.25,4,0.0,1.0,0.1,0.02500000000000001,0.975,0.975,1.0,0.9,,0,0
bridge,-1,gated,0.25,5,0.0,1.0,0.125,0.024999999999999994,0.975,0.975,1.0,0.875,,0,0
bridge,-1,gated,0.25,6,0.0,1.0,0.15,0.024999999999999994,0.975,0.975,1.0,0.85,,0,0
bridge,-1,gated,0.25,7,0.0,1.0,0.175,0.024999999999999994,0.975,0.975,1.0,0.825,,0,0
bridge,-1,gated,0.25,8,0.0,1.0,0.2,0.025000000000000022,0.975,0.975,1.0,0.8,,0,0
bridge,-1,gated,0.25,9,0.0,1.0,0.225,0.024999999999999994,0.975,0.975,1.0,0.775,,0,0
bridge,-1,gated,0.25,10,0.0,1.0,0.25,0.024999999999999994,0.975,0.975,1.0,0.75,,0,0
bridge,-1,gated,0.25,11,0.0,1.0,0.275,0.025000000000000022,0.975,0.975,1.0,0.725,,0,0
bridge,-1,gated,0.25,12,0.0,1.0,0.3,0.024999999999999967,0.9750000000000001,0.9750000000000001,1.0,0.7,,0,0
bridge,-1,gated,0.25,13,0.0,1.0,0.325,0.025000000000000022,0.975,0.975,1.0,0.675,,0,0
bridge,-1,gated,0.25,14,0.0,1.0,0.35,0.024999999999999967,0.9750000000000001,0.9750000000000001,1.0,0.65,,0,0
bridge,-1,gated,0.25,15,0.0,1.0,0.375,0.025000000000000022,0.975,0.975,1.0,0.625,,0,0
bridge,-1,gated,0.25,16,0.0,1.0,0.4,0.025000000000000022,0.975,0.975,1.0,0.6,,0,0
bridge,-1,gated,0.25,17,0.0,1.0,0.425,0.024999999999999967,0.9750000000000001,0.9750000000000001,1.0,0.575,,0,0
bridge,-1,gated,0.25,18,0.0,1.0,0.45,0.025000000000000022,0.975,0.975,1.0,0.55,,0,0
bridge,-1,gated,0.25,19,0.0,1.0,0.475,0.024999999999999967,0.9750000000000001,0.9750000000000001,1.0,0.525,,0,0
bridge,-1,gated,0.25,20,0.0,1.0,0.5,0.025000000000000022,0.975,0.975,1.0,0.5,,0,0
bridge,-1,gated,0.25,21,0.0,1.0,0.525,0.025000000000000022,0.975,0.975,1.0,0.475,,0,0
bridge,-1,gated,0.25,22,0.0,1.0,0.55,0.025000000000000022,0.975,0.975,1.0,0.44999999999999996,,0,0
bridge,-1,gated,0.25,23,0.0,1.0,0.575,0.02499999999999991,0.9750000000000001,0.9750000000000001,1.0,0.42500000000000004,,0,0
bridge,-1,gated,0.25,24,0.0,1.0,0.6,0.025000000000000022,0.975,0.975,1.0,0.4,,0,0
bridge,-1,gated,0.25,25,0.0,1.0,0.625,0.025000000000000022,0.975,0.975,1.0,0.375,,0,0
bridge,-1,gated,0.25,26,0.0,1.0,0.65,0.025000000000000022,0.975,0.975,1.0,0.35,,0,0
bridge,-1,gated,0.25,27,0.0,1.0,0.675,0.025000000000000022,0.975,0.975,1.0,0.32499999999999996,,0,0
bridge,-1,gated,0.25,28,0.0,1.0,0.7,0.02499999999999991,0.9750000000000001,0.9750000000000001,1.0,0.30000000000000004,,0,0
bridge,-1,gated,0.25,29,0.0,1.0,0.725,0.025000000000000022,0.975,0.975,1.0,0.275,,0,0
bridge,-1,gated,0.25,30,0.0,1.0,0.75,0.025000000000000022,0.975,0.975,1.0,0.25,,0,0
bridge,-1,gated,0.25,31,0.0,1.0,0.775,0.025000000000000022,0.975,0.975,1.0,0.22499999999999998,,0,0
bridge,-1,gated,0.25,32,0.0,1.0,0.8,0.025000000000000022,0.975,0.975,1.0,0.19999999999999996,,0,0
bridge,-1,gated,0.25,33,0.0,1.0,0.825,0.02499999999999991,0.9750000000000001,0.9750000000000001,1.0,0.17500000000000004,,0,0
bridge,-1,gated,0.25,34,0.0,1.0,0.85,0.025000000000000022,0.975,0.975,1.0,0.15000000000000002,,0,0
bridge,-1,gated,0.25,35,0.0,1.0,0.875,0.025000000000000022,0.975,0.975,1.0,0.125,,0,0
bridge,-1,gated,0.25,36,0.0,1.0,0.9,0.025000000000000022,0.975,0.975,1.0,0.09999999999999998,,0,0
bridge,-1,gated,0.25,37,0.0,1.0,0.925,0.025000000000000022,0.975,0.975,1.0,0.07499999999999996,,0,0
bridge,-1,gated,0.25,38,0.0,1.0,0.95,0.02499999999999991,0.9750000000000001,0.9750000000000001,1.0,0.050000000000000044,,0,0
bridge,-1,gated,0.25,39,0.0,1.0,0.975,0.025000000000000022,0.975,0.975,1.0,0.025000000000000022,,0,0
bridge,-1,gated,0.25,40,0.0,1.0,1.0,0.025000000000000022,0.975,0.975,1.0,0.0,1.0,0,0
bridge,-1,gated,0.25,41,0.0,1.0,1.0,0.0,1.0,1.0,1.0,0.0,1.0,0,0
bridge,-1,gated,0.25,42,0.0,1.0,1.0,0.0,1.0,1.0,1.0,0.0,1.0,0,0
bridge,-1,gated,0.25,43,0.0,1.0,1.0,0.0,1.0,1.0,1.0,0.0,1.0,0,0
bridge,-1,gated,0.25,44,0.0,1.0,1.0,0.0,1.0,1.0,1.0,0.0,1.0,0,0
bridge,-1,gated,0.25,45,0.0,1.0,1.0,0.0,1.0,1.0,1.0,0.0,1.0,0,0
bridge,-1,gated,0.25,46,0.0,1.0,1.0,0.0,1.0,1.0,1.0,0.0,1.0,0,0
bridge,-1,gated,0.25,47,0.0,1.0,1.0,0.0,1.0,1.0,1.0,0.0,1.0,0,0
bridge,-1,gated,0.25,48,0.0,1.0,1.0,0.0,1.0,1.0,1.0,0.0,1.0,0,0
bridge,-1,gated,0.25,49,0.0,1.0,1.0,0.0,1.0,1.0,1.0,0.0,1.0,0,0
bridge,-1,gated,0.25,50,0.0,1.0,1.0,0.0,1.0,1.0,1.0,0.0,1.0,0,0
bridge,-1,gated,0.25,51,0.0,1.0,1.0,0.0,1.0,1.0,1.0,0.0,1.0,0,0
bridge,-1,gated,0.25,52,0.0,1.0,1.0,0.0,1.0,1.0,1.0,0.0,1.0,0,0
bridge,-1,gated,0.25,53,0.0,1.0,1.0,0.0,1.0,1.0,1.0,0.0,1.0,0,0
bridge,-1,gated,0.25,54,0.0,1.0,1.0,0.0,1.0,1.0,1.0,0.0,1.0,0,0
bridge,-1,gated,0.25,55,0.0,1.0,1.0,0.0,1.0,1.0,1.0,0.0,1.0,0,0
bridge,-1,gated,0.25,56,0.0,1.0,1.0,0.0,1.0,1.0,1.0,0.0,1.0,0,0
bridge,-1,gated,0.25,57,0.0,1.0,1.0,0.0,1.0,1.0,1.0,0.0,1.0,0,0
bridge,-1,gated,0.25,58,0.0,1.0,1.0,0.0,1.0,1.0,1.0,0.0,1.0,0,0
bridge,-1,gated,0.25,59,0.0,1.0,1.0,0.0,1.0,1.0,1.0,0.0,1.0,0,0
bridge,-1,gated,0.25,60,0.0,1.0,1.0,0.0,1.0,1.0,1.0,0.0,1.0,0,0
bridge,-1,gated,0.25,61,0.0,1.0,1.0,0.0,1.0,1.0,1.0,0.0,1.0,0,0
bridge,-1,gated,0.25,62,0.0,1.0,1.0,0.0,1.0,1.0,1.0,0.0,1.0,0,0
bridge,-1,gated,0.25,63,0.0,1.0,1.0,0.0,1.0,1.0,1.0,0.0,1.0,0,0
bridge,-1,gated,0.25,64,0.0,1.0,1.0,0.0,1.0,1.0,1.0,0.0,1.0,0,0
bridge,-1,gated,0.25,65,0.0,1.0,1.0,0.0,1.0,1.0,1.0,0.0,1.0,0,0
bridge,-1,gated,0.25,66,0.0,1.0,1.0,0.0,1.0,1.0,1.0,0.0,1.0,0,0
bridge,-1,gated,0.25,67,0.0,1.0,1.0,0.0,1.0,1.0,1.0,0.0,1.0,0,0
bridge,-1,gated,0.25,68,0.0,1.0,1.0,0.0,1.0,1.0,1.0,0.0,1.0,0,0
bridge,-1,gated,0.25,69,0.0,1.0,1.0,0.0,1.0,1.0,1.0,0.0,1.0,0,0
bridge,-1,gated,0.25,70,0.0,1.0,1.0,0.0,1.0,1.0,1.0,0.0,1.0,0,0
bridge,-1,gated,0.25,71,0.0,1.0,1.0,0.0,1.0,1.0,1.0,0.0,1.0,0,0
bridge,-1,gated,0.25,72,0.0,1.0,1.0,0.0,1.0,1.0,1.0,0.0,1.0,0,0
bridge,-1,gated,0.25,73,0.0,1.0,1.0,0.0,1.0,1.0,1.0,0.0,1.0,0,0
bridge,-1,gated,0.25,74,0.0,1.0,1.0,0.0,1.0,1.0,1.0,0.0,1.0,0,0
bridge,-1,gated,0.25,75,0.0,1.0,1.0,0.0,1.0,1.0,1.0,0.0,1.0,0,0
bridge,-1,gated,0.25,76,0.0,1.0,1.0,0.0,1.0,1.0,1.0,0.0,1.0,0,0
bridge,-1,gated,0.25,77,0.0,1.0,1.0,0.0,1.0,1.0,1.0,0.0,1.0,0,0
bridge,-1,gated,0.25,78,0.0,1.0,1.0,0.0,1.0,1.0,1.0,0.0,1.0,0,0
bridge,-1,gated,0.25,79,0.0,1.0,1.0,0.0,1.0,1.0,1.0,0.0,1.0,0,0
bridge,-1,gated,0.25,80,0.0,1.0,1.0,0.0,1.0,1.0,1.0,0.0,1.0,0,0
bridge,-1,accept_all,0.25,1,0.0,1.0,0.025,0.025,0.975,0.975,1.0,0.975,,0,0
bridge,-1,accept_all,0.25,2,0.0,1.0,0.05,0.025,0.975,0.975,1.0,0.95,,0,0
bridge,-1,accept_all,0.25,3,0.0,1.0,0.075,0.024999999999999994,0.975,0.975,1.0,0.925,,0,0
bridge,-1,accept_all,0.25,4,0.0,1.0,0.1,0.02500000000000001,0.975,0.975,1.0,0.9,,0,0
bridge,-1,accept_all,0.25,5,0.0,1.0,0.125,0.024999999999999994,0.975,0.975,1.0,0.875,,0,0
bridge,-1,accept_all,0.25,6,0.0,1.0,0.15,0.024999999999999994,0.975,0.975,1.0,0.85,,0,0
bridge,-1,accept_all,0.25,7,0.0,1.0,0.175,0.024999999999999994,0.975,0.975,1.0,0.825,,0,0
bridge,-1,accept_all,0.25,8,0.0,1.0,0.2,0.025000000000000022,0.975,0.975,1.0,0.8,,0,0
bridge,-1,accept_all,0.25,9,0.0,1.0,0.225,0.024999999999999994,0.975,0.975,1.0,0.775,,0,0
bridge,-1,accept_all,0.25,10,0.0,1.0,0.25,0.024999999999999994,0.975,0.975,1.0,0.75,,0,0
bridge,-1,accept_all,0.25,11,0.0,1.0,0.275,0.025000000000000022,0.975,0.975,1.0,0.725,,0,0
bridge,-1,accept_all,0.25,12,0.0,1.0,0.3,0.024999999999999967,0.9750000000000001,0.9750000000000001,1.0,0.7,,0,0
bridge,-1,accept_all,0.25,13,0.0,1.0,0.325,0.025000000000000022,0.975,0.975,1.0,0.675,,0,0
bridge,-1,accept_all,0.25,14,0.0,1.0,0.35,0.024999999999999967,0.9750000000000001,0.9750000000000001,1.0,0.65,,0,0
bridge,-1,accept_all,0.25,15,0.0,1.0,0.375,0.025000000000000022,0.975,0.975,1.0,0.625,,0,0
bridge,-1,accept_all,0.25,16,0.0,1.0,0.4,0.025000000000000022,0.975,0.975,1.0,0.6,,0,0
bridge,-1,accept_all,0.25,17,0.0,1.0,0.425,0.024999999999999967,0.9750000000000001,0.9750000000000001,1.0,0.575,,0,0
bridge,-1,accept_all,0.25,18,0.0,1.0,0.45,0.025000000000000022,0.975,0.975,1.0,0.55,,0,0
bridge,-1,accept_all,0.25,19,0.0,1.0,0.475,0.024999999999999967,0.9750000000000001,0.9750000000000001,1.0,0.525,,0,0
bridge,-1,accept_all,0.25,20,0.0,1.0,0.5,0.025000000000000022,0.975,0.975,1.0,0.5,,0,0
bridge,-1,accept_all,0.25,21,0.0,1.0,0.525,0.025000000000000022,0.975,0.975,1.0,0.475,,0,0
bridge,-1,accept_all,0.25,22,0.0,1.0,0.55,0.025000000000000022,0.975,0.975,1.0,0.44999999999999996,,0,0
bridge,-1,accept_all,0.25,23,0.0,1.0,0.575,0.02499999999999991,0.9750000000000001,0.9750000000000001,1.0,0.42500000000000004,,0,0
bridge,-1,accept_all,0.25,24,0.0,1.0,0.6,0.025000000000000022,0.975,0.975,1.0,0.4,,0,0
bridge,-1,accept_all,0.25,25,0.0,1.0,0.625,0.025000000000000022,0.975,0.975,1.0,0.375,,0,0
bridge,-1,accept_all,0.25,26,0.0,1.0,0.65,0.025000000000000022,0.975,0.975,1.0,0.35,,0,0
bridge,-1,accept_all,0.25,27,0.0,1.0,0.675,0.025000000000000022,0.975,0.975,1.0,0.32499999999999996,,0,0
bridge,-1,accept_all,0.25,28,0.0,1.0,0.7,0.02499999999999991,0.9750000000000001,0.9750000000000001,1.0,0.30000000000000004,,0,0
bridge,-1,accept_all,0.25,29,0.0,1.0,0.725,0.025000000000000022,0.975,0.975,1.0,0.275,,0,0
bridge,-1,accept_all,0.25,30,0.0,1.0,0.75,0.025000000000000022,0.975,0.975,1.0,0.25,,0,0
bridge,-1,accept_all,0.25,31,0.0,1.0,0.775,0.025000000000000022,0.975,0.975,1.0,0.22499999999999998,,0,0
bridge,-1,accept_all,0.25,32,0.0,1.0,0.8,0.025000000000000022,0.975,0.975,1.0,0.19999999999999996,,0,0
bridge,-1,accept_all,0.25,33,0.0,1.0,0.825,0.02499999999999991,0.9750000000000001,0.9750000000000001,1.0,0.17500000000000004,,0,0
bridge,-1,accept_all,0.25,34,0.0,1.0,0.85,0.025000000000000022,0.975,0.975,1.0,0.15000000000000002,,0,0
bridge,-1,accept_all,0.25,35,0.0,1.0,0.875,0.025000000000000022,0.975,0.975,1.0,0.125,,0,0
bridge,-1,accept_all,0.25,36,0.0,1.0,0.9,0.025000000000000022,0.975,0.975,1.0,0.09999999999999998,,0,0
bridge,-1,accept_all,0.25,37,0.0,1.0,0.925,0.025000000000000022,0.975,0.975,1.0,0.07499999999999996,,0,0
bridge,-1,accept_all,0.25,38,0.0,1.0,0.95,0.02499999999999991,0.9750000000000001,0.9750000000000001,1.0,0.050000000000000044,,0,0
bridge,-1,accept_all,0.25,39,0.0,1.0,0.975,0.025000000000000022,0.975,0.975,1.0,0.025000000000000022,,0,0
bridge,-1,accept_all,0.25,40,0.0,1.0,1.0,0.025000000000000022,0.975,0.975,1.0,0.0,1.0,0,0
bridge,-1,accept_all,0.25,41,0.0,1.0,1.0,0.0,1.0,1.0,1.0,0.0,1.0,0,0
bridge,-1,accept_all,0.25,42,0.0,1.0,1.0,0.0,1.0,1.0,1.0,0.0,1.0,0,0
bridge,-1,accept_all,0.25,43,0.0,1.0,1.0,0.0,1.0,1.0,1.0,0.0,1.0,0,0
bridge,-1,accept_all,0.25,44,0.0,1.0,1.0,0.0,1.0,1.0,1.0,0.0,1.0,0,0
bridge,-1,accept_all,0.25,45,0.0,1.0,1.0,0.0,1.0,1.0,1.0,0.0,1.0,0,0
bridge,-1,accept_all,0.25,46,0.0,1.0,1.0,0.0,1.0,1.0,1.0,0.0,1.0,0,0
bridge,-1,accept_all,0.25,47,0.0,1.0,1.0,0.0,1.0,1.0,1.0,0.0,1.0,0,0
bridge,-1,accept_all,0.25,48,0.0,1.0,1.0,0.0,1.0,1.0,1.0,0.0,1.0,0,0
bridge,-1,accept_all,0.25,49,0.0,1.0,1.0,0.0,1.0,1.0,1.0,0.0,1.0,0,0
bridge,-1,accept_all,0.25,50,0.0,1.0,1.0,0.0,1.0,1.0,1.0,0.0,1.0,0,0
bridge,-1,accept_all,0.25,51,0.0,1.0,1.0,0.0,1.0,1.0,1.0,0.0,1.0,0,0
bridge,-1,accept_all,0.25,52,0.0,1.0,1.0,0.0,1.0,1.0,1.0,0.0,1.0,0,0
bridge,-1,accept_all,0.25,53,0.0,1.0,1.0,0.0,1.0,1.0,1.0,0.0,1.0,0,0
bridge,-1,accept_all,0.25,54,0.0,1.0,1.0,0.0,1.0,1.0,1.0,0.0,1.0,0,0
bridge,-1,accept_all,0.25,55,0.0,1.0,1.0,0.0,1.0,1.0,1.0,0.0,1.0,0,0
bridge,-1,accept_all,0.25,56,0.0,1.0,1.0,0.0,1.0,1.0,1.0,0.0,1.0,0,0
bridge,-1,accept_all,0.25,57,0.0,1.0,1.0,0.0,1.0,1.0,1.0,0.0,1.0,0,0
bridge,-1,accept_all,0.25,58,0.0,1.0,1.0,0.0,1.0,1.0,1.0,0.0,1.0,0,0
bridge,-1,accept_all,0.25,59,0.0,1.0,1.0,0.0,1.0,1.0,1.0,0.0,1.0,0,0
bridge,-1,accept_all,0.25,60,0.0,1.0,1.0,0.0,1.0,1.0,1.0,0.0,1.0,0,0
bridge,-1,accept_all,0.25,61,0.0,1.0,1.0,0.0,1.0,1.0,1.0,0.0,1.0,0,0
bridge,-1,accept_all,0.25,62,0.0,1.0,1.0,0.0,1.0,1.0,1.0,0.0,1.0,0,0
bridge,-1,accept_all,0.25,63,0.0,1.0,1.0,0.0,1.0,1.0,1.0,0.0,1.0,0,0
bridge,-1,accept_all,0.25,64,0.0,1.0,1.0,0.0,1.0,1.0,1.0,0.0,1.0,0,0
bridge,-1,accept_all,0.25,65,0.0,1.0,1.0,0.0,1.0,1.0,1.0,0.0,1.0,0,0
bridge,-1,accept_all,0.25,66,0.0,1.0,1.0,0.0,1.0,1.0,1.0,0.0,1.0,0,0
bridge,-1,accept_all,0.25,67,0.0,1.0,1.0,0.0,1.0,1.0,1.0,0.0,1.0,0,0
bridge,-1,accept_all,0.25,68,0.0,1.0,1.0,0.0,1.0,1.0,1.0,0.0,1.0,0,0
bridge,-1,accept_all,0.25,69,0.0,1.0,1.0,0.0,1.0,1.0,1.0,0.0,1.0,0,0
bridge,-1,accept_all,0.25,70,0.0,1.0,1.0,0.0,1.0,1.0,1.0,0.0,1.0,0,0
bridge,-1,accept_all,0.25,71,0.0,1.0,1.0,0.0,1.0,1.0,1.0,0.0,1.0,0,0
bridge,-1,accept_all,0.25,72,0.0,1.0,1.0,0.0,1.0,1.0,1.0,0.0,1.0,0,0
bridge,-1,accept_all,0.25,73,0.0,1.0,1.0,0.0,1.0,1.0,1.0,0.0,1.0,0,0
bridge,-1,accept_all,0.25,74,0.0,1.0,1.0,0.0,1.0,1.0,1.0,0.0,1.0,0,0
bridge,-1,accept_all,0.25,75,0.0,1.0,1.0,0.0,1.0,1.0,1.0,0.0,1.0,0,0
bridge,-1,accept_all,0.25,76,0.0,1.0,1.0,0.0,1.0,1.0,1.0,0.0,1.0,0,0
bridge,-1,accept_all,0.25,77,0.0,1.0,1.0,0.0,1.0,1.0,1.0,0.0,1.0,0,0
bridge,-1,accept_all,0.25,78,0.0,1.0,1.0,0.0,1.0,1.0,1.0,0.0,1.0,0,0
bridge,-1,accept_all,0.25,79,0.0,1.0,1.0,0.0,1.0,1.0,1.0,0.0,1.0,0,0
bridge,-1,accept_all,0.25,80,0.0,1.0,1.0,0.0,1.0,1.0,1.0,0.0,1.0,0,0
bridge,-1,reference_only,0.25,1,0.0,1.0,0.0,0.0,,0.975,0.0,1.0,,1,0
bridge,-1,reference_only,0.25,2,0.0,1.0,0.0,0.0,,0.95,0.0,1.0,,2,0
bridge,-1,reference_only,0.25,3,0.0,1.0,0.0,0.0,,0.925,0.0,1.0,,3,0
bridge,-1,reference_only,0.25,4,0.0,1.0,0.0,0.0,,0.9,0.0,1.0,,4,0
bridge,-1,reference_only,0.25,5,0.0,1.0,0.0,0.0,,0.875,0.0,1.0,,5,0
bridge,-1,reference_only,0.25,6,0.0,1.0,0.0,0.0,,0.85,0.0,1.0,,6,0
bridge,-1,reference_only,0.25,7,0.0,1.0,0.0,0.0,,0.825,0.0,1.0,,7,0
bridge,-1,reference_only,0.25,8,0.0,1.0,0.0,0.0,,0.8,0.0,1.0,,8,0
bridge,-1,reference_only,0.25,9,0.0,1.0,0.0,0.0,,0.775,0.0,1.0,,9,0
bridge,-1,reference_only,0.25,10,0.0,1.0,0.0,0.0,,0.75,0.0,1.0,,10,0
bridge,-1,reference_only,0.25,11,0.0,1.0,0.0,0.0,,0.725,0.0,1.0,,11,0
bridge,-1,reference_only,0.25,12,0.0,1.0,0.0,0.0,,0.7,0.0,1.0,,12,0
bridge,-1,reference_only,0.25,13,0.0,1.0,0.0,0.0,,0.675,0.0,1.0,,13,0
bridge,-1,reference_only,0.25,14,0.0,1.0,0.0,0.0,,0.65,0.0,1.0,,14,0
bridge,-1,reference_only,0.25,15,0.0,1.0,0.0,0.0,,0.625,0.0,1.0,,15,0
bridge,-1,reference_only,0.25,16,0.0,1.0,0.0,0.0,,0.6,0.0,1.0,,16,0
bridge,-1,reference_only,0.25,17,0.0,1.0,0.0,0.0,,0.575,0.0,1.0,,17,0
bridge,-1,reference_only,0.25,18,0.0,1.0,0.0,0.0,,0.55,0.0,1.0,,18,0
bridge,-1,reference_only,0.25,19,0.0,1.0,0.0,0.0,,0.525,0.0,1.0,,19,0
bridge,-1,reference_only,0.25,20,0.0,1.0,0.0,0.0,,0.5,0.0,1.0,,20,0
bridge,-1,reference_only,0.25,21,0.0,1.0,0.0,0.0,,0.475,0.0,1.0,,21,0
bridge,-1,reference_only,0.25,22,0.0,1.0,0.0,0.0,,0.44999999999999996,0.0,1.0,,22,0
bridge,-1,reference_only,0.25,23,0.0,1.0,0.0,0.0,,0.42500000000000004,0.0,1.0,,23,0
bridge,-1,reference_only,0.25,24,0.0,1.0,0.0,0.0,,0.4,0.0,1.0,,24,0
bridge,-1,reference_only,0.25,25,0.0,1.0,0.0,0.0,,0.375,0.0,1.0,,25,0
bridge,-1,reference_only,0.25,26,0.0,1.0,0.0,0.0,,0.35,0.0,1.0,,26,0
bridge,-1,reference_only,0.25,27,0.0,1.0,0.0,0.0,,0.32499999999999996,0.0,1.0,,27,0
bridge,-1,reference_only,0.25,28,0.0,1.0,0.0,0.0,,0.30000000000000004,0.0,1.0,,28,0
bridge,-1,reference_only,0.25,29,0.0,1.0,0.0,0.0,,0.275,0.0,1.0,,29,0
bridge,-1,reference_only,0.25,30,0.0,1.0,0.0,0.0,,0.25,0.0,1.0,,30,0
bridge,-1,reference_only,0.25,31,0.0,1.0,0.0,0.0,,0.22499999999999998,0.0,1.0,,31,0
bridge,-1,reference_only,0.25,32,0.0,1.0,0.0,0.0,,0.19999999999999996,0.0,1.0,,32,0
bridge,-1,reference_only,0.25,33,0.0,1.0,0.0,0.0,,0.17500000000000004,0.0,1.0,,33,0
bridge,-1,reference_only,0.25,34,0.0,1.0,0.0,0.0,,0.15000000000000002,0.0,1.0,,34,0
bridge,-1,reference_only,0.25,35,0.0,1.0,0.0,0.0,,0.125,0.0,1.0,,35,0
bridge,-1,reference_only,0.25,36,0.0,1.0,0.0,0.0,,0.09999999999999998,0.0,1.0,,36,0
bridge,-1,reference_only,0.25,37,0.0,1.0,0.0,0.0,,0.07499999999999996,0.0,1.0,,37,0
bridge,-1,reference_only,0.25,38,0.0,1.0,0.0,0.0,,0.050000000000000044,0.0,1.0,,38,0
bridge,-1,reference_only,0.25,39,0.0,1.0,0.0,0.0,,0.025000000000000022,0.0,1.0,,39,0
bridge,-1,reference_only,0.25,40,0.0,1.0,1.0,1.0,0.0,0.0,1.0,0.0,1.0,39,0
bridge,-1,reference_only,0.25,41,0.0,1.0,1.0,0.0,1.0,1.0,1.0,0.0,1.0,39,0
bridge,-1,reference_only,0.25,42,0.0,1.0,1.0,0.0,1.0,1.0,1.0,0.0,1.0,39,0
bridge,-1,reference_only,0.25,43,0.0,1.0,1.0,0.0,1.0,1.0,1.0,0.0,1.0,39,0
bridge,-1,reference_only,0.25,44,0.0,1.0,1.0,0.0,1.0,1.0,1.0,0.0,1.0,39,0
bridge,-1,reference_only,0.25,45,0.0,1.0,1.0,0.0,1.0,1.0,1.0,0.0,1.0,39,0
bridge,-1,reference_only,0.25,46,0.0,1.0,1.0,0.0,1.0,1.0,1.0,0.0,1.0,39,0
bridge,-1,reference_only,0.25,47,0.0,1.0,1.0,0.0,1.0,1.0,1.0,0.0,1.0,39,0
bridge,-1,reference_only,0.25,48,0.0,1.0,1.0,0.0,1.0,1.0,1.0,0.0,1.0,39,0
bridge,-1,reference_only,0.25,49,0.0,1.0,1.0,0.0,1.0,1.0,1.0,0.0,1.0,39,0
bridge,-1,reference_only,0.25,50,0.0,1.0,1.0,0.0,1.0,1.0,1.0,0.0,1.0,39,0
bridge,-1,reference_only,0.25,51,0.0,1.0,1.0,0.0,1.0,1.0,1.0,0.0,1.0,39,0
bridge,-1,reference_only,0.25,52,0.0,1.0,1.0,0.0,1.0,1.0,1.0,0.0,1.0,39,0
bridge,-1,reference_only,0.25,53,0.0,1.0,1.0,0.0,1.0,1.0,1.0,0.0,1.0,39,0
bridge,-1,reference_only,0.25,54,0.0,1.0,1.0,0.0,1.0,1.0,1.0,0.0,1.0,39,0
bridge,-1,reference_only,0.25,55,0.0,1.0,1.0,0.0,1.0,1.0,1.0,0.0,1.0,39,0
bridge,-1,reference_only,0.25,56,0.0,1.0,1.0,0.0,1.0,1.0,1.0,0.0,1.0,39,0
bridge,-1,reference_only,0.25,57,0.0,1.0,1.0,0.0,1.0,1.0,1.0,0.0,1.0,39,0
bridge,-1,reference_only,0.25,58,0.0,1.0,1.0,0.0,1.0,1.0,1.0,0.0,1.0,39,0
bridge,-1,reference_only,0.25,59,0.0,1.0,1.0,0.0,1.0,1.0,1.0,0.0,1.0,39,0
bridge,-1,reference_only,0.25,60,0.0,1.0,1.0,0.0,1.0,1.0,1.0,0.0,1.0,39,0
bridge,-1,reference_only,0.25,61,0.0,1.0,1.0,0.0,1.0,1.0,1.0,0.0,1.0,39,0
bridge,-1,reference_only,0.25,62,0.0,1.0,1.0,0.0,1.0,1.0,1.0,0.0,1.0,39,0
bridge,-1,reference_only,0.25,63,0.0,1.0,1.0,0.0,1.0,1.0,1.0,0.0,1.0,39,0
bridge,-1,reference_only,0.25,64,0.0,1.0,1.0,0.0,1.0,1.0,1.0,0.0,1.0,39,0
bridge,-1,reference_only,0.25,65,0.0,1.0,1.0,0.0,1.0,1.0,1.0,0.0,1.0,39,0
bridge,-1,reference_only,0.25,66,0.0,1.0,1.0,0.0,1.0,1.0,1.0,0.0,1.0,39,0
bridge,-1,reference_only,0.25,67,0.0,1.0,1.0,0.0,1.0,1.0,1.0,0.0,1.0,39,0
bridge,-1,reference_only,0.25,68,0.0,1.0,1.0,0.0,1.0,1.0,1.0,0.0,1.0,39,0
bridge,-1,reference_only,0.25,69,0.0,1.0,1.0,0.0,1.0,1.0,1.0,0.0,1.0,39,0
bridge,-1,reference_only,0.25,70,0.0,1.0,1.0,0.0,1.0,1.0,1.0,0.0,1.0,39,0
bridge,-1,reference_only,0.25,71,0.0,1.0,1.0,0.0,1.0,1.0,1.0,0.0,1.0,39,0
bridge,-1,reference_only,0.25,72,0.0,1.0,1.0,0.0,1.0,1.0,1.0,0.0,1.0,39,0
bridge,-1,reference_only,0.25,73,0.0,1.0,1.0,0.0,1.0,1.0,1.0,0.0,1.0,39,0
bridge,-1,reference_only,0.25,74,0.0,1.0,1.0,0.0,1.0,1.0,1.0,0.0,1.0,39,0
bridge,-1,reference_only,0.25,75,0.0,1.0,1.0,0.0,1.0,1.0,1.0,0.0,1.0,39,0
bridge,-1,reference_only,0.25,76,0.0,1.0,1.0,0.0,1.0,1.0,1.0,0.0,1.0,39,0
bridge,-1,reference_only,0.25,77,0.0,1.0,1.0,0.0,1.0,1.0,1.0,0.0,1.0,39,0
bridge,-1,reference_only,0.25,78,0.0,1.0,1.0,0.0,1.0,1.0,1.0,0.0,1.0,39,0
bridge,-1,reference_only,0.25,79,0.0,1.0,1.0,0.0,1.0,1.0,1.0,0.0,1.0,39,0
bridge,-1,reference_only,0.25,80,0.0,1.0,1.0,0.0,1.0,1.0,1.0,0.0,1.0,39,0
bridge,-1,gated,1.0,1,0.0,1.0,0.025,0.025,0.975,0.975,1.0,0.975,,0,0
bridge,-1,gated,1.0,2,0.0,1.0,0.05,0.025,0.975,0.975,1.0,0.95,,0,0
bridge,-1,gated,1.0,3,0.0,1.0,0.075,0.024999999999999994,0.975,0.975,1.0,0.925,,0,0
bridge,-1,gated,1.0,4,0.0,1.0,0.1,0.02500000000000001,0.975,0.975,1.0,0.9,,0,0
bridge,-1,gated,1.0,5,0.0,1.0,0.125,0.024999999999999994,0.975,0.975,1.0,0.875,,0,0
bridge,-1,gated,1.0,6,0.0,1.0,0.15,0.024999999999999994,0.975,0.975,1.0,0.85,,0,0
bridge,-1,gated,1.0,7,0.0,1.0,0.175,0.024999999999999994,0.975,0.975,1.0,0.825,,0,0
bridge,-1,gated,1.0,8,0.0,1.0,0.2,0.025000000000000022,0.975,0.975,1.0,0.8,,0,0
bridge,-1,gated,1.0,9,0.0,1.0,0.225,0.024999999999999994,0.975,0.975,1.0,0.775,,0,0
bridge,-1,gated,1.0,10,0.0,1.0,0.25,0.024999999999999994,0.975,0.975,1.0,0.75,,0,0
bridge,-1,gated,1.0,11,0.0,1.0,0.275,0.025000000000000022,0.975,0.975,1.0,0.725,,0,0
bridge,-1,gated,1.0,12,0.0,1.0,0.3,0.024999999999999967,0.9750000000000001,0.9750000000000001,1.0,0.7,,0,0
bridge,-1,gated,1.0,13,0.0,1.0,0.325,0.025000000000000022,0.975,0.975,1.0,0.675,,0,0
bridge,-1,gated,1.0,14,0.0,1.0,0.35,0.024999999999999967,0.9750000000000001,0.9750000000000001,1.0,0.65,,0,0
bridge,-1,gated,1.0,15,0.0,1.0,0.375,0.025000000000000022,0.975,0.975,1.0,0.625,,0,0
bridge,-1,gated,1.0,16,0.0,1.0,0.4,0.025000000000000022,0.975,0.975,1.0,0.6,,0,0
bridge,-1,gated,1.0,17,0.0,1.0,0.425,0.024999999999999967,0.9750000000000001,0.9750000000000001,1.0,0.575,,0,0
bridge,-1,gated,1.0,18,0.0,1.0,0.45,0.025000000000000022,0.975,0.975,1.0,0.55,,0,0
bridge,-1,gated,1.0,19,0.0,1.0,0.475,0.024999999999999967,0.9750000000000001,0.9750000000000001,1.0,0.525,,0,0
bridge,-1,gated,1.0,20,0.0,1.0,0.5,0.025000000000000022,0.975,0.975,1.0,0.5,,0,0
bridge,-1,gated,1.0,21,0.0,1.0,0.525,0.025000000000000022,0.975,0.975,1.0,0.475,,0,0
bridge,-1,gated,1.0,22,0.0,1.0,0.55,0.025000000000000022,0.975,0.975,1.0,0.44999999999999996,,0,0
bridge,-1,gated,1.0,23,0.0,1.0,0.575,0.02499999999999991,0.9750000000000001,0.9750000000000001,1.0,0.42500000000000004,,0,0
bridge,-1,gated,1.0,24,0.0,1.0,0.6,0.025000000000000022,0.975,0.975,1.0,0.4,,0,0
bridge,-1,gated,1.0,25,0.0,1.0,0.625,0.025000000000000022,0.975,0.975,1.0,0.375,,0,0
bridge,-1,gated,1.0,26,0.0,1.0,0.65,0.025000000000000022,0.975,0.975,1.0,0.35,,0,0
bridge,-1,gated,1.0,27,0.0,1.0,0.675,0.025000000000000022,0.975,0.975,1.0,0.32499999999999996,,0,0
bridge,-1,gated,1.0,28,0.0,1.0,0.7,0.02499999999999991,0.9750000000000001,0.9750000000000001,1.0,0.30000000000000004,,0,0
bridge,-1,gated,1.0,29,0.0,1.0,0.725,0.025000000000000022,0.975,0.975,1.0,0.275,,0,0
bridge,-1,gated,1.0,30,0.0,1.0,0.75,0.025000000000000022,0.975,0.975,1.0,0.25,,0,0
bridge,-1,gated,1.0,31,0.0,1.0,0.775,0.025000000000000022,0.975,0.975,1.0,0.22499999999999998,,0,0
bridge,-1,gated,1.0,32,0.0,1.0,0.8,0.025000000000000022,0.975,0.975,1.0,0.19999999999999996,,0,0
bridge,-1,gated,1.0,33,0.0,1.0,0.825,0.02499999999999991,0.9750000000000001,0.9750000000000001,1.0,0.17500000000000004,,0,0
bridge,-1,gated,1.0,34,0.0,1.0,0.85,0.025000000000000022,0.975,0.975,1.0,0.15000000000000002,,0,0
bridge,-1,gated,1.0,35,0.0,1.0,0.875,0.025000000000000022,0.975,0.975,1.0,0.125,,0,0
bridge,-1,gated,1.0,36,0.0,1.0,0.9,0.025000000000000022,0.975,0.975,1.0,0.09999999999999998,,0,0
bridge,-1,gated,1.0,37,0.0,1.0,0.925,0.025000000000000022,0.975,0.975,1.0,0.07499999999999996,,0,0
bridge,-1,gated,1.0,38,0.0,1.0,0.95,0.02499999999999991,0.9750000000000001,0.9750000000000001,1.0,0.050000000000000044,,0,0
bridge,-1,gated,1.0,39,0.0,1.0,0.975,0.025000000000000022,0.975,0.975,1.0,0.025000000000000022,,0,0
bridge,-1,gated,1.0,40,0.0,1.0,1.0,0.025000000000000022,0.975,0.975,1.0,0.0,1.0,0,0
bridge,-1,gated,1.0,41,0.0,1.0,1.0,0.0,1.0,1.0,1.0,0.0,1.0,0,0
bridge,-1,gated,1.0,42,0.0,1.0,1.0,0.0,1.0,1.0,1.0,0.0,1.0,0,0
bridge,-1,gated,1.0,43,0.0,1.0,1.0,0.0,1.0,1.0,1.0,0.0,1.0,0,0
bridge,-1,gated,1.0,44,0.0,1.0,1.0,0.0,1.0,1.0,1.0,0.0,1.0,0,0
bridge,-1,gated,1.0,45,0.0,1.0,1.0,0.0,1.0,1.0,1.0,0.0,1.0,0,0
bridge,-1,gated,1.0,46,0.0,1.0,1.0,0.0,1.0,1.0,1.0,0.0,1.0,0,0
bridge,-1,gated,1.0,47,0.0,1.0,1.0,0.0,1.0,1.0,1.0,0.0,1.0,0,0
bridge,-1,gated,1.0,48,0.0,1.0,1.0,0.0,1.0,1.0,1.0,0.0,1.0,0,0
bridge,-1,gated,1.0,49,0.0,1.0,1.0,0.0,1.0,1.0,1.0,0.0,1.0,0,0
bridge,-1,gated,1.0,50,0.0,1.0,1.0,0.0,1.0,1.0,1.0,0.0,1.0,0,0
bridge,-1,gated,1.0,51,0.0,1.0,1.0,0.0,1.0,1.0,1.0,0.0,1.0,0,0
bridge,-1,gated,1.0,52,0.0,1.0,1.0,0.0,1.0,1.0,1.0,0.0,1.0,0,0
bridge,-1,gated,1.0,53,0.0,1.0,1.0,0.0,1.0,1.0,1.0,0.0,1.0,0,0
bridge,-1,gated,1.0,54,0.0,1.0,1.0,0.0,1.0,1.0,1.0,0.0,1.0,0,0
bridge,-1,gated,1.0,55,0.0,1.0,1.0,0.0,1.0,1.0,1.0,0.0,1.0,0,0
bridge,-1,gated,1.0,56,0.0,1.0,1.0,0.0,1.0,1.0,1.0,0.0,1.0,0,0
bridge,-1,gated,1.0,57,0.0,1.0,1.0,0.0,1.0,1.0,1.0,0.0,1.0,0,0
bridge,-1,gated,1.0,58,0.0,1.0,1.0,0.0,1.0,1.0,1.0,0.0,1.0,0,0
bridge,-1,gated,1.0,59,0.0,1.0,1.0,0.0,1.0,1.0,1.0,0.0,1.0,0,0
bridge,-1,gated,1.0,60,0.0,1.0,1.0,0.0,1.0,1.0,1.0,0.0,1.0,0,0
bridge,-1,gated,1.0,61,0.0,1.0,1.0,0.0,1.0,1.0,1.0,0.0,1.0,0,0
bridge,-1,gated,1.0,62,0.0,1.0,1.0,0.0,1.0,1.0,1.0,0.0,1.0,0,0
bridge,-1,gated,1.0,63,0.0,1.0,1.0,0.0,1.0,1.0,1.0,0.0,1.0,0,0
bridge,-1,gated,1.0,64,0.0,1.0,1.0,0.0,1.0,1.0,1.0,0.0,1.0,0,0
bridge,-1,gated,1.0,65,0.0,1.0,1.0,0.0,1.0,1.0,1.0,0.0,1.0,0,0
bridge,-1,gated,1.0,66,0.0,1.0,1.0,0.0,1.0,1.0,1.0,0.0,1.0,0,0
bridge,-1,gated,1.0,67,0.0,1.0,1.0,0.0,1.0,1.0,1.0,0.0,1.0,0,0
bridge,-1,gated,1.0,68,0.0,1.0,1.0,0.0,1.0,1.0,1.0,0.0,1.0,0,0
bridge,-1,gated,1.0,69,0.0,1.0,1.0,0.0,1.0,1.0,1.0,0.0,1.0,0,0
bridge,-1,gated,1.0,70,0.0,1.0,1.0,0.0,1.0,1.0,1.0,0.0,1.0,0,0
bridge,-1,gated,1.0,71,0.0,1.0,1.0,0.0,1.0,1.0,1.0,0.0,1.0,0,0
bridge,-1,gated,1.0,72,0.0,1.0,1.0,0.0,1.0,1.0,1.0,0.0,1.0,0,0
bridge,-1,gated,1.0,73,0.0,1.0,1.0,0.0,1.0,1.0,1.0,0.0,1.0,0,0
bridge,-1,gated,1.0,74,0.0,1.0,1.0,0.0,1.0,1.0,1.0,0.0,1.0,0,0
bridge,-1,gated,1.0,75,0.0,1.0,1.0,0.0,1.0,1.0,1.0,0.0,1.0,0,0
bridge,-1,gated,1.0,76,0.0,1.0,1.0,0.0,1.0,1.0,1.0,0.0,1.0,0,0
bridge,-1,gated,1.0,77,0.0,1.0,1.0,0.0,1.0,1.0,1.0,0.0,1.0,0,0
bridge,-1,gated,1.0,78,0.0,1.0,1.0,0.0,1.0,1.0,1.0,0.0,1.0,0,0
bridge,-1,gated,1.0,79,0.0,1.0,1.0,0.0,1.0,1.0,1.0,0.0,1.0,0,0
bridge,-1,gated,1.0,80,0.0,1.0,1.0,0.0,1.0,1.0,1.0,0.0,1.0,0,0
bridge,-1,accept_all,1.0,1,0.0,1.0,0.025,0.025,0.975,0.975,1.0,0.975,,0,0
bridge,-1,accept_all,1.0,2,0.0,1.0,0.05,0.025,0.975,0.975,1.0,0.95,,0,0
bridge,-1,accept_all,1.0,3,0.0,1.0,0.075,0.024999999999999994,0.975,0.975,1.0,0.925,,0,0
bridge,-1,accept_all,1.0,4,0.0,1.0,0.1,0.02500000000000001,0.975,0.975,1.0,0.9,,0,0
bridge,-1,accept_all,1.0,5,0.0,1.0,0.125,0.024999999999999994,0.975,0.975,1.0,0.875,,0,0
bridge,-1,accept_all,1.0,6,0.0,1.0,0.15,0.024999999999999994,0.975,0.975,1.0,0.85,,0,0
bridge,-1,accept_all,1.0,7,0.0,1.0,0.175,0.024999999999999994,0.975,0.975,1.0,0.825,,0,0
bridge,-1,accept_all,1.0,8,0.0,1.0,0.2,0.025000000000000022,0.975,0.975,1.0,0.8,,0,0
bridge,-1,accept_all,1.0,9,0.0,1.0,0.225,0.024999999999999994,0.975,0.975,1.0,0.775,,0,0
bridge,-1,accept_all,1.0,10,0.0,1.0,0.25,0.024999999999999994,0.975,0.975,1.0,0.75,,0,0
bridge,-1,accept_all,1.0,11,0.0,1.0,0.275,0.025000000000000022,0.975,0.975,1.0,0.725,,0,0
bridge,-1,accept_all,1.0,12,0.0,1.0,0.3,0.024999999999999967,0.9750000000000001,0.9750000000000001,1.0,0.7,,0,0
bridge,-1,accept_all,1.0,13,0.0,1.0,0.325,0.025000000000000022,0.975,0.975,1.0,0.675,,0,0
bridge,-1,accept_all,1.0,14,0.0,1.0,0.35,0.024999999999999967,0.9750000000000001,0.9750000000000001,1.0,0.65,,0,0
bridge,-1,accept_all,1.0,15,0.0,1.0,0.375,0.025000000000000022,0.975,0.975,1.0,0.625,,0,0
bridge,-1,accept_all,1.0,16,0.0,1.0,0.4,0.025000000000000022,0.975,0.975,1.0,0.6,,0,0
bridge,-1,accept_all,1.0,17,0.0,1.0,0.425,0.024999999999999967,0.9750000000000001,0.9750000000000001,1.0,0.575,,0,0
bridge,-1,accept_all,1.0,18,0.0,1.0,0.45,0.025000000000000022,0.975,0.975,1.0,0.55,,0,0
bridge,-1,accept_all,1.0,19,0.0,1.0,0.475,0.024999999999999967,0.9750000000000001,0.9750000000000001,1.0,0.525,,0,0
bridge,-1,accept_all,1.0,20,0.0,1.0,0.5,0.025000000000000022,0.975,0.975,1.0,0.5,,0,0
bridge,-1,accept_all,1.0,21,0.0,1.0,0.525,0.025000000000000022,0.975,0.975,1.0,0.475,,0,0
bridge,-1,accept_all,1.0,22,0.0,1.0,0.55,0.025000000000000022,0.975,0.975,1.0,0.44999999999999996,,0,0
bridge,-1,accept_all,1.0,23,0.0,1.0,0.575,0.02499999999999991,0.9750000000000001,0.9750000000000001,1.0,0.42500000000000004,,0,0
bridge,-1,accept_all,1.0,24,0.0,1.0,0.6,0.025000000000000022,0.975,0.975,1.0,0.4,,0,0
bridge,-1,accept_all,1.0,25,0.0,1.0,0.625,0.025000000000000022,0.975,0.975,1.0,0.375,,0,0
bridge,-1,accept_all,1.0,26,0.0,1.0,0.65,0.025000000000000022,0.975,0.975,1.0,0.35,,0,0
bridge,-1,accept_all,1.0,27,0.0,1.0,0.675,0.025000000000000022,0.975,0.975,1.0,0.32499999999999996,,0,0
bridge,-1,accept_all,1.0,28,0.0,1.0,0.7,0.02499999999999991,0.9750000000000001,0.9750000000000001,1.0,0.30000000000000004,,0,0
bridge,-1,accept_all,1.0,29,0.0,1.0,0.725,0.025000000000000022,0.975,0.975,1.0,0.275,,0,0
bridge,-1,accept_all,1.0,30,0.0,1.0,0.75,0.025000000000000022,0.975,0.975,1.0,0.25,,0,0
bridge,-1,accept_all,1.0,31,0.0,1.0,0.775,0.025000000000000022,0.975,0.975,1.0,0.22499999999999998,,0,0
bridge,-1,accept_all,1.0,32,0.0,1.0,0.8,0.025000000000000022,0.975,0.975,1.0,0.19999999999999996,,0,0
bridge,-1,accept_all,1.0,33,0.0,1.0,0.825,0.02499999999999991,0.9750000000000001,0.9750000000000001,1.0,0.17500000000000004,,0,0
bridge,-1,accept_all,1.0,34,0.0,1.0,0.85,0.025000000000000022,0.975,0.975,1.0,0.15000000000000002,,0,0
bridge,-1,accept_all,1.0,35,0.0,1.0,0.875,0.025000000000000022,0.975,0.975,1.0,0.125,,0,0
bridge,-1,accept_all,1.0,36,0.0,1.0,0.9,0.025000000000000022,0.975,0.975,1.0,0.09999999999999998,,0,0
bridge,-1,accept_all,1.0,37,0.0,1.0,0.925,0.025000000000000022,0.975,0.975,1.0,0.07499999999999996,,0,0
bridge,-1,accept_all,1.0,38,0.0,1.0,0.95,0.02499999999999991,0.9750000000000001,0.9750000000000001,1.0,0.050000000000000044,,0,0
bridge,-1,accept_all,1.0,39,0.0,1.0,0.975,0.025000000000000022,0.975,0.975,1.0,0.025000000000000022,,0,0
bridge,-1,accept_all,1.0,40,0.0,1.0,1.0,0.025000000000000022,0.975,0.975,1.0,0.0,1.0,0,0
bridge,-1,accept_all,1.0,41,0.0,1.0,1.0,0.0,1.0,1.0,1.0,0.0,1.0,0,0
bridge,-1,accept_all,1.0,42,0.0,1.0,1.0,0.0,1.0,1.0,1.0,0.0,1.0,0,0
bridge,-1,accept_all,1.0,43,0.0,1.0,1.0,0.0,1.0,1.0,1.0,0.0,1.0,0,0
bridge,-1,accept_all,1.0,44,0.0,1.0,1.0,0.0,1.0,1.0,1.0,0.0,1.0,0,0
bridge,-1,accept_all,1.0,45,0.0,1.0,1.0,0.0,1.0,1.0,1.0,0.0,1.0,0,0
bridge,-1,accept_all,1.0,46,0.0,1.0,1.0,0.0,1.0,1.0,1.0,0.0,1.0,0,0
bridge,-1,accept_all,1.0,47,0.0,1.0,1.0,0.0,1.0,1.0,1.0,0.0,1.0,0,0
bridge,-1,accept_all,1.0,48,0.0,1.0,1.0,0.0,1.0,1.0,1.0,0.0,1.0,0,0
bridge,-1,accept_all,1.0,49,0.0,1.0,1.0,0.0,1.0,1.0,1.0,0.0,1.0,0,0
bridge,-1,accept_all,1.0,50,0.0,1.0,1.0,0.0,1.0,1.0,1.0,0.0,1.0,0,0
bridge,-1,accept_all,1.0,51,0.0,1.0,1.0,0.0,1.0,1.0,1.0,0.0,1.0,0,0
bridge,-1,accept_all,1.0,52,0.0,1.0,1.0,0.0,1.0,1.0,1.0,0.0,1.0,0,0
bridge,-1,accept_all,1.0,53,0.0,1.0,1.0,0.0,1.0,1.0,1.0,0.0,1.0,0,0
bridge,-1,accept_all,1.0,54,0.0,1.0,1.0,0.0,1.0,1.0,1.0,0.0,1.0,0,0
bridge,-1,accept_all,1.0,55,0.0,1.0,1.0,0.0,1.0,1.0,1.0,0.0,1.0,0,0
bridge,-1,accept_all,1.0,56,0.0,1.0,1.0,0.0,1.0,1.0,1.0,0.0,1.0,0,0
bridge,-1,accept_all,1.0,57,0.0,1.0,1.0,0.0,1.0,1.0,1.0,0.0,1.0,0,0
bridge,-1,accept_all,1.0,58,0.0,1.0,1.0,0.0,1.0,1.0,1.0,0.0,1.0,0,0
bridge,-1,accept_all,1.0,59,0.0,1.0,1.0,0.0,1.0,1.0,1.0,0.0,1.0,0,0
bridge,-1,accept_all,1.0,60,0.0,1.0,1.0,0.0,1.0,1.0,1.0,0.0,1.0,0,0
bridge,-1,accept_all,1.0,61,0.0,1.0,1.0,0.0,1.0,1.0,1.0,0.0,1.0,0,0
bridge,-1,accept_all,1.0,62,0.0,1.0,1.0,0.0,1.0,1.0,1.0,0.0,1.0,0,0
bridge,-1,accept_all,1.0,63,0.0,1.0,1.0,0.0,1.0,1.0,1.0,0.0,1.0,0,0
bridge,-1,accept_all,1.0,64,0.0,1.0,1.0,0.0,1.0,1.0,1.0,0.0,1.0,0,0
bridge,-1,accept_all,1.0,65,0.0,1.0,1.0,0.0,1.0,1.0,1.0,0.0,1.0,0,0
bridge,-1,accept_all,1.0,66,0.0,1.0,1.0,0.0,1.0,1.0,1.0,0.0,1.0,0,0
bridge,-1,accept_all,1.0,67,0.0,1.0,1.0,0.0,1.0,1.0,1.0,0.0,1.0,0,0
bridge,-1,accept_all,1.0,68,0.0,1.0,1.0,0.0,1.0,1.0,1.0,0.0,1.0,0,0
bridge,-1,accept_all,1.0,69,0.0,1.0,1.0,0.0,1.0,1.0,1.0,0.0,1.0,0,0
bridge,-1,accept_all,1.0,70,0.0,1.0,1.0,0.0,1.0,1.0,1.0,0.0,1.0,0,0
bridge,-1,accept_all,1.0,71,0.0,1.0,1.0,0.0,1.0,1.0,1.0,0.0,1.0,0,0
bridge,-1,accept_all,1.0,72,0.0,1.0,1.0,0.0,1.0,1.0,1.0,0.0,1.0,0,0
bridge,-1,accept_all,1.0,73,0.0,1.0,1.0,0.0,1.0,1.0,1.0,0.0,1.0,0,0
bridge,-1,accept_all,1.0,74,0.0,1.0,1.0,0.0,1.0,1.0,1.0,0.0,1.0,0,0
bridge,-1,accept_all,1.0,75,0.0,1.0,1.0,0.0,1.0,1.0,1.0,0.0,1.0,0,0
bridge,-1,accept_all,1.0,76,0.0,1.0,1.0,0.0,1.0,1.0,1.0,0.0,1.0,0,0
bridge,-1,accept_all,1.0,77,0.0,1.0,1.0,0.0,1.0,1.0,1.0,0.0,1.0,0,0
bridge,-1,accept_all,1.0,78,0.0,1.0,1.0,0.0,1.0,1.0,1.0,0.0,1.0,0,0
bridge,-1,accept_all,1.0,79,0.0,1.0,1.0,0.0,1.0,1.0,1.0,0.0,1.0,0,0
bridge,-1,accept_all,1.0,80,0.0,1.0,1.0,0.0,1.0,1.0,1.0,0.0,1.0,0,0
bridge,-1,reference_only,1.0,1,0.0,1.0,0.0,0.0,,0.975,0.0,1.0,,1,0
bridge,-1,reference_only,1.0,2,0.0,1.0,0.0,0.0,,0.95,0.0,1.0,,2,0
bridge,-1,reference_only,1.0,3,0.0,1.0,0.0,0.0,,0.925,0.0,1.0,,3,0
bridge,-1,reference_only,1.0,4,0.0,1.0,0.0,0.0,,0.9,0.0,1.0,,4,0
bridge,-1,reference_only,1.0,5,0.0,1.0,0.0,0.0,,0.875,0.0,1.0,,5,0
bridge,-1,reference_only,1.0,6,0.0,1.0,0.0,0.0,,0.85,0.0,1.0,,6,0
bridge,-1,reference_only,1.0,7,0.0,1.0,0.0,0.0,,0.825,0.0,1.0,,7,0
bridge,-1,reference_only,1.0,8,0.0,1.0,0.0,0.0,,0.8,0.0,1.0,,8,0
bridge,-1,reference_only,1.0,9,0.0,1.0,0.0,0.0,,0.775,0.0,1.0,,9,0
bridge,-1,reference_only,1.0,10,0.0,1.0,0.0,0.0,,0.75,0.0,1.0,,10,0
bridge,-1,reference_only,1.0,11,0.0,1.0,0.0,0.0,,0.725,0.0,1.0,,11,0
bridge,-1,reference_only,1.0,12,0.0,1.0,0.0,0.0,,0.7,0.0,1.0,,12,0
bridge,-1,reference_only,1.0,13,0.0,1.0,0.0,0.0,,0.675,0.0,1.0,,13,0
bridge,-1,reference_only,1.0,14,0.0,1.0,0.0,0.0,,0.65,0.0,1.0,,14,0
bridge,-1,reference_only,1.0,15,0.0,1.0,0.0,0.0,,0.625,0.0,1.0,,15,0
bridge,-1,reference_only,1.0,16,0.0,1.0,0.0,0.0,,0.6,0.0,1.0,,16,0
bridge,-1,reference_only,1.0,17,0.0,1.0,0.0,0.0,,0.575,0.0,1.0,,17,0
bridge,-1,reference_only,1.0,18,0.0,1.0,0.0,0.0,,0.55,0.0,1.0,,18,0
bridge,-1,reference_only,1.0,19,0.0,1.0,0.0,0.0,,0.525,0.0,1.0,,19,0
bridge,-1,reference_only,1.0,20,0.0,1.0,0.0,0.0,,0.5,0.0,1.0,,20,0
bridge,-1,reference_only,1.0,21,0.0,1.0,0.0,0.0,,0.475,0.0,1.0,,21,0
bridge,-1,reference_only,1.0,22,0.0,1.0,0.0,0.0,,0.44999999999999996,0.0,1.0,,22,0
bridge,-1,reference_only,1.0,23,0.0,1.0,0.0,0.0,,0.42500000000000004,0.0,1.0,,23,0
bridge,-1,reference_only,1.0,24,0.0,1.0,0.0,0.0,,0.4,0.0,1.0,,24,0
bridge,-1,reference_only,1.0,25,0.0,1.0,0.0,0.0,,0.375,0.0,1.0,,25,0
bridge,-1,reference_only,1.0,26,0.0,1.0,0.0,0.0,,0.35,0.0,1.0,,26,0
bridge,-1,reference_only,1.0,27,0.0,1.0,0.0,0.0,,0.32499999999999996,0.0,1.0,,27,0
bridge,-1,reference_only,1.0,28,0.0,1.0,0.0,0.0,,0.30000000000000004,0.0,1.0,,28,0
bridge,-1,reference_only,1.0,29,0.0,1.0,0.0,0.0,,0.275,0.0,1.0,,29,0
bridge,-1,reference_only,1.0,30,0.0,1.0,0.0,0.0,,0.25,0.0,1.0,,30,0
bridge,-1,reference_only,1.0,31,0.0,1.0,0.0,0.0,,0.22499999999999998,0.0,1.0,,31,0
bridge,-1,reference_only,1.0,32,0.0,1.0,0.0,0.0,,0.19999999999999996,0.0,1.0,,32,0
bridge,-1,reference_only,1.0,33,0.0,1.0,0.0,0.0,,0.17500000000000004,0.0,1.0,,33,0
bridge,-1,reference_only,1.0,34,0.0,1.0,0.0,0.0,,0.15000000000000002,0.0,1.0,,34,0
bridge,-1,reference_only,1.0,35,0.0,1.0,0.0,0.0,,0.125,0.0,1.0,,35,0
bridge,-1,reference_only,1.0,36,0.0,1.0,0.0,0.0,,0.09999999999999998,0.0,1.0,,36,0
bridge,-1,reference_only,1.0,37,0.0,1.0,0.0,0.0,,0.07499999999999996,0.0,1.0,,37,0
bridge,-1,reference_only,1.0,38,0.0,1.0,0.0,0.0,,0.050000000000000044,0.0,1.0,,38,0
bridge,-1,reference_only,1.0,39,0.0,1.0,0.0,0.0,,0.025000000000000022,0.0,1.0,,39,0
bridge,-1,reference_only,1.0,40,0.0,1.0,1.0,1.0,0.0,0.0,1.0,0.0,1.0,39,0
bridge,-1,reference_only,1.0,41,0.0,1.0,1.0,0.0,1.0,1.0,1.0,0.0,1.0,39,0
bridge,-1,reference_only,1.0,42,0.0,1.0,1.0,0.0,1.0,1.0,1.0,0.0,1.0,39,0
bridge,-1,reference_only,1.0,43,0.0,1.0,1.0,0.0,1.0,1.0,1.0,0.0,1.0,39,0
bridge,-1,reference_only,1.0,44,0.0,1.0,1.0,0.0,1.0,1.0,1.0,0.0,1.0,39,0
bridge,-1,reference_only,1.0,45,0.0,1.0,1.0,0.0,1.0,1.0,1.0,0.0,1.0,39,0
bridge,-1,reference_only,1.0,46,0.0,1.0,1.0,0.0,1.0,1.0,1.0,0.0,1.0,39,0
bridge,-1,reference_only,1.0,47,0.0,1.0,1.0,0.0,1.0,1.0,1.0,0.0,1.0,39,0
bridge,-1,reference_only,1.0,48,0.0,1.0,1.0,0.0,1.0,1.0,1.0,0.0,1.0,39,0
bridge,-1,reference_only,1.0,49,0.0,1.0,1.0,0.0,1.0,1.0,1.0,0.0,1.0,39,0
bridge,-1,reference_only,1.0,50,0.0,1.0,1.0,0.0,1.0,1.0,1.0,0.0,1.0,39,0
bridge,-1,reference_only,1.0,51,0.0,1.0,1.0,0.0,1.0,1.0,1.0,0.0,1.0,39,0
bridge,-1,reference_only,1.0,52,0.0,1.0,1.0,0.0,1.0,1.0,1.0,0.0,1.0,39,0
bridge,-1,reference_only,1.0,53,0.0,1.0,1.0,0.0,1.0,1.0,1.0,0.0,1.0,39,0
bridge,-1,reference_only,1.0,54,0.0,1.0,1.0,0.0,1.0,1.0,1.0,0.0,1.0,39,0
bridge,-1,reference_only,1.0,55,0.0,1.0,1.0,0.0,1.0,1.0,1.0,0.0,1.0,39,0
bridge,-1,reference_only,1.0,56,0.0,1.0,1.0,0.0,1.0,1.0,1.0,0.0,1.0,39,0
bridge,-1,reference_only,1.0,57,0.0,1.0,1.0,0.0,1.0,1.0,1.0,0.0,1.0,39,0
bridge,-1,reference_only,1.0,58,0.0,1.0,1.0,0.0,1.0,1.0,1.0,0.0,1.0,39,0
bridge,-1,reference_only,1.0,59,0.0,1.0,1.0,0.0,1.0,1.0,1.0,0.0,1.0,39,0
bridge,-1,reference_only,1.0,60,0.0,1.0,1.0,0.0,1.0,1.0,1.0,0.0,1.0,39,0
bridge,-1,reference_only,1.0,61,0.0,1.0,1.0,0.0,1.0,1.0,1.0,0.0,1.0,39,0
bridge,-1,reference_only,1.0,62,0.0,1.0,1.0,0.0,1.0,1.0,1.0,0.0,1.0,39,0
bridge,-1,reference_only,1.0,63,0.0,1.0,1.0,0.0,1.0,1.0,1.0,0.0,1.0,39,0
bridge,-1,reference_only,1.0,64,0.0,1.0,1.0,0.0,1.0,1.0,1.0,0.0,1.0,39,0
bridge,-1,reference_only,1.0,65,0.0,1.0,1.0,0.0,1.0,1.0,1.0,0.0,1.0,39,0
bridge,-1,reference_only,1.0,66,0.0,1.0,1.0,0.0,1.0,1.0,1.0,0.0,1.0,39,0
bridge,-1,reference_only,1.0,67,0.0,1.0,1.0,0.0,1.0,1.0,1.0,0.0,1.0,39,0
bridge,-1,reference_only,1.0,68,0.0,1.0,1.0,0.0,1.0,1.0,1.0,0.0,1.0,39,0
bridge,-1,reference_only,1.0,69,0.0,1.0,1.0,0.0,1.0,1.0,1.0,0.0,1.0,39,0
bridge,-1,reference_only,1.0,70,0.0,1.0,1.0,0.0,1.0,1.0,1.0,0.0,1.0,39,0
bridge,-1,reference_only,1.0,71,0.0,1.0,1.0,0.0,1.0,1.0,1.0,0.0,1.0,39,0
bridge,-1,reference_only,1.0,72,0.0,1.0,1.0,0.0,1.0,1.0,1.0,0.0,1.0,39,0
bridge,-1,reference_only,1.0,73,0.0,1.0,1.0,0.0,1.0,1.0,1.0,0.0,1.0,39,0
bridge,-1,reference_only,1.0,74,0.0,1.0,1.0,0.0,1.0,1.0,1.0,0.0,1.0,39,0
bridge,-1,reference_only,1.0,75,0.0,1.0,1.0,0.0,1.0,1.0,1.0,0.0,1.0,39,0
bridge,-1,reference_only,1.0,76,0.0,1.0,1.0,0.0,1.0,1.0,1.0,0.0,1.0,39,0
bridge,-1,reference_only,1.0,77,0.0,1.0,1.0,0.0,1.0,1.0,1.0,0.0,1.0,39,0
bridge,-1,reference_only,1.0,78,0.0,1.0,1.0,0.0,1.0,1.0,1.0,0.0,1.0,39,0
bridge,-1,reference_only,1.0,79,0.0,1.0,1.0,0.0,1.0,1.0,1.0,0.0,1.0,39,0
bridge,-1,reference_only,1.0,80,0.0,1.0,1.0,0.0,1.0,1.0,1.0,0.0,1.0,39,0
drift_away,-1,gated,0.0,1,0.4,1.0,0.4,0.0,,0.680967483607192,0.0,0.6,0.0,2,1
drift_away,-1,gated,0.0,2,0.4,1.0,0.4,0.0,,0.6637461506155964,0.0,0.6,0.0,4,2
drift_away,-1,gated,0.0,3,0.4,1.0,0.4,0.0,,0.6481636441363436,0.0,0.6,0.0,6,3
drift_away,-1,gated,0.0,4,0.4,1.0,0.4,0.0,,0.6340640092071279,0.0,0.6,0.0,8,4
drift_away,-1,gated,0.0,5,0.4,1.0,0.4,0.0,,0.6213061319425267,0.0,0.6,0.0,10,5
drift_away,-1,gated,0.0,6,0.4,1.0,0.4,0.0,,0.6097623272188053,0.0,0.6,0.0,12,6
drift_away,-1,gated,0.0,7,0.4,1.0,0.4,0.0,,0.5993170607582818,0.0,0.6,0.0,14,7
drift_away,-1,gated,0.0,8,0.4,1.0,0.4,0.0,,0.5898657928234443,0.0,0.6,0.0,16,8
drift_away,-1,gated,0.0,9,0.4,1.0,0.4,0.0,,0.5813139319481198,0.0,0.6,0.0,18,9
drift_away,-1,gated,0.0,10,0.4,1.0,0.4,0.0,,0.5735758882342885,0.0,0.6,0.0,20,10
drift_away,-1,gated,0.0,11,0.4,1.0,0.4,0.0,,0.5665742167396159,0.0,0.6,0.0,22,11
drift_away,-1,gated,0.0,12,0.4,1.0,0.4,0.0,,0.5602388423824405,0.0,0.6,0.0,24,12
drift_away,-1,gated,0.0,13,0.4,1.0,0.4,0.0,,0.5545063586068025,0.0,0.6,0.0,26,13
drift_away,-1,gated,0.0,14,0.4,1.0,0.4,0.0,,0.5493193927883213,0.0,0.6,0.0,28,14
drift_away,-1,gated,0.0,15,0.4,1.0,0.4,0.0,,0.544626032029686,0.0,0.6,0.0,30,15
drift_away,-1,gated,0.0,16,0.4,1.0,0.4,0.0,,0.540379303598931,0.0,0.6,0.0,32,16
drift_away,-1,gated,0.0,17,0.4,1.0,0.4,0.0,,0.5365367048105469,0.0,0.6,0.0,34,17
drift_away,-1,gated,0.0,18,0.4,1.0,0.4,0.0,,0.5330597776443173,0.0,0.6,0.0,36,18
drift_away,-1,gated,0.0,19,0.4,1.0,0.4,0.0,,0.5299137238445271,0.0,0.6,0.0,38,19
drift_away,-1,gated,0.0,20,0.4,1.0,0.4,0.0,,0.5270670566473226,0.0,0.6,0.0,40,20
drift_away,-1,gated,0.0,21,0.4,1.0,0.4,0.0,,0.5244912856505963,0.0,0.6,0.0,42,21
drift_away,-1,gated,0.0,22,0.4,1.0,0.4,0.0,,0.5221606316724667,0.0,0.6,0.0,44,22
drift_away,-1,gated,0.0,23,0.4,1.0,0.4,0.0,,0.5200517687445607,0.0,0.6,0.0,46,23
drift_away,-1,gated,0.0,24,0.4,1.0,0.4,0.0,,0.5181435906578825,0.0,0.6,0.0,48,24
drift_away,-1,gated,0.0,25,0.4,1.0,0.4,0.0,,0.5164169997247798,0.0,0.6,0.0,50,25
drift_away,-1,gated,0.0,26,0.4,1.0,0.4,0.0,,0.5148547156428668,0.0,0.6,0.0,52,26
drift_away,-1,gated,0.0,27,0.4,1.0,0.4,0.0,,0.51344110254795,0.0,0.6,0.0,54,27
drift_away,-1,gated,0.0,28,0.4,1.0,0.4,0.0,,0.5121620125250437,0.0,0.6,0.0,56,28
drift_away,-1,gated,0.0,29,0.4,1.0,0.4,0.0,,0.5110046440112814,0.0,0.6,0.0,58,29
drift_away,-1,gated,0.0,30,0.4,1.0,0.4,0.0,,0.5099574136735727,0.0,0.6,0.0,60,30
drift_away,-1,gated,0.0,31,0.4,1.0,0.4,0.0,,0.5090098404787116,0.0,0.6,0.0,62,31
drift_away,-1,gated,0.0,32,0.4,1.0,0.4,0.0,,0.5081524407956732,0.0,0.6,0.0,64,32
drift_away,-1,gated,0.0,33,0.4,1.0,0.4,0.0,,0.5073766334802481,0.0,0.6,0.0,66,33
drift_away,-1,gated,0.0,34,0.4,1.0,0.4,0.0,,0.5066746539920652,0.0,0.6,0.0,68,34
drift_away,-1,gated,0.0,35,0.4,1.0,0.4,0.0,,0.5060394766844637,0.0,0.6,0.0,70,35
drift_away,-1,gated,0.0,36,0.4,1.0,0.4,0.0,,0.5054647444894584,0.0,0.6,0.0,72,36
drift_away,-1,gated,0.0,37,0.4,1.0,0.4,0.0,,0.5049447052940679,0.0,0.6,0.0,74,37
drift_away,-1,gated,0.0,38,0.4,1.0,0.4,0.0,,0.5044741543712331,0.0,0.6,0.0,76,38
drift_away,-1,gated,0.0,39,0.4,1.0,0.4,0.0,,0.5040483822891608,0.0,0.6,0.0,78,39
drift_away,-1,gated,0.0,40,0.4,1.0,0.4,0.0,,0.5036631277777468,0.0,0.6,0.0,80,40
drift_away,-1,gated,0.0,41,0.4,1.0,0.4,0.0,,0.5033145350803523,0.0,0.6,0.0,82,41
drift_away,-1,gated,0.0,42,0.4,1.0,0.4,0.0,,0.5029991153640956,0.0,0.6,0.0,84,42
drift_away,-1,gated,0.0,43,0.4,1.0,0.4,0.0,,0.5027137118024402,0.0,0.6,0.0,86,43
drift_away,-1,gated,0.0,44,0.4,1.0,0.4,0.0,,0.5024554679806137,0.0,0.6,0.0,88,44
drift_away,-1,gated,0.0,45,0.4,1.0,0.4,0.0,,0.5022217993076485,0.0,0.6,0.0,90,45
drift_away,-1,gated,0.0,46,0.4,1.0,0.4,0.0,,0.5020103671489267,0.0,0.6,0.0,92,46
drift_away,-1,gated,0.0,47,0.4,1.0,0.4,0.0,,0.5018190554203392,0.0,0.6,0.0,94,47
drift_away,-1,gated,0.0,48,0.4,1.0,0.4,0.0,,0.501645949409804,0.0,0.6,0.0,96,48
drift_away,-1,gated,0.0,49,0.4,1.0,0.4,0.0,,0.5014893166141849,0.0,0.6,0.0,98,49
drift_away,-1,gated,0.0,50,0.4,1.0,0.4,0.0,,0.5013475893998172,0.0,0.6,0.0,100,50
drift_away,-1,gated,0.0,51,0.4,1.0,0.4,0.0,,0.5012193493131032,0.0,0.6,0.0,102,51
drift_away,-1,gated,0.0,52,0.4,1.0,0.4,0.0,,0.5011033128841522,0.0,0.6,0.0,104,52
drift_away,-1,gated,0.0,53,0.4,1.0,0.4,0.0,,0.500998318781382,0.0,0.6,0.0,106,53
drift_away,-1,gated,0.0,54,0.4,1.0,0.4,0.0,,0.5009033161885226,0.0,0.6,0.0,108,54
drift_away,-1,gated,0.0,55,0.4,1.0,0.4,0.0,,0.5008173542876928,0.0,0.6,0.0,110,55
drift_away,-1,gated,0.0,56,0.4,1.0,0.4,0.0,,0.5007395727432966,0.0,0.6,0.0,112,56
drift_away,-1,gated,0.0,57,0.4,1.0,0.4,0.0,,0.5006691930914942,0.0,0.6,0.0,114,57
drift_away,-1,gated,0.0,58,0.4,1.0,0.4,0.0,,0.5006055109490752,0.0,0.6,0.0,116,58
drift_away,-1,gated,0.0,59,0.4,1.0,0.4,0.0,,0.5005478889637537,0.0,0.6,0.0,118,59
drift_away,-1,gated,0.0,60,0.4,1.0,0.4,0.0,,0.5004957504353333,0.0,0.6,0.0,120,60
drift_away,-1,gated,0.0,61,0.4,1.0,0.4,0.0,,0.5004485735438972,0.0,0.6,0.0,122,61
drift_away,-1,gated,0.0,62,0.4,1.0,0.4,0.0,,0.5004058861272591,0.0,0.6,0.0,124,62
drift_away,-1,gated,0.0,63,0.4,1.0,0.4,0.0,,0.5003672609554057,0.0,0.6,0.0,126,63
drift_away,-1,gated,0.0,64,0.4,1.0,0.4,0.0,,0.5003323114546347,0.0,0.6,0.0,128,64
drift_away,-1,gated,0.0,65,0.4,1.0,0.4,0.0,,0.5003006878385956,0.0,0.6,0.0,130,65
drift_away,-1,gated,0.0,66,0.4,1.0,0.4,0.0,,0.5002720736075096,0.0,0.6,0.0,132,66
drift_away,-1,gated,0.0,67,0.4,1.0,0.4,0.0,,0.5002461823805346,0.0,0.6,0.0,134,67
drift_away,-1,gated,0.0,68,0.4,1.0,0.4,0.0,,0.500222755029569,0.0,0.6,0.0,136,68
drift_away,-1,gated,0.0,69,0.4,1.0,0.4,0.0,,0.5002015570858097,0.0,0.6,0.0,138,69
drift_away,-1,gated,0.0,70,0.4,1.0,0.4,0.0,,0.5001823763931109,0.0,0.6,0.0,140,70
drift_away,-1,gated,0.0,71,0.4,1.0,0.4,0.0,,0.5001650209846531,0.0,0.6,0.0,142,71
drift_away,-1,gated,0.0,72,0.4,1.0,0.4,0.0,,0.5001493171616753,0.0,0.6,0.0,144,72
drift_away,-1,gated,0.0,73,0.4,1.0,0.4,0.0,,0.5001351077550388,0.0,0.6,0.0,146,73
drift_away,-1,gated,0.0,74,0.4,1.0,0.4,0.0,,0.5001222505522259,0.0,0.6,0.0,148,74
drift_away,-1,gated,0.0,75,0.4,1.0,0.4,0.0,,0.5001106168740296,0.0,0.6,0.0,150,75
drift_away,-1,gated,0.0,76,0.4,1.0,0.4,0.0,,0.5001000902866881,0.0,0.6,0.0,152,76
drift_away,-1,gated,0.0,77,0.4,1.0,0.4,0.0,,0.5000905654365774,0.0,0.6,0.0,154,77
drift_away,-1,gated,0.0,78,0.4,1.0,0.4,0.0,,0.500081946995796,0.0,0.6,0.0,156,78
drift_away,-1,gated,0.0,79,0.4,1.0,0.4,0.0,,0.5000741487080917,0.0,0.6,0.0,158,79
drift_away,-1,gated,0.0,80,0.4,1.0,0.4,0.0,,0.5000670925255806,0.0,0.6,0.0,160,80
drift_away,-1,accept_all,0.0,1,0.4,1.0,1.0,0.6,0.6619349672143838,0.6619349672143838,1.0,0.0,1.0,0,0
drift_away,-1,accept_all,0.0,2,0.4,1.0,1.0,0.0,0.3274923012311928,0.3274923012311928,1.0,0.0,1.0,0,0
drift_away,-1,accept_all,0.0,3,0.4,1.0,1.0,0.0,0.2963272882726872,0.2963272882726872,1.0,0.0,1.0,0,0
drift_away,-1,accept_all,0.0,4,0.4,1.0,1.0,0.0,0.2681280184142558,0.2681280184142558,1.0,0.0,1.0,0,0
drift_away,-1,accept_all,0.0,5,0.4,1.0,1.0,0.0,0.24261226388505341,0.24261226388505341,1.0,0.0,1.0,0,0
drift_away,-1,accept_all,0.0,6,0.4,1.0,1.0,0.0,0.2195246544376106,0.2195246544376106,1.0,0.0,1.0,0,0
drift_away,-1,accept_all,0.0,7,0.4,1.0,1.0,0.0,0.1986341215165638,0.1986341215165638,1.0,0.0,1.0,0,0
drift_away,-1,accept_all,0.0,8,0.4,1.0,1.0,0.0,0.17973158564688863,0.17973158564688863,1.0,0.0,1.0,0,0
drift_away,-1,accept_all,0.0,9,0.4,1.0,1.0,0.0,0.16262786389623962,0.16262786389623962,1.0,0.0,1.0,0,0
drift_away,-1,accept_all,0.0,10,0.4,1.0,1.0,0.0,0.1471517764685769,0.1471517764685769,1.0,0.0,1.0,0,0
drift_away,-1,accept_all,0.0,11,0.4,1.0,1.0,0.0,0.1331484334792319,0.1331484334792319,1.0,0.0,1.0,0,0
drift_away,-1,accept_all,0.0,12,0.4,1.0,1.0,0.0,0.12047768476488085,0.12047768476488085,1.0,0.0,1.0,0,0
drift_away,-1,accept_all,0.0,13,0.4,1.0,1.0,0.0,0.10901271721360506,0.10901271721360506,1.0,0.0,1.0,0,0
drift_away,-1,accept_all,0.0,14,0.4,1.0,1.0,0.0,0.09863878557664263,0.09863878557664263,1.0,0.0,1.0,0,0
drift_away,-1,accept_all,0.0,15,0.4,1.0,1.0,0.0,0.08925206405937192,0.08925206405937192,1.0,0.0,1.0,0,0
drift_away,-1,accept_all,0.0,16,0.4,1.0,1.0,0.0,0.0807586071978621,0.0807586071978621,1.0,0.0,1.0,0,0
drift_away,-1,accept_all,0.0,17,0.4,1.0,1.0,0.0,0.07307340962109388,0.07307340962109388,1.0,0.0,1.0,0,0
drift_away,-1,accept_all,0.0,18,0.4,1.0,1.0,0.0,0.06611955528863467,0.06611955528863467,1.0,0.0,1.0,0,0
drift_away,-1,accept_all,0.0,19,0.4,1.0,1.0,0.0,0.059827447689054014,0.059827447689054014,1.0,0.0,1.0,0,0
drift_away,-1,accept_all,0.0,20,0.4,1.0,1.0,0.0,0.054134113294645125,0.054134113294645125,1.0,0.0,1.0,0,0
drift_away,-1,accept_all,0.0,21,0.4,1.0,1.0,0.0,0.04898257130119277,0.04898257130119277,1.0,0.0,1.0,0,0
drift_away,-1,accept_all,0.0,22,0.4,1.0,1.0,0.0,0.04432126334493358,0.04432126334493358,1.0,0.0,1.0,0,0
drift_away,-1,accept_all,0.0,23,0.4,1.0,1.0,0.0,0.040103537489121543,0.040103537489121543,1.0,0.0,1.0,0,0
drift_away,-1,accept_all,0.0,24,0.4,1.0,1.0,0.0,0.03628718131576503,0.03628718131576503,1.0,0.0,1.0,0,0
drift_away,-1,accept_all,0.0,25,0.4,1.0,1.0,0.0,0.03283399944955956,0.03283399944955956,1.0,0.0,1.0,0,0
drift_away,-1,accept_all,0.0,26,0.4,1.0,1.0,0.0,0.029709431285733556,0.029709431285733556,1.0,0.0,1.0,0,0
drift_away,-1,accept_all,0.0,27,0.4,1.0,1.0,0.0,0.02688220509589989,0.02688220509589989,1.0,0.0,1.0,0,0
drift_away,-1,accept_all,0.0,28,0.4,1.0,1.0,0.0,0.02432402505008724,0.02432402505008724,1.0,0.0,1.0,0,0
drift_away,-1,accept_all,0.0,29,0.4,1.0,1.0,0.0,0.022009288022562856,0.022009288022562856,1.0,0.0,1.0,0,0
drift_away,-1,accept_all,0.0,30,0.4,1.0,1.0,0.0,0.01991482734714556,0.01991482734714556,1.0,0.0,1.0,0,0
drift_away,-1,accept_all,0.0,31,0.4,1.0,1.0,0.0,0.018019680957423123,0.018019680957423123,1.0,0.0,1.0,0,0
drift_away,-1,accept_all,0.0,32,0.4,1.0,1.0,0.0,0.016304881591346465,0.016304881591346465,1.0,0.0,1.0,0,0
drift_away,-1,accept_all,0.0,33,0.4,1.0,1.0,0.0,0.014753266960496059,0.014753266960496059,1.0,0.0,1.0,0,0
drift_away,-1,accept_all,0.0,34,0.4,1.0,1.0,0.0,0.013349307984130476,0.013349307984130476,1.0,0.0,1.0,0,0
drift_away,-1,accept_all,0.0,35,0.4,1.0,1.0,0.0,0.012078953368927392,0.012078953368927392,1.0,0.0,1.0,0,0
drift_away,-1,accept_all,0.0,36,0.4,1.0,1.0,0.0,0.01092948897891699,0.01092948897891699,1.0,0.0,1.0,0,0
drift_away,-1,accept_all,0.0,37,0.4,1.0,1.0,0.0,0.00988941058813575,0.00988941058813575,1.0,0.0,1.0,0,0
drift_away,-1,accept_all,0.0,38,0.4,1.0,1.0,0.0,0.008948308742466216,0.008948308742466216,1.0,0.0,1.0,0,0
drift_away,-1,accept_all,0.0,39,0.4,1.0,1.0,0.0,0.008096764578321758,0.008096764578321758,1.0,0.0,1.0,0,0
drift_away,-1,accept_all,0.0,40,0.4,1.0,1.0,0.0,0.00732625555549371,0.00732625555549371,1.0,0.0,1.0,0,0
drift_away,-1,accept_all,0.0,41,0.4,1.0,1.0,0.0,0.006629070160704464,0.006629070160704464,1.0,0.0,1.0,0,0
drift_away,-1,accept_all,0.0,42,0.4,1.0,1.0,0.0,0.005998230728191056,0.005998230728191056,1.0,0.0,1.0,0,0
drift_away,-1,accept_all,0.0,43,0.4,1.0,1.0,0.0,0.005427423604880355,0.005427423604880355,1.0,0.0,1.0,0,0
drift_away,-1,accept_all,0.0,44,0.4,1.0,1.0,0.0,0.004910935961227381,0.004910935961227381,1.0,0.0,1.0,0,0
drift_away,-1,accept_all,0.0,45,0.4,1.0,1.0,0.0,0.004443598615296973,0.004443598615296973,1.0,0.0,1.0,0,0
drift_away,-1,accept_all,0.0,46,0.4,1.0,1.0,0.0,0.004020734297853434,0.004020734297853434,1.0,0.0,1.0,0,0
drift_away,-1,accept_all,0.0,47,0.4,1.0,1.0,0.0,0.0036381108406783325,0.0036381108406783325,1.0,0.0,1.0,0,0
drift_away,-1,accept_all,0.0,48,0.4,1.0,1.0,0.0,0.003291898819608008,0.003291898819608008,1.0,0.0,1.0,0,0
drift_away,-1,accept_all,0.0,49,0.4,1.0,1.0,0.0,0.002978633228369776,0.002978633228369776,1.0,0.0,1.0,0,0
drift_away,-1,accept_all,0.0,50,0.4,1.0,1.0,0.0,0.0026951787996342125,0.0026951787996342125,1.0,0.0,1.0,0,0
drift_away,-1,accept_all,0.0,51,0.4,1.0,1.0,0.0,0.0024386986262062704,0.0024386986262062704,1.0,0.0,1.0,0,0
drift_away,-1,accept_all,0.0,52,0.4,1.0,1.0,0.0,0.0022066257683043267,0.0022066257683043267,1.0,0.0,1.0,0,0
drift_away,-1,accept_all,0.0,53,0.4,1.0,1.0,0.0,0.0019966375627641364,0.0019966375627641364,1.0,0.0,1.0,0,0
drift_away,-1,accept_all,0.0,54,0.4,1.0,1.0,0.0,0.0018066323770450365,0.0018066323770450365,1.0,0.0,1.0,0,0
drift_away,-1,accept_all,0.0,55,0.4,1.0,1.0,0.0,0.0016347085753856128,0.0016347085753856128,1.0,0.0,1.0,0,0
drift_away,-1,accept_all,0.0,56,0.4,1.0,1.0,0.0,0.0014791454865932252,0.0014791454865932252,1.0,0.0,1.0,0,0
drift_away,-1,accept_all,0.0,57,0.4,1.0,1.0,0.0,0.001338386182988538,0.001338386182988538,1.0,0.0,1.0,0,0
drift_away,-1,accept_all,0.0,58,0.4,1.0,1.0,0.0,0.0012110218981503662,0.0012110218981503662,1.0,0.0,1.0,0,0
drift_away,-1,accept_all,0.0,59,0.4,1.0,1.0,0.0,0.0010957779275073687,0.0010957779275073687,1.0,0.0,1.0,0,0
drift_away,-1,accept_all,0.0,60,0.4,1.0,1.0,0.0,0.0009915008706665729,0.0009915008706665729,1.0,0.0,1.0,0,0
drift_away,-1,accept_all,0.0,61,0.4,1.0,1.0,0.0,0.0008971470877943144,0.0008971470877943144,1.0,0.0,1.0,0,0
drift_away,-1,accept_all,0.0,62,0.4,1.0,1.0,0.0,0.0008117722545183392,0.0008117722545183392,1.0,0.0,1.0,0,0
drift_away,-1,accept_all,0.0,63,0.4,1.0,1.0,0.0,0.0007345219108115808,0.0007345219108115808,1.0,0.0,1.0,0,0
drift_away,-1,accept_all,0.0,64,0.4,1.0,1.0,0.0,0.0006646229092696077,0.0006646229092696077,1.0,0.0,1.0,0,0
drift_away,-1,accept_all,0.0,65,0.4,1.0,1.0,0.0,0.0006013756771909851,0.0006013756771909851,1.0,0.0,1.0,0,0
drift_away,-1,accept_all,0.0,66,0.4,1.0,1.0,0.0,0.000544147215019164,0.000544147215019164,1.0,0.0,1.0,0,0
drift_away,-1,accept_all,0.0,67,0.4,1.0,1.0,0.0,0.0004923647610693971,0.0004923647610693971,1.0,0.0,1.0,0,0
drift_away,-1,accept_all,0.0,68,0.4,1.0,1.0,0.0,0.0004455100591379546,0.0004455100591379546,1.0,0.0,1.0,0,0
drift_away,-1,accept_all,0.0,69,0.4,1.0,1.0,0.0,0.0004031141716194231,0.0004031141716194231,1.0,0.0,1.0,0,0
drift_away,-1,accept_all,0.0,70,0.4,1.0,1.0,0.0,0.0003647527862218336,0.0003647527862218336,1.0,0.0,1.0,0,0
drift_away,-1,accept_all,0.0,71,0.4,1.0,1.0,0.0,0.00033004196930641605,0.00033004196930641605,1.0,0.0,1.0,0,0
drift_away,-1,accept_all,0.0,72,0.4,1.0,1.0,0.0,0.0002986343233506439,0.0002986343233506439,1.0,0.0,1.0,0,0
drift_away,-1,accept_all,0.0,73,0.4,1.0,1.0,0.0,0.00027021551007755384,0.00027021551007755384,1.0,0.0,1.0,0,0
drift_away,-1,accept_all,0.0,74,0.4,1.0,1.0,0.0,0.00024450110445184414,0.00024450110445184414,1.0,0.0,1.0,0,0
drift_away,-1,accept_all,0.0,75,0.4,1.0,1.0,0.0,0.00022123374805915752,0.00022123374805915752,1.0,0.0,1.0,0,0
drift_away,-1,accept_all,0.0,76,0.4,1.0,1.0,0.0,0.00020018057337622963,0.00020018057337622963,1.0,0.0,1.0,0,0
drift_away,-1,accept_all,0.0,77,0.4,1.0,1.0,0.0,0.00018113087315474452,0.00018113087315474452,1.0,0.0,1.0,0,0
drift_away,-1,accept_all,0.0,78,0.4,1.0,1.0,0.0,0.00016389399159189022,0.00016389399159189022,1.0,0.0,1.0,0,0
drift_away,-1,accept_all,0.0,79,0.4,1.0,1.0,0.0,0.00014829741618360703,0.00014829741618360703,1.0,0.0,1.0,0,0
drift_away,-1,accept_all,0.0,80,0.4,1.0,1.0,0.0,0.00013418505116102875,0.00013418505116102875,1.0,0.0,1.0,0,0
drift_away,-1,reference_only,0.0,1,0.4,1.0,1.0,0.6,0.4,0.680967483607192,0.5,0.0,1.0,1,0
drift_away,-1,reference_only,0.0,2,0.4,1.0,1.0,0.0,1.0,0.6637461506155964,0.5,0.0,1.0,2,0
drift_away,-1,reference_only,0.0,3,0.4,1.0,1.0,0.0,1.0,0.6481636441363436,0.5,0.0,1.0,3,0
drift_away,-1,reference_only,0.0,4,0.4,1.0,1.0,0.0,1.0,0.6340640092071279,0.5,0.0,1.0,4,0
drift_away,-1,reference_only,0.0,5,0.4,1.0,1.0,0.0,1.0,0.6213061319425267,0.5,0.0,1.0,5,0
drift_away,-1,reference_only,0.0,6,0.4,1.0,1.0,0.0,1.0,0.6097623272188053,0.5,0.0,1.0,6,0
drift_away,-1,reference_only,0.0,7,0.4,1.0,1.0,0.0,1.0,0.5993170607582818,0.5,0.0,1.0,7,0
drift_away,-1,reference_only,0.0,8,0.4,1.0,1.0,0.0,1.0,0.5898657928234443,0.5,0.0,1.0,8,0
drift_away,-1,reference_only,0.0,9,0.4,1.0,1.0,0.0,1.0,0.5813139319481198,0.5,0.0,1.0,9,0
drift_away,-1,reference_only,0.0,10,0.4,1.0,1.0,0.0,1.0,0.5735758882342885,0.5,0.0,1.0,10,0
drift_away,-1,reference_only,0.0,11,0.4,1.0,1.0,0.0,1.0,0.5665742167396159,0.5,0.0,1.0,11,0
drift_away,-1,reference_only,0.0,12,0.4,1.0,1.0,0.0,1.0,0.5602388423824405,0.5,0.0,1.0,12,0
drift_away,-1,reference_only,0.0,13,0.4,1.0,1.0,0.0,1.0,0.5545063586068025,0.5,0.0,1.0,13,0
drift_away,-1,reference_only,0.0,14,0.4,1.0,1.0,0.0,1.0,0.5493193927883213,0.5,0.0,1.0,14,0
drift_away,-1,reference_only,0.0,15,0.4,1.0,1.0,0.0,1.0,0.544626032029686,0.5,0.0,1.0,15,0
drift_away,-1,reference_only,0.0,16,0.4,1.0,1.0,0.0,1.0,0.540379303598931,0.5,0.0,1.0,16,0
drift_away,-1,reference_only,0.0,17,0.4,1.0,1.0,0.0,1.0,0.5365367048105469,0.5,0.0,1.0,17,0
drift_away,-1,reference_only,0.0,18,0.4,1.0,1.0,0.0,1.0,0.5330597776443173,0.5,0.0,1.0,18,0
drift_away,-1,reference_only,0.0,19,0.4,1.0,1.0,0.0,1.0,0.5299137238445271,0.5,0.0,1.0,19,0
drift_away,-1,reference_only,0.0,20,0.4,1.0,1.0,0.0,1.0,0.5270670566473226,0.5,0.0,1.0,20,0
drift_away,-1,reference_only,0.0,21,0.4,1.0,1.0,0.0,1.0,0.5244912856505963,0.5,0.0,1.0,21,0
drift_away,-1,reference_only,0.0,22,0.4,1.0,1.0,0.0,1.0,0.5221606316724667,0.5,0.0,1.0,22,0
drift_away,-1,reference_only,0.0,23,0.4,1.0,1.0,0.0,1.0,0.5200517687445607,0.5,0.0,1.0,23,0
drift_away,-1,reference_only,0.0,24,0.4,1.0,1.0,0.0,1.0,0.5181435906578825,0.5,0.0,1.0,24,0
drift_away,-1,reference_only,0.0,25,0.4,1.0,1.0,0.0,1.0,0.5164169997247798,0.5,0.0,1.0,25,0
drift_away,-1,reference_only,0.0,26,0.4,1.0,1.0,0.0,1.0,0.5148547156428668,0.5,0.0,1.0,26,0
drift_away,-1,reference_only,0.0,27,0.4,1.0,1.0,0.0,1.0,0.51344110254795,0.5,0.0,1.0,27,0
drift_away,-1,reference_only,0.0,28,0.4,1.0,1.0,0.0,1.0,0.5121620125250437,0.5,0.0,1.0,28,0
drift_away,-1,reference_only,0.0,29,0.4,1.0,1.0,0.0,1.0,0.5110046440112814,0.5,0.0,1.0,29,0
drift_away,-1,reference_only,0.0,30,0.4,1.0,1.0,0.0,1.0,0.5099574136735727,0.5,0.0,1.0,30,0
drift_away,-1,reference_only,0.0,31,0.4,1.0,1.0,0.0,1.0,0.5090098404787116,0.5,0.0,1.0,31,0
drift_away,-1,reference_only,0.0,32,0.4,1.0,1.0,0.0,1.0,0.5081524407956732,0.5,0.0,1.0,32,0
drift_away,-1,reference_only,0.0,33,0.4,1.0,1.0,0.0,1.0,0.5073766334802481,0.5,0.0,1.0,33,0
drift_away,-1,reference_only,0.0,34,0.4,1.0,1.0,0.0,1.0,0.5066746539920652,0.5,0.0,1.0,34,0
drift_away,-1,reference_only,0.0,35,0.4,1.0,1.0,0.0,1.0,0.5060394766844637,0.5,0.0,1.0,35,0
drift_away,-1,reference_only,0.0,36,0.4,1.0,1.0,0.0,1.0,0.5054647444894584,0.5,0.0,1.0,36,0
drift_away,-1,reference_only,0.0,37,0.4,1.0,1.0,0.0,1.0,0.5049447052940679,0.5,0.0,1.0,37,0
drift_away,-1,reference_only,0.0,38,0.4,1.0,1.0,0.0,1.0,0.5044741543712331,0.5,0.0,1.0,38,0
drift_away,-1,reference_only,0.0,39,0.4,1.0,1.0,0.0,1.0,0.5040483822891608,0.5,0.0,1.0,39,0
drift_away,-1,reference_only,0.0,40,0.4,1.0,1.0,0.0,1.0,0.5036631277777468,0.5,0.0,1.0,40,0
drift_away,-1,reference_only,0.0,41,0.4,1.0,1.0,0.0,1.0,0.5033145350803523,0.5,0.0,1.0,41,0
drift_away,-1,reference_only,0.0,42,0.4,1.0,1.0,0.0,1.0,0.5029991153640956,0.5,0.0,1.0,42,0
drift_away,-1,reference_only,0.0,43,0.4,1.0,1.0,0.0,1.0,0.5027137118024402,0.5,0.0,1.0,43,0
drift_away,-1,reference_only,0.0,44,0.4,1.0,1.0,0.0,1.0,0.5024554679806137,0.5,0.0,1.0,44,0
drift_away,-1,reference_only,0.0,45,0.4,1.0,1.0,0.0,1.0,0.5022217993076485,0.5,0.0,1.0,45,0
drift_away,-1,reference_only,0.0,46,0.4,1.0,1.0,0.0,1.0,0.5020103671489267,0.5,0.0,1.0,46,0
drift_away,-1,reference_only,0.0,47,0.4,1.0,1.0,0.0,1.0,0.5018190554203392,0.5,0.0,1.0,47,0
drift_away,-1,reference_only,0.0,48,0.4,1.0,1.0,0.0,1.0,0.501645949409804,0.5,0.0,1.0,48,0
drift_away,-1,reference_only,0.0,49,0.4,1.0,1.0,0.0,1.0,0.5014893166141849,0.5,0.0,1.0,49,0
drift_away,-1,reference_only,0.0,50,0.4,1.0,1.0,0.0,1.0,0.5013475893998172,0.5,0.0,1.0,50,0
drift_away,-1,reference_only,0.0,51,0.4,1.0,1.0,0.0,1.0,0.5012193493131032,0.5,0.0,1.0,51,0
drift_away,-1,reference_only,0.0,52,0.4,1.0,1.0,0.0,1.0,0.5011033128841522,0.5,0.0,1.0,52,0
drift_away,-1,reference_only,0.0,53,0.4,1.0,1.0,0.0,1.0,0.500998318781382,0.5,0.0,1.0,53,0
drift_away,-1,reference_only,0.0,54,0.4,1.0,1.0,0.0,1.0,0.5009033161885226,0.5,0.0,1.0,54,0
drift_away,-1,reference_only,0.0,55,0.4,1.0,1.0,0.0,1.0,0.5008173542876928,0.5,0.0,1.0,55,0
drift_away,-1,reference_only,0.0,56,0.4,1.0,1.0,0.0,1.0,0.5007395727432966,0.5,0.0,1.0,56,0
drift_away,-1,reference_only,0.0,57,0.4,1.0,1.0,0.0,1.0,0.5006691930914943,0.5,0.0,1.0,57,0
drift_away,-1,reference_only,0.0,58,0.4,1.0,1.0,0.0,1.0,0.5006055109490752,0.5,0.0,1.0,58,0
drift_away,-1,reference_only,0.0,59,0.4,1.0,1.0,0.0,1.0,0.5005478889637537,0.5,0.0,1.0,59,0
drift_away,-1,reference_only,0.0,60,0.4,1.0,1.0,0.0,1.0,0.5004957504353333,0.5,0.0,1.0,60,0
drift_away,-1,reference_only,0.0,61,0.4,1.0,1.0,0.0,1.0,0.5004485735438972,0.5,0.0,1.0,61,0
drift_away,-1,reference_only,0.0,62,0.4,1.0,1.0,0.0,1.0,0.5004058861272591,0.5,0.0,1.0,62,0
drift_away,-1,reference_only,0.0,63,0.4,1.0,1.0,0.0,1.0,0.5003672609554057,0.5,0.0,1.0,63,0
drift_away,-1,reference_only,0.0,64,0.4,1.0,1.0,0.0,1.0,0.5003323114546347,0.5,0.0,1.0,64,0
drift_away,-1,reference_only,0.0,65,0.4,1.0,1.0,0.0,1.0,0.5003006878385955,0.5,0.0,1.0,65,0
drift_away,-1,reference_only,0.0,66,0.4,1.0,1.0,0.0,1.0,0.5002720736075096,0.5,0.0,1.0,66,0
drift_away,-1,reference_only,0.0,67,0.4,1.0,1.0,0.0,1.0,0.5002461823805346,0.5,0.0,1.0,67,0
drift_away,-1,reference_only,0.0,68,0.4,1.0,1.0,0.0,1.0,0.500222755029569,0.5,0.0,1.0,68,0
drift_away,-1,reference_only,0.0,69,0.4,1.0,1.0,0.0,1.0,0.5002015570858097,0.5,0.0,1.0,69,0
drift_away,-1,reference_only,0.0,70,0.4,1.0,1.0,0.0,1.0,0.5001823763931109,0.5,0.0,1.0,70,0
drift_away,-1,reference_only,0.0,71,0.4,1.0,1.0,0.0,1.0,0.5001650209846532,0.5,0.0,1.0,71,0
drift_away,-1,reference_only,0.0,72,0.4,1.0,1.0,0.0,1.0,0.5001493171616753,0.5,0.0,1.0,72,0
drift_away,-1,reference_only,0.0,73,0.4,1.0,1.0,0.0,1.0,0.5001351077550388,0.5,0.0,1.0,73,0
drift_away,-1,reference_only,0.0,74,0.4,1.0,1.0,0.0,1.0,0.5001222505522259,0.5,0.0,1.0,74,0
drift_away,-1,reference_only,0.0,75,0.4,1.0,1.0,0.0,1.0,0.5001106168740296,0.5,0.0,1.0,75,0
drift_away,-1,reference_only,0.0,76,0.4,1.0,1.0,0.0,1.0,0.5001000902866881,0.5,0.0,1.0,76,0
drift_away,-1,reference_only,0.0,77,0.4,1.0,1.0,0.0,1.0,0.5000905654365774,0.5,0.0,1.0,77,0
drift_away,-1,reference_only,0.0,78,0.4,1.0,1.0,0.0,1.0,0.500081946995796,0.5,0.0,1.0,78,0
drift_away,-1,reference_only,0.0,79,0.4,1.0,1.0,0.0,1.0,0.5000741487080917,0.5,0.0,1.0,79,0
drift_away,-1,reference_only,0.0,80,0.4,1.0,1.0,0.0,1.0,0.5000670925255806,0.5,0.0,1.0,80,0
drift_away,-1,gated,0.01,1,0.4,1.0,0.4,0.0,,0.680967483607192,0.0,0.6,0.0,2,1
drift_away,-1,gated,0.01,2,0.4,1.0,0.4,0.0,,0.6637461506155964,0.0,0.6,0.0,4,2
drift_away,-1,gated,0.01,3,0.4,1.0,0.4,0.0,,0.6481636441363436,0.0,0.6,0.0,6,3
drift_away,-1,gated,0.01,4,0.4,1.0,0.4,0.0,,0.6340640092071279,0.0,0.6,0.0,8,4
drift_away,-1,gated,0.01,5,0.4,1.0,0.4,0.0,,0.6213061319425267,0.0,0.6,0.0,10,5
drift_away,-1,gated,0.01,6,0.4,1.0,0.4,0.0,,0.6097623272188053,0.0,0.6,0.0,12,6
drift_away,-1,gated,0.01,7,0.4,1.0,0.4,0.0,,0.5993170607582818,0.0,0.6,0.0,14,7
drift_away,-1,gated,0.01,8,0.4,1.0,0.4,0.0,,0.5898657928234443,0.0,0.6,0.0,16,8
drift_away,-1,gated,0.01,9,0.4,1.0,0.4,0.0,,0.5813139319481198,0.0,0.6,0.0,18,9
drift_away,-1,gated,0.01,10,0.4,1.0,0.4,0.0,,0.5735758882342885,0.0,0.6,0.0,20,10
drift_away,-1,gated,0.01,11,0.4,1.0,0.4,0.0,,0.5665742167396159,0.0,0.6,0.0,22,11
drift_away,-1,gated,0.01,12,0.4,1.0,0.4,0.0,,0.5602388423824405,0.0,0.6,0.0,24,12
drift_away,-1,gated,0.01,13,0.4,1.0,0.4,0.0,,0.5545063586068025,0.0,0.6,0.0,26,13
drift_away,-1,gated,0.01,14,0.4,1.0,0.4,0.0,,0.5493193927883213,0.0,0.6,0.0,28,14
drift_away,-1,gated,0.01,15,0.4,1.0,0.4,0.0,,0.544626032029686,0.0,0.6,0.0,30,15
drift_away,-1,gated,0.01,16,0.4,1.0,0.4,0.0,,0.540379303598931,0.0,0.6,0.0,32,16
drift_away,-1,gated,0.01,17,0.4,1.0,0.4,0.0,,0.5365367048105469,0.0,0.6,0.0,34,17
drift_away,-1,gated,0.01,18,0.4,1.0,0.4,0.0,,0.5330597776443173,0.0,0.6,0.0,36,18
drift_away,-1,gated,0.01,19,0.4,1.0,0.4,0.0,,0.5299137238445271,0.0,0.6,0.0,38,19
drift_away,-1,gated,0.01,20,0.4,1.0,0.4,0.0,,0.5270670566473226,0.0,0.6,0.0,40,20
drift_away,-1,gated,0.01,21,0.4,1.0,0.4,0.0,,0.5244912856505963,0.0,0.6,0.0,42,21
drift_away,-1,gated,0.01,22,0.4,1.0,0.4,0.0,,0.5221606316724667,0.0,0.6,0.0,44,22
drift_away,-1,gated,0.01,23,0.4,1.0,0.4,0.0,,0.5200517687445607,0.0,0.6,0.0,46,23
drift_away,-1,gated,0.01,24,0.4,1.0,0.4,0.0,,0.5181435906578825,0.0,0.6,0.0,48,24
drift_away,-1,gated,0.01,25,0.4,1.0,0.4,0.0,,0.5164169997247798,0.0,0.6,0.0,50,25
drift_away,-1,gated,0.01,26,0.4,1.0,0.4,0.0,,0.5148547156428668,0.0,0.6,0.0,52,26
drift_away,-1,gated,0.01,27,0.4,1.0,0.4,0.0,,0.51344110254795,0.0,0.6,0.0,54,27
drift_away,-1,gated,0.01,28,0.4,1.0,0.4,0.0,,0.5121620125250437,0.0,0.6,0.0,56,28
drift_away,-1,gated,0.01,29,0.4,1.0,0.4,0.0,,0.5110046440112814,0.0,0.6,0.0,58,29
drift_away,-1,gated,0.01,30,0.4,1.0,0.4,0.0,,0.5099574136735727,0.0,0.6,0.0,60,30
drift_away,-1,gated,0.01,31,0.4,1.0,0.4,0.0,,0.5090098404787116,0.0,0.6,0.0,62,31
drift_away,-1,gated,0.01,32,0.4,1.0,0.4,0.0,,0.5081524407956732,0.0,0.6,0.0,64,32
drift_away,-1,gated,0.01,33,0.4,1.0,0.4,0.0,,0.5073766334802481,0.0,0.6,0.0,66,33
drift_away,-1,gated,0.01,34,0.4,1.0,0.4,0.0,,0.5066746539920652,0.0,0.6,0.0,68,34
drift_away,-1,gated,0.01,35,0.4,1.0,0.4,0.0,,0.5060394766844637,0.0,0.6,0.0,70,35
drift_away,-1,gated,0.01,36,0.4,1.0,0.4,0.0,,0.5054647444894584,0.0,0.6,0.0,72,36
drift_away,-1,gated,0.01,37,0.4,1.0,0.4,0.0,,0.5049447052940679,0.0,0.6,0.0,74,37
drift_away,-1,gated,0.01,38,0.4,1.0,0.4,0.0,,0.5044741543712331,0.0,0.6,0.0,76,38
drift_away,-1,gated,0.01,39,0.4,1.0,0.4,0.0,,0.5040483822891608,0.0,0.6,0.0,78,39
drift_away,-1,gated,0.01,40,0.4,1.0,0.4,0.0,,0.5036631277777468,0.0,0.6,0.0,80,40
drift_away,-1,gated,0.01,41,0.4,1.0,0.4,0.0,,0.5033145350803523,0.0,0.6,0.0,82,41
drift_away,-1,gated,0.01,42,0.4,1.0,0.4,0.0,,0.5029991153640956,0.0,0.6,0.0,84,42
drift_away,-1,gated,0.01,43,0.4,1.0,0.4,0.0,,0.5027137118024402,0.0,0.6,0.0,86,43
drift_away,-1,gated,0.01,44,0.4,1.0,0.4,0.0,,0.5024554679806137,0.0,0.6,0.0,88,44
drift_away,-1,gated,0.01,45,0.4,1.0,0.4,0.0,,0.5022217993076485,0.0,0.6,0.0,90,45
drift_away,-1,gated,0.01,46,0.4,1.0,0.4,0.0,,0.5020103671489267,0.0,0.6,0.0,92,46
drift_away,-1,gated,0.01,47,0.4,1.0,0.4,0.0,,0.5018190554203392,0.0,0.6,0.0,94,47
drift_away,-1,gated,0.01,48,0.4,1.0,0.4,0.0,,0.501645949409804,0.0,0.6,0.0,96,48
drift_away,-1,gated,0.01,49,0.4,1.0,0.4,0.0,,0.5014893166141849,0.0,0.6,0.0,98,49
drift_away,-1,gated,0.01,50,0.4,1.0,0.4,0.0,,0.5013475893998172,0.0,0.6,0.0,100,50
drift_away,-1,gated,0.01,51,0.4,1.0,0.4,0.0,,0.5012193493131032,0.0,0.6,0.0,102,51
drift_away,-1,gated,0.01,52,0.4,1.0,0.4,0.0,,0.5011033128841522,0.0,0.6,0.0,104,52
drift_away,-1,gated,0.01,53,0.4,1.0,0.4,0.0,,0.500998318781382,0.0,0.6,0.0,106,53
drift_away,-1,gated,0.01,54,0.4,1.0,0.4,0.0,,0.5009033161885226,0.0,0.6,0.0,108,54
drift_away,-1,gated,0.01,55,0.4,1.0,0.4,0.0,,0.5008173542876928,0.0,0.6,0.0,110,55
drift_away,-1,gated,0.01,56,0.4,1.0,0.4,0.0,,0.5007395727432966,0.0,0.6,0.0,112,56
drift_away,-1,gated,0.01,57,0.4,1.0,0.4,0.0,,0.5006691930914942,0.0,0.6,0.0,114,57
drift_away,-1,gated,0.01,58,0.4,1.0,0.4,0.0,,0.5006055109490752,0.0,0.6,0.0,116,58
drift_away,-1,gated,0.01,59,0.4,1.0,0.4,0.0,,0.5005478889637537,0.0,0.6,0.0,118,59
drift_away,-1,gated,0.01,60,0.4,1.0,0.4,0.0,,0.5004957504353333,0.0,0.6,0.0,120,60
drift_away,-1,gated,0.01,61,0.4,1.0,0.4,0.0,,0.5004485735438972,0.0,0.6,0.0,122,61
drift_away,-1,gated,0.01,62,0.4,1.0,0.4,0.0,,0.5004058861272591,0.0,0.6,0.0,124,62
drift_away,-1,gated,0.01,63,0.4,1.0,0.4,0.0,,0.5003672609554057,0.0,0.6,0.0,126,63
drift_away,-1,gated,0.01,64,0.4,1.0,0.4,0.0,,0.5003323114546347,0.0,0.6,0.0,128,64
drift_away,-1,gated,0.01,65,0.4,1.0,0.4,0.0,,0.5003006878385956,0.0,0.6,0.0,130,65
drift_away,-1,gated,0.01,66,0.4,1.0,0.4,0.0,,0.5002720736075096,0.0,0.6,0.0,132,66
drift_away,-1,gated,0.01,67,0.4,1.0,0.4,0.0,,0.5002461823805346,0.0,0.6,0.0,134,67
drift_away,-1,gated,0.01,68,0.4,1.0,0.4,0.0,,0.500222755029569,0.0,0.6,0.0,136,68
drift_away,-1,gated,0.01,69,0.4,1.0,0.4,0.0,,0.5002015570858097,0.0,0.6,0.0,138,69
drift_away,-1,gated,0.01,70,0.4,1.0,0.4,0.0,,0.5001823763931109,0.0,0.6,0.0,140,70
drift_away,-1,gated,0.01,71,0.4,1.0,0.4,0.0,,0.5001650209846531,0.0,0.6,0.0,142,71
drift_away,-1,gated,0.01,72,0.4,1.0,0.4,0.0,,0.5001493171616753,0.0,0.6,0.0,144,72
drift_away,-1,gated,0.01,73,0.4,1.0,0.4,0.0,,0.5001351077550388,0.0,0.6,0.0,146,73
drift_away,-1,gated,0.01,74,0.4,1.0,0.4,0.0,,0.5001222505522259,0.0,0.6,0.0,148,74
drift_away,-1,gated,0.01,75,0.4,1.0,0.4,0.0,,0.5001106168740296,0.0,0.6,0.0,150,75
drift_away,-1,gated,0.01,76,0.4,1.0,0.4,0.0,,0.5001000902866881,0.0,0.6,0.0,152,76
drift_away,-1,gated,0.01,77,0.4,1.0,0.4,0.0,,0.5000905654365774,0.0,0.6,0.0,154,77
drift_away,-1,gated,0.01,78,0.4,1.0,0.4,0.0,,0.500081946995796,0.0,0.6,0.0,156,78
drift_away,-1,gated,0.01,79,0.4,1.0,0.4,0.0,,0.5000741487080917,0.0,0.6,0.0,158,79
drift_away,-1,gated,0.01,80,0.4,1.0,0.4,0.0,,0.5000670925255806,0.0,0.6,0.0,160,80
drift_away,-1,accept_all,0.01,1,0.4,1.0,1.0,0.6,0.6619349672143838,0.6619349672143838,1.0,0.0,1.0,0,0
drift_away,-1,accept_all,0.01,2,0.4,1.0,1.0,0.0,0.3274923012311928,0.3274923012311928,1.0,0.0,1.0,0,0
drift_away,-1,accept_all,0.01,3,0.4,1.0,1.0,0.0,0.2963272882726872,0.2963272882726872,1.0,0.0,1.0,0,0
drift_away,-1,accept_all,0.01,4,0.4,1.0,1.0,0.0,0.2681280184142558,0.2681280184142558,1.0,0.0,1.0,0,0
drift_away,-1,accept_all,0.01,5,0.4,1.0,1.0,0.0,0.24261226388505341,0.24261226388505341,1.0,0.0,1.0,0,0
drift_away,-1,accept_all,0.01,6,0.4,1.0,1.0,0.0,0.2195246544376106,0.2195246544376106,1.0,0.0,1.0,0,0
drift_away,-1,accept_all,0.01,7,0.4,1.0,1.0,0.0,0.1986341215165638,0.1986341215165638,1.0,0.0,1.0,0,0
drift_away,-1,accept_all,0.01,8,0.4,1.0,1.0,0.0,0.17973158564688863,0.17973158564688863,1.0,0.0,1.0,0,0
drift_away,-1,accept_all,0.01,9,0.4,1.0,1.0,0.0,0.16262786389623962,0.16262786389623962,1.0,0.0,1.0,0,0
drift_away,-1,accept_all,0.01,10,0.4,1.0,1.0,0.0,0.1471517764685769,0.1471517764685769,1.0,0.0,1.0,0,0
drift_away,-1,accept_all,0.01,11,0.4,1.0,1.0,0.0,0.1331484334792319,0.1331484334792319,1.0,0.0,1.0,0,0
drift_away,-1,accept_all,0.01,12,0.4,1.0,1.0,0.0,0.12047768476488085,0.12047768476488085,1.0,0.0,1.0,0,0
drift_away,-1,accept_all,0.01,13,0.4,1.0,1.0,0.0,0.10901271721360506,0.10901271721360506,1.0,0.0,1.0,0,0
drift_away,-1,accept_all,0.01,14,0.4,1.0,1.0,0.0,0.09863878557664263,0.09863878557664263,1.0,0.0,1.0,0,0
drift_away,-1,accept_all,0.01,15,0.4,1.0,1.0,0.0,0.08925206405937192,0.08925206405937192,1.0,0.0,1.0,0,0
drift_away,-1,accept_all,0.01,16,0.4,1.0,1.0,0.0,0.0807586071978621,0.0807586071978621,1.0,0.0,1.0,0,0
drift_away,-1,accept_all,0.01,17,0.4,1.0,1.0,0.0,0.07307340962109388,0.07307340962109388,1.0,0.0,1.0,0,0
drift_away,-1,accept_all,0.01,18,0.4,1.0,1.0,0.0,0.06611955528863467,0.06611955528863467,1.0,0.0,1.0,0,0
drift_away,-1,accept_all,0.01,19,0.4,1.0,1.0,0.0,0.059827447689054014,0.059827447689054014,1.0,0.0,1.0,0,0
drift_away,-1,accept_all,0.01,20,0.4,1.0,1.0,0.0,0.054134113294645125,0.054134113294645125,1.0,0.0,1.0,0,0
drift_away,-1,accept_all,0.01,21,0.4,1.0,1.0,0.0,0.04898257130119277,0.04898257130119277,1.0,0.0,1.0,0,0
drift_away,-1,accept_all,0.01,22,0.4,1.0,1.0,0.0,0.04432126334493358,0.04432126334493358,1.0,0.0,1.0,0,0
drift_away,-1,accept_all,0.01,23,0.4,1.0,1.0,0.0,0.040103537489121543,0.040103537489121543,1.0,0.0,1.0,0,0
drift_away,-1,accept_all,0.01,24,0.4,1.0,1.0,0.0,0.03628718131576503,0.03628718131576503,1.0,0.0,1.0,0,0
drift_away,-1,accept_all,0.01,25,0.4,1.0,1.0,0.0,0.03283399944955956,0.03283399944955956,1.0,0.0,1.0,0,0
drift_away,-1,accept_all,0.01,26,0.4,1.0,1.0,0.0,0.029709431285733556,0.029709431285733556,1.0,0.0,1.0,0,0
drift_away,-1,accept_all,0.01,27,0.4,1.0,1.0,0.0,0.02688220509589989,0.02688220509589989,1.0,0.0,1.0,0,0
drift_away,-1,accept_all,0.01,28,0.4,1.0,1.0,0.0,0.02432402505008724,0.02432402505008724,1.0,0.0,1.0,0,0
drift_away,-1,accept_all,0.01,29,0.4,1.0,1.0,0.0,0.022009288022562856,0.022009288022562856,1.0,0.0,1.0,0,0
drift_away,-1,accept_all,0.01,30,0.4,1.0,1.0,0.0,0.01991482734714556,0.01991482734714556,1.0,0.0,1.0,0,0
drift_away,-1,accept_all,0.01,31,0.4,1.0,1.0,0.0,0.018019680957423123,0.018019680957423123,1.0,0.0,1.0,0,0
drift_away,-1,accept_all,0.01,32,0.4,1.0,1.0,0.0,0.016304881591346465,0.016304881591346465,1.0,0.0,1.0,0,0
drift_away,-1,accept_all,0.01,33,0.4,1.0,1.0,0.0,0.014753266960496059,0.014753266960496059,1.0,0.0,1.0,0,0
drift_away,-1,accept_all,0.01,34,0.4,1.0,1.0,0.0,0.013349307984130476,0.013349307984130476,1.0,0.0,1.0,0,0
drift_away,-1,accept_all,0.01,35,0.4,1.0,1.0,0.0,0.012078953368927392,0.012078953368927392,1.0,0.0,1.0,0,0
drift_away,-1,accept_all,0.01,36,0.4,1.0,1.0,0.0,0.01092948897891699,0.01092948897891699,1.0,0.0,1.0,0,0
drift_away,-1,accept_all,0.01,37,0.4,1.0,1.0,0.0,0.00988941058813575,0.00988941058813575,1.0,0.0,1.0,0,0
drift_away,-1,accept_all,0.01,38,0.4,1.0,1.0,0.0,0.008948308742466216,0.008948308742466216,1.0,0.0,1.0,0,0
drift_away,-1,accept_all,0.01,39,0.4,1.0,1.0,0.0,0.008096764578321758,0.008096764578321758,1.0,0.0,1.0,0,0
drift_away,-1,accept_all,0.01,40,0.4,1.0,1.0,0.0,0.00732625555549371,0.00732625555549371,1.0,0.0,1.0,0,0
drift_away,-1,accept_all,0.01,41,0.4,1.0,1.0,0.0,0.006629070160704464,0.006629070160704464,1.0,0.0,1.0,0,0
drift_away,-1,accept_all,0.01,42,0.4,1.0,1.0,0.0,0.005998230728191056,0.005998230728191056,1.0,0.0,1.0,0,0
drift_away,-1,accept_all,0.01,43,0.4,1.0,1.0,0.0,0.005427423604880355,0.005427423604880355,1.0,0.0,1.0,0,0
drift_away,-1,accept_all,0.01,44,0.4,1.0,1.0,0.0,0.004910935961227381,0.004910935961227381,1.0,0.0,1.0,0,0
drift_away,-1,accept_all,0.01,45,0.4,1.0,1.0,0.0,0.004443598615296973,0.004443598615296973,1.0,0.0,1.0,0,0
drift_away,-1,accept_all,0.01,46,0.4,1.0,1.0,0.0,0.004020734297853434,0.004020734297853434,1.0,0.0,1.0,0,0
drift_away,-1,accept_all,0.01,47,0.4,1.0,1.0,0.0,0.0036381108406783325,0.0036381108406783325,1.0,0.0,1.0,0,0
drift_away,-1,accept_all,0.01,48,0.4,1.0,1.0,0.0,0.003291898819608008,0.003291898819608008,1.0,0.0,1.0,0,0
drift_away,-1,accept_all,0.01,49,0.4,1.0,1.0,0.0,0.002978633228369776,0.002978633228369776,1.0,0.0,1.0,0,0
drift_away,-1,accept_all,0.01,50,0.4,1.0,1.0,0.0,0.0026951787996342125,0.0026951787996342125,1.0,0.0,1.0,0,0
drift_away,-1,accept_all,0.01,51,0.4,1.0,1.0,0.0,0.0024386986262062704,0.0024386986262062704,1.0,0.0,1.0,0,0
drift_away,-1,accept_all,0.01,52,0.4,1.0,1.0,0.0,0.0022066257683043267,0.0022066257683043267,1.0,0.0,1.0,0,0
drift_away,-1,accept_all,0.01,53,0.4,1.0,1.0,0.0,0.0019966375627641364,0.0019966375627641364,1.0,0.0,1.0,0,0
drift_away,-1,accept_all,0.01,54,0.4,1.0,1.0,0.0,0.0018066323770450365,0.0018066323770450365,1.0,0.0,1.0,0,0
drift_away,-1,accept_all,0.01,55,0.4,1.0,1.0,0.0,0.0016347085753856128,0.0016347085753856128,1.0,0.0,1.0,0,0
drift_away,-1,accept_all,0.01,56,0.4,1.0,1.0,0.0,0.0014791454865932252,0.0014791454865932252,1.0,0.0,1.0,0,0
drift_away,-1,accept_all,0.01,57,0.4,1.0,1.0,0.0,0.001338386182988538,0.001338386182988538,1.0,0.0,1.0,0,0
drift_away,-1,accept_all,0.01,58,0.4,1.0,1.0,0.0,0.0012110218981503662,0.0012110218981503662,1.0,0.0,1.0,0,0
drift_away,-1,accept_all,0.01,59,0.4,1.0,1.0,0.0,0.0010957779275073687,0.0010957779275073687,1.0,0.0,1.0,0,0
drift_away,-1,accept_all,0.01,60,0.4,1.0,1.0,0.0,0.0009915008706665729,0.0009915008706665729,1.0,0.0,1.0,0,0
drift_away,-1,accept_all,0.01,61,0.4,1.0,1.0,0.0,0.0008971470877943144,0.0008971470877943144,1.0,0.0,1.0,0,0
drift_away,-1,accept_all,0.01,62,0.4,1.0,1.0,0.0,0.0008117722545183392,0.0008117722545183392,1.0,0.0,1.0,0,0
drift_away,-1,accept_all,0.01,63,0.4,1.0,1.0,0.0,0.0007345219108115808,0.0007345219108115808,1.0,0.0,1.0,0,0
drift_away,-1,accept_all,0.01,64,0.4,1.0,1.0,0.0,0.0006646229092696077,0.0006646229092696077,1.0,0.0,1.0,0,0
drift_away,-1,accept_all,0.01,65,0.4,1.0,1.0,0.0,0.0006013756771909851,0.0006013756771909851,1.0,0.0,1.0,0,0
drift_away,-1,accept_all,0.01,66,0.4,1.0,1.0,0.0,0.000544147215019164,0.000544147215019164,1.0,0.0,1.0,0,0
drift_away,-1,accept_all,0.01,67,0.4,1.0,1.0,0.0,0.0004923647610693971,0.0004923647610693971,1.0,0.0,1.0,0,0
drift_away,-1,accept_all,0.01,68,0.4,1.0,1.0,0.0,0.0004455100591379546,0.0004455100591379546,1.0,0.0,1.0,0,0
drift_away,-1,accept_all,0.01,69,0.4,1.0,1.0,0.0,0.0004031141716194231,0.0004031141716194231,1.0,0.0,1.0,0,0
drift_away,-1,accept_all,0.01,70,0.4,1.0,1.0,0.0,0.0003647527862218336,0.0003647527862218336,1.0,0.0,1.0,0,0
drift_away,-1,accept_all,0.01,71,0.4,1.0,1.0,0.0,0.00033004196930641605,0.00033004196930641605,1.0,0.0,1.0,0,0
drift_away,-1,accept_all,0.01,72,0.4,1.0,1.0,0.0,0.0002986343233506439,0.0002986343233506439,1.0,0.0,1.0,0,0
drift_away,-1,accept_all,0.01,73,0.4,1.0,1.0,0.0,0.00027021551007755384,0.00027021551007755384,1.0,0.0,1.0,0,0
drift_away,-1,accept_all,0.01,74,0.4,1.0,1.0,0.0,0.00024450110445184414,0.00024450110445184414,1.0,0.0,1.0,0,0
drift_away,-1,accept_all,0.01,75,0.4,1.0,1.0,0.0,0.00022123374805915752,0.00022123374805915752,1.0,0.0,1.0,0,0
drift_away,-1,accept_all,0.01,76,0.4,1.0,1.0,0.0,0.00020018057337622963,0.00020018057337622963,1.0,0.0,1.0,0,0
drift_away,-1,accept_all,0.01,77,0.4,1.0,1.0,0.0,0.00018113087315474452,0.00018113087315474452,1.0,0.0,1.0,0,0
drift_away,-1,accept_all,0.01,78,0.4,1.0,1.0,0.0,0.00016389399159189022,0.00016389399159189022,1.0,0.0,1.0,0,0
drift_away,-1,accept_all,0.01,79,0.4,1.0,1.0,0.0,0.00014829741618360703,0.00014829741618360703,1.0,0.0,1.0,0,0
drift_away,-1,accept_all,0.01,80,0.4,1.0,1.0,0.0,0.00013418505116102875,0.00013418505116102875,1.0,0.0,1.0,0,0
drift_away,-1,reference_only,0.01,1,0.4,1.0,1.0,0.6,0.4,0.680967483607192,0.5,0.0,1.0,1,0
drift_away,-1,reference_only,0.01,2,0.4,1.0,1.0,0.0,1.0,0.6637461506155964,0.5,0.0,1.0,2,0
drift_away,-1,reference_only,0.01,3,0.4,1.0,1.0,0.0,1.0,0.6481636441363436,0.5,0.0,1.0,3,0
drift_away,-1,reference_only,0.01,4,0.4,1.0,1.0,0.0,1.0,0.6340640092071279,0.5,0.0,1.0,4,0
drift_away,-1,reference_only,0.01,5,0.4,1.0,1.0,0.0,1.0,0.6213061319425267,0.5,0.0,1.0,5,0
drift_away,-1,reference_only,0.01,6,0.4,1.0,1.0,0.0,1.0,0.6097623272188053,0.5,0.0,1.0,6,0
drift_away,-1,reference_only,0.01,7,0.4,1.0,1.0,0.0,1.0,0.5993170607582818,0.5,0.0,1.0,7,0
drift_away,-1,reference_only,0.01,8,0.4,1.0,1.0,0.0,1.0,0.5898657928234443,0.5,0.0,1.0,8,0
drift_away,-1,reference_only,0.01,9,0.4,1.0,1.0,0.0,1.0,0.5813139319481198,0.5,0.0,1.0,9,0
drift_away,-1,reference_only,0.01,10,0.4,1.0,1.0,0.0,1.0,0.5735758882342885,0.5,0.0,1.0,10,0
drift_away,-1,reference_only,0.01,11,0.4,1.0,1.0,0.0,1.0,0.5665742167396159,0.5,0.0,1.0,11,0
drift_away,-1,reference_only,0.01,12,0.4,1.0,1.0,0.0,1.0,0.5602388423824405,0.5,0.0,1.0,12,0
drift_away,-1,reference_only,0.01,13,0.4,1.0,1.0,0.0,1.0,0.5545063586068025,0.5,0.0,1.0,13,0
drift_away,-1,reference_only,0.01,14,0.4,1.0,1.0,0.0,1.0,0.5493193927883213,0.5,0.0,1.0,14,0
drift_away,-1,reference_only,0.01,15,0.4,1.0,1.0,0.0,1.0,0.544626032029686,0.5,0.0,1.0,15,0
drift_away,-1,reference_only,0.01,16,0.4,1.0,1.0,0.0,1.0,0.540379303598931,0.5,0.0,1.0,16,0
drift_away,-1,reference_only,0.01,17,0.4,1.0,1.0,0.0,1.0,0.5365367048105469,0.5,0.0,1.0,17,0
drift_away,-1,reference_only,0.01,18,0.4,1.0,1.0,0.0,1.0,0.5330597776443173,0.5,0.0,1.0,18,0
drift_away,-1,reference_only,0.01,19,0.4,1.0,1.0,0.0,1.0,0.5299137238445271,0.5,0.0,1.0,19,0
drift_away,-1,reference_only,0.01,20,0.4,1.0,1.0,0.0,1.0,0.5270670566473226,0.5,0.0,1.0,20,0
drift_away,-1,reference_only,0.01,21,0.4,1.0,1.0,0.0,1.0,0.5244912856505963,0.5,0.0,1.0,21,0
drift_away,-1,reference_only,0.01,22,0.4,1.0,1.0,0.0,1.0,0.5221606316724667,0.5,0.0,1.0,22,0
drift_away,-1,reference_only,0.01,23,0.4,1.0,1.0,0.0,1.0,0.5200517687445607,0.5,0.0,1.0,23,0
drift_away,-1,reference_only,0.01,24,0.4,1.0,1.0,0.0,1.0,0.5181435906578825,0.5,0.0,1.0,24,0
drift_away,-1,reference_only,0.01,25,0.4,1.0,1.0,0.0,1.0,0.5164169997247798,0.5,0.0,1.0,25,0
drift_away,-1,reference_only,0.01,26,0.4,1.0,1.0,0.0,1.0,0.5148547156428668,0.5,0.0,1.0,26,0
drift_away,-1,reference_only,0.01,27,0.4,1.0,1.0,0.0,1.0,0.51344110254795,0.5,0.0,1.0,27,0
drift_away,-1,reference_only,0.01,28,0.4,1.0,1.0,0.0,1.0,0.5121620125250437,0.5,0.0,1.0,28,0
drift_away,-1,reference_only,0.01,29,0.4,1.0,1.0,0.0,1.0,0.5110046440112814,0.5,0.0,1.0,29,0
drift_away,-1,reference_only,0.01,30,0.4,1.0,1.0,0.0,1.0,0.5099574136735727,0.5,0.0,1.0,30,0
drift_away,-1,reference_only,0.01,31,0.4,1.0,1.0,0.0,1.0,0.5090098404787116,0.5,0.0,1.0,31,0
drift_away,-1,reference_only,0.01,32,0.4,1.0,1.0,0.0,1.0,0.5081524407956732,0.5,0.0,1.0,32,0
drift_away,-1,reference_only,0.01,33,0.4,1.0,1.0,0.0,1.0,0.5073766334802481,0.5,0.0,1.0,33,0
drift_away,-1,reference_only,0.01,34,0.4,1.0,1.0,0.0,1.0,0.5066746539920652,0.5,0.0,1.0,34,0
drift_away,-1,reference_only,0.01,35,0.4,1.0,1.0,0.0,1.0,0.5060394766844637,0.5,0.0,1.0,35,0
drift_away,-1,reference_only,0.01,36,0.4,1.0,1.0,0.0,1.0,0.5054647444894584,0.5,0.0,1.0,36,0
drift_away,-1,reference_only,0.01,37,0.4,1.0,1.0,0.0,1.0,0.5049447052940679,0.5,0.0,1.0,37,0
drift_away,-1,reference_only,0.01,38,0.4,1.0,1.0,0.0,1.0,0.5044741543712331,0.5,0.0,1.0,38,0
drift_away,-1,reference_only,0.01,39,0.4,1.0,1.0,0.0,1.0,0.5040483822891608,0.5,0.0,1.0,39,0
drift_away,-1,reference_only,0.01,40,0.4,1.0,1.0,0.0,1.0,0.5036631277777468,0.5,0.0,1.0,40,0
drift_away,-1,reference_only,0.01,41,0.4,1.0,1.0,0.0,1.0,0.5033145350803523,0.5,0.0,1.0,41,0
drift_away,-1,reference_only,0.01,42,0.4,1.0,1.0,0.0,1.0,0.5029991153640956,0.5,0.0,1.0,42,0
drift_away,-1,reference_only,0.01,43,0.4,1.0,1.0,0.0,1.0,0.5027137118024402,0.5,0.0,1.0,43,0
drift_away,-1,reference_only,0.01,44,0.4,1.0,1.0,0.0,1.0,0.5024554679806137,0.5,0.0,1.0,44,0
drift_away,-1,reference_only,0.01,45,0.4,1.0,1.0,0.0,1.0,0.5022217993076485,0.5,0.0,1.0,45,0
drift_away,-1,reference_only,0.01,46,0.4,1.0,1.0,0.0,1.0,0.5020103671489267,0.5,0.0,1.0,46,0
drift_away,-1,reference_only,0.01,47,0.4,1.0,1.0,0.0,1.0,0.5018190554203392,0.5,0.0,1.0,47,0
drift_away,-1,reference_only,0.01,48,0.4,1.0,1.0,0.0,1.0,0.501645949409804,0.5,0.0,1.0,48,0
drift_away,-1,reference_only,0.01,49,0.4,1.0,1.0,0.0,1.0,0.5014893166141849,0.5,0.0,1.0,49,0
drift_away,-1,reference_only,0.01,50,0.4,1.0,1.0,0.0,1.0,0.5013475893998172,0.5,0.0,1.0,50,0
drift_away,-1,reference_only,0.01,51,0.4,1.0,1.0,0.0,1.0,0.5012193493131032,0.5,0.0,1.0,51,0
drift_away,-1,reference_only,0.01,52,0.4,1.0,1.0,0.0,1.0,0.5011033128841522,0.5,0.0,1.0,52,0
drift_away,-1,reference_only,0.01,53,0.4,1.0,1.0,0.0,1.0,0.500998318781382,0.5,0.0,1.0,53,0
drift_away,-1,reference_only,0.01,54,0.4,1.0,1.0,0.0,1.0,0.5009033161885226,0.5,0.0,1.0,54,0
drift_away,-1,reference_only,0.01,55,0.4,1.0,1.0,0.0,1.0,0.5008173542876928,0.5,0.0,1.0,55,0
drift_away,-1,reference_only,0.01,56,0.4,1.0,1.0,0.0,1.0,0.5007395727432966,0.5,0.0,1.0,56,0
drift_away,-1,reference_only,0.01,57,0.4,1.0,1.0,0.0,1.0,0.5006691930914943,0.5,0.0,1.0,57,0
drift_away,-1,reference_only,0.01,58,0.4,1.0,1.0,0.0,1.0,0.5006055109490752,0.5,0.0,1.0,58,0
drift_away,-1,reference_only,0.01,59,0.4,1.0,1.0,0.0,1.0,0.5005478889637537,0.5,0.0,1.0,59,0
drift_away,-1,reference_only,0.01,60,0.4,1.0,1.0,0.0,1.0,0.5004957504353333,0.5,0.0,1.0,60,0
drift_away,-1,reference_only,0.01,61,0.4,1.0,1.0,0.0,1.0,0.5004485735438972,0.5,0.0,1.0,61,0
drift_away,-1,reference_only,0.01,62,0.4,1.0,1.0,0.0,1.0,0.5004058861272591,0.5,0.0,1.0,62,0
drift_away,-1,reference_only,0.01,63,0.4,1.0,1.0,0.0,1.0,0.5003672609554057,0.5,0.0,1.0,63,0
drift_away,-1,reference_only,0.01,64,0.4,1.0,1.0,0.0,1.0,0.5003323114546347,0.5,0.0,1.0,64,0
drift_away,-1,reference_only,0.01,65,0.4,1.0,1.0,0.0,1.0,0.5003006878385955,0.5,0.0,1.0,65,0
drift_away,-1,reference_only,0.01,66,0.4,1.0,1.0,0.0,1.0,0.5002720736075096,0.5,0.0,1.0,66,0
drift_away,-1,reference_only,0.01,67,0.4,1.0,1.0,0.0,1.0,0.5002461823805346,0.5,0.0,1.0,67,0
drift_away,-1,reference_only,0.01,68,0.4,1.0,1.0,0.0,1.0,0.500222755029569,0.5,0.0,1.0,68,0
drift_away,-1,reference_only,0.01,69,0.4,1.0,1.0,0.0,1.0,0.5002015570858097,0.5,0.0,1.0,69,0
drift_away,-1,reference_only,0.01,70,0.4,1.0,1.0,0.0,1.0,0.5001823763931109,0.5,0.0,1.0,70,0
drift_away,-1,reference_only,0.01,71,0.4,1.0,1.0,0.0,1.0,0.5001650209846532,0.5,0.0,1.0,71,0
drift_away,-1,reference_only,0.01,72,0.4,1.0,1.0,0.0,1.0,0.5001493171616753,0.5,0.0,1.0,72,0
drift_away,-1,reference_only,0.01,73,0.4,1.0,1.0,0.0,1.0,0.5001351077550388,0.5,0.0,1.0,73,0
drift_away,-1,reference_only,0.01,74,0.4,1.0,1.0,0.0,1.0,0.5001222505522259,0.5,0.0,1.0,74,0
drift_away,-1,reference_only,0.01,75,0.4,1.0,1.0,0.0,1.0,0.5001106168740296,0.5,0.0,1.0,75,0
drift_away,-1,reference_only,0.01,76,0.4,1.0,1.0,0.0,1.0,0.5001000902866881,0.5,0.0,1.0,76,0
drift_away,-1,reference_only,0.01,77,0.4,1.0,1.0,0.0,1.0,0.5000905654365774,0.5,0.0,1.0,77,0
drift_away,-1,reference_only,0.01,78,0.4,1.0,1.0,0.0,1.0,0.500081946995796,0.5,0.0,1.0,78,0
drift_away,-1,reference_only,0.01,79,0.4,1.0,1.0,0.0,1.0,0.5000741487080917,0.5,0.0,1.0,79,0
drift_away,-1,reference_only,0.01,80,0.4,1.0,1.0,0.0,1.0,0.5000670925255806,0.5,0.0,1.0,80,0
drift_away,-1,gated,0.024,1,0.4,1.0,0.4,0.0,,0.680967483607192,0.0,0.6,0.0,2,1
drift_away,-1,gated,0.024,2,0.4,1.0,0.4,0.0,,0.6637461506155964,0.0,0.6,0.0,4,2
drift_away,-1,gated,0.024,3,0.4,1.0,0.4,0.0,,0.6481636441363436,0.0,0.6,0.0,6,3
drift_away,-1,gated,0.024,4,0.4,1.0,0.4,0.0,,0.6340640092071279,0.0,0.6,0.0,8,4
drift_away,-1,gated,0.024,5,0.4,1.0,0.4,0.0,,0.6213061319425267,0.0,0.6,0.0,10,5
drift_away,-1,gated,0.024,6,0.4,1.0,0.4,0.0,,0.6097623272188053,0.0,0.6,0.0,12,6
drift_away,-1,gated,0.024,7,0.4,1.0,0.4,0.0,,0.5993170607582818,0.0,0.6,0.0,14,7
drift_away,-1,gated,0.024,8,0.4,1.0,0.4,0.0,,0.5898657928234443,0.0,0.6,0.0,16,8
drift_away,-1,gated,0.024,9,0.4,1.0,0.4,0.0,,0.5813139319481198,0.0,0.6,0.0,18,9
drift_away,-1,gated,0.024,10,0.4,1.0,0.4,0.0,,0.5735758882342885,0.0,0.6,0.0,20,10
drift_away,-1,gated,0.024,11,0.4,1.0,0.4,0.0,,0.5665742167396159,0.0,0.6,0.0,22,11
drift_away,-1,gated,0.024,12,0.4,1.0,0.4,0.0,,0.5602388423824405,0.0,0.6,0.0,24,12
drift_away,-1,gated,0.024,13,0.4,1.0,0.4,0.0,,0.5545063586068025,0.0,0.6,0.0,26,13
drift_away,-1,gated,0.024,14,0.4,1.0,0.4,0.0,,0.5493193927883213,0.0,0.6,0.0,28,14
drift_away,-1,gated,0.024,15,0.4,1.0,0.4,0.0,,0.544626032029686,0.0,0.6,0.0,30,15
drift_away,-1,gated,0.024,16,0.4,1.0,0.4,0.0,,0.540379303598931,0.0,0.6,0.0,32,16
drift_away,-1,gated,0.024,17,0.4,1.0,0.4,0.0,,0.5365367048105469,0.0,0.6,0.0,34,17
drift_away,-1,gated,0.024,18,0.4,1.0,0.4,0.0,,0.5330597776443173,0.0,0.6,0.0,36,18
drift_away,-1,gated,0.024,19,0.4,1.0,0.4,0.0,,0.5299137238445271,0.0,0.6,0.0,38,19
drift_away,-1,gated,0.024,20,0.4,1.0,0.4,0.0,,0.5270670566473226,0.0,0.6,0.0,40,20
drift_away,-1,gated,0.024,21,0.4,1.0,0.4,0.0,,0.5244912856505963,0.0,0.6,0.0,42,21
drift_away,-1,gated,0.024,22,0.4,1.0,0.4,0.0,,0.5221606316724667,0.0,0.6,0.0,44,22
drift_away,-1,gated,0.024,23,0.4,1.0,0.4,0.0,,0.5200517687445607,0.0,0.6,0.0,46,23
drift_away,-1,gated,0.024,24,0.4,1.0,0.4,0.0,,0.5181435906578825,0.0,0.6,0.0,48,24
drift_away,-1,gated,0.024,25,0.4,1.0,0.4,0.0,,0.5164169997247798,0.0,0.6,0.0,50,25
drift_away,-1,gated,0.024,26,0.4,1.0,0.4,0.0,,0.5148547156428668,0.0,0.6,0.0,52,26
drift_away,-1,gated,0.024,27,0.4,1.0,0.4,0.0,,0.51344110254795,0.0,0.6,0.0,54,27
drift_away,-1,gated,0.024,28,0.4,1.0,0.4,0.0,,0.5121620125250437,0.0,0.6,0.0,56,28
drift_away,-1,gated,0.024,29,0.4,1.0,0.4,0.0,,0.5110046440112814,0.0,0.6,0.0,58,29
drift_away,-1,gated,0.024,30,0.4,1.0,0.4,0.0,,0.5099574136735727,0.0,0.6,0.0,60,30
drift_away,-1,gated,0.024,31,0.4,1.0,0.4,0.0,,0.5090098404787116,0.0,0.6,0.0,62,31
drift_away,-1,gated,0.024,32,0.4,1.0,0.4,0.0,,0.5081524407956732,0.0,0.6,0.0,64,32
drift_away,-1,gated,0.024,33,0.4,1.0,0.4,0.0,,0.5073766334802481,0.0,0.6,0.0,66,33
drift_away,-1,gated,0.024,34,0.4,1.0,0.4,0.0,,0.5066746539920652,0.0,0.6,0.0,68,34
drift_away,-1,gated,0.024,35,0.4,1.0,0.4,0.0,,0.5060394766844637,0.0,0.6,0.0,70,35
drift_away,-1,gated,0.024,36,0.4,1.0,0.4,0.0,,0.5054647444894584,0.0,0.6,0.0,72,36
drift_away,-1,gated,0.024,37,0.4,1.0,0.4,0.0,,0.5049447052940679,0.0,0.6,0.0,74,37
drift_away,-1,gated,0.024,38,0.4,1.0,0.4,0.0,,0.5044741543712331,0.0,0.6,0.0,76,38
drift_away,-1,gated,0.024,39,0.4,1.0,0.4,0.0,,0.5040483822891608,0.0,0.6,0.0,78,39
drift_away,-1,gated,0.024,40,0.4,1.0,0.4,0.0,,0.5036631277777468,0.0,0.6,0.0,80,40
drift_away,-1,gated,0.024,41,0.4,1.0,0.4,0.0,,0.5033145350803523,0.0,0.6,0.0,82,41
drift_away,-1,gated,0.024,42,0.4,1.0,0.4,0.0,,0.5029991153640956,0.0,0.6,0.0,84,42
drift_away,-1,gated,0.024,43,0.4,1.0,0.4,0.0,,0.5027137118024402,0.0,0.6,0.0,86,43
drift_away,-1,gated,0.024,44,0.4,1.0,0.4,0.0,,0.5024554679806137,0.0,0.6,0.0,88,44
drift_away,-1,gated,0.024,45,0.4,1.0,0.4,0.0,,0.5022217993076485,0.0,0.6,0.0,90,45
drift_away,-1,gated,0.024,46,0.4,1.0,0.4,0.0,,0.5020103671489267,0.0,0.6,0.0,92,46
drift_away,-1,gated,0.024,47,0.4,1.0,0.4,0.0,,0.5018190554203392,0.0,0.6,0.0,94,47
drift_away,-1,gated,0.024,48,0.4,1.0,0.4,0.0,,0.501645949409804,0.0,0.6,0.0,96,48
drift_away,-1,gated,0.024,49,0.4,1.0,0.4,0.0,,0.5014893166141849,0.0,0.6,0.0,98,49
drift_away,-1,gated,0.024,50,0.4,1.0,0.4,0.0,,0.5013475893998172,0.0,0.6,0.0,100,50
drift_away,-1,gated,0.024,51,0.4,1.0,0.4,0.0,,0.5012193493131032,0.0,0.6,0.0,102,51
drift_away,-1,gated,0.024,52,0.4,1.0,0.4,0.0,,0.5011033128841522,0.0,0.6,0.0,104,52
drift_away,-1,gated,0.024,53,0.4,1.0,0.4,0.0,,0.500998318781382,0.0,0.6,0.0,106,53
drift_away,-1,gated,0.024,54,0.4,1.0,0.4,0.0,,0.5009033161885226,0.0,0.6,0.0,108,54
drift_away,-1,gated,0.024,55,0.4,1.0,0.4,0.0,,0.5008173542876928,0.0,0.6,0.0,110,55
drift_away,-1,gated,0.024,56,0.4,1.0,0.4,0.0,,0.5007395727432966,0.0,0.6,0.0,112,56
drift_away,-1,gated,0.024,57,0.4,1.0,0.4,0.0,,0.5006691930914942,0.0,0.6,0.0,114,57
drift_away,-1,gated,0.024,58,0.4,1.0,0.4,0.0,,0.5006055109490752,0.0,0.6,0.0,116,58
drift_away,-1,gated,0.024,59,0.4,1.0,0.4,0.0,,0.5005478889637537,0.0,0.6,0.0,118,59
drift_away,-1,gated,0.024,60,0.4,1.0,0.4,0.0,,0.5004957504353333,0.0,0.6,0.0,120,60
drift_away,-1,gated,0.024,61,0.4,1.0,0.4,0.0,,0.5004485735438972,0.0,0.6,0.0,122,61
drift_away,-1,gated,0.024,62,0.4,1.0,0.4,0.0,,0.5004058861272591,0.0,0.6,0.0,124,62
drift_away,-1,gated,0.024,63,0.4,1.0,0.4,0.0,,0.5003672609554057,0.0,0.6,0.0,126,63
drift_away,-1,gated,0.024,64,0.4,1.0,0.4,0.0,,0.5003323114546347,0.0,0.6,0.0,128,64
drift_away,-1,gated,0.024,65,0.4,1.0,0.4,0.0,,0.5003006878385956,0.0,0.6,0.0,130,65
drift_away,-1,gated,0.024,66,0.4,1.0,0.4,0.0,,0.5002720736075096,0.0,0.6,0.0,132,66
drift_away,-1,gated,0.024,67,0.4,1.0,0.4,0.0,,0.5002461823805346,0.0,0.6,0.0,134,67
drift_away,-1,gated,0.024,68,0.4,1.0,0.4,0.0,,0.500222755029569,0.0,0.6,0.0,136,68
drift_away,-1,gated,0.024,69,0.4,1.0,0.4,0.0,,0.5002015570858097,0.0,0.6,0.0,138,69
drift_away,-1,gated,0.024,70,0.4,1.0,0.4,0.0,,0.5001823763931109,0.0,0.6,0.0,140,70
drift_away,-1,gated,0.024,71,0.4,1.0,0.4,0.0,,0.5001650209846531,0.0,0.6,0.0,142,71
drift_away,-1,gated,0.024,72,0.4,1.0,0.4,0.0,,0.5001493171616753,0.0,0.6,0.0,144,72
drift_away,-1,gated,0.024,73,0.4,1.0,0.4,0.0,,0.5001351077550388,0.0,0.6,0.0,146,73
drift_away,-1,gated,0.024,74,0.4,1.0,0.4,0.0,,0.5001222505522259,0.0,0.6,0.0,148,74
drift_away,-1,gated,0.024,75,0.4,1.0,0.4,0.0,,0.5001106168740296,0.0,0.6,0.0,150,75
drift_away,-1,gated,0.024,76,0.4,1.0,0.4,0.0,,0.5001000902866881,0.0,0.6,0.0,152,76
drift_away,-1,gated,0.024,77,0.4,1.0,0.4,0.0,,0.5000905654365774,0.0,0.6,0.0,154,77
drift_away,-1,gated,0.024,78,0.4,1.0,0.4,0.0,,0.500081946995796,0.0,0.6,0.0,156,78
drift_away,-1,gated,0.024,79,0.4,1.0,0.4,0.0,,0.5000741487080917,0.0,0.6,0.0,158,79
drift_away,-1,gated,0.024,80,0.4,1.0,0.4,0.0,,0.5000670925255806,0.0,0.6,0.0,160,80
drift_away,-1,accept_all,0.024,1,0.4,1.0,1.0,0.6,0.6619349672143838,0.6619349672143838,1.0,0.0,1.0,0,0
drift_away,-1,accept_all,0.024,2,0.4,1.0,1.0,0.0,0.3274923012311928,0.3274923012311928,1.0,0.0,1.0,0,0
drift_away,-1,accept_all,0.024,3,0.4,1.0,1.0,0.0,0.2963272882726872,0.2963272882726872,1.0,0.0,1.0,0,0
drift_away,-1,accept_all,0.024,4,0.4,1.0,1.0,0.0,0.2681280184142558,0.2681280184142558,1.0,0.0,1.0,0,0
drift_away,-1,accept_all,0.024,5,0.4,1.0,1.0,0.0,0.24261226388505341,0.24261226388505341,1.0,0.0,1.0,0,0
drift_away,-1,accept_all,0.024,6,0.4,1.0,1.0,0.0,0.2195246544376106,0.2195246544376106,1.0,0.0,1.0,0,0
drift_away,-1,accept_all,0.024,7,0.4,1.0,1.0,0.0,0.1986341215165638,0.1986341215165638,1.0,0.0,1.0,0,0
drift_away,-1,accept_all,0.024,8,0.4,1.0,1.0,0.0,0.17973158564688863,0.17973158564688863,1.0,0.0,1.0,0,0
drift_away,-1,accept_all,0.024,9,0.4,1.0,1.0,0.0,0.16262786389623962,0.16262786389623962,1.0,0.0,1.0,0,0
drift_away,-1,accept_all,0.024,10,0.4,1.0,1.0,0.0,0.1471517764685769,0.1471517764685769,1.0,0.0,1.0,0,0
drift_away,-1,accept_all,0.024,11,0.4,1.0,1.0,0.0,0.1331484334792319,0.1331484334792319,1.0,0.0,1.0,0,0
drift_away,-1,accept_all,0.024,12,0.4,1.0,1.0,0.0,0.12047768476488085,0.12047768476488085,1.0,0.0,1.0,0,0
drift_away,-1,accept_all,0.024,13,0.4,1.0,1.0,0.0,0.10901271721360506,0.10901271721360506,1.0,0.0,1.0,0,0
drift_away,-1,accept_all,0.024,14,0.4,1.0,1.0,0.0,0.09863878557664263,0.09863878557664263,1.0,0.0,1.0,0,0
drift_away,-1,accept_all,0.024,15,0.4,1.0,1.0,0.0,0.08925206405937192,0.08925206405937192,1.0,0.0,1.0,0,0
drift_away,-1,accept_all,0.024,16,0.4,1.0,1.0,0.0,0.0807586071978621,0.0807586071978621,1.0,0.0,1.0,0,0
drift_away,-1,accept_all,0.024,17,0.4,1.0,1.0,0.0,0.07307340962109388,0.07307340962109388,1.0,0.0,1.0,0,0
drift_away,-1,accept_all,0.024,18,0.4,1.0,1.0,0.0,0.06611955528863467,0.06611955528863467,1.0,0.0,1.0,0,0
drift_away,-1,accept_all,0.024,19,0.4,1.0,1.0,0.0,0.059827447689054014,0.059827447689054014,1.0,0.0,1.0,0,0
drift_away,-1,accept_all,0.024,20,0.4,1.0,1.0,0.0,0.054134113294645125,0.054134113294645125,1.0,0.0,1.0,0,0
drift_away,-1,accept_all,0.024,21,0.4,1.0,1.0,0.0,0.04898257130119277,0.04898257130119277,1.0,0.0,1.0,0,0
drift_away,-1,accept_all,0.024,22,0.4,1.0,1.0,0.0,0.04432126334493358,0.04432126334493358,1.0,0.0,1.0,0,0
drift_away,-1,accept_all,0.024,23,0.4,1.0,1.0,0.0,0.040103537489121543,0.040103537489121543,1.0,0.0,1.0,0,0
drift_away,-1,accept_all,0.024,24,0.4,1.0,1.0,0.0,0.03628718131576503,0.03628718131576503,1.0,0.0,1.0,0,0
drift_away,-1,accept_all,0.024,25,0.4,1.0,1.0,0.0,0.03283399944955956,0.03283399944955956,1.0,0.0,1.0,0,0
drift_away,-1,accept_all,0.024,26,0.4,1.0,1.0,0.0,0.029709431285733556,0.029709431285733556,1.0,0.0,1.0,0,0
drift_away,-1,accept_all,0.024,27,0.4,1.0,1.0,0.0,0.02688220509589989,0.02688220509589989,1.0,0.0,1.0,0,0
drift_away,-1,accept_all,0.024,28,0.4,1.0,1.0,0.0,0.02432402505008724,0.02432402505008724,1.0,0.0,1.0,0,0
drift_away,-1,accept_all,0.024,29,0.4,1.0,1.0,0.0,0.022009288022562856,0.022009288022562856,1.0,0.0,1.0,0,0
drift_away,-1,accept_all,0.024,30,0.4,1.0,1.0,0.0,0.01991482734714556,0.01991482734714556,1.0,0.0,1.0,0,0
drift_away,-1,accept_all,0.024,31,0.4,1.0,1.0,0.0,0.018019680957423123,0.018019680957423123,1.0,0.0,1.0,0,0
drift_away,-1,accept_all,0.024,32,0.4,1.0,1.0,0.0,0.016304881591346465,0.016304881591346465,1.0,0.0,1.0,0,0
drift_away,-1,accept_all,0.024,33,0.4,1.0,1.0,0.0,0.014753266960496059,0.014753266960496059,1.0,0.0,1.0,0,0
drift_away,-1,accept_all,0.024,34,0.4,1.0,1.0,0.0,0.013349307984130476,0.013349307984130476,1.0,0.0,1.0,0,0
drift_away,-1,accept_all,0.024,35,0.4,1.0,1.0,0.0,0.012078953368927392,0.012078953368927392,1.0,0.0,1.0,0,0
drift_away,-1,accept_all,0.024,36,0.4,1.0,1.0,0.0,0.01092948897891699,0.01092948897891699,1.0,0.0,1.0,0,0
drift_away,-1,accept_all,0.024,37,0.4,1.0,1.0,0.0,0.00988941058813575,0.00988941058813575,1.0,0.0,1.0,0,0
drift_away,-1,accept_all,0.024,38,0.4,1.0,1.0,0.0,0.008948308742466216,0.008948308742466216,1.0,0.0,1.0,0,0
drift_away,-1,accept_all,0.024,39,0.4,1.0,1.0,0.0,0.008096764578321758,0.008096764578321758,1.0,0.0,1.0,0,0
drift_away,-1,accept_all,0.024,40,0.4,1.0,1.0,0.0,0.00732625555549371,0.00732625555549371,1.0,0.0,1.0,0,0
drift_away,-1,accept_all,0.024,41,0.4,1.0,1.0,0.0,0.006629070160704464,0.006629070160704464,1.0,0.0,1.0,0,0
drift_away,-1,accept_all,0.024,42,0.4,1.0,1.0,0.0,0.005998230728191056,0.005998230728191056,1.0,0.0,1.0,0,0
drift_away,-1,accept_all,0.024,43,0.4,1.0,1.0,0.0,0.005427423604880355,0.005427423604880355,1.0,0.0,1.0,0,0
drift_away,-1,accept_all,0.024,44,0.4,1.0,1.0,0.0,0.004910935961227381,0.004910935961227381,1.0,0.0,1.0,0,0
drift_away,-1,accept_all,0.024,45,0.4,1.0,1.0,0.0,0.004443598615296973,0.004443598615296973,1.0,0.0,1.0,0,0
drift_away,-1,accept_all,0.024,46,0.4,1.0,1.0,0.0,0.004020734297853434,0.004020734297853434,1.0,0.0,1.0,0,0
drift_away,-1,accept_all,0.024,47,0.4,1.0,1.0,0.0,0.0036381108406783325,0.0036381108406783325,1.0,0.0,1.0,0,0
drift_away,-1,accept_all,0.024,48,0.4,1.0,1.0,0.0,0.003291898819608008,0.003291898819608008,1.0,0.0,1.0,0,0
drift_away,-1,accept_all,0.024,49,0.4,1.0,1.0,0.0,0.002978633228369776,0.002978633228369776,1.0,0.0,1.0,0,0
drift_away,-1,accept_all,0.024,50,0.4,1.0,1.0,0.0,0.0026951787996342125,0.0026951787996342125,1.0,0.0,1.0,0,0
drift_away,-1,accept_all,0.024,51,0.4,1.0,1.0,0.0,0.0024386986262062704,0.0024386986262062704,1.0,0.0,1.0,0,0
drift_away,-1,accept_all,0.024,52,0.4,1.0,1.0,0.0,0.0022066257683043267,0.0022066257683043267,1.0,0.0,1.0,0,0
drift_away,-1,accept_all,0.024,53,0.4,1.0,1.0,0.0,0.0019966375627641364,0.0019966375627641364,1.0,0.0,1.0,0,0
drift_away,-1,accept_all,0.024,54,0.4,1.0,1.0,0.0,0.0018066323770450365,0.0018066323770450365,1.0,0.0,1.0,0,0
drift_away,-1,accept_all,0.024,55,0.4,1.0,1.0,0.0,0.0016347085753856128,0.0016347085753856128,1.0,0.0,1.0,0,0
drift_away,-1,accept_all,0.024,56,0.4,1.0,1.0,0.0,0.0014791454865932252,0.0014791454865932252,1.0,0.0,1.0,0,0
drift_away,-1,accept_all,0.024,57,0.4,1.0,1.0,0.0,0.001338386182988538,0.001338386182988538,1.0,0.0,1.0,0,0
drift_away,-1,accept_all,0.024,58,0.4,1.0,1.0,0.0,0.0012110218981503662,0.0012110218981503662,1.0,0.0,1.0,0,0
drift_away,-1,accept_all,0.024,59,0.4,1.0,1.0,0.0,0.0010957779275073687,0.0010957779275073687,1.0,0.0,1.0,0,0
drift_away,-1,accept_all,0.024,60,0.4,1.0,1.0,0.0,0.0009915008706665729,0.0009915008706665729,1.0,0.0,1.0,0,0
drift_away,-1,accept_all,0.024,61,0.4,1.0,1.0,0.0,0.0008971470877943144,0.0008971470877943144,1.0,0.0,1.0,0,0
drift_away,-1,accept_all,0.024,62,0.4,1.0,1.0,0.0,0.0008117722545183392,0.0008117722545183392,1.0,0.0,1.0,0,0
drift_away,-1,accept_all,0.024,63,0.4,1.0,1.0,0.0,0.0007345219108115808,0.0007345219108115808,1.0,0.0,1.0,0,0
drift_away,-1,accept_all,0.024,64,0.4,1.0,1.0,0.0,0.0006646229092696077,0.0006646229092696077,1.0,0.0,1.0,0,0
drift_away,-1,accept_all,0.024,65,0.4,1.0,1.0,0.0,0.0006013756771909851,0.0006013756771909851,1.0,0.0,1.0,0,0
drift_away,-1,accept_all,0.024,66,0.4,1.0,1.0,0.0,0.000544147215019164,0.000544147215019164,1.0,0.0,1.0,0,0
drift_away,-1,accept_all,0.024,67,0.4,1.0,1.0,0.0,0.0004923647610693971,0.0004923647610693971,1.0,0.0,1.0,0,0
drift_away,-1,accept_all,0.024,68,0.4,1.0,1.0,0.0,0.0004455100591379546,0.0004455100591379546,1.0,0.0,1.0,0,0
drift_away,-1,accept_all,0.024,69,0.4,1.0,1.0,0.0,0.0004031141716194231,0.0004031141716194231,1.0,0.0,1.0,0,0
drift_away,-1,accept_all,0.024,70,0.4,1.0,1.0,0.0,0.0003647527862218336,0.0003647527862218336,1.0,0.0,1.0,0,0
drift_away,-1,accept_all,0.024,71,0.4,1.0,1.0,0.0,0.00033004196930641605,0.00033004196930641605,1.0,0.0,1.0,0,0
drift_away,-1,accept_all,0.024,72,0.4,1.0,1.0,0.0,0.0002986343233506439,0.0002986343233506439,1.0,0.0,1.0,0,0
drift_away,-1,accept_all,0.024,73,0.4,1.0,1.0,0.0,0.00027021551007755384,0.00027021551007755384,1.0,0.0,1.0,0,0
drift_away,-1,accept_all,0.024,74,0.4,1.0,1.0,0.0,0.00024450110445184414,0.00024450110445184414,1.0,0.0,1.0,0,0
drift_away,-1,accept_all,0.024,75,0.4,1.0,1.0,0.0,0.00022123374805915752,0.00022123374805915752,1.0,0.0,1.0,0,0
drift_away,-1,accept_all,0.024,76,0.4,1.0,1.0,0.0,0.00020018057337622963,0.00020018057337622963,1.0,0.0,1.0,0,0
drift_away,-1,accept_all,0.024,77,0.4,1.0,1.0,0.0,0.00018113087315474452,0.00018113087315474452,1.0,0.0,1.0,0,0
drift_away,-1,accept_all,0.024,78,0.4,1.0,1.0,0.0,0.00016389399159189022,0.00016389399159189022,1.0,0.0,1.0,0,0
drift_away,-1,accept_all,0.024,79,0.4,1.0,1.0,0.0,0.00014829741618360703,0.00014829741618360703,1.0,0.0,1.0,0,0
drift_away,-1,accept_all,0.024,80,0.4,1.0,1.0,0.0,0.00013418505116102875,0.00013418505116102875,1.0,0.0,1.0,0,0
drift_away,-1,reference_only,0.024,1,0.4,1.0,1.0,0.6,0.4,0.680967483607192,0.5,0.0,1.0,1,0
drift_away,-1,reference_only,0.024,2,0.4,1.0,1.0,0.0,1.0,0.6637461506155964,0.5,0.0,1.0,2,0
drift_away,-1,reference_only,0.024,3,0.4,1.0,1.0,0.0,1.0,0.6481636441363436,0.5,0.0,1.0,3,0
drift_away,-1,reference_only,0.024,4,0.4,1.0,1.0,0.0,1.0,0.6340640092071279,0.5,0.0,1.0,4,0
drift_away,-1,reference_only,0.024,5,0.4,1.0,1.0,0.0,1.0,0.6213061319425267,0.5,0.0,1.0,5,0
drift_away,-1,reference_only,0.024,6,0.4,1.0,1.0,0.0,1.0,0.6097623272188053,0.5,0.0,1.0,6,0
drift_away,-1,reference_only,0.024,7,0.4,1.0,1.0,0.0,1.0,0.5993170607582818,0.5,0.0,1.0,7,0
drift_away,-1,reference_only,0.024,8,0.4,1.0,1.0,0.0,1.0,0.5898657928234443,0.5,0.0,1.0,8,0
drift_away,-1,reference_only,0.024,9,0.4,1.0,1.0,0.0,1.0,0.5813139319481198,0.5,0.0,1.0,9,0
drift_away,-1,reference_only,0.024,10,0.4,1.0,1.0,0.0,1.0,0.5735758882342885,0.5,0.0,1.0,10,0
drift_away,-1,reference_only,0.024,11,0.4,1.0,1.0,0.0,1.0,0.5665742167396159,0.5,0.0,1.0,11,0
drift_away,-1,reference_only,0.024,12,0.4,1.0,1.0,0.0,1.0,0.5602388423824405,0.5,0.0,1.0,12,0
drift_away,-1,reference_only,0.024,13,0.4,1.0,1.0,0.0,1.0,0.5545063586068025,0.5,0.0,1.0,13,0
drift_away,-1,reference_only,0.024,14,0.4,1.0,1.0,0.0,1.0,0.5493193927883213,0.5,0.0,1.0,14,0
drift_away,-1,reference_only,0.024,15,0.4,1.0,1.0,0.0,1.0,0.544626032029686,0.5,0.0,1.0,15,0
drift_away,-1,reference_only,0.024,16,0.4,1.0,1.0,0.0,1.0,0.540379303598931,0.5,0.0,1.0,16,0
drift_away,-1,reference_only,0.024,17,0.4,1.0,1.0,0.0,1.0,0.5365367048105469,0.5,0.0,1.0,17,0
drift_away,-1,reference_only,0.024,18,0.4,1.0,1.0,0.0,1.0,0.5330597776443173,0.5,0.0,1.0,18,0
drift_away,-1,reference_only,0.024,19,0.4,1.0,1.0,0.0,1.0,0.5299137238445271,0.5,0.0,1.0,19,0
drift_away,-1,reference_only,0.024,20,0.4,1.0,1.0,0.0,1.0,0.5270670566473226,0.5,0.0,1.0,20,0
drift_away,-1,reference_only,0.024,21,0.4,1.0,1.0,0.0,1.0,0.5244912856505963,0.5,0.0,1.0,21,0
drift_away,-1,reference_only,0.024,22,0.4,1.0,1.0,0.0,1.0,0.5221606316724667,0.5,0.0,1.0,22,0
drift_away,-1,reference_only,0.024,23,0.4,1.0,1.0,0.0,1.0,0.5200517687445607,0.5,0.0,1.0,23,0
drift_away,-1,reference_only,0.024,24,0.4,1.0,1.0,0.0,1.0,0.5181435906578825,0.5,0.0,1.0,24,0
drift_away,-1,reference_only,0.024,25,0.4,1.0,1.0,0.0,1.0,0.5164169997247798,0.5,0.0,1.0,25,0
drift_away,-1,reference_only,0.024,26,0.4,1.0,1.0,0.0,1.0,0.5148547156428668,0.5,0.0,1.0,26,0
drift_away,-1,reference_only,0.024,27,0.4,1.0,1.0,0.0,1.0,0.51344110254795,0.5,0.0,1.0,27,0
drift_away,-1,reference_only,0.024,28,0.4,1.0,1.0,0.0,1.0,0.5121620125250437,0.5,0.0,1.0,28,0
drift_away,-1,reference_only,0.024,29,0.4,1.0,1.0,0.0,1.0,0.5110046440112814,0.5,0.0,1.0,29,0
drift_away,-1,reference_only,0.024,30,0.4,1.0,1.0,0.0,1.0,0.5099574136735727,0.5,0.0,1.0,30,0
drift_away,-1,reference_only,0.024,31,0.4,1.0,1.0,0.0,1.0,0.5090098404787116,0.5,0.0,1.0,31,0
drift_away,-1,reference_only,0.024,32,0.4,1.0,1.0,0.0,1.0,0.5081524407956732,0.5,0.0,1.0,32,0
drift_away,-1,reference_only,0.024,33,0.4,1.0,1.0,0.0,1.0,0.5073766334802481,0.5,0.0,1.0,33,0
drift_away,-1,reference_only,0.024,34,0.4,1.0,1.0,0.0,1.0,0.5066746539920652,0.5,0.0,1.0,34,0
drift_away,-1,reference_only,0.024,35,0.4,1.0,1.0,0.0,1.0,0.5060394766844637,0.5,0.0,1.0,35,0
drift_away,-1,reference_only,0.024,36,0.4,1.0,1.0,0.0,1.0,0.5054647444894584,0.5,0.0,1.0,36,0
drift_away,-1,reference_only,0.024,37,0.4,1.0,1.0,0.0,1.0,0.5049447052940679,0.5,0.0,1.0,37,0
drift_away,-1,reference_only,0.024,38,0.4,1.0,1.0,0.0,1.0,0.5044741543712331,0.5,0.0,1.0,38,0
drift_away,-1,reference_only,0.024,39,0.4,1.0,1.0,0.0,1.0,0.5040483822891608,0.5,0.0,1.0,39,0
drift_away,-1,reference_only,0.024,40,0.4,1.0,1.0,0.0,1.0,0.5036631277777468,0.5,0.0,1.0,40,0
drift_away,-1,reference_only,0.024,41,0.4,1.0,1.0,0.0,1.0,0.5033145350803523,0.5,0.0,1.0,41,0
drift_away,-1,reference_only,0.024,42,0.4,1.0,1.0,0.0,1.0,0.5029991153640956,0.5,0.0,1.0,42,0
drift_away,-1,reference_only,0.024,43,0.4,1.0,1.0,0.0,1.0,0.5027137118024402,0.5,0.0,1.0,43,0
drift_away,-1,reference_only,0.024,44,0.4,1.0,1.0,0.0,1.0,0.5024554679806137,0.5,0.0,1.0,44,0
drift_away,-1,reference_only,0.024,45,0.4,1.0,1.0,0.0,1.0,0.5022217993076485,0.5,0.0,1.0,45,0
drift_away,-1,reference_only,0.024,46,0.4,1.0,1.0,0.0,1.0,0.5020103671489267,0.5,0.0,1.0,46,0
drift_away,-1,reference_only,0.024,47,0.4,1.0,1.0,0.0,1.0,0.5018190554203392,0.5,0.0,1.0,47,0
drift_away,-1,reference_only,0.024,48,0.4,1.0,1.0,0.0,1.0,0.501645949409804,0.5,0.0,1.0,48,0
drift_away,-1,reference_only,0.024,49,0.4,1.0,1.0,0.0,1.0,0.5014893166141849,0.5,0.0,1.0,49,0
drift_away,-1,reference_only,0.024,50,0.4,1.0,1.0,0.0,1.0,0.5013475893998172,0.5,0.0,1.0,50,0
drift_away,-1,reference_only,0.024,51,0.4,1.0,1.0,0.0,1.0,0.5012193493131032,0.5,0.0,1.0,51,0
drift_away,-1,reference_only,0.024,52,0.4,1.0,1.0,0.0,1.0,0.5011033128841522,0.5,0.0,1.0,52,0
drift_away,-1,reference_only,0.024,53,0.4,1.0,1.0,0.0,1.0,0.500998318781382,0.5,0.0,1.0,53,0
drift_away,-1,reference_only,0.024,54,0.4,1.0,1.0,0.0,1.0,0.5009033161885226,0.5,0.0,1.0,54,0
drift_away,-1,reference_only,0.024,55,0.4,1.0,1.0,0.0,1.0,0.5008173542876928,0.5,0.0,1.0,55,0
drift_away,-1,reference_only,0.024,56,0.4,1.0,1.0,0.0,1.0,0.5007395727432966,0.5,0.0,1.0,56,0
drift_away,-1,reference_only,0.024,57,0.4,1.0,1.0,0.0,1.0,0.5006691930914943,0.5,0.0,1.0,57,0
drift_away,-1,reference_only,0.024,58,0.4,1.0,1.0,0.0,1.0,0.5006055109490752,0.5,0.0,1.0,58,0
drift_away,-1,reference_only,0.024,59,0.4,1.0,1.0,0.0,1.0,0.5005478889637537,0.5,0.0,1.0,59,0
drift_away,-1,reference_only,0.024,60,0.4,1.0,1.0,0.0,1.0,0.5004957504353333,0.5,0.0,1.0,60,0
drift_away,-1,reference_only,0.024,61,0.4,1.0,1.0,0.0,1.0,0.5004485735438972,0.5,0.0,1.0,61,0
drift_away,-1,reference_only,0.024,62,0.4,1.0,1.0,0.0,1.0,0.5004058861272591,0.5,0.0,1.0,62,0
drift_away,-1,reference_only,0.024,63,0.4,1.0,1.0,0.0,1.0,0.5003672609554057,0.5,0.0,1.0,63,0
drift_away,-1,reference_only,0.024,64,0.4,1.0,1.0,0.0,1.0,0.5003323114546347,0.5,0.0,1.0,64,0
drift_away,-1,reference_only,0.024,65,0.4,1.0,1.0,0.0,1.0,0.5003006878385955,0.5,0.0,1.0,65,0
drift_away,-1,reference_only,0.024,66,0.4,1.0,1.0,0.0,1.0,0.5002720736075096,0.5,0.0,1.0,66,0
drift_away,-1,reference_only,0.024,67,0.4,1.0,1.0,0.0,1.0,0.5002461823805346,0.5,0.0,1.0,67,0
drift_away,-1,reference_only,0.024,68,0.4,1.0,1.0,0.0,1.0,0.500222755029569,0.5,0.0,1.0,68,0
drift_away,-1,reference_only,0.024,69,0.4,1.0,1.0,0.0,1.0,0.5002015570858097,0.5,0.0,1.0,69,0
drift_away,-1,reference_only,0.024,70,0.4,1.0,1.0,0.0,1.0,0.5001823763931109,0.5,0.0,1.0,70,0
drift_away,-1,reference_only,0.024,71,0.4,1.0,1.0,0.0,1.0,0.5001650209846532,0.5,0.0,1.0,71,0
drift_away,-1,reference_only,0.024,72,0.4,1.0,1.0,0.0,1.0,0.5001493171616753,0.5,0.0,1.0,72,0
drift_away,-1,reference_only,0.024,73,0.4,1.0,1.0,0.0,1.0,0.5001351077550388,0.5,0.0,1.0,73,0
drift_away,-1,reference_only,0.024,74,0.4,1.0,1.0,0.0,1.0,0.5001222505522259,0.5,0.0,1.0,74,0
drift_away,-1,reference_only,0.024,75,0.4,1.0,1.0,0.0,1.0,0.5001106168740296,0.5,0.0,1.0,75,0
drift_away,-1,reference_only,0.024,76,0.4,1.0,1.0,0.0,1.0,0.5001000902866881,0.5,0.0,1.0,76,0
drift_away,-1,reference_only,0.024,77,0.4,1.0,1.0,0.0,1.0,0.5000905654365774,0.5,0.0,1.0,77,0
drift_away,-1,reference_only,0.024,78,0.4,1.0,1.0,0.0,1.0,0.500081946995796,0.5,0.0,1.0,78,0
drift_away,-1,reference_only,0.024,79,0.4,1.0,1.0,0.0,1.0,0.5000741487080917,0.5,0.0,1.0,79,0
drift_away,-1,reference_only,0.024,80,0.4,1.0,1.0,0.0,1.0,0.5000670925255806,0.5,0.0,1.0,80,0
drift_away,-1,gated,0.026,1,0.4,1.0,0.4,0.0,,0.680967483607192,0.0,0.6,0.0,2,1
drift_away,-1,gated,0.026,2,0.4,1.0,0.4,0.0,,0.6637461506155964,0.0,0.6,0.0,4,2
drift_away,-1,gated,0.026,3,0.4,1.0,0.4,0.0,,0.6481636441363436,0.0,0.6,0.0,6,3
drift_away,-1,gated,0.026,4,0.4,1.0,0.4,0.0,,0.6340640092071279,0.0,0.6,0.0,8,4
drift_away,-1,gated,0.026,5,0.4,1.0,0.4,0.0,,0.6213061319425267,0.0,0.6,0.0,10,5
drift_away,-1,gated,0.026,6,0.4,1.0,0.4,0.0,,0.6097623272188053,0.0,0.6,0.0,12,6
drift_away,-1,gated,0.026,7,0.4,1.0,0.4,0.0,,0.5993170607582818,0.0,0.6,0.0,14,7
drift_away,-1,gated,0.026,8,0.4,1.0,0.4,0.0,,0.5898657928234443,0.0,0.6,0.0,16,8
drift_away,-1,gated,0.026,9,0.4,1.0,0.4,0.0,,0.5813139319481198,0.0,0.6,0.0,18,9
drift_away,-1,gated,0.026,10,0.4,1.0,0.4,0.0,,0.5735758882342885,0.0,0.6,0.0,20,10
drift_away,-1,gated,0.026,11,0.4,1.0,0.4,0.0,,0.5665742167396159,0.0,0.6,0.0,22,11
drift_away,-1,gated,0.026,12,0.4,1.0,0.4,0.0,,0.5602388423824405,0.0,0.6,0.0,24,12
drift_away,-1,gated,0.026,13,0.4,1.0,0.4,0.0,,0.5545063586068025,0.0,0.6,0.0,26,13
drift_away,-1,gated,0.026,14,0.4,1.0,0.4,0.0,,0.5493193927883213,0.0,0.6,0.0,28,14
drift_away,-1,gated,0.026,15,0.4,1.0,0.4,0.0,,0.544626032029686,0.0,0.6,0.0,30,15
drift_away,-1,gated,0.026,16,0.4,1.0,0.4,0.0,,0.540379303598931,0.0,0.6,0.0,32,16
drift_away,-1,gated,0.026,17,0.4,1.0,0.4,0.0,,0.5365367048105469,0.0,0.6,0.0,34,17
drift_away,-1,gated,0.026,18,0.4,1.0,0.4,0.0,,0.5330597776443173,0.0,0.6,0.0,36,18
drift_away,-1,gated,0.026,19,0.4,1.0,0.4,0.0,,0.5299137238445271,0.0,0.6,0.0,38,19
drift_away,-1,gated,0.026,20,0.4,1.0,0.4,0.0,,0.5270670566473226,0.0,0.6,0.0,40,20
drift_away,-1,gated,0.026,21,0.4,1.0,0.4,0.0,,0.5244912856505963,0.0,0.6,0.0,42,21
drift_away,-1,gated,0.026,22,0.4,1.0,0.4,0.0,,0.5221606316724667,0.0,0.6,0.0,44,22
drift_away,-1,gated,0.026,23,0.4,1.0,0.4,0.0,,0.5200517687445607,0.0,0.6,0.0,46,23
drift_away,-1,gated,0.026,24,0.4,1.0,0.4,0.0,,0.5181435906578825,0.0,0.6,0.0,48,24
drift_away,-1,gated,0.026,25,0.4,1.0,0.4,0.0,,0.5164169997247798,0.0,0.6,0.0,50,25
drift_away,-1,gated,0.026,26,0.4,1.0,0.4,0.0,,0.5148547156428668,0.0,0.6,0.0,52,26
drift_away,-1,gated,0.026,27,0.4,1.0,0.4,0.0,,0.51344110254795,0.0,0.6,0.0,54,27
drift_away,-1,gated,0.026,28,0.4,1.0,0.4,0.0,,0.5121620125250437,0.0,0.6,0.0,56,28
drift_away,-1,gated,0.026,29,0.4,1.0,0.4,0.0,,0.5110046440112814,0.0,0.6,0.0,58,29
drift_away,-1,gated,0.026,30,0.4,1.0,0.4,0.0,,0.5099574136735727,0.0,0.6,0.0,60,30
drift_away,-1,gated,0.026,31,0.4,1.0,0.4,0.0,,0.5090098404787116,0.0,0.6,0.0,62,31
drift_away,-1,gated,0.026,32,0.4,1.0,0.4,0.0,,0.5081524407956732,0.0,0.6,0.0,64,32
drift_away,-1,gated,0.026,33,0.4,1.0,0.4,0.0,,0.5073766334802481,0.0,0.6,0.0,66,33
drift_away,-1,gated,0.026,34,0.4,1.0,0.4,0.0,,0.5066746539920652,0.0,0.6,0.0,68,34
drift_away,-1,gated,0.026,35,0.4,1.0,0.4,0.0,,0.5060394766844637,0.0,0.6,0.0,70,35
drift_away,-1,gated,0.026,36,0.4,1.0,0.4,0.0,,0.5054647444894584,0.0,0.6,0.0,72,36
drift_away,-1,gated,0.026,37,0.4,1.0,0.4,0.0,,0.5049447052940679,0.0,0.6,0.0,74,37
drift_away,-1,gated,0.026,38,0.4,1.0,0.4,0.0,,0.5044741543712331,0.0,0.6,0.0,76,38
drift_away,-1,gated,0.026,39,0.4,1.0,0.4,0.0,,0.5040483822891608,0.0,0.6,0.0,78,39
drift_away,-1,gated,0.026,40,0.4,1.0,0.4,0.0,,0.5036631277777468,0.0,0.6,0.0,80,40
drift_away,-1,gated,0.026,41,0.4,1.0,0.4,0.0,,0.5033145350803523,0.0,0.6,0.0,82,41
drift_away,-1,gated,0.026,42,0.4,1.0,0.4,0.0,,0.5029991153640956,0.0,0.6,0.0,84,42
drift_away,-1,gated,0.026,43,0.4,1.0,0.4,0.0,,0.5027137118024402,0.0,0.6,0.0,86,43
drift_away,-1,gated,0.026,44,0.4,1.0,0.4,0.0,,0.5024554679806137,0.0,0.6,0.0,88,44
drift_away,-1,gated,0.026,45,0.4,1.0,0.4,0.0,,0.5022217993076485,0.0,0.6,0.0,90,45
drift_away,-1,gated,0.026,46,0.4,1.0,0.4,0.0,,0.5020103671489267,0.0,0.6,0.0,92,46
drift_away,-1,gated,0.026,47,0.4,1.0,0.4,0.0,,0.5018190554203392,0.0,0.6,0.0,94,47
drift_away,-1,gated,0.026,48,0.4,1.0,0.4,0.0,,0.501645949409804,0.0,0.6,0.0,96,48
drift_away,-1,gated,0.026,49,0.4,1.0,0.4,0.0,,0.5014893166141849,0.0,0.6,0.0,98,49
drift_away,-1,gated,0.026,50,0.4,1.0,0.4,0.0,,0.5013475893998172,0.0,0.6,0.0,100,50
drift_away,-1,gated,0.026,51,0.4,1.0,0.4,0.0,,0.5012193493131032,0.0,0.6,0.0,102,51
drift_away,-1,gated,0.026,52,0.4,1.0,0.4,0.0,,0.5011033128841522,0.0,0.6,0.0,104,52
drift_away,-1,gated,0.026,53,0.4,1.0,0.4,0.0,,0.500998318781382,0.0,0.6,0.0,106,53
drift_away,-1,gated,0.026,54,0.4,1.0,0.4,0.0,,0.5009033161885226,0.0,0.6,0.0,108,54
drift_away,-1,gated,0.026,55,0.4,1.0,0.4,0.0,,0.5008173542876928,0.0,0.6,0.0,110,55
drift_away,-1,gated,0.026,56,0.4,1.0,0.4,0.0,,0.5007395727432966,0.0,0.6,0.0,112,56
drift_away,-1,gated,0.026,57,0.4,1.0,0.4,0.0,,0.5006691930914942,0.0,0.6,0.0,114,57
drift_away,-1,gated,0.026,58,0.4,1.0,0.4,0.0,,0.5006055109490752,0.0,0.6,0.0,116,58
drift_away,-1,gated,0.026,59,0.4,1.0,0.4,0.0,,0.5005478889637537,0.0,0.6,0.0,118,59
drift_away,-1,gated,0.026,60,0.4,1.0,0.4,0.0,,0.5004957504353333,0.0,0.6,0.0,120,60
drift_away,-1,gated,0.026,61,0.4,1.0,0.4,0.0,,0.5004485735438972,0.0,0.6,0.0,122,61
drift_away,-1,gated,0.026,62,0.4,1.0,0.4,0.0,,0.5004058861272591,0.0,0.6,0.0,124,62
drift_away,-1,gated,0.026,63,0.4,1.0,0.4,0.0,,0.5003672609554057,0.0,0.6,0.0,126,63
drift_away,-1,gated,0.026,64,0.4,1.0,0.4,0.0,,0.5003323114546347,0.0,0.6,0.0,128,64
drift_away,-1,gated,0.026,65,0.4,1.0,0.4,0.0,,0.5003006878385956,0.0,0.6,0.0,130,65
drift_away,-1,gated,0.026,66,0.4,1.0,0.4,0.0,,0.5002720736075096,0.0,0.6,0.0,132,66
drift_away,-1,gated,0.026,67,0.4,1.0,0.4,0.0,,0.5002461823805346,0.0,0.6,0.0,134,67
drift_away,-1,gated,0.026,68,0.4,1.0,0.4,0.0,,0.500222755029569,0.0,0.6,0.0,136,68
drift_away,-1,gated,0.026,69,0.4,1.0,0.4,0.0,,0.5002015570858097,0.0,0.6,0.0,138,69
drift_away,-1,gated,0.026,70,0.4,1.0,0.4,0.0,,0.5001823763931109,0.0,0.6,0.0,140,70
drift_away,-1,gated,0.026,71,0.4,1.0,0.4,0.0,,0.5001650209846531,0.0,0.6,0.0,142,71
drift_away,-1,gated,0.026,72,0.4,1.0,0.4,0.0,,0.5001493171616753,0.0,0.6,0.0,144,72
drift_away,-1,gated,0.026,73,0.4,1.0,0.4,0.0,,0.5001351077550388,0.0,0.6,0.0,146,73
drift_away,-1,gated,0.026,74,0.4,1.0,0.4,0.0,,0.5001222505522259,0.0,0.6,0.0,148,74
drift_away,-1,gated,0.026,75,0.4,1.0,0.4,0.0,,0.5001106168740296,0.0,0.6,0.0,150,75
drift_away,-1,gated,0.026,76,0.4,1.0,0.4,0.0,,0.5001000902866881,0.0,0.6,0.0,152,76
drift_away,-1,gated,0.026,77,0.4,1.0,0.4,0.0,,0.5000905654365774,0.0,0.6,0.0,154,77
drift_away,-1,gated,0.026,78,0.4,1.0,0.4,0.0,,0.500081946995796,0.0,0.6,0.0,156,78
drift_away,-1,gated,0.026,79,0.4,1.0,0.4,0.0,,0.5000741487080917,0.0,0.6,0.0,158,79
drift_away,-1,gated,0.026,80,0.4,1.0,0.4,0.0,,0.5000670925255806,0.0,0.6,0.0,160,80
drift_away,-1,accept_all,0.026,1,0.4,1.0,1.0,0.6,0.6619349672143838,0.6619349672143838,1.0,0.0,1.0,0,0
drift_away,-1,accept_all,0.026,2,0.4,1.0,1.0,0.0,0.3274923012311928,0.3274923012311928,1.0,0.0,1.0,0,0
drift_away,-1,accept_all,0.026,3,0.4,1.0,1.0,0.0,0.2963272882726872,0.2963272882726872,1.0,0.0,1.0,0,0
drift_away,-1,accept_all,0.026,4,0.4,1.0,1.0,0.0,0.2681280184142558,0.2681280184142558,1.0,0.0,1.0,0,0
drift_away,-1,accept_all,0.026,5,0.4,1.0,1.0,0.0,0.24261226388505341,0.24261226388505341,1.0,0.0,1.0,0,0
drift_away,-1,accept_all,0.026,6,0.4,1.0,1.0,0.0,0.2195246544376106,0.2195246544376106,1.0,0.0,1.0,0,0
drift_away,-1,accept_all,0.026,7,0.4,1.0,1.0,0.0,0.1986341215165638,0.1986341215165638,1.0,0.0,1.0,0,0
drift_away,-1,accept_all,0.026,8,0.4,1.0,1.0,0.0,0.17973158564688863,0.17973158564688863,1.0,0.0,1.0,0,0
drift_away,-1,accept_all,0.026,9,0.4,1.0,1.0,0.0,0.16262786389623962,0.16262786389623962,1.0,0.0,1.0,0,0
drift_away,-1,accept_all,0.026,10,0.4,1.0,1.0,0.0,0.1471517764685769,0.1471517764685769,1.0,0.0,1.0,0,0
drift_away,-1,accept_all,0.026,11,0.4,1.0,1.0,0.0,0.1331484334792319,0.1331484334792319,1.0,0.0,1.0,0,0
drift_away,-1,accept_all,0.026,12,0.4,1.0,1.0,0.0,0.12047768476488085,0.12047768476488085,1.0,0.0,1.0,0,0
drift_away,-1,accept_all,0.026,13,0.4,1.0,1.0,0.0,0.10901271721360506,0.10901271721360506,1.0,0.0,1.0,0,0
drift_away,-1,accept_all,0.026,14,0.4,1.0,1.0,0.0,0.09863878557664263,0.09863878557664263,1.0,0.0,1.0,0,0
drift_away,-1,accept_all,0.026,15,0.4,1.0,1.0,0.0,0.08925206405937192,0.08925206405937192,1.0,0.0,1.0,0,0
drift_away,-1,accept_all,0.026,16,0.4,1.0,1.0,0.0,0.0807586071978621,0.0807586071978621,1.0,0.0,1.0,0,0
drift_away,-1,accept_all,0.026,17,0.4,1.0,1.0,0.0,0.07307340962109388,0.07307340962109388,1.0,0.0,1.0,0,0
drift_away,-1,accept_all,0.026,18,0.4,1.0,1.0,0.0,0.06611955528863467,0.06611955528863467,1.0,0.0,1.0,0,0
drift_away,-1,accept_all,0.026,19,0.4,1.0,1.0,0.0,0.059827447689054014,0.059827447689054014,1.0,0.0,1.0,0,0
drift_away,-1,accept_all,0.026,20,0.4,1.0,1.0,0.0,0.054134113294645125,0.054134113294645125,1.0,0.0,1.0,0,0
drift_away,-1,accept_all,0.026,21,0.4,1.0,1.0,0.0,0.04898257130119277,0.04898257130119277,1.0,0.0,1.0,0,0
drift_away,-1,accept_all,0.026,22,0.4,1.0,1.0,0.0,0.04432126334493358,0.04432126334493358,1.0,0.0,1.0,0,0
drift_away,-1,accept_all,0.026,23,0.4,1.0,1.0,0.0,0.040103537489121543,0.040103537489121543,1.0,0.0,1.0,0,0
drift_away,-1,accept_all,0.026,24,0.4,1.0,1.0,0.0,0.03628718131576503,0.03628718131576503,1.0,0.0,1.0,0,0
drift_away,-1,accept_all,0.026,25,0.4,1.0,1.0,0.0,0.03283399944955956,0.03283399944955956,1.0,0.0,1.0,0,0
drift_away,-1,accept_all,0.026,26,0.4,1.0,1.0,0.0,0.029709431285733556,0.029709431285733556,1.0,0.0,1.0,0,0
drift_away,-1,accept_all,0.026,27,0.4,1.0,1.0,0.0,0.02688220509589989,0.02688220509589989,1.0,0.0,1.0,0,0
drift_away,-1,accept_all,0.026,28,0.4,1.0,1.0,0.0,0.02432402505008724,0.02432402505008724,1.0,0.0,1.0,0,0
drift_away,-1,accept_all,0.026,29,0.4,1.0,1.0,0.0,0.022009288022562856,0.022009288022562856,1.0,0.0,1.0,0,0
drift_away,-1,accept_all,0.026,30,0.4,1.0,1.0,0.0,0.01991482734714556,0.01991482734714556,1.0,0.0,1.0,0,0
drift_away,-1,accept_all,0.026,31,0.4,1.0,1.0,0.0,0.018019680957423123,0.018019680957423123,1.0,0.0,1.0,0,0
drift_away,-1,accept_all,0.026,32,0.4,1.0,1.0,0.0,0.016304881591346465,0.016304881591346465,1.0,0.0,1.0,0,0
drift_away,-1,accept_all,0.026,33,0.4,1.0,1.0,0.0,0.014753266960496059,0.014753266960496059,1.0,0.0,1.0,0,0
drift_away,-1,accept_all,0.026,34,0.4,1.0,1.0,0.0,0.013349307984130476,0.013349307984130476,1.0,0.0,1.0,0,0
drift_away,-1,accept_all,0.026,35,0.4,1.0,1.0,0.0,0.012078953368927392,0.012078953368927392,1.0,0.0,1.0,0,0
drift_away,-1,accept_all,0.026,36,0.4,1.0,1.0,0.0,0.01092948897891699,0.01092948897891699,1.0,0.0,1.0,0,0
drift_away,-1,accept_all,0.026,37,0.4,1.0,1.0,0.0,0.00988941058813575,0.00988941058813575,1.0,0.0,1.0,0,0
drift_away,-1,accept_all,0.026,38,0.4,1.0,1.0,0.0,0.008948308742466216,0.008948308742466216,1.0,0.0,1.0,0,0
drift_away,-1,accept_all,0.026,39,0.4,1.0,1.0,0.0,0.008096764578321758,0.008096764578321758,1.0,0.0,1.0,0,0
drift_away,-1,accept_all,0.026,40,0.4,1.0,1.0,0.0,0.00732625555549371,0.00732625555549371,1.0,0.0,1.0,0,0
drift_away,-1,accept_all,0.026,41,0.4,1.0,1.0,0.0,0.006629070160704464,0.006629070160704464,1.0,0.0,1.0,0,0
drift_away,-1,accept_all,0.026,42,0.4,1.0,1.0,0.0,0.005998230728191056,0.005998230728191056,1.0,0.0,1.0,0,0
drift_away,-1,accept_all,0.026,43,0.4,1.0,1.0,0.0,0.005427423604880355,0.005427423604880355,1.0,0.0,1.0,0,0
drift_away,-1,accept_all,0.026,44,0.4,1.0,1.0,0.0,0.004910935961227381,0.004910935961227381,1.0,0.0,1.0,0,0
drift_away,-1,accept_all,0.026,45,0.4,1.0,1.0,0.0,0.004443598615296973,0.004443598615296973,1.0,0.0,1.0,0,0
drift_away,-1,accept_all,0.026,46,0.4,1.0,1.0,0.0,0.004020734297853434,0.004020734297853434,1.0,0.0,1.0,0,0
drift_away,-1,accept_all,0.026,47,0.4,1.0,1.0,0.0,0.0036381108406783325,0.0036381108406783325,1.0,0.0,1.0,0,0
drift_away,-1,accept_all,0.026,48,0.4,1.0,1.0,0.0,0.003291898819608008,0.003291898819608008,1.0,0.0,1.0,0,0
drift_away,-1,accept_all,0.026,49,0.4,1.0,1.0,0.0,0.002978633228369776,0.002978633228369776,1.0,0.0,1.0,0,0
drift_away,-1,accept_all,0.026,50,0.4,1.0,1.0,0.0,0.0026951787996342125,0.0026951787996342125,1.0,0.0,1.0,0,0
drift_away,-1,accept_all,0.026,51,0.4,1.0,1.0,0.0,0.0024386986262062704,0.0024386986262062704,1.0,0.0,1.0,0,0
drift_away,-1,accept_all,0.026,52,0.4,1.0,1.0,0.0,0.0022066257683043267,0.0022066257683043267,1.0,0.0,1.0,0,0
drift_away,-1,accept_all,0.026,53,0.4,1.0,1.0,0.0,0.0019966375627641364,0.0019966375627641364,1.0,0.0,1.0,0,0
drift_away,-1,accept_all,0.026,54,0.4,1.0,1.0,0.0,0.0018066323770450365,0.0018066323770450365,1.0,0.0,1.0,0,0
drift_away,-1,accept_all,0.026,55,0.4,1.0,1.0,0.0,0.0016347085753856128,0.0016347085753856128,1.0,0.0,1.0,0,0
drift_away,-1,accept_all,0.026,56,0.4,1.0,1.0,0.0,0.0014791454865932252,0.0014791454865932252,1.0,0.0,1.0,0,0
drift_away,-1,accept_all,0.026,57,0.4,1.0,1.0,0.0,0.001338386182988538,0.001338386182988538,1.0,0.0,1.0,0,0
drift_away,-1,accept_all,0.026,58,0.4,1.0,1.0,0.0,0.0012110218981503662,0.0012110218981503662,1.0,0.0,1.0,0,0
drift_away,-1,accept_all,0.026,59,0.4,1.0,1.0,0.0,0.0010957779275073687,0.0010957779275073687,1.0,0.0,1.0,0,0
drift_away,-1,accept_all,0.026,60,0.4,1.0,1.0,0.0,0.0009915008706665729,0.0009915008706665729,1.0,0.0,1.0,0,0
drift_away,-1,accept_all,0.026,61,0.4,1.0,1.0,0.0,0.0008971470877943144,0.0008971470877943144,1.0,0.0,1.0,0,0
drift_away,-1,accept_all,0.026,62,0.4,1.0,1.0,0.0,0.0008117722545183392,0.0008117722545183392,1.0,0.0,1.0,0,0
drift_away,-1,accept_all,0.026,63,0.4,1.0,1.0,0.0,0.0007345219108115808,0.0007345219108115808,1.0,0.0,1.0,0,0
drift_away,-1,accept_all,0.026,64,0.4,1.0,1.0,0.0,0.0006646229092696077,0.0006646229092696077,1.0,0.0,1.0,0,0
drift_away,-1,accept_all,0.026,65,0.4,1.0,1.0,0.0,0.0006013756771909851,0.0006013756771909851,1.0,0.0,1.0,0,0
drift_away,-1,accept_all,0.026,66,0.4,1.0,1.0,0.0,0.000544147215019164,0.000544147215019164,1.0,0.0,1.0,0,0
drift_away,-1,accept_all,0.026,67,0.4,1.0,1.0,0.0,0.0004923647610693971,0.0004923647610693971,1.0,0.0,1.0,0,0
drift_away,-1,accept_all,0.026,68,0.4,1.0,1.0,0.0,0.0004455100591379546,0.0004455100591379546,1.0,0.0,1.0,0,0
drift_away,-1,accept_all,0.026,69,0.4,1.0,1.0,0.0,0.0004031141716194231,0.0004031141716194231,1.0,0.0,1.0,0,0
drift_away,-1,accept_all,0.026,70,0.4,1.0,1.0,0.0,0.0003647527862218336,0.0003647527862218336,1.0,0.0,1.0,0,0
drift_away,-1,accept_all,0.026,71,0.4,1.0,1.0,0.0,0.00033004196930641605,0.00033004196930641605,1.0,0.0,1.0,0,0
drift_away,-1,accept_all,0.026,72,0.4,1.0,1.0,0.0,0.0002986343233506439,0.0002986343233506439,1.0,0.0,1.0,0,0
drift_away,-1,accept_all,0.026,73,0.4,1.0,1.0,0.0,0.00027021551007755384,0.00027021551007755384,1.0,0.0,1.0,0,0
drift_away,-1,accept_all,0.026,74,0.4,1.0,1.0,0.0,0.00024450110445184414,0.00024450110445184414,1.0,0.0,1.0,0,0
drift_away,-1,accept_all,0.026,75,0.4,1.0,1.0,0.0,0.00022123374805915752,0.00022123374805915752,1.0,0.0,1.0,0,0
drift_away,-1,accept_all,0.026,76,0.4,1.0,1.0,0.0,0.00020018057337622963,0.00020018057337622963,1.0,0.0,1.0,0,0
drift_away,-1,accept_all,0.026,77,0.4,1.0,1.0,0.0,0.00018113087315474452,0.00018113087315474452,1.0,0.0,1.0,0,0
drift_away,-1,accept_all,0.026,78,0.4,1.0,1.0,0.0,0.00016389399159189022,0.00016389399159189022,1.0,0.0,1.0,0,0
drift_away,-1,accept_all,0.026,79,0.4,1.0,1.0,0.0,0.00014829741618360703,0.00014829741618360703,1.0,0.0,1.0,0,0
drift_away,-1,accept_all,0.026,80,0.4,1.0,1.0,0.0,0.00013418505116102875,0.00013418505116102875,1.0,0.0,1.0,0,0
drift_away,-1,reference_only,0.026,1,0.4,1.0,1.0,0.6,0.4,0.680967483607192,0.5,0.0,1.0,1,0
drift_away,-1,reference_only,0.026,2,0.4,1.0,1.0,0.0,1.0,0.6637461506155964,0.5,0.0,1.0,2,0
drift_away,-1,reference_only,0.026,3,0.4,1.0,1.0,0.0,1.0,0.6481636441363436,0.5,0.0,1.0,3,0
drift_away,-1,reference_only,0.026,4,0.4,1.0,1.0,0.0,1.0,0.6340640092071279,0.5,0.0,1.0,4,0
drift_away,-1,reference_only,0.026,5,0.4,1.0,1.0,0.0,1.0,0.6213061319425267,0.5,0.0,1.0,5,0
drift_away,-1,reference_only,0.026,6,0.4,1.0,1.0,0.0,1.0,0.6097623272188053,0.5,0.0,1.0,6,0
drift_away,-1,reference_only,0.026,7,0.4,1.0,1.0,0.0,1.0,0.5993170607582818,0.5,0.0,1.0,7,0
drift_away,-1,reference_only,0.026,8,0.4,1.0,1.0,0.0,1.0,0.5898657928234443,0.5,0.0,1.0,8,0
drift_away,-1,reference_only,0.026,9,0.4,1.0,1.0,0.0,1.0,0.5813139319481198,0.5,0.0,1.0,9,0
drift_away,-1,reference_only,0.026,10,0.4,1.0,1.0,0.0,1.0,0.5735758882342885,0.5,0.0,1.0,10,0
drift_away,-1,reference_only,0.026,11,0.4,1.0,1.0,0.0,1.0,0.5665742167396159,0.5,0.0,1.0,11,0
drift_away,-1,reference_only,0.026,12,0.4,1.0,1.0,0.0,1.0,0.5602388423824405,0.5,0.0,1.0,12,0
drift_away,-1,reference_only,0.026,13,0.4,1.0,1.0,0.0,1.0,0.5545063586068025,0.5,0.0,1.0,13,0
drift_away,-1,reference_only,0.026,14,0.4,1.0,1.0,0.0,1.0,0.5493193927883213,0.5,0.0,1.0,14,0
drift_away,-1,reference_only,0.026,15,0.4,1.0,1.0,0.0,1.0,0.544626032029686,0.5,0.0,1.0,15,0
drift_away,-1,reference_only,0.026,16,0.4,1.0,1.0,0.0,1.0,0.540379303598931,0.5,0.0,1.0,16,0
drift_away,-1,reference_only,0.026,17,0.4,1.0,1.0,0.0,1.0,0.5365367048105469,0.5,0.0,1.0,17,0
drift_away,-1,reference_only,0.026,18,0.4,1.0,1.0,0.0,1.0,0.5330597776443173,0.5,0.0,1.0,18,0
drift_away,-1,reference_only,0.026,19,0.4,1.0,1.0,0.0,1.0,0.5299137238445271,0.5,0.0,1.0,19,0
drift_away,-1,reference_only,0.026,20,0.4,1.0,1.0,0.0,1.0,0.5270670566473226,0.5,0.0,1.0,20,0
drift_away,-1,reference_only,0.026,21,0.4,1.0,1.0,0.0,1.0,0.5244912856505963,0.5,0.0,1.0,21,0
drift_away,-1,reference_only,0.026,22,0.4,1.0,1.0,0.0,1.0,0.5221606316724667,0.5,0.0,1.0,22,0
drift_away,-1,reference_only,0.026,23,0.4,1.0,1.0,0.0,1.0,0.5200517687445607,0.5,0.0,1.0,23,0
drift_away,-1,reference_only,0.026,24,0.4,1.0,1.0,0.0,1.0,0.5181435906578825,0.5,0.0,1.0,24,0
drift_away,-1,reference_only,0.026,25,0.4,1.0,1.0,0.0,1.0,0.5164169997247798,0.5,0.0,1.0,25,0
drift_away,-1,reference_only,0.026,26,0.4,1.0,1.0,0.0,1.0,0.5148547156428668,0.5,0.0,1.0,26,0
drift_away,-1,reference_only,0.026,27,0.4,1.0,1.0,0.0,1.0,0.51344110254795,0.5,0.0,1.0,27,0
drift_away,-1,reference_only,0.026,28,0.4,1.0,1.0,0.0,1.0,0.5121620125250437,0.5,0.0,1.0,28,0
drift_away,-1,reference_only,0.026,29,0.4,1.0,1.0,0.0,1.0,0.5110046440112814,0.5,0.0,1.0,29,0
drift_away,-1,reference_only,0.026,30,0.4,1.0,1.0,0.0,1.0,0.5099574136735727,0.5,0.0,1.0,30,0
drift_away,-1,reference_only,0.026,31,0.4,1.0,1.0,0.0,1.0,0.5090098404787116,0.5,0.0,1.0,31,0
drift_away,-1,reference_only,0.026,32,0.4,1.0,1.0,0.0,1.0,0.5081524407956732,0.5,0.0,1.0,32,0
drift_away,-1,reference_only,0.026,33,0.4,1.0,1.0,0.0,1.0,0.5073766334802481,0.5,0.0,1.0,33,0
drift_away,-1,reference_only,0.026,34,0.4,1.0,1.0,0.0,1.0,0.5066746539920652,0.5,0.0,1.0,34,0
drift_away,-1,reference_only,0.026,35,0.4,1.0,1.0,0.0,1.0,0.5060394766844637,0.5,0.0,1.0,35,0
drift_away,-1,reference_only,0.026,36,0.4,1.0,1.0,0.0,1.0,0.5054647444894584,0.5,0.0,1.0,36,0
drift_away,-1,reference_only,0.026,37,0.4,1.0,1.0,0.0,1.0,0.5049447052940679,0.5,0.0,1.0,37,0
drift_away,-1,reference_only,0.026,38,0.4,1.0,1.0,0.0,1.0,0.5044741543712331,0.5,0.0,1.0,38,0
drift_away,-1,reference_only,0.026,39,0.4,1.0,1.0,0.0,1.0,0.5040483822891608,0.5,0.0,1.0,39,0
drift_away,-1,reference_only,0.026,40,0.4,1.0,1.0,0.0,1.0,0.5036631277777468,0.5,0.0,1.0,40,0
drift_away,-1,reference_only,0.026,41,0.4,1.0,1.0,0.0,1.0,0.5033145350803523,0.5,0.0,1.0,41,0
drift_away,-1,reference_only,0.026,42,0.4,1.0,1.0,0.0,1.0,0.5029991153640956,0.5,0.0,1.0,42,0
drift_away,-1,reference_only,0.026,43,0.4,1.0,1.0,0.0,1.0,0.5027137118024402,0.5,0.0,1.0,43,0
drift_away,-1,reference_only,0.026,44,0.4,1.0,1.0,0.0,1.0,0.5024554679806137,0.5,0.0,1.0,44,0
drift_away,-1,reference_only,0.026,45,0.4,1.0,1.0,0.0,1.0,0.5022217993076485,0.5,0.0,1.0,45,0
drift_away,-1,reference_only,0.026,46,0.4,1.0,1.0,0.0,1.0,0.5020103671489267,0.5,0.0,1.0,46,0
drift_away,-1,reference_only,0.026,47,0.4,1.0,1.0,0.0,1.0,0.5018190554203392,0.5,0.0,1.0,47,0
drift_away,-1,reference_only,0.026,48,0.4,1.0,1.0,0.0,1.0,0.501645949409804,0.5,0.0,1.0,48,0
drift_away,-1,reference_only,0.026,49,0.4,1.0,1.0,0.0,1.0,0.5014893166141849,0.5,0.0,1.0,49,0
drift_away,-1,reference_only,0.026,50,0.4,1.0,1.0,0.0,1.0,0.5013475893998172,0.5,0.0,1.0,50,0
drift_away,-1,reference_only,0.026,51,0.4,1.0,1.0,0.0,1.0,0.5012193493131032,0.5,0.0,1.0,51,0
drift_away,-1,reference_only,0.026,52,0.4,1.0,1.0,0.0,1.0,0.5011033128841522,0.5,0.0,1.0,52,0
drift_away,-1,reference_only,0.026,53,0.4,1.0,1.0,0.0,1.0,0.500998318781382,0.5,0.0,1.0,53,0
drift_away,-1,reference_only,0.026,54,0.4,1.0,1.0,0.0,1.0,0.5009033161885226,0.5,0.0,1.0,54,0
drift_away,-1,reference_only,0.026,55,0.4,1.0,1.0,0.0,1.0,0.5008173542876928,0.5,0.0,1.0,55,0
drift_away,-1,reference_only,0.026,56,0.4,1.0,1.0,0.0,1.0,0.5007395727432966,0.5,0.0,1.0,56,0
drift_away,-1,reference_only,0.026,57,0.4,1.0,1.0,0.0,1.0,0.5006691930914943,0.5,0.0,1.0,57,0
drift_away,-1,reference_only,0.026,58,0.4,1.0,1.0,0.0,1.0,0.5006055109490752,0.5,0.0,1.0,58,0
drift_away,-1,reference_only,0.026,59,0.4,1.0,1.0,0.0,1.0,0.5005478889637537,0.5,0.0,1.0,59,0
drift_away,-1,reference_only,0.026,60,0.4,1.0,1.0,0.0,1.0,0.5004957504353333,0.5,0.0,1.0,60,0
drift_away,-1,reference_only,0.026,61,0.4,1.0,1.0,0.0,1.0,0.5004485735438972,0.5,0.0,1.0,61,0
drift_away,-1,reference_only,0.026,62,0.4,1.0,1.0,0.0,1.0,0.5004058861272591,0.5,0.0,1.0,62,0
drift_away,-1,reference_only,0.026,63,0.4,1.0,1.0,0.0,1.0,0.5003672609554057,0.5,0.0,1.0,63,0
drift_away,-1,reference_only,0.026,64,0.4,1.0,1.0,0.0,1.0,0.5003323114546347,0.5,0.0,1.0,64,0
drift_away,-1,reference_only,0.026,65,0.4,1.0,1.0,0.0,1.0,0.5003006878385955,0.5,0.0,1.0,65,0
drift_away,-1,reference_only,0.026,66,0.4,1.0,1.0,0.0,1.0,0.5002720736075096,0.5,0.0,1.0,66,0
drift_away,-1,reference_only,0.026,67,0.4,1.0,1.0,0.0,1.0,0.5002461823805346,0.5,0.0,1.0,67,0
drift_away,-1,reference_only,0.026,68,0.4,1.0,1.0,0.0,1.0,0.500222755029569,0.5,0.0,1.0,68,0
drift_away,-1,reference_only,0.026,69,0.4,1.0,1.0,0.0,1.0,0.5002015570858097,0.5,0.0,1.0,69,0
drift_away,-1,reference_only,0.026,70,0.4,1.0,1.0,0.0,1.0,0.5001823763931109,0.5,0.0,1.0,70,0
drift_away,-1,reference_only,0.026,71,0.4,1.0,1.0,0.0,1.0,0.5001650209846532,0.5,0.0,1.0,71,0
drift_away,-1,reference_only,0.026,72,0.4,1.0,1.0,0.0,1.0,0.5001493171616753,0.5,0.0,1.0,72,0
drift_away,-1,reference_only,0.026,73,0.4,1.0,1.0,0.0,1.0,0.5001351077550388,0.5,0.0,1.0,73,0
drift_away,-1,reference_only,0.026,74,0.4,1.0,1.0,0.0,1.0,0.5001222505522259,0.5,0.0,1.0,74,0
drift_away,-1,reference_only,0.026,75,0.4,1.0,1.0,0.0,1.0,0.5001106168740296,0.5,0.0,1.0,75,0
drift_away,-1,reference_only,0.026,76,0.4,1.0,1.0,0.0,1.0,0.5001000902866881,0.5,0.0,1.0,76,0
drift_away,-1,reference_only,0.026,77,0.4,1.0,1.0,0.0,1.0,0.5000905654365774,0.5,0.0,1.0,77,0
drift_away,-1,reference_only,0.026,78,0.4,1.0,1.0,0.0,1.0,0.500081946995796,0.5,0.0,1.0,78,0
drift_away,-1,reference_only,0.026,79,0.4,1.0,1.0,0.0,1.0,0.5000741487080917,0.5,0.0,1.0,79,0
drift_away,-1,reference_only,0.026,80,0.4,1.0,1.0,0.0,1.0,0.5000670925255806,0.5,0.0,1.0,80,0
drift_away,-1,gated,0.05,1,0.4,1.0,0.36193496721438384,0.03806503278561618,0.9619349672143838,0.6619349672143838,0.5,0.6380650327856161,0.0,1,1
drift_away,-1,gated,0.05,2,0.4,1.0,0.3274923012311928,0.03444266598319107,0.9655573340168089,0.6465248176240008,0.5,0.6725076987688072,0.0,2,2
drift_away,-1,gated,0.05,3,0.4,1.0,0.2963272882726872,0.0311650129585056,0.9688349870414944,0.6325811376570908,0.5,0.7036727117273128,0.0,3,3
drift_away,-1,gated,0.05,4,0.4,1.0,0.26812801841425576,0.02819926985843141,0.9718007301415685,0.6199643742779122,0.5,0.7318719815857442,0.0,4,4
drift_away,-1,gated,0.05,5,0.4,1.0,0.2426122638850534,0.025515754529202378,0.9744842454707976,0.6085482546779255,0.5,0.7573877361149466,0.0,5,5
drift_away,-1,gated,0.05,6,0.4,1.0,0.21952465443761057,0.023087609447442814,0.9769123905525572,0.5982185224950839,0.5,0.7804753455623894,0.0,6,6
drift_away,-1,gated,0.05,7,0.4,1.0,0.19863412151656382,0.020890532921046756,0.9791094670789533,0.5888717942977586,0.5,0.8013658784834362,0.0,7,7
drift_away,-1,gated,0.05,8,0.4,1.0,0.17973158564688863,0.01890253586967519,0.9810974641303248,0.5804145248886068,0.5,0.8202684143531114,0.0,8,8
drift_away,-1,gated,0.05,9,0.4,1.0,0.16262786389623965,0.017103721750648976,0.982896278249351,0.5727620710727953,0.5,0.8373721361037604,0.0,9,9
drift_away,-1,gated,0.05,10,0.4,1.0,0.14715177646857694,0.01547608742766271,0.9845239125723373,0.565837844520457,0.5,0.8528482235314231,0.0,10,10
drift_away,-1,gated,0.05,11,0.4,1.0,0.13314843347923183,0.014003342989345108,0.9859966570106549,0.5595725452449434,0.5,0.8668515665207681,0.0,11,11
drift_away,-1,gated,0.05,12,0.4,1.0,0.12047768476488085,0.012670748714350977,0.9873292512856491,0.553903468025265,0.5,0.8795223152351191,0.0,12,12
drift_away,-1,gated,0.05,13,0.4,1.0,0.10901271721360505,0.01146496755127581,0.9885350324487242,0.5487738748311646,0.5,0.8909872827863949,0.0,13,13
drift_away,-1,gated,0.05,14,0.4,1.0,0.0986387855766426,0.010373931636962444,0.9896260683630376,0.5441324269698401,0.5,0.9013612144233574,0.0,14,14
drift_away,-1,gated,0.05,15,0.4,1.0,0.08925206405937193,0.009386721517270671,0.9906132784827293,0.5399326712710506,0.5,0.9107479359406281,0.0,15,15
drift_away,-1,gated,0.05,16,0.4,1.0,0.08075860719786215,0.008493456861509777,0.9915065431384902,0.5361325751681761,0.5,0.9192413928021379,0.0,16,16
drift_away,-1,gated,0.05,17,0.4,1.0,0.07307340962109386,0.007685197576768291,0.9923148024232317,0.5326941060221628,0.5,0.9269265903789061,0.0,17,17
drift_away,-1,gated,0.05,18,0.4,1.0,0.06611955528863461,0.00695385433245925,0.9930461456675408,0.5295828504780877,0.5,0.9338804447113653,0.0,18,18
drift_away,-1,gated,0.05,19,0.4,1.0,0.05982744768905403,0.006292107599580585,0.9937078924004195,0.5267676700447368,0.5,0.940172552310946,0.0,19,19
drift_away,-1,gated,0.05,20,0.4,1.0,0.054134113294645084,0.005693334394408944,0.994306665605591,0.5242203894501181,0.5,0.9458658867053549,0.0,20,20
drift_away,-1,gated,0.05,21,0.4,1.0,0.04898257130119277,0.005151541993452316,0.9948484580065476,0.5219155146538702,0.5,0.9510174286988072,0.0,21,21
drift_away,-1,gated,0.05,22,0.4,1.0,0.044321263344933554,0.004661307956259214,0.9953386920437408,0.5198299776943371,0.5,0.9556787366550664,0.0,22,22
drift_away,-1,gated,0.05,23,0.4,1.0,0.0401035374891215,0.004217725855812052,0.995782274144188,0.5179429058166547,0.5,0.9598964625108785,0.0,23,23
drift_away,-1,gated,0.05,24,0.4,1.0,0.036287181315765006,0.0038163561733564957,0.9961836438266435,0.5162354125712043,0.5,0.963712818684235,0.0,24,24
drift_away,-1,gated,0.05,25,0.4,1.0,0.032833999449559524,0.003453181866205482,0.9965468181337945,0.514690408791677,0.5,0.9671660005504404,0.0,25,25
drift_away,-1,gated,0.05,26,0.4,1.0,0.029709431285733553,0.0031245681638259713,0.996875431836174,0.5132924315609537,0.5,0.9702905687142664,0.0,26,26
drift_away,-1,gated,0.05,27,0.4,1.0,0.026882205095899905,0.0028272261898336475,0.9971727738101663,0.5120274894530331,0.5,0.9731177949041001,0.0,27,27
drift_away,-1,gated,0.05,28,0.4,1.0,0.02432402505008719,0.002558180045812715,0.9974418199541872,0.5108829225021372,0.5,0.9756759749499128,0.0,28,28
drift_away,-1,gated,0.05,29,0.4,1.0,0.022009288022562894,0.002314737027524296,0.9976852629724757,0.5098472754975193,0.5,0.9779907119774371,0.0,29,29
drift_away,-1,gated,0.05,30,0.4,1.0,0.01991482734714558,0.002094460675417315,0.9979055393245827,0.5089101833358641,0.5,0.9800851726528544,0.0,30,30
drift_away,-1,gated,0.05,31,0.4,1.0,0.01801968095742312,0.0018951463897224595,0.9981048536102776,0.5080622672838504,0.5,0.9819803190425769,0.0,31,31
drift_away,-1,gated,0.05,32,0.4,1.0,0.016304881591346486,0.0017147993660766338,0.9982852006339233,0.5072950411126349,0.5,0.9836951184086535,0.0,32,32
drift_away,-1,gated,0.05,33,0.4,1.0,0.014753266960496007,0.0015516146308504793,0.9984483853691495,0.5066008261648227,0.5,0.9852467330395039,0.0,33,33
drift_away,-1,gated,0.05,34,0.4,1.0,0.013349307984130433,0.0014039589763655737,0.9985960410236344,0.5059726745038824,0.5,0.9866506920158695,0.0,34,34
drift_away,-1,gated,0.05,35,0.4,1.0,0.0120789533689274,0.0012703546152030322,0.9987296453847969,0.5054042993768622,0.5,0.9879210466310726,0.0,35,35
drift_away,-1,gated,0.05,36,0.4,1.0,0.010929488978917025,0.0011494643900103758,0.9988505356099896,0.5048900122944533,0.5,0.989070511021083,0.0,36,36
drift_away,-1,gated,0.05,37,0.4,1.0,0.009889410588135757,0.0010400783907812683,0.9989599216092188,0.5044246660986773,0.5,0.9901105894118643,0.0,37,37
drift_away,-1,gated,0.05,38,0.4,1.0,0.008948308742466242,0.0009411018456695151,0.9990588981543305,0.5040036034483983,0.5,0.9910516912575338,0.0,38,38
drift_away,-1,gated,0.05,39,0.4,1.0,0.008096764578321756,0.0008515441641444854,0.9991484558358555,0.5036226102070887,0.5,0.9919032354216782,0.0,39,39
drift_away,-1,gated,0.05,40,0.4,1.0,0.007326255555493672,0.000770509022828084,0.999229490977172,0.5032778732663328,0.5,0.9926737444445063,0.0,40,40
drift_away,-1,gated,0.05,41,0.4,1.0,0.006629070160704503,0.0006971853947891696,0.9993028146052109,0.5029659423829577,0.5,0.9933709298392955,0.0,41,41
drift_away,-1,gated,0.05,42,0.4,1.0,0.0059982307281910814,0.0006308394325134211,0.9993691605674866,0.5026836956478389,0.5,0.9940017692718089,0.0,42,42
drift_away,-1,gated,0.05,43,0.4,1.0,0.005427423604880374,0.0005708071233107076,0.9994291928766893,0.5024283082407848,0.5,0.9945725763951196,0.0,43,43
drift_away,-1,gated,0.05,44,0.4,1.0,0.0049109359612273746,0.0005164876436529993,0.999483512356347,0.5021972241587872,0.5,0.9950890640387726,0.0,44,44
drift_away,-1,gated,0.05,45,0.4,1.0,0.004443598615296923,0.0004673373459304518,0.9995326626540696,0.5019881306346833,0.5,0.995556401384703,0.0,45,45
drift_away,-1,gated,0.05,46,0.4,1.0,0.004020734297853434,0.0004228643174434884,0.9995771356825565,0.501798934990205,0.5,0.9959792657021466,0.0,46,46
drift_away,-1,gated,0.05,47,0.4,1.0,0.0036381108406783264,0.000382623457175108,0.9996173765428249,0.5016277436917516,0.5,0.9963618891593217,0.0,47,47
drift_away,-1,gated,0.05,48,0.4,1.0,0.0032918988196080122,0.00034621202107031415,0.9996537879789297,0.5014728433992688,0.5,0.996708101180392,0.0,48,48
drift_away,-1,gated,0.05,49,0.4,1.0,0.0029786332283697355,0.0003132655912382767,0.9996867344087618,0.5013326838185658,0.5,0.9970213667716302,0.0,49,49
drift_away,-1,gated,0.05,50,0.4,1.0,0.002695178799634187,0.0002834544287355486,0.9997165455712644,0.5012058621854494,0.5,0.9973048212003658,0.0,50,50
drift_away,-1,gated,0.05,51,0.4,1.0,0.0024386986262062552,0.00025648017342793164,0.9997435198265721,0.5010911092263892,0.5,0.9975613013737937,0.0,51,51
drift_away,-1,gated,0.05,52,0.4,1.0,0.002206625768304309,0.00023207285790194637,0.9997679271420981,0.5009872764552012,0.5,0.9977933742316957,0.0,52,52
drift_away,-1,gated,0.05,53,0.4,1.0,0.001996637562764087,0.00020998820554022192,0.9997900117944598,0.500893324678612,0.5,0.9980033624372359,0.0,53,53
drift_away,-1,gated,0.05,54,0.4,1.0,0.0018066323770450665,0.0001900051857190205,0.999809994814281,0.500808313595663,0.5,0.998193367622955,0.0,54,54
drift_away,-1,gated,0.05,55,0.4,1.0,0.0016347085753856266,0.00017192380165943983,0.9998280761983406,0.500731392386863,0.5,0.9983652914246144,0.0,55,55
drift_away,-1,gated,0.05,56,0.4,1.0,0.001479145486593173,0.0001555630887924537,0.9998444369112075,0.5006617911989004,0.5,0.9985208545134068,0.0,56,56
drift_away,-1,gated,0.05,57,0.4,1.0,0.001338386182988509,0.00014075930360466405,0.9998592406963953,0.5005988134396919,0.5,0.9986616138170115,0.0,57,57
drift_away,-1,gated,0.05,58,0.4,1.0,0.0012110218981503263,0.0001273642848381826,0.9998726357151618,0.5005418288066561,0.5,0.9987889781018496,0.0,58,58
drift_away,-1,gated,0.05,59,0.4,1.0,0.0010957779275073474,0.00011524397064297887,0.999884756029357,0.5004902669784321,0.5,0.9989042220724926,0.0,59,59
drift_away,-1,gated,0.05,60,0.4,1.0,0.0009915008706665434,0.00010427705684080404,0.9998957229431592,0.5004436119069129,0.5,0.9990084991293334,0.0,60,60
drift_away,-1,gated,0.05,61,0.4,1.0,0.0008971470877943213,9.435378287222206e-05,0.9999056462171277,0.500401396652461,0.5,0.9991028529122057,0.0,61,61
drift_away,-1,gated,0.05,62,0.4,1.0,0.0008117722545182937,8.537483327602765e-05,0.999914625166724,0.5003631987106212,0.5,0.9991882277454817,0.0,62,62
drift_away,-1,gated,0.05,63,0.4,1.0,0.0007345219108115629,7.725034370673078e-05,0.9999227496562932,0.5003286357835524,0.5,0.9992654780891884,0.0,63,63
drift_away,-1,gated,0.05,64,0.4,1.0,0.0006646229092695736,6.98990015419893e-05,0.999930100998458,0.5002973619538638,0.5,0.9993353770907304,0.0,64,64
drift_away,-1,gated,0.05,65,0.4,1.0,0.000601375677191029,6.324723207854464e-05,0.9999367527679215,0.5002690642225562,0.5,0.999398624322809,0.0,65,65
drift_away,-1,gated,0.05,66,0.4,1.0,0.0005441472150191576,5.72284621718714e-05,0.9999427715378282,0.5002434593764237,0.5,0.9994558527849808,0.0,66,66
drift_away,-1,gated,0.05,67,0.4,1.0,0.0004923647610693924,5.178245394976515e-05,0.9999482175460502,0.5002202911535598,0.5,0.9995076352389306,0.0,67,67
drift_away,-1,gated,0.05,68,0.4,1.0,0.0004455100591379213,4.68547019314711e-05,0.9999531452980686,0.5001993276786032,0.5,0.999554489940862,0.0,68,68
drift_away,-1,gated,0.05,69,0.4,1.0,0.0004031141716194042,4.2395887518517097e-05,0.9999576041124815,0.5001803591420504,0.5,0.9995968858283806,0.0,69,69
drift_away,-1,gated,0.05,70,0.4,1.0,0.0003647527862218065,3.836138539759773e-05,0.9999616386146024,0.5001631957004121,0.5,0.9996352472137782,0.0,70,70
drift_away,-1,gated,0.05,71,0.4,1.0,0.00033004196930636184,3.471081691544466e-05,0.9999652891830846,0.5001476655761955,0.5,0.9996699580306936,0.0,71,71
drift_away,-1,gated,0.05,72,0.4,1.0,0.0002986343233506717,3.140764595569015e-05,0.9999685923540443,0.5001336133386975,0.5,0.9997013656766494,0.0,72,72
drift_away,-1,gated,0.05,73,0.4,1.0,0.00027021551007753774,2.8418813273133948e-05,0.9999715811867269,0.5001208983484022,0.5,0.9997297844899224,0.0,73,73
drift_away,-1,gated,0.05,74,0.4,1.0,0.0002445011044518289,2.5714405625708835e-05,0.9999742855943743,0.5001093933494131,0.5,0.9997554988955482,0.0,74,74
drift_away,-1,gated,0.05,75,0.4,1.0,0.00022123374805913345,2.326735639269546e-05,0.9999767326436073,0.5000989831958332,0.5,0.9997787662519408,0.0,75,75
drift_away,-1,gated,0.05,76,0.4,1.0,0.00020018057337624435,2.10531746828891e-05,0.9999789468253171,0.5000895636993467,0.5,0.9997998194266238,0.0,76,76
drift_away,-1,gated,0.05,77,0.4,1.0,0.0001811308731547188,1.904970022152555e-05,0.9999809502997785,0.5000810405864666,0.5,0.9998188691268453,0.0,77,77
drift_away,-1,gated,0.05,78,0.4,1.0,0.00016389399159191472,1.7236881562804075e-05,0.9999827631184371,0.5000733285550145,0.5,0.9998361060084081,0.0,78,78
drift_away,-1,gated,0.05,79,0.4,1.0,0.0001482974161836353,1.559657540827942e-05,0.9999844034245917,0.5000663504203877,0.5,0.9998517025838164,0.0,79,79
drift_away,-1,gated,0.05,80,0.4,1.0,0.00013418505116100476,1.4112365022630547e-05,0.9999858876349774,0.5000600363430692,0.5,0.999865814948839,0.0,80,80
drift_away,-1,accept_all,0.05,1,0.4,1.0,1.0,0.6,0.6619349672143838,0.6619349672143838,1.0,0.0,1.0,0,0
drift_away,-1,accept_all,0.05,2,0.4,1.0,1.0,0.0,0.3274923012311928,0.3274923012311928,1.0,0.0,1.0,0,0
drift_away,-1,accept_all,0.05,3,0.4,1.0,1.0,0.0,0.2963272882726872,0.2963272882726872,1.0,0.0,1.0,0,0
drift_away,-1,accept_all,0.05,4,0.4,1.0,1.0,0.0,0.2681280184142558,0.2681280184142558,1.0,0.0,1.0,0,0
drift_away,-1,accept_all,0.05,5,0.4,1.0,1.0,0.0,0.24261226388505341,0.24261226388505341,1.0,0.0,1.0,0,0
drift_away,-1,accept_all,0.05,6,0.4,1.0,1.0,0.0,0.2195246544376106,0.2195246544376106,1.0,0.0,1.0,0,0
drift_away,-1,accept_all,0.05,7,0.4,1.0,1.0,0.0,0.1986341215165638,0.1986341215165638,1.0,0.0,1.0,0,0
drift_away,-1,accept_all,0.05,8,0.4,1.0,1.0,0.0,0.17973158564688863,0.17973158564688863,1.0,0.0,1.0,0,0
drift_away,-1,accept_all,0.05,9,0.4,1.0,1.0,0.0,0.16262786389623962,0.16262786389623962,1.0,0.0,1.0,0,0
drift_away,-1,accept_all,0.05,10,0.4,1.0,1.0,0.0,0.1471517764685769,0.1471517764685769,1.0,0.0,1.0,0,0
drift_away,-1,accept_all,0.05,11,0.4,1.0,1.0,0.0,0.1331484334792319,0.1331484334792319,1.0,0.0,1.0,0,0
drift_away,-1,accept_all,0.05,12,0.4,1.0,1.0,0.0,0.12047768476488085,0.12047768476488085,1.0,0.0,1.0,0,0
drift_away,-1,accept_all,0.05,13,0.4,1.0,1.0,0.0,0.10901271721360506,0.10901271721360506,1.0,0.0,1.0,0,0
drift_away,-1,accept_all,0.05,14,0.4,1.0,1.0,0.0,0.09863878557664263,0.09863878557664263,1.0,0.0,1.0,0,0
drift_away,-1,accept_all,0.05,15,0.4,1.0,1.0,0.0,0.08925206405937192,0.08925206405937192,1.0,0.0,1.0,0,0
drift_away,-1,accept_all,0.05,16,0.4,1.0,1.0,0.0,0.0807586071978621,0.0807586071978621,1.0,0.0,1.0,0,0
drift_away,-1,accept_all,0.05,17,0.4,1.0,1.0,0.0,0.07307340962109388,0.07307340962109388,1.0,0.0,1.0,0,0
drift_away,-1,accept_all,0.05,18,0.4,1.0,1.0,0.0,0.06611955528863467,0.06611955528863467,1.0,0.0,1.0,0,0
drift_away,-1,accept_all,0.05,19,0.4,1.0,1.0,0.0,0.059827447689054014,0.059827447689054014,1.0,0.0,1.0,0,0
drift_away,-1,accept_all,0.05,20,0.4,1.0,1.0,0.0,0.054134113294645125,0.054134113294645125,1.0,0.0,1.0,0,0
drift_away,-1,accept_all,0.05,21,0.4,1.0,1.0,0.0,0.04898257130119277,0.04898257130119277,1.0,0.0,1.0,0,0
drift_away,-1,accept_all,0.05,22,0.4,1.0,1.0,0.0,0.04432126334493358,0.04432126334493358,1.0,0.0,1.0,0,0
drift_away,-1,accept_all,0.05,23,0.4,1.0,1.0,0.0,0.040103537489121543,0.040103537489121543,1.0,0.0,1.0,0,0
drift_away,-1,accept_all,0.05,24,0.4,1.0,1.0,0.0,0.03628718131576503,0.03628718131576503,1.0,0.0,1.0,0,0
drift_away,-1,accept_all,0.05,25,0.4,1.0,1.0,0.0,0.03283399944955956,0.03283399944955956,1.0,0.0,1.0,0,0
drift_away,-1,accept_all,0.05,26,0.4,1.0,1.0,0.0,0.029709431285733556,0.029709431285733556,1.0,0.0,1.0,0,0
drift_away,-1,accept_all,0.05,27,0.4,1.0,1.0,0.0,0.02688220509589989,0.02688220509589989,1.0,0.0,1.0,0,0
drift_away,-1,accept_all,0.05,28,0.4,1.0,1.0,0.0,0.02432402505008724,0.02432402505008724,1.0,0.0,1.0,0,0
drift_away,-1,accept_all,0.05,29,0.4,1.0,1.0,0.0,0.022009288022562856,0.022009288022562856,1.0,0.0,1.0,0,0
drift_away,-1,accept_all,0.05,30,0.4,1.0,1.0,0.0,0.01991482734714556,0.01991482734714556,1.0,0.0,1.0,0,0
drift_away,-1,accept_all,0.05,31,0.4,1.0,1.0,0.0,0.018019680957423123,0.018019680957423123,1.0,0.0,1.0,0,0
drift_away,-1,accept_all,0.05,32,0.4,1.0,1.0,0.0,0.016304881591346465,0.016304881591346465,1.0,0.0,1.0,0,0
drift_away,-1,accept_all,0.05,33,0.4,1.0,1.0,0.0,0.014753266960496059,0.014753266960496059,1.0,0.0,1.0,0,0
drift_away,-1,accept_all,0.05,34,0.4,1.0,1.0,0.0,0.013349307984130476,0.013349307984130476,1.0,0.0,1.0,0,0
drift_away,-1,accept_all,0.05,35,0.4,1.0,1.0,0.0,0.012078953368927392,0.012078953368927392,1.0,0.0,1.0,0,0
drift_away,-1,accept_all,0.05,36,0.4,1.0,1.0,0.0,0.01092948897891699,0.01092948897891699,1.0,0.0,1.0,0,0
drift_away,-1,accept_all,0.05,37,0.4,1.0,1.0,0.0,0.00988941058813575,0.00988941058813575,1.0,0.0,1.0,0,0
drift_away,-1,accept_all,0.05,38,0.4,1.0,1.0,0.0,0.008948308742466216,0.008948308742466216,1.0,0.0,1.0,0,0
drift_away,-1,accept_all,0.05,39,0.4,1.0,1.0,0.0,0.008096764578321758,0.008096764578321758,1.0,0.0,1.0,0,0
drift_away,-1,accept_all,0.05,40,0.4,1.0,1.0,0.0,0.00732625555549371,0.00732625555549371,1.0,0.0,1.0,0,0
drift_away,-1,accept_all,0.05,41,0.4,1.0,1.0,0.0,0.006629070160704464,0.006629070160704464,1.0,0.0,1.0,0,0
drift_away,-1,accept_all,0.05,42,0.4,1.0,1.0,0.0,0.005998230728191056,0.005998230728191056,1.0,0.0,1.0,0,0
drift_away,-1,accept_all,0.05,43,0.4,1.0,1.0,0.0,0.005427423604880355,0.005427423604880355,1.0,0.0,1.0,0,0
drift_away,-1,accept_all,0.05,44,0.4,1.0,1.0,0.0,0.004910935961227381,0.004910935961227381,1.0,0.0,1.0,0,0
drift_away,-1,accept_all,0.05,45,0.4,1.0,1.0,0.0,0.004443598615296973,0.004443598615296973,1.0,0.0,1.0,0,0
drift_away,-1,accept_all,0.05,46,0.4,1.0,1.0,0.0,0.004020734297853434,0.004020734297853434,1.0,0.0,1.0,0,0
drift_away,-1,accept_all,0.05,47,0.4,1.0,1.0,0.0,0.0036381108406783325,0.0036381108406783325,1.0,0.0,1.0,0,0
drift_away,-1,accept_all,0.05,48,0.4,1.0,1.0,0.0,0.003291898819608008,0.003291898819608008,1.0,0.0,1.0,0,0
drift_away,-1,accept_all,0.05,49,0.4,1.0,1.0,0.0,0.002978633228369776,0.002978633228369776,1.0,0.0,1.0,0,0
drift_away,-1,accept_all,0.05,50,0.4,1.0,1.0,0.0,0.0026951787996342125,0.0026951787996342125,1.0,0.0,1.0,0,0
drift_away,-1,accept_all,0.05,51,0.4,1.0,1.0,0.0,0.0024386986262062704,0.0024386986262062704,1.0,0.0,1.0,0,0
drift_away,-1,accept_all,0.05,52,0.4,1.0,1.0,0.0,0.0022066257683043267,0.0022066257683043267,1.0,0.0,1.0,0,0
drift_away,-1,accept_all,0.05,53,0.4,1.0,1.0,0.0,0.0019966375627641364,0.0019966375627641364,1.0,0.0,1.0,0,0
drift_away,-1,accept_all,0.05,54,0.4,1.0,1.0,0.0,0.0018066323770450365,0.0018066323770450365,1.0,0.0,1.0,0,0
drift_away,-1,accept_all,0.05,55,0.4,1.0,1.0,0.0,0.0016347085753856128,0.0016347085753856128,1.0,0.0,1.0,0,0
drift_away,-1,accept_all,0.05,56,0.4,1.0,1.0,0.0,0.0014791454865932252,0.0014791454865932252,1.0,0.0,1.0,0,0
drift_away,-1,accept_all,0.05,57,0.4,1.0,1.0,0.0,0.001338386182988538,0.001338386182988538,1.0,0.0,1.0,0,0
drift_away,-1,accept_all,0.05,58,0.4,1.0,1.0,0.0,0.0012110218981503662,0.0012110218981503662,1.0,0.0,1.0,0,0
drift_away,-1,accept_all,0.05,59,0.4,1.0,1.0,0.0,0.0010957779275073687,0.0010957779275073687,1.0,0.0,1.0,0,0
drift_away,-1,accept_all,0.05,60,0.4,1.0,1.0,0.0,0.0009915008706665729,0.0009915008706665729,1.0,0.0,1.0,0,0
drift_away,-1,accept_all,0.05,61,0.4,1.0,1.0,0.0,0.0008971470877943144,0.0008971470877943144,1.0,0.0,1.0,0,0
drift_away,-1,accept_all,0.05,62,0.4,1.0,1.0,0.0,0.0008117722545183392,0.0008117722545183392,1.0,0.0,1.0,0,0
drift_away,-1,accept_all,0.05,63,0.4,1.0,1.0,0.0,0.0007345219108115808,0.0007345219108115808,1.0,0.0,1.0,0,0
drift_away,-1,accept_all,0.05,64,0.4,1.0,1.0,0.0,0.0006646229092696077,0.0006646229092696077,1.0,0.0,1.0,0,0
drift_away,-1,accept_all,0.05,65,0.4,1.0,1.0,0.0,0.0006013756771909851,0.0006013756771909851,1.0,0.0,1.0,0,0
drift_away,-1,accept_all,0.05,66,0.4,1.0,1.0,0.0,0.000544147215019164,0.000544147215019164,1.0,0.0,1.0,0,0
drift_away,-1,accept_all,0.05,67,0.4,1.0,1.0,0.0,0.0004923647610693971,0.0004923647610693971,1.0,0.0,1.0,0,0
drift_away,-1,accept_all,0.05,68,0.4,1.0,1.0,0.0,0.0004455100591379546,0.0004455100591379546,1.0,0.0,1.0,0,0
drift_away,-1,accept_all,0.05,69,0.4,1.0,1.0,0.0,0.0004031141716194231,0.0004031141716194231,1.0,0.0,1.0,0,0
drift_away,-1,accept_all,0.05,70,0.4,1.0,1.0,0.0,0.0003647527862218336,0.0003647527862218336,1.0,0.0,1.0,0,0
drift_away,-1,accept_all,0.05,71,0.4,1.0,1.0,0.0,0.00033004196930641605,0.00033004196930641605,1.0,0.0,1.0,0,0
drift_away,-1,accept_all,0.05,72,0.4,1.0,1.0,0.0,0.0002986343233506439,0.0002986343233506439,1.0,0.0,1.0,0,0
drift_away,-1,accept_all,0.05,73,0.4,1.0,1.0,0.0,0.00027021551007755384,0.00027021551007755384,1.0,0.0,1.0,0,0
drift_away,-1,accept_all,0.05,74,0.4,1.0,1.0,0.0,0.00024450110445184414,0.00024450110445184414,1.0,0.0,1.0,0,0
drift_away,-1,accept_all,0.05,75,0.4,1.0,1.0,0.0,0.00022123374805915752,0.00022123374805915752,1.0,0.0,1.0,0,0
drift_away,-1,accept_all,0.05,76,0.4,1.0,1.0,0.0,0.00020018057337622963,0.00020018057337622963,1.0,0.0,1.0,0,0
drift_away,-1,accept_all,0.05,77,0.4,1.0,1.0,0.0,0.00018113087315474452,0.00018113087315474452,1.0,0.0,1.0,0,0
drift_away,-1,accept_all,0.05,78,0.4,1.0,1.0,0.0,0.00016389399159189022,0.00016389399159189022,1.0,0.0,1.0,0,0
drift_away,-1,accept_all,0.05,79,0.4,1.0,1.0,0.0,0.00014829741618360703,0.00014829741618360703,1.0,0.0,1.0,0,0
drift_away,-1,accept_all,0.05,80,0.4,1.0,1.0,0.0,0.00013418505116102875,0.00013418505116102875,1.0,0.0,1.0,0,0
drift_away,-1,reference_only,0.05,1,0.4,1.0,1.0,0.6,0.4,0.680967483607192,0.5,0.0,1.0,1,0
drift_away,-1,reference_only,0.05,2,0.4,1.0,1.0,0.0,1.0,0.6637461506155964,0.5,0.0,1.0,2,0
drift_away,-1,reference_only,0.05,3,0.4,1.0,1.0,0.0,1.0,0.6481636441363436,0.5,0.0,1.0,3,0
drift_away,-1,reference_only,0.05,4,0.4,1.0,1.0,0.0,1.0,0.6340640092071279,0.5,0.0,1.0,4,0
drift_away,-1,reference_only,0.05,5,0.4,1.0,1.0,0.0,1.0,0.6213061319425267,0.5,0.0,1.0,5,0
drift_away,-1,reference_only,0.05,6,0.4,1.0,1.0,0.0,1.0,0.6097623272188053,0.5,0.0,1.0,6,0
drift_away,-1,reference_only,0.05,7,0.4,1.0,1.0,0.0,1.0,0.5993170607582818,0.5,0.0,1.0,7,0
drift_away,-1,reference_only,0.05,8,0.4,1.0,1.0,0.0,1.0,0.5898657928234443,0.5,0.0,1.0,8,0
drift_away,-1,reference_only,0.05,9,0.4,1.0,1.0,0.0,1.0,0.5813139319481198,0.5,0.0,1.0,9,0
drift_away,-1,reference_only,0.05,10,0.4,1.0,1.0,0.0,1.0,0.5735758882342885,0.5,0.0,1.0,10,0
drift_away,-1,reference_only,0.05,11,0.4,1.0,1.0,0.0,1.0,0.5665742167396159,0.5,0.0,1.0,11,0
drift_away,-1,reference_only,0.05,12,0.4,1.0,1.0,0.0,1.0,0.5602388423824405,0.5,0.0,1.0,12,0
drift_away,-1,reference_only,0.05,13,0.4,1.0,1.0,0.0,1.0,0.5545063586068025,0.5,0.0,1.0,13,0
drift_away,-1,reference_only,0.05,14,0.4,1.0,1.0,0.0,1.0,0.5493193927883213,0.5,0.0,1.0,14,0
drift_away,-1,reference_only,0.05,15,0.4,1.0,1.0,0.0,1.0,0.544626032029686,0.5,0.0,1.0,15,0
drift_away,-1,reference_only,0.05,16,0.4,1.0,1.0,0.0,1.0,0.540379303598931,0.5,0.0,1.0,16,0
drift_away,-1,reference_only,0.05,17,0.4,1.0,1.0,0.0,1.0,0.5365367048105469,0.5,0.0,1.0,17,0
drift_away,-1,reference_only,0.05,18,0.4,1.0,1.0,0.0,1.0,0.5330597776443173,0.5,0.0,1.0,18,0
drift_away,-1,reference_only,0.05,19,0.4,1.0,1.0,0.0,1.0,0.5299137238445271,0.5,0.0,1.0,19,0
drift_away,-1,reference_only,0.05,20,0.4,1.0,1.0,0.0,1.0,0.5270670566473226,0.5,0.0,1.0,20,0
drift_away,-1,reference_only,0.05,21,0.4,1.0,1.0,0.0,1.0,0.5244912856505963,0.5,0.0,1.0,21,0
drift_away,-1,reference_only,0.05,22,0.4,1.0,1.0,0.0,1.0,0.5221606316724667,0.5,0.0,1.0,22,0
drift_away,-1,reference_only,0.05,23,0.4,1.0,1.0,0.0,1.0,0.5200517687445607,0.5,0.0,1.0,23,0
drift_away,-1,reference_only,0.05,24,0.4,1.0,1.0,0.0,1.0,0.5181435906578825,0.5,0.0,1.0,24,0
drift_away,-1,reference_only,0.05,25,0.4,1.0,1.0,0.0,1.0,0.5164169997247798,0.5,0.0,1.0,25,0
drift_away,-1,reference_only,0.05,26,0.4,1.0,1.0,0.0,1.0,0.5148547156428668,0.5,0.0,1.0,26,0
drift_away,-1,reference_only,0.05,27,0.4,1.0,1.0,0.0,1.0,0.51344110254795,0.5,0.0,1.0,27,0
drift_away,-1,reference_only,0.05,28,0.4,1.0,1.0,0.0,1.0,0.5121620125250437,0.5,0.0,1.0,28,0
drift_away,-1,reference_only,0.05,29,0.4,1.0,1.0,0.0,1.0,0.5110046440112814,0.5,0.0,1.0,29,0
drift_away,-1,reference_only,0.05,30,0.4,1.0,1.0,0.0,1.0,0.5099574136735727,0.5,0.0,1.0,30,0
drift_away,-1,reference_only,0.05,31,0.4,1.0,1.0,0.0,1.0,0.5090098404787116,0.5,0.0,1.0,31,0
drift_away,-1,reference_only,0.05,32,0.4,1.0,1.0,0.0,1.0,0.5081524407956732,0.5,0.0,1.0,32,0
drift_away,-1,reference_only,0.05,33,0.4,1.0,1.0,0.0,1.0,0.5073766334802481,0.5,0.0,1.0,33,0
drift_away,-1,reference_only,0.05,34,0.4,1.0,1.0,0.0,1.0,0.5066746539920652,0.5,0.0,1.0,34,0
drift_away,-1,reference_only,0.05,35,0.4,1.0,1.0,0.0,1.0,0.5060394766844637,0.5,0.0,1.0,35,0
drift_away,-1,reference_only,0.05,36,0.4,1.0,1.0,0.0,1.0,0.5054647444894584,0.5,0.0,1.0,36,0
drift_away,-1,reference_only,0.05,37,0.4,1.0,1.0,0.0,1.0,0.5049447052940679,0.5,0.0,1.0,37,0
drift_away,-1,reference_only,0.05,38,0.4,1.0,1.0,0.0,1.0,0.5044741543712331,0.5,0.0,1.0,38,0
drift_away,-1,reference_only,0.05,39,0.4,1.0,1.0,0.0,1.0,0.5040483822891608,0.5,0.0,1.0,39,0
drift_away,-1,reference_only,0.05,40,0.4,1.0,1.0,0.0,1.0,0.5036631277777468,0.5,0.0,1.0,40,0
drift_away,-1,reference_only,0.05,41,0.4,1.0,1.0,0.0,1.0,0.5033145350803523,0.5,0.0,1.0,41,0
drift_away,-1,reference_only,0.05,42,0.4,1.0,1.0,0.0,1.0,0.5029991153640956,0.5,0.0,1.0,42,0
drift_away,-1,reference_only,0.05,43,0.4,1.0,1.0,0.0,1.0,0.5027137118024402,0.5,0.0,1.0,43,0
drift_away,-1,reference_only,0.05,44,0.4,1.0,1.0,0.0,1.0,0.5024554679806137,0.5,0.0,1.0,44,0
drift_away,-1,reference_only,0.05,45,0.4,1.0,1.0,0.0,1.0,0.5022217993076485,0.5,0.0,1.0,45,0
drift_away,-1,reference_only,0.05,46,0.4,1.0,1.0,0.0,1.0,0.5020103671489267,0.5,0.0,1.0,46,0
drift_away,-1,reference_only,0.05,47,0.4,1.0,1.0,0.0,1.0,0.5018190554203392,0.5,0.0,1.0,47,0
drift_away,-1,reference_only,0.05,48,0.4,1.0,1.0,0.0,1.0,0.501645949409804,0.5,0.0,1.0,48,0
drift_away,-1,reference_only,0.05,49,0.4,1.0,1.0,0.0,1.0,0.5014893166141849,0.5,0.0,1.0,49,0
drift_away,-1,reference_only,0.05,50,0.4,1.0,1.0,0.0,1.0,0.5013475893998172,0.5,0.0,1.0,50,0
drift_away,-1,reference_only,0.05,51,0.4,1.0,1.0,0.0,1.0,0.5012193493131032,0.5,0.0,1.0,51,0
drift_away,-1,reference_only,0.05,52,0.4,1.0,1.0,0.0,1.0,0.5011033128841522,0.5,0.0,1.0,52,0
drift_away,-1,reference_only,0.05,53,0.4,1.0,1.0,0.0,1.0,0.500998318781382,0.5,0.0,1.0,53,0
drift_away,-1,reference_only,0.05,54,0.4,1.0,1.0,0.0,1.0,0.5009033161885226,0.5,0.0,1.0,54,0
drift_away,-1,reference_only,0.05,55,0.4,1.0,1.0,0.0,1.0,0.5008173542876928,0.5,0.0,1.0,55,0
drift_away,-1,reference_only,0.05,56,0.4,1.0,1.0,0.0,1.0,0.5007395727432966,0.5,0.0,1.0,56,0
drift_away,-1,reference_only,0.05,57,0.4,1.0,1.0,0.0,1.0,0.5006691930914943,0.5,0.0,1.0,57,0
drift_away,-1,reference_only,0.05,58,0.4,1.0,1.0,0.0,1.0,0.5006055109490752,0.5,0.0,1.0,58,0
drift_away,-1,reference_only,0.05,59,0.4,1.0,1.0,0.0,1.0,0.5005478889637537,0.5,0.0,1.0,59,0
drift_away,-1,reference_only,0.05,60,0.4,1.0,1.0,0.0,1.0,0.5004957504353333,0.5,0.0,1.0,60,0
drift_away,-1,reference_only,0.05,61,0.4,1.0,1.0,0.0,1.0,0.5004485735438972,0.5,0.0,1.0,61,0
drift_away,-1,reference_only,0.05,62,0.4,1.0,1.0,0.0,1.0,0.5004058861272591,0.5,0.0,1.0,62,0
drift_away,-1,reference_only,0.05,63,0.4,1.0,1.0,0.0,1.0,0.5003672609554057,0.5,0.0,1.0,63,0
drift_away,-1,reference_only,0.05,64,0.4,1.0,1.0,0.0,1.0,0.5003323114546347,0.5,0.0,1.0,64,0
drift_away,-1,reference_only,0.05,65,0.4,1.0,1.0,0.0,1.0,0.5003006878385955,0.5,0.0,1.0,65,0
drift_away,-1,reference_only,0.05,66,0.4,1.0,1.0,0.0,1.0,0.5002720736075096,0.5,0.0,1.0,66,0
drift_away,-1,reference_only,0.05,67,0.4,1.0,1.0,0.0,1.0,0.5002461823805346,0.5,0.0,1.0,67,0
drift_away,-1,reference_only,0.05,68,0.4,1.0,1.0,0.0,1.0,0.500222755029569,0.5,0.0,1.0,68,0
drift_away,-1,reference_only,0.05,69,0.4,1.0,1.0,0.0,1.0,0.5002015570858097,0.5,0.0,1.0,69,0
drift_away,-1,reference_only,0.05,70,0.4,1.0,1.0,0.0,1.0,0.5001823763931109,0.5,0.0,1.0,70,0
drift_away,-1,reference_only,0.05,71,0.4,1.0,1.0,0.0,1.0,0.5001650209846532,0.5,0.0,1.0,71,0
drift_away,-1,reference_only,0.05,72,0.4,1.0,1.0,0.0,1.0,0.5001493171616753,0.5,0.0,1.0,72,0
drift_away,-1,reference_only,0.05,73,0.4,1.0,1.0,0.0,1.0,0.5001351077550388,0.5,0.0,1.0,73,0
drift_away,-1,reference_only,0.05,74,0.4,1.0,1.0,0.0,1.0,0.5001222505522259,0.5,0.0,1.0,74,0
drift_away,-1,reference_only,0.05,75,0.4,1.0,1.0,0.0,1.0,0.5001106168740296,0.5,0.0,1.0,75,0
drift_away,-1,reference_only,0.05,76,0.4,1.0,1.0,0.0,1.0,0.5001000902866881,0.5,0.0,1.0,76,0
drift_away,-1,reference_only,0.05,77,0.4,1.0,1.0,0.0,1.0,0.5000905654365774,0.5,0.0,1.0,77,0
drift_away,-1,reference_only,0.05,78,0.4,1.0,1.0,0.0,1.0,0.500081946995796,0.5,0.0,1.0,78,0
drift_away,-1,reference_only,0.05,79,0.4,1.0,1.0,0.0,1.0,0.5000741487080917,0.5,0.0,1.0,79,0
drift_away,-1,reference_only,0.05,80,0.4,1.0,1.0,0.0,1.0,0.5000670925255806,0.5,0.0,1.0,80,0
drift_away,-1,gated,0.11,1,0.4,1.0,0.36193496721438384,0.03806503278561618,0.9619349672143838,0.6619349672143838,0.5,0.6380650327856161,0.0,1,1
drift_away,-1,gated,0.11,2,0.4,1.0,0.3274923012311928,0.03444266598319107,0.9655573340168089,0.6465248176240008,0.5,0.6725076987688072,0.0,2,2
drift_away,-1,gated,0.11,3,0.4,1.0,0.2963272882726872,0.0311650129585056,0.9688349870414944,0.6325811376570908,0.5,0.7036727117273128,0.0,3,3
drift_away,-1,gated,0.11,4,0.4,1.0,0.26812801841425576,0.02819926985843141,0.9718007301415685,0.6199643742779122,0.5,0.7318719815857442,0.0,4,4
drift_away,-1,gated,0.11,5,0.4,1.0,0.2426122638850534,0.025515754529202378,0.9744842454707976,0.6085482546779255,0.5,0.7573877361149466,0.0,5,5
drift_away,-1,gated,0.11,6,0.4,1.0,0.21952465443761057,0.023087609447442814,0.9769123905525572,0.5982185224950839,0.5,0.7804753455623894,0.0,6,6
drift_away,-1,gated,0.11,7,0.4,1.0,0.19863412151656382,0.020890532921046756,0.9791094670789533,0.5888717942977586,0.5,0.8013658784834362,0.0,7,7
drift_away,-1,gated,0.11,8,0.4,1.0,0.17973158564688863,0.01890253586967519,0.9810974641303248,0.5804145248886068,0.5,0.8202684143531114,0.0,8,8
drift_away,-1,gated,0.11,9,0.4,1.0,0.16262786389623965,0.017103721750648976,0.982896278249351,0.5727620710727953,0.5,0.8373721361037604,0.0,9,9
drift_away,-1,gated,0.11,10,0.4,1.0,0.14715177646857694,0.01547608742766271,0.9845239125723373,0.565837844520457,0.5,0.8528482235314231,0.0,10,10
drift_away,-1,gated,0.11,11,0.4,1.0,0.13314843347923183,0.014003342989345108,0.9859966570106549,0.5595725452449434,0.5,0.8668515665207681,0.0,11,11
drift_away,-1,gated,0.11,12,0.4,1.0,0.12047768476488085,0.012670748714350977,0.9873292512856491,0.553903468025265,0.5,0.8795223152351191,0.0,12,12
drift_away,-1,gated,0.11,13,0.4,1.0,0.10901271721360505,0.01146496755127581,0.9885350324487242,0.5487738748311646,0.5,0.8909872827863949,0.0,13,13
drift_away,-1,gated,0.11,14,0.4,1.0,0.0986387855766426,0.010373931636962444,0.9896260683630376,0.5441324269698401,0.5,0.9013612144233574,0.0,14,14
drift_away,-1,gated,0.11,15,0.4,1.0,0.08925206405937193,0.009386721517270671,0.9906132784827293,0.5399326712710506,0.5,0.9107479359406281,0.0,15,15
drift_away,-1,gated,0.11,16,0.4,1.0,0.08075860719786215,0.008493456861509777,0.9915065431384902,0.5361325751681761,0.5,0.9192413928021379,0.0,16,16
drift_away,-1,gated,0.11,17,0.4,1.0,0.07307340962109386,0.007685197576768291,0.9923148024232317,0.5326941060221628,0.5,0.9269265903789061,0.0,17,17
drift_away,-1,gated,0.11,18,0.4,1.0,0.06611955528863461,0.00695385433245925,0.9930461456675408,0.5295828504780877,0.5,0.9338804447113653,0.0,18,18
drift_away,-1,gated,0.11,19,0.4,1.0,0.05982744768905403,0.006292107599580585,0.9937078924004195,0.5267676700447368,0.5,0.940172552310946,0.0,19,19
drift_away,-1,gated,0.11,20,0.4,1.0,0.054134113294645084,0.005693334394408944,0.994306665605591,0.5242203894501181,0.5,0.9458658867053549,0.0,20,20
drift_away,-1,gated,0.11,21,0.4,1.0,0.04898257130119277,0.005151541993452316,0.9948484580065476,0.5219155146538702,0.5,0.9510174286988072,0.0,21,21
drift_away,-1,gated,0.11,22,0.4,1.0,0.044321263344933554,0.004661307956259214,0.9953386920437408,0.5198299776943371,0.5,0.9556787366550664,0.0,22,22
drift_away,-1,gated,0.11,23,0.4,1.0,0.0401035374891215,0.004217725855812052,0.995782274144188,0.5179429058166547,0.5,0.9598964625108785,0.0,23,23
drift_away,-1,gated,0.11,24,0.4,1.0,0.036287181315765006,0.0038163561733564957,0.9961836438266435,0.5162354125712043,0.5,0.963712818684235,0.0,24,24
drift_away,-1,gated,0.11,25,0.4,1.0,0.032833999449559524,0.003453181866205482,0.9965468181337945,0.514690408791677,0.5,0.9671660005504404,0.0,25,25
drift_away,-1,gated,0.11,26,0.4,1.0,0.029709431285733553,0.0031245681638259713,0.996875431836174,0.5132924315609537,0.5,0.9702905687142664,0.0,26,26
drift_away,-1,gated,0.11,27,0.4,1.0,0.026882205095899905,0.0028272261898336475,0.9971727738101663,0.5120274894530331,0.5,0.9731177949041001,0.0,27,27
drift_away,-1,gated,0.11,28,0.4,1.0,0.02432402505008719,0.002558180045812715,0.9974418199541872,0.5108829225021372,0.5,0.9756759749499128,0.0,28,28
drift_away,-1,gated,0.11,29,0.4,1.0,0.022009288022562894,0.002314737027524296,0.9976852629724757,0.5098472754975193,0.5,0.9779907119774371,0.0,29,29
drift_away,-1,gated,0.11,30,0.4,1.0,0.01991482734714558,0.002094460675417315,0.9979055393245827,0.5089101833358641,0.5,0.9800851726528544,0.0,30,30
drift_away,-1,gated,0.11,31,0.4,1.0,0.01801968095742312,0.0018951463897224595,0.9981048536102776,0.5080622672838504,0.5,0.9819803190425769,0.0,31,31
drift_away,-1,gated,0.11,32,0.4,1.0,0.016304881591346486,0.0017147993660766338,0.9982852006339233,0.5072950411126349,0.5,0.9836951184086535,0.0,32,32
drift_away,-1,gated,0.11,33,0.4,1.0,0.014753266960496007,0.0015516146308504793,0.9984483853691495,0.5066008261648227,0.5,0.9852467330395039,0.0,33,33
drift_away,-1,gated,0.11,34,0.4,1.0,0.013349307984130433,0.0014039589763655737,0.9985960410236344,0.5059726745038824,0.5,0.9866506920158695,0.0,34,34
drift_away,-1,gated,0.11,35,0.4,1.0,0.0120789533689274,0.0012703546152030322,0.9987296453847969,0.5054042993768622,0.5,0.9879210466310726,0.0,35,35
drift_away,-1,gated,0.11,36,0.4,1.0,0.010929488978917025,0.0011494643900103758,0.9988505356099896,0.5048900122944533,0.5,0.989070511021083,0.0,36,36
drift_away,-1,gated,0.11,37,0.4,1.0,0.009889410588135757,0.0010400783907812683,0.9989599216092188,0.5044246660986773,0.5,0.9901105894118643,0.0,37,37
drift_away,-1,gated,0.11,38,0.4,1.0,0.008948308742466242,0.0009411018456695151,0.9990588981543305,0.5040036034483983,0.5,0.9910516912575338,0.0,38,38
drift_away,-1,gated,0.11,39,0.4,1.0,0.008096764578321756,0.0008515441641444854,0.9991484558358555,0.5036226102070887,0.5,0.9919032354216782,0.0,39,39
drift_away,-1,gated,0.11,40,0.4,1.0,0.007326255555493672,0.000770509022828084,0.999229490977172,0.5032778732663328,0.5,0.9926737444445063,0.0,40,40
drift_away,-1,gated,0.11,41,0.4,1.0,0.006629070160704503,0.0006971853947891696,0.9993028146052109,0.5029659423829577,0.5,0.9933709298392955,0.0,41,41
drift_away,-1,gated,0.11,42,0.4,1.0,0.0059982307281910814,0.0006308394325134211,0.9993691605674866,0.5026836956478389,0.5,0.9940017692718089,0.0,42,42
drift_away,-1,gated,0.11,43,0.4,1.0,0.005427423604880374,0.0005708071233107076,0.9994291928766893,0.5024283082407848,0.5,0.9945725763951196,0.0,43,43
drift_away,-1,gated,0.11,44,0.4,1.0,0.0049109359612273746,0.0005164876436529993,0.999483512356347,0.5021972241587872,0.5,0.9950890640387726,0.0,44,44
drift_away,-1,gated,0.11,45,0.4,1.0,0.004443598615296923,0.0004673373459304518,0.9995326626540696,0.5019881306346833,0.5,0.995556401384703,0.0,45,45
drift_away,-1,gated,0.11,46,0.4,1.0,0.004020734297853434,0.0004228643174434884,0.9995771356825565,0.501798934990205,0.5,0.9959792657021466,0.0,46,46
drift_away,-1,gated,0.11,47,0.4,1.0,0.0036381108406783264,0.000382623457175108,0.9996173765428249,0.5016277436917516,0.5,0.9963618891593217,0.0,47,47
drift_away,-1,gated,0.11,48,0.4,1.0,0.0032918988196080122,0.00034621202107031415,0.9996537879789297,0.5014728433992688,0.5,0.996708101180392,0.0,48,48
drift_away,-1,gated,0.11,49,0.4,1.0,0.0029786332283697355,0.0003132655912382767,0.9996867344087618,0.5013326838185658,0.5,0.9970213667716302,0.0,49,49
drift_away,-1,gated,0.11,50,0.4,1.0,0.002695178799634187,0.0002834544287355486,0.9997165455712644,0.5012058621854494,0.5,0.9973048212003658,0.0,50,50
drift_away,-1,gated,0.11,51,0.4,1.0,0.0024386986262062552,0.00025648017342793164,0.9997435198265721,0.5010911092263892,0.5,0.9975613013737937,0.0,51,51
drift_away,-1,gated,0.11,52,0.4,1.0,0.002206625768304309,0.00023207285790194637,0.9997679271420981,0.5009872764552012,0.5,0.9977933742316957,0.0,52,52
drift_away,-1,gated,0.11,53,0.4,1.0,0.001996637562764087,0.00020998820554022192,0.9997900117944598,0.500893324678612,0.5,0.9980033624372359,0.0,53,53
drift_away,-1,gated,0.11,54,0.4,1.0,0.0018066323770450665,0.0001900051857190205,0.999809994814281,0.500808313595663,0.5,0.998193367622955,0.0,54,54
drift_away,-1,gated,0.11,55,0.4,1.0,0.0016347085753856266,0.00017192380165943983,0.9998280761983406,0.500731392386863,0.5,0.9983652914246144,0.0,55,55
drift_away,-1,gated,0.11,56,0.4,1.0,0.001479145486593173,0.0001555630887924537,0.9998444369112075,0.5006617911989004,0.5,0.9985208545134068,0.0,56,56
drift_away,-1,gated,0.11,57,0.4,1.0,0.001338386182988509,0.00014075930360466405,0.9998592406963953,0.5005988134396919,0.5,0.9986616138170115,0.0,57,57
drift_away,-1,gated,0.11,58,0.4,1.0,0.0012110218981503263,0.0001273642848381826,0.9998726357151618,0.5005418288066561,0.5,0.9987889781018496,0.0,58,58
drift_away,-1,gated,0.11,59,0.4,1.0,0.0010957779275073474,0.00011524397064297887,0.999884756029357,0.5004902669784321,0.5,0.9989042220724926,0.0,59,59
drift_away,-1,gated,0.11,60,0.4,1.0,0.0009915008706665434,0.00010427705684080404,0.9998957229431592,0.5004436119069129,0.5,0.9990084991293334,0.0,60,60
drift_away,-1,gated,0.11,61,0.4,1.0,0.0008971470877943213,9.435378287222206e-05,0.9999056462171277,0.500401396652461,0.5,0.9991028529122057,0.0,61,61
drift_away,-1,gated,0.11,62,0.4,1.0,0.0008117722545182937,8.537483327602765e-05,0.999914625166724,0.5003631987106212,0.5,0.9991882277454817,0.0,62,62
drift_away,-1,gated,0.11,63,0.4,1.0,0.0007345219108115629,7.725034370673078e-05,0.9999227496562932,0.5003286357835524,0.5,0.9992654780891884,0.0,63,63
drift_away,-1,gated,0.11,64,0.4,1.0,0.0006646229092695736,6.98990015419893e-05,0.999930100998458,0.5002973619538638,0.5,0.9993353770907304,0.0,64,64
drift_away,-1,gated,0.11,65,0.4,1.0,0.000601375677191029,6.324723207854464e-05,0.9999367527679215,0.5002690642225562,0.5,0.999398624322809,0.0,65,65
drift_away,-1,gated,0.11,66,0.4,1.0,0.0005441472150191576,5.72284621718714e-05,0.9999427715378282,0.5002434593764237,0.5,0.9994558527849808,0.0,66,66
drift_away,-1,gated,0.11,67,0.4,1.0,0.0004923647610693924,5.178245394976515e-05,0.9999482175460502,0.5002202911535598,0.5,0.9995076352389306,0.0,67,67
drift_away,-1,gated,0.11,68,0.4,1.0,0.0004455100591379213,4.68547019314711e-05,0.9999531452980686,0.5001993276786032,0.5,0.999554489940862,0.0,68,68
drift_away,-1,gated,0.11,69,0.4,1.0,0.0004031141716194042,4.2395887518517097e-05,0.9999576041124815,0.5001803591420504,0.5,0.9995968858283806,0.0,69,69
drift_away,-1,gated,0.11,70,0.4,1.0,0.0003647527862218065,3.836138539759773e-05,0.9999616386146024,0.5001631957004121,0.5,0.9996352472137782,0.0,70,70
drift_away,-1,gated,0.11,71,0.4,1.0,0.00033004196930636184,3.471081691544466e-05,0.9999652891830846,0.5001476655761955,0.5,0.9996699580306936,0.0,71,71
drift_away,-1,gated,0.11,72,0.4,1.0,0.0002986343233506717,3.140764595569015e-05,0.9999685923540443,0.5001336133386975,0.5,0.9997013656766494,0.0,72,72
drift_away,-1,gated,0.11,73,0.4,1.0,0.00027021551007753774,2.8418813273133948e-05,0.9999715811867269,0.5001208983484022,0.5,0.9997297844899224,0.0,73,73
drift_away,-1,gated,0.11,74,0.4,1.0,0.0002445011044518289,2.5714405625708835e-05,0.9999742855943743,0.5001093933494131,0.5,0.9997554988955482,0.0,74,74
drift_away,-1,gated,0.11,75,0.4,1.0,0.00022123374805913345,2.326735639269546e-05,0.9999767326436073,0.5000989831958332,0.5,0.9997787662519408,0.0,75,75
drift_away,-1,gated,0.11,76,0.4,1.0,0.00020018057337624435,2.10531746828891e-05,0.9999789468253171,0.5000895636993467,0.5,0.9997998194266238,0.0,76,76
drift_away,-1,gated,0.11,77,0.4,1.0,0.0001811308731547188,1.904970022152555e-05,0.9999809502997785,0.5000810405864666,0.5,0.9998188691268453,0.0,77,77
drift_away,-1,gated,0.11,78,0.4,1.0,0.00016389399159191472,1.7236881562804075e-05,0.9999827631184371,0.5000733285550145,0.5,0.9998361060084081,0.0,78,78
drift_away,-1,gated,0.11,79,0.4,1.0,0.0001482974161836353,1.559657540827942e-05,0.9999844034245917,0.5000663504203877,0.5,0.9998517025838164,0.0,79,79
drift_away,-1,gated,0.11,80,0.4,1.0,0.00013418505116100476,1.4112365022630547e-05,0.9999858876349774,0.5000600363430692,0.5,0.999865814948839,0.0,80,80
drift_away,-1,accept_all,0.11,1,0.4,1.0,1.0,0.6,0.6619349672143838,0.6619349672143838,1.0,0.0,1.0,0,0
drift_away,-1,accept_all,0.11,2,0.4,1.0,1.0,0.0,0.3274923012311928,0.3274923012311928,1.0,0.0,1.0,0,0
drift_away,-1,accept_all,0.11,3,0.4,1.0,1.0,0.0,0.2963272882726872,0.2963272882726872,1.0,0.0,1.0,0,0
drift_away,-1,accept_all,0.11,4,0.4,1.0,1.0,0.0,0.2681280184142558,0.2681280184142558,1.0,0.0,1.0,0,0
drift_away,-1,accept_all,0.11,5,0.4,1.0,1.0,0.0,0.24261226388505341,0.24261226388505341,1.0,0.0,1.0,0,0
drift_away,-1,accept_all,0.11,6,0.4,1.0,1.0,0.0,0.2195246544376106,0.2195246544376106,1.0,0.0,1.0,0,0
drift_away,-1,accept_all,0.11,7,0.4,1.0,1.0,0.0,0.1986341215165638,0.1986341215165638,1.0,0.0,1.0,0,0
drift_away,-1,accept_all,0.11,8,0.4,1.0,1.0,0.0,0.17973158564688863,0.17973158564688863,1.0,0.0,1.0,0,0
drift_away,-1,accept_all,0.11,9,0.4,1.0,1.0,0.0,0.16262786389623962,0.16262786389623962,1.0,0.0,1.0,0,0
drift_away,-1,accept_all,0.11,10,0.4,1.0,1.0,0.0,0.1471517764685769,0.1471517764685769,1.0,0.0,1.0,0,0
drift_away,-1,accept_all,0.11,11,0.4,1.0,1.0,0.0,0.1331484334792319,0.1331484334792319,1.0,0.0,1.0,0,0
drift_away,-1,accept_all,0.11,12,0.4,1.0,1.0,0.0,0.12047768476488085,0.12047768476488085,1.0,0.0,1.0,0,0
drift_away,-1,accept_all,0.11,13,0.4,1.0,1.0,0.0,0.10901271721360506,0.10901271721360506,1.0,0.0,1.0,0,0
drift_away,-1,accept_all,0.11,14,0.4,1.0,1.0,0.0,0.09863878557664263,0.09863878557664263,1.0,0.0,1.0,0,0
drift_away,-1,accept_all,0.11,15,0.4,1.0,1.0,0.0,0.08925206405937192,0.08925206405937192,1.0,0.0,1.0,0,0
drift_away,-1,accept_all,0.11,16,0.4,1.0,1.0,0.0,0.0807586071978621,0.0807586071978621,1.0,0.0,1.0,0,0
drift_away,-1,accept_all,0.11,17,0.4,1.0,1.0,0.0,0.07307340962109388,0.07307340962109388,1.0,0.0,1.0,0,0
drift_away,-1,accept_all,0.11,18,0.4,1.0,1.0,0.0,0.06611955528863467,0.06611955528863467,1.0,0.0,1.0,0,0
drift_away,-1,accept_all,0.11,19,0.4,1.0,1.0,0.0,0.059827447689054014,0.059827447689054014,1.0,0.0,1.0,0,0
drift_away,-1,accept_all,0.11,20,0.4,1.0,1.0,0.0,0.054134113294645125,0.054134113294645125,1.0,0.0,1.0,0,0
drift_away,-1,accept_all,0.11,21,0.4,1.0,1.0,0.0,0.04898257130119277,0.04898257130119277,1.0,0.0,1.0,0,0
drift_away,-1,accept_all,0.11,22,0.4,1.0,1.0,0.0,0.04432126334493358,0.04432126334493358,1.0,0.0,1.0,0,0
drift_away,-1,accept_all,0.11,23,0.4,1.0,1.0,0.0,0.040103537489121543,0.040103537489121543,1.0,0.0,1.0,0,0
drift_away,-1,accept_all,0.11,24,0.4,1.0,1.0,0.0,0.03628718131576503,0.03628718131576503,1.0,0.0,1.0,0,0
drift_away,-1,accept_all,0.11,25,0.4,1.0,1.0,0.0,0.03283399944955956,0.03283399944955956,1.0,0.0,1.0,0,0
drift_away,-1,accept_all,0.11,26,0.4,1.0,1.0,0.0,0.029709431285733556,0.029709431285733556,1.0,0.0,1.0,0,0
drift_away,-1,accept_all,0.11,27,0.4,1.0,1.0,0.0,0.02688220509589989,0.02688220509589989,1.0,0.0,1.0,0,0
drift_away,-1,accept_all,0.11,28,0.4,1.0,1.0,0.0,0.02432402505008724,0.02432402505008724,1.0,0.0,1.0,0,0
drift_away,-1,accept_all,0.11,29,0.4,1.0,1.0,0.0,0.022009288022562856,0.022009288022562856,1.0,0.0,1.0,0,0
drift_away,-1,accept_all,0.11,30,0.4,1.0,1.0,0.0,0.01991482734714556,0.01991482734714556,1.0,0.0,1.0,0,0
drift_away,-1,accept_all,0.11,31,0.4,1.0,1.0,0.0,0.018019680957423123,0.018019680957423123,1.0,0.0,1.0,0,0
drift_away,-1,accept_all,0.11,32,0.4,1.0,1.0,0.0,0.016304881591346465,0.016304881591346465,1.0,0.0,1.0,0,0
drift_away,-1,accept_all,0.11,33,0.4,1.0,1.0,0.0,0.014753266960496059,0.014753266960496059,1.0,0.0,1.0,0,0
drift_away,-1,accept_all,0.11,34,0.4,1.0,1.0,0.0,0.013349307984130476,0.013349307984130476,1.0,0.0,1.0,0,0
drift_away,-1,accept_all,0.11,35,0.4,1.0,1.0,0.0,0.012078953368927392,0.012078953368927392,1.0,0.0,1.0,0,0
drift_away,-1,accept_all,0.11,36,0.4,1.0,1.0,0.0,0.01092948897891699,0.01092948897891699,1.0,0.0,1.0,0,0
drift_away,-1,accept_all,0.11,37,0.4,1.0,1.0,0.0,0.00988941058813575,0.00988941058813575,1.0,0.0,1.0,0,0
drift_away,-1,accept_all,0.11,38,0.4,1.0,1.0,0.0,0.008948308742466216,0.008948308742466216,1.0,0.0,1.0,0,0
drift_away,-1,accept_all,0.11,39,0.4,1.0,1.0,0.0,0.008096764578321758,0.008096764578321758,1.0,0.0,1.0,0,0
drift_away,-1,accept_all,0.11,40,0.4,1.0,1.0,0.0,0.00732625555549371,0.00732625555549371,1.0,0.0,1.0,0,0
drift_away,-1,accept_all,0.11,41,0.4,1.0,1.0,0.0,0.006629070160704464,0.006629070160704464,1.0,0.0,1.0,0,0
drift_away,-1,accept_all,0.11,42,0.4,1.0,1.0,0.0,0.005998230728191056,0.005998230728191056,1.0,0.0,1.0,0,0
drift_away,-1,accept_all,0.11,43,0.4,1.0,1.0,0.0,0.005427423604880355,0.005427423604880355,1.0,0.0,1.0,0,0
drift_away,-1,accept_all,0.11,44,0.4,1.0,1.0,0.0,0.004910935961227381,0.004910935961227381,1.0,0.0,1.0,0,0
drift_away,-1,accept_all,0.11,45,0.4,1.0,1.0,0.0,0.004443598615296973,0.004443598615296973,1.0,0.0,1.0,0,0
drift_away,-1,accept_all,0.11,46,0.4,1.0,1.0,0.0,0.004020734297853434,0.004020734297853434,1.0,0.0,1.0,0,0
drift_away,-1,accept_all,0.11,47,0.4,1.0,1.0,0.0,0.0036381108406783325,0.0036381108406783325,1.0,0.0,1.0,0,0
drift_away,-1,accept_all,0.11,48,0.4,1.0,1.0,0.0,0.003291898819608008,0.003291898819608008,1.0,0.0,1.0,0,0
drift_away,-1,accept_all,0.11,49,0.4,1.0,1.0,0.0,0.002978633228369776,0.002978633228369776,1.0,0.0,1.0,0,0
drift_away,-1,accept_all,0.11,50,0.4,1.0,1.0,0.0,0.0026951787996342125,0.0026951787996342125,1.0,0.0,1.0,0,0
drift_away,-1,accept_all,0.11,51,0.4,1.0,1.0,0.0,0.0024386986262062704,0.0024386986262062704,1.0,0.0,1.0,0,0
drift_away,-1,accept_all,0.11,52,0.4,1.0,1.0,0.0,0.0022066257683043267,0.0022066257683043267,1.0,0.0,1.0,0,0
drift_away,-1,accept_all,0.11,53,0.4,1.0,1.0,0.0,0.0019966375627641364,0.0019966375627641364,1.0,0.0,1.0,0,0
drift_away,-1,accept_all,0.11,54,0.4,1.0,1.0,0.0,0.0018066323770450365,0.0018066323770450365,1.0,0.0,1.0,0,0
drift_away,-1,accept_all,0.11,55,0.4,1.0,1.0,0.0,0.0016347085753856128,0.0016347085753856128,1.0,0.0,1.0,0,0
drift_away,-1,accept_all,0.11,56,0.4,1.0,1.0,0.0,0.0014791454865932252,0.0014791454865932252,1.0,0.0,1.0,0,0
drift_away,-1,accept_all,0.11,57,0.4,1.0,1.0,0.0,0.001338386182988538,0.001338386182988538,1.0,0.0,1.0,0,0
drift_away,-1,accept_all,0.11,58,0.4,1.0,1.0,0.0,0.0012110218981503662,0.0012110218981503662,1.0,0.0,1.0,0,0
drift_away,-1,accept_all,0.11,59,0.4,1.0,1.0,0.0,0.0010957779275073687,0.0010957779275073687,1.0,0.0,1.0,0,0
drift_away,-1,accept_all,0.11,60,0.4,1.0,1.0,0.0,0.0009915008706665729,0.0009915008706665729,1.0,0.0,1.0,0,0
drift_away,-1,accept_all,0.11,61,0.4,1.0,1.0,0.0,0.0008971470877943144,0.0008971470877943144,1.0,0.0,1.0,0,0
drift_away,-1,accept_all,0.11,62,0.4,1.0,1.0,0.0,0.0008117722545183392,0.0008117722545183392,1.0,0.0,1.0,0,0
drift_away,-1,accept_all,0.11,63,0.4,1.0,1.0,0.0,0.0007345219108115808,0.0007345219108115808,1.0,0.0,1.0,0,0
drift_away,-1,accept_all,0.11,64,0.4,1.0,1.0,0.0,0.0006646229092696077,0.0006646229092696077,1.0,0.0,1.0,0,0
drift_away,-1,accept_all,0.11,65,0.4,1.0,1.0,0.0,0.0006013756771909851,0.0006013756771909851,1.0,0.0,1.0,0,0
drift_away,-1,accept_all,0.11,66,0.4,1.0,1.0,0.0,0.000544147215019164,0.000544147215019164,1.0,0.0,1.0,0,0
drift_away,-1,accept_all,0.11,67,0.4,1.0,1.0,0.0,0.0004923647610693971,0.0004923647610693971,1.0,0.0,1.0,0,0
drift_away,-1,accept_all,0.11,68,0.4,1.0,1.0,0.0,0.0004455100591379546,0.0004455100591379546,1.0,0.0,1.0,0,0
drift_away,-1,accept_all,0.11,69,0.4,1.0,1.0,0.0,0.0004031141716194231,0.0004031141716194231,1.0,0.0,1.0,0,0
drift_away,-1,accept_all,0.11,70,0.4,1.0,1.0,0.0,0.0003647527862218336,0.0003647527862218336,1.0,0.0,1.0,0,0
drift_away,-1,accept_all,0.11,71,0.4,1.0,1.0,0.0,0.00033004196930641605,0.00033004196930641605,1.0,0.0,1.0,0,0
drift_away,-1,accept_all,0.11,72,0.4,1.0,1.0,0.0,0.0002986343233506439,0.0002986343233506439,1.0,0.0,1.0,0,0
drift_away,-1,accept_all,0.11,73,0.4,1.0,1.0,0.0,0.00027021551007755384,0.00027021551007755384,1.0,0.0,1.0,0,0
drift_away,-1,accept_all,0.11,74,0.4,1.0,1.0,0.0,0.00024450110445184414,0.00024450110445184414,1.0,0.0,1.0,0,0
drift_away,-1,accept_all,0.11,75,0.4,1.0,1.0,0.0,0.00022123374805915752,0.00022123374805915752,1.0,0.0,1.0,0,0
drift_away,-1,accept_all,0.11,76,0.4,1.0,1.0,0.0,0.00020018057337622963,0.00020018057337622963,1.0,0.0,1.0,0,0
drift_away,-1,accept_all,0.11,77,0.4,1.0,1.0,0.0,0.00018113087315474452,0.00018113087315474452,1.0,0.0,1.0,0,0
drift_away,-1,accept_all,0.11,78,0.4,1.0,1.0,0.0,0.00016389399159189022,0.00016389399159189022,1.0,0.0,1.0,0,0
drift_away,-1,accept_all,0.11,79,0.4,1.0,1.0,0.0,0.00014829741618360703,0.00014829741618360703,1.0,0.0,1.0,0,0
drift_away,-1,accept_all,0.11,80,0.4,1.0,1.0,0.0,0.00013418505116102875,0.00013418505116102875,1.0,0.0,1.0,0,0
drift_away,-1,reference_only,0.11,1,0.4,1.0,1.0,0.6,0.4,0.680967483607192,0.5,0.0,1.0,1,0
drift_away,-1,reference_only,0.11,2,0.4,1.0,1.0,0.0,1.0,0.6637461506155964,0.5,0.0,1.0,2,0
drift_away,-1,reference_only,0.11,3,0.4,1.0,1.0,0.0,1.0,0.6481636441363436,0.5,0.0,1.0,3,0
drift_away,-1,reference_only,0.11,4,0.4,1.0,1.0,0.0,1.0,0.6340640092071279,0.5,0.0,1.0,4,0
drift_away,-1,reference_only,0.11,5,0.4,1.0,1.0,0.0,1.0,0.6213061319425267,0.5,0.0,1.0,5,0
drift_away,-1,reference_only,0.11,6,0.4,1.0,1.0,0.0,1.0,0.6097623272188053,0.5,0.0,1.0,6,0
drift_away,-1,reference_only,0.11,7,0.4,1.0,1.0,0.0,1.0,0.5993170607582818,0.5,0.0,1.0,7,0
drift_away,-1,reference_only,0.11,8,0.4,1.0,1.0,0.0,1.0,0.5898657928234443,0.5,0.0,1.0,8,0
drift_away,-1,reference_only,0.11,9,0.4,1.0,1.0,0.0,1.0,0.5813139319481198,0.5,0.0,1.0,9,0
drift_away,-1,reference_only,0.11,10,0.4,1.0,1.0,0.0,1.0,0.5735758882342885,0.5,0.0,1.0,10,0
drift_away,-1,reference_only,0.11,11,0.4,1.0,1.0,0.0,1.0,0.5665742167396159,0.5,0.0,1.0,11,0
drift_away,-1,reference_only,0.11,12,0.4,1.0,1.0,0.0,1.0,0.5602388423824405,0.5,0.0,1.0,12,0
drift_away,-1,reference_only,0.11,13,0.4,1.0,1.0,0.0,1.0,0.5545063586068025,0.5,0.0,1.0,13,0
drift_away,-1,reference_only,0.11,14,0.4,1.0,1.0,0.0,1.0,0.5493193927883213,0.5,0.0,1.0,14,0
drift_away,-1,reference_only,0.11,15,0.4,1.0,1.0,0.0,1.0,0.544626032029686,0.5,0.0,1.0,15,0
drift_away,-1,reference_only,0.11,16,0.4,1.0,1.0,0.0,1.0,0.540379303598931,0.5,0.0,1.0,16,0
drift_away,-1,reference_only,0.11,17,0.4,1.0,1.0,0.0,1.0,0.5365367048105469,0.5,0.0,1.0,17,0
drift_away,-1,reference_only,0.11,18,0.4,1.0,1.0,0.0,1.0,0.5330597776443173,0.5,0.0,1.0,18,0
drift_away,-1,reference_only,0.11,19,0.4,1.0,1.0,0.0,1.0,0.5299137238445271,0.5,0.0,1.0,19,0
drift_away,-1,reference_only,0.11,20,0.4,1.0,1.0,0.0,1.0,0.5270670566473226,0.5,0.0,1.0,20,0
drift_away,-1,reference_only,0.11,21,0.4,1.0,1.0,0.0,1.0,0.5244912856505963,0.5,0.0,1.0,21,0
drift_away,-1,reference_only,0.11,22,0.4,1.0,1.0,0.0,1.0,0.5221606316724667,0.5,0.0,1.0,22,0
drift_away,-1,reference_only,0.11,23,0.4,1.0,1.0,0.0,1.0,0.5200517687445607,0.5,0.0,1.0,23,0
drift_away,-1,reference_only,0.11,24,0.4,1.0,1.0,0.0,1.0,0.5181435906578825,0.5,0.0,1.0,24,0
drift_away,-1,reference_only,0.11,25,0.4,1.0,1.0,0.0,1.0,0.5164169997247798,0.5,0.0,1.0,25,0
drift_away,-1,reference_only,0.11,26,0.4,1.0,1.0,0.0,1.0,0.5148547156428668,0.5,0.0,1.0,26,0
drift_away,-1,reference_only,0.11,27,0.4,1.0,1.0,0.0,1.0,0.51344110254795,0.5,0.0,1.0,27,0
drift_away,-1,reference_only,0.11,28,0.4,1.0,1.0,0.0,1.0,0.5121620125250437,0.5,0.0,1.0,28,0
drift_away,-1,reference_only,0.11,29,0.4,1.0,1.0,0.0,1.0,0.5110046440112814,0.5,0.0,1.0,29,0
drift_away,-1,reference_only,0.11,30,0.4,1.0,1.0,0.0,1.0,0.5099574136735727,0.5,0.0,1.0,30,0
drift_away,-1,reference_only,0.11,31,0.4,1.0,1.0,0.0,1.0,0.5090098404787116,0.5,0.0,1.0,31,0
drift_away,-1,reference_only,0.11,32,0.4,1.0,1.0,0.0,1.0,0.5081524407956732,0.5,0.0,1.0,32,0
drift_away,-1,reference_only,0.11,33,0.4,1.0,1.0,0.0,1.0,0.5073766334802481,0.5,0.0,1.0,33,0
drift_away,-1,reference_only,0.11,34,0.4,1.0,1.0,0.0,1.0,0.5066746539920652,0.5,0.0,1.0,34,0
drift_away,-1,reference_only,0.11,35,0.4,1.0,1.0,0.0,1.0,0.5060394766844637,0.5,0.0,1.0,35,0
drift_away,-1,reference_only,0.11,36,0.4,1.0,1.0,0.0,1.0,0.5054647444894584,0.5,0.0,1.0,36,0
drift_away,-1,reference_only,0.11,37,0.4,1.0,1.0,0.0,1.0,0.5049447052940679,0.5,0.0,1.0,37,0
drift_away,-1,reference_only,0.11,38,0.4,1.0,1.0,0.0,1.0,0.5044741543712331,0.5,0.0,1.0,38,0
drift_away,-1,reference_only,0.11,39,0.4,1.0,1.0,0.0,1.0,0.5040483822891608,0.5,0.0,1.0,39,0
drift_away,-1,reference_only,0.11,40,0.4,1.0,1.0,0.0,1.0,0.5036631277777468,0.5,0.0,1.0,40,0
drift_away,-1,reference_only,0.11,41,0.4,1.0,1.0,0.0,1.0,0.5033145350803523,0.5,0.0,1.0,41,0
drift_away,-1,reference_only,0.11,42,0.4,1.0,1.0,0.0,1.0,0.5029991153640956,0.5,0.0,1.0,42,0
drift_away,-1,reference_only,0.11,43,0.4,1.0,1.0,0.0,1.0,0.5027137118024402,0.5,0.0,1.0,43,0
drift_away,-1,reference_only,0.11,44,0.4,1.0,1.0,0.0,1.0,0.5024554679806137,0.5,0.0,1.0,44,0
drift_away,-1,reference_only,0.11,45,0.4,1.0,1.0,0.0,1.0,0.5022217993076485,0.5,0.0,1.0,45,0
drift_away,-1,reference_only,0.11,46,0.4,1.0,1.0,0.0,1.0,0.5020103671489267,0.5,0.0,1.0,46,0
drift_away,-1,reference_only,0.11,47,0.4,1.0,1.0,0.0,1.0,0.5018190554203392,0.5,0.0,1.0,47,0
drift_away,-1,reference_only,0.11,48,0.4,1.0,1.0,0.0,1.0,0.501645949409804,0.5,0.0,1.0,48,0
drift_away,-1,reference_only,0.11,49,0.4,1.0,1.0,0.0,1.0,0.5014893166141849,0.5,0.0,1.0,49,0
drift_away,-1,reference_only,0.11,50,0.4,1.0,1.0,0.0,1.0,0.5013475893998172,0.5,0.0,1.0,50,0
drift_away,-1,reference_only,0.11,51,0.4,1.0,1.0,0.0,1.0,0.5012193493131032,0.5,0.0,1.0,51,0
drift_away,-1,reference_only,0.11,52,0.4,1.0,1.0,0.0,1.0,0.5011033128841522,0.5,0.0,1.0,52,0
drift_away,-1,reference_only,0.11,53,0.4,1.0,1.0,0.0,1.0,0.500998318781382,0.5,0.0,1.0,53,0
drift_away,-1,reference_only,0.11,54,0.4,1.0,1.0,0.0,1.0,0.5009033161885226,0.5,0.0,1.0,54,0
drift_away,-1,reference_only,0.11,55,0.4,1.0,1.0,0.0,1.0,0.5008173542876928,0.5,0.0,1.0,55,0
drift_away,-1,reference_only,0.11,56,0.4,1.0,1.0,0.0,1.0,0.5007395727432966,0.5,0.0,1.0,56,0
drift_away,-1,reference_only,0.11,57,0.4,1.0,1.0,0.0,1.0,0.5006691930914943,0.5,0.0,1.0,57,0
drift_away,-1,reference_only,0.11,58,0.4,1.0,1.0,0.0,1.0,0.5006055109490752,0.5,0.0,1.0,58,0
drift_away,-1,reference_only,0.11,59,0.4,1.0,1.0,0.0,1.0,0.5005478889637537,0.5,0.0,1.0,59,0
drift_away,-1,reference_only,0.11,60,0.4,1.0,1.0,0.0,1.0,0.5004957504353333,0.5,0.0,1.0,60,0
drift_away,-1,reference_only,0.11,61,0.4,1.0,1.0,0.0,1.0,0.5004485735438972,0.5,0.0,1.0,61,0
drift_away,-1,reference_only,0.11,62,0.4,1.0,1.0,0.0,1.0,0.5004058861272591,0.5,0.0,1.0,62,0
drift_away,-1,reference_only,0.11,63,0.4,1.0,1.0,0.0,1.0,0.5003672609554057,0.5,0.0,1.0,63,0
drift_away,-1,reference_only,0.11,64,0.4,1.0,1.0,0.0,1.0,0.5003323114546347,0.5,0.0,1.0,64,0
drift_away,-1,reference_only,0.11,65,0.4,1.0,1.0,0.0,1.0,0.5003006878385955,0.5,0.0,1.0,65,0
drift_away,-1,reference_only,0.11,66,0.4,1.0,1.0,0.0,1.0,0.5002720736075096,0.5,0.0,1.0,66,0
drift_away,-1,reference_only,0.11,67,0.4,1.0,1.0,0.0,1.0,0.5002461823805346,0.5,0.0,1.0,67,0
drift_away,-1,reference_only,0.11,68,0.4,1.0,1.0,0.0,1.0,0.500222755029569,0.5,0.0,1.0,68,0
drift_away,-1,reference_only,0.11,69,0.4,1.0,1.0,0.0,1.0,0.5002015570858097,0.5,0.0,1.0,69,0
drift_away,-1,reference_only,0.11,70,0.4,1.0,1.0,0.0,1.0,0.5001823763931109,0.5,0.0,1.0,70,0
drift_away,-1,reference_only,0.11,71,0.4,1.0,1.0,0.0,1.0,0.5001650209846532,0.5,0.0,1.0,71,0
drift_away,-1,reference_only,0.11,72,0.4,1.0,1.0,0.0,1.0,0.5001493171616753,0.5,0.0,1.0,72,0
drift_away,-1,reference_only,0.11,73,0.4,1.0,1.0,0.0,1.0,0.5001351077550388,0.5,0.0,1.0,73,0
drift_away,-1,reference_only,0.11,74,0.4,1.0,1.0,0.0,1.0,0.5001222505522259,0.5,0.0,1.0,74,0
drift_away,-1,reference_only,0.11,75,0.4,1.0,1.0,0.0,1.0,0.5001106168740296,0.5,0.0,1.0,75,0
drift_away,-1,reference_only,0.11,76,0.4,1.0,1.0,0.0,1.0,0.5001000902866881,0.5,0.0,1.0,76,0
drift_away,-1,reference_only,0.11,77,0.4,1.0,1.0,0.0,1.0,0.5000905654365774,0.5,0.0,1.0,77,0
drift_away,-1,reference_only,0.11,78,0.4,1.0,1.0,0.0,1.0,0.500081946995796,0.5,0.0,1.0,78,0
drift_away,-1,reference_only,0.11,79,0.4,1.0,1.0,0.0,1.0,0.5000741487080917,0.5,0.0,1.0,79,0
drift_away,-1,reference_only,0.11,80,0.4,1.0,1.0,0.0,1.0,0.5000670925255806,0.5,0.0,1.0,80,0
drift_away,-1,gated,0.25,1,0.4,1.0,0.36193496721438384,0.03806503278561618,0.9619349672143838,0.6619349672143838,0.5,0.6380650327856161,0.0,1,1
drift_away,-1,gated,0.25,2,0.4,1.0,0.3274923012311928,0.03444266598319107,0.9655573340168089,0.6465248176240008,0.5,0.6725076987688072,0.0,2,2
drift_away,-1,gated,0.25,3,0.4,1.0,0.2963272882726872,0.0311650129585056,0.9688349870414944,0.6325811376570908,0.5,0.7036727117273128,0.0,3,3
drift_away,-1,gated,0.25,4,0.4,1.0,0.26812801841425576,0.02819926985843141,0.9718007301415685,0.6199643742779122,0.5,0.7318719815857442,0.0,4,4
drift_away,-1,gated,0.25,5,0.4,1.0,0.2426122638850534,0.025515754529202378,0.9744842454707976,0.6085482546779255,0.5,0.7573877361149466,0.0,5,5
drift_away,-1,gated,0.25,6,0.4,1.0,0.21952465443761057,0.023087609447442814,0.9769123905525572,0.5982185224950839,0.5,0.7804753455623894,0.0,6,6
drift_away,-1,gated,0.25,7,0.4,1.0,0.19863412151656382,0.020890532921046756,0.9791094670789533,0.5888717942977586,0.5,0.8013658784834362,0.0,7,7
drift_away,-1,gated,0.25,8,0.4,1.0,0.17973158564688863,0.01890253586967519,0.9810974641303248,0.5804145248886068,0.5,0.8202684143531114,0.0,8,8
drift_away,-1,gated,0.25,9,0.4,1.0,0.16262786389623965,0.017103721750648976,0.982896278249351,0.5727620710727953,0.5,0.8373721361037604,0.0,9,9
drift_away,-1,gated,0.25,10,0.4,1.0,0.14715177646857694,0.01547608742766271,0.9845239125723373,0.565837844520457,0.5,0.8528482235314231,0.0,10,10
drift_away,-1,gated,0.25,11,0.4,1.0,0.13314843347923183,0.014003342989345108,0.9859966570106549,0.5595725452449434,0.5,0.8668515665207681,0.0,11,11
drift_away,-1,gated,0.25,12,0.4,1.0,0.12047768476488085,0.012670748714350977,0.9873292512856491,0.553903468025265,0.5,0.8795223152351191,0.0,12,12
drift_away,-1,gated,0.25,13,0.4,1.0,0.10901271721360505,0.01146496755127581,0.9885350324487242,0.5487738748311646,0.5,0.8909872827863949,0.0,13,13
drift_away,-1,gated,0.25,14,0.4,1.0,0.0986387855766426,0.010373931636962444,0.9896260683630376,0.5441324269698401,0.5,0.9013612144233574,0.0,14,14
drift_away,-1,gated,0.25,15,0.4,1.0,0.08925206405937193,0.009386721517270671,0.9906132784827293,0.5399326712710506,0.5,0.9107479359406281,0.0,15,15
drift_away,-1,gated,0.25,16,0.4,1.0,0.08075860719786215,0.008493456861509777,0.9915065431384902,0.5361325751681761,0.5,0.9192413928021379,0.0,16,16
drift_away,-1,gated,0.25,17,0.4,1.0,0.07307340962109386,0.007685197576768291,0.9923148024232317,0.5326941060221628,0.5,0.9269265903789061,0.0,17,17
drift_away,-1,gated,0.25,18,0.4,1.0,0.06611955528863461,0.00695385433245925,0.9930461456675408,0.5295828504780877,0.5,0.9338804447113653,0.0,18,18
drift_away,-1,gated,0.25,19,0.4,1.0,0.05982744768905403,0.006292107599580585,0.9937078924004195,0.5267676700447368,0.5,0.940172552310946,0.0,19,19
drift_away,-1,gated,0.25,20,0.4,1.0,0.054134113294645084,0.005693334394408944,0.994306665605591,0.5242203894501181,0.5,0.9458658867053549,0.0,20,20
drift_away,-1,gated,0.25,21,0.4,1.0,0.04898257130119277,0.005151541993452316,0.9948484580065476,0.5219155146538702,0.5,0.9510174286988072,0.0,21,21
drift_away,-1,gated,0.25,22,0.4,1.0,0.044321263344933554,0.004661307956259214,0.9953386920437408,0.5198299776943371,0.5,0.9556787366550664,0.0,22,22
drift_away,-1,gated,0.25,23,0.4,1.0,0.0401035374891215,0.004217725855812052,0.995782274144188,0.5179429058166547,0.5,0.9598964625108785,0.0,23,23
drift_away,-1,gated,0.25,24,0.4,1.0,0.036287181315765006,0.0038163561733564957,0.9961836438266435,0.5162354125712043,0.5,0.963712818684235,0.0,24,24
drift_away,-1,gated,0.25,25,0.4,1.0,0.032833999449559524,0.003453181866205482,0.9965468181337945,0.514690408791677,0.5,0.9671660005504404,0.0,25,25
drift_away,-1,gated,0.25,26,0.4,1.0,0.029709431285733553,0.0031245681638259713,0.996875431836174,0.5132924315609537,0.5,0.9702905687142664,0.0,26,26
drift_away,-1,gated,0.25,27,0.4,1.0,0.026882205095899905,0.0028272261898336475,0.9971727738101663,0.5120274894530331,0.5,0.9731177949041001,0.0,27,27
drift_away,-1,gated,0.25,28,0.4,1.0,0.02432402505008719,0.002558180045812715,0.9974418199541872,0.5108829225021372,0.5,0.9756759749499128,0.0,28,28
drift_away,-1,gated,0.25,29,0.4,1.0,0.022009288022562894,0.002314737027524296,0.9976852629724757,0.5098472754975193,0.5,0.9779907119774371,0.0,29,29
drift_away,-1,gated,0.25,30,0.4,1.0,0.01991482734714558,0.002094460675417315,0.9979055393245827,0.5089101833358641,0.5,0.9800851726528544,0.0,30,30
drift_away,-1,gated,0.25,31,0.4,1.0,0.01801968095742312,0.0018951463897224595,0.9981048536102776,0.5080622672838504,0.5,0.9819803190425769,0.0,31,31
drift_away,-1,gated,0.25,32,0.4,1.0,0.016304881591346486,0.0017147993660766338,0.9982852006339233,0.5072950411126349,0.5,0.9836951184086535,0.0,32,32
drift_away,-1,gated,0.25,33,0.4,1.0,0.014753266960496007,0.0015516146308504793,0.9984483853691495,0.5066008261648227,0.5,0.9852467330395039,0.0,33,33
drift_away,-1,gated,0.25,34,0.4,1.0,0.013349307984130433,0.0014039589763655737,0.9985960410236344,0.5059726745038824,0.5,0.9866506920158695,0.0,34,34
drift_away,-1,gated,0.25,35,0.4,1.0,0.0120789533689274,0.0012703546152030322,0.9987296453847969,0.5054042993768622,0.5,0.9879210466310726,0.0,35,35
drift_away,-1,gated,0.25,36,0.4,1.0,0.010929488978917025,0.0011494643900103758,0.9988505356099896,0.5048900122944533,0.5,0.989070511021083,0.0,36,36
drift_away,-1,gated,0.25,37,0.4,1.0,0.009889410588135757,0.0010400783907812683,0.9989599216092188,0.5044246660986773,0.5,0.9901105894118643,0.0,37,37
drift_away,-1,gated,0.25,38,0.4,1.0,0.008948308742466242,0.0009411018456695151,0.9990588981543305,0.5040036034483983,0.5,0.9910516912575338,0.0,38,38
drift_away,-1,gated,0.25,39,0.4,1.0,0.008096764578321756,0.0008515441641444854,0.9991484558358555,0.5036226102070887,0.5,0.9919032354216782,0.0,39,39
drift_away,-1,gated,0.25,40,0.4,1.0,0.007326255555493672,0.000770509022828084,0.999229490977172,0.5032778732663328,0.5,0.9926737444445063,0.0,40,40
drift_away,-1,gated,0.25,41,0.4,1.0,0.006629070160704503,0.0006971853947891696,0.9993028146052109,0.5029659423829577,0.5,0.9933709298392955,0.0,41,41
drift_away,-1,gated,0.25,42,0.4,1.0,0.0059982307281910814,0.0006308394325134211,0.9993691605674866,0.5026836956478389,0.5,0.9940017692718089,0.0,42,42
drift_away,-1,gated,0.25,43,0.4,1.0,0.005427423604880374,0.0005708071233107076,0.9994291928766893,0.5024283082407848,0.5,0.9945725763951196,0.0,43,43
drift_away,-1,gated,0.25,44,0.4,1.0,0.0049109359612273746,0.0005164876436529993,0.999483512356347,0.5021972241587872,0.5,0.9950890640387726,0.0,44,44
drift_away,-1,gated,0.25,45,0.4,1.0,0.004443598615296923,0.0004673373459304518,0.9995326626540696,0.5019881306346833,0.5,0.995556401384703,0.0,45,45
drift_away,-1,gated,0.25,46,0.4,1.0,0.004020734297853434,0.0004228643174434884,0.9995771356825565,0.501798934990205,0.5,0.9959792657021466,0.0,46,46
drift_away,-1,gated,0.25,47,0.4,1.0,0.0036381108406783264,0.000382623457175108,0.9996173765428249,0.5016277436917516,0.5,0.9963618891593217,0.0,47,47
drift_away,-1,gated,0.25,48,0.4,1.0,0.0032918988196080122,0.00034621202107031415,0.9996537879789297,0.5014728433992688,0.5,0.996708101180392,0.0,48,48
drift_away,-1,gated,0.25,49,0.4,1.0,0.0029786332283697355,0.0003132655912382767,0.9996867344087618,0.5013326838185658,0.5,0.9970213667716302,0.0,49,49
drift_away,-1,gated,0.25,50,0.4,1.0,0.002695178799634187,0.0002834544287355486,0.9997165455712644,0.5012058621854494,0.5,0.9973048212003658,0.0,50,50
drift_away,-1,gated,0.25,51,0.4,1.0,0.0024386986262062552,0.00025648017342793164,0.9997435198265721,0.5010911092263892,0.5,0.9975613013737937,0.0,51,51
drift_away,-1,gated,0.25,52,0.4,1.0,0.002206625768304309,0.00023207285790194637,0.9997679271420981,0.5009872764552012,0.5,0.9977933742316957,0.0,52,52
drift_away,-1,gated,0.25,53,0.4,1.0,0.001996637562764087,0.00020998820554022192,0.9997900117944598,0.500893324678612,0.5,0.9980033624372359,0.0,53,53
drift_away,-1,gated,0.25,54,0.4,1.0,0.0018066323770450665,0.0001900051857190205,0.999809994814281,0.500808313595663,0.5,0.998193367622955,0.0,54,54
drift_away,-1,gated,0.25,55,0.4,1.0,0.0016347085753856266,0.00017192380165943983,0.9998280761983406,0.500731392386863,0.5,0.9983652914246144,0.0,55,55
drift_away,-1,gated,0.25,56,0.4,1.0,0.001479145486593173,0.0001555630887924537,0.9998444369112075,0.5006617911989004,0.5,0.9985208545134068,0.0,56,56
drift_away,-1,gated,0.25,57,0.4,1.0,0.001338386182988509,0.00014075930360466405,0.9998592406963953,0.5005988134396919,0.5,0.9986616138170115,0.0,57,57
drift_away,-1,gated,0.25,58,0.4,1.0,0.0012110218981503263,0.0001273642848381826,0.9998726357151618,0.5005418288066561,0.5,0.9987889781018496,0.0,58,58
drift_away,-1,gated,0.25,59,0.4,1.0,0.0010957779275073474,0.00011524397064297887,0.999884756029357,0.5004902669784321,0.5,0.9989042220724926,0.0,59,59
drift_away,-1,gated,0.25,60,0.4,1.0,0.0009915008706665434,0.00010427705684080404,0.9998957229431592,0.5004436119069129,0.5,0.9990084991293334,0.0,60,60
drift_away,-1,gated,0.25,61,0.4,1.0,0.0008971470877943213,9.435378287222206e-05,0.9999056462171277,0.500401396652461,0.5,0.9991028529122057,0.0,61,61
drift_away,-1,gated,0.25,62,0.4,1.0,0.0008117722545182937,8.537483327602765e-05,0.999914625166724,0.5003631987106212,0.5,0.9991882277454817,0.0,62,62
drift_away,-1,gated,0.25,63,0.4,1.0,0.0007345219108115629,7.725034370673078e-05,0.9999227496562932,0.5003286357835524,0.5,0.9992654780891884,0.0,63,63
drift_away,-1,gated,0.25,64,0.4,1.0,0.0006646229092695736,6.98990015419893e-05,0.999930100998458,0.5002973619538638,0.5,0.9993353770907304,0.0,64,64
drift_away,-1,gated,0.25,65,0.4,1.0,0.000601375677191029,6.324723207854464e-05,0.9999367527679215,0.5002690642225562,0.5,0.999398624322809,0.0,65,65
drift_away,-1,gated,0.25,66,0.4,1.0,0.0005441472150191576,5.72284621718714e-05,0.9999427715378282,0.5002434593764237,0.5,0.9994558527849808,0.0,66,66
drift_away,-1,gated,0.25,67,0.4,1.0,0.0004923647610693924,5.178245394976515e-05,0.9999482175460502,0.5002202911535598,0.5,0.9995076352389306,0.0,67,67
drift_away,-1,gated,0.25,68,0.4,1.0,0.0004455100591379213,4.68547019314711e-05,0.9999531452980686,0.5001993276786032,0.5,0.999554489940862,0.0,68,68
drift_away,-1,gated,0.25,69,0.4,1.0,0.0004031141716194042,4.2395887518517097e-05,0.9999576041124815,0.5001803591420504,0.5,0.9995968858283806,0.0,69,69
drift_away,-1,gated,0.25,70,0.4,1.0,0.0003647527862218065,3.836138539759773e-05,0.9999616386146024,0.5001631957004121,0.5,0.9996352472137782,0.0,70,70
drift_away,-1,gated,0.25,71,0.4,1.0,0.00033004196930636184,3.471081691544466e-05,0.9999652891830846,0.5001476655761955,0.5,0.9996699580306936,0.0,71,71
drift_away,-1,gated,0.25,72,0.4,1.0,0.0002986343233506717,3.140764595569015e-05,0.9999685923540443,0.5001336133386975,0.5,0.9997013656766494,0.0,72,72
drift_away,-1,gated,0.25,73,0.4,1.0,0.00027021551007753774,2.8418813273133948e-05,0.9999715811867269,0.5001208983484022,0.5,0.9997297844899224,0.0,73,73
drift_away,-1,gated,0.25,74,0.4,1.0,0.0002445011044518289,2.5714405625708835e-05,0.9999742855943743,0.5001093933494131,0.5,0.9997554988955482,0.0,74,74
drift_away,-1,gated,0.25,75,0.4,1.0,0.00022123374805913345,2.326735639269546e-05,0.9999767326436073,0.5000989831958332,0.5,0.9997787662519408,0.0,75,75
drift_away,-1,gated,0.25,76,0.4,1.0,0.00020018057337624435,2.10531746828891e-05,0.9999789468253171,0.5000895636993467,0.5,0.9997998194266238,0.0,76,76
drift_away,-1,gated,0.25,77,0.4,1.0,0.0001811308731547188,1.904970022152555e-05,0.9999809502997785,0.5000810405864666,0.5,0.9998188691268453,0.0,77,77
drift_away,-1,gated,0.25,78,0.4,1.0,0.00016389399159191472,1.7236881562804075e-05,0.9999827631184371,0.5000733285550145,0.5,0.9998361060084081,0.0,78,78
drift_away,-1,gated,0.25,79,0.4,1.0,0.0001482974161836353,1.559657540827942e-05,0.9999844034245917,0.5000663504203877,0.5,0.9998517025838164,0.0,79,79
drift_away,-1,gated,0.25,80,0.4,1.0,0.00013418505116100476,1.4112365022630547e-05,0.9999858876349774,0.5000600363430692,0.5,0.999865814948839,0.0,80,80
drift_away,-1,accept_all,0.25,1,0.4,1.0,1.0,0.6,0.6619349672143838,0.6619349672143838,1.0,0.0,1.0,0,0
drift_away,-1,accept_all,0.25,2,0.4,1.0,1.0,0.0,0.3274923012311928,0.3274923012311928,1.0,0.0,1.0,0,0
drift_away,-1,accept_all,0.25,3,0.4,1.0,1.0,0.0,0.2963272882726872,0.2963272882726872,1.0,0.0,1.0,0,0
drift_away,-1,accept_all,0.25,4,0.4,1.0,1.0,0.0,0.2681280184142558,0.2681280184142558,1.0,0.0,1.0,0,0
drift_away,-1,accept_all,0.25,5,0.4,1.0,1.0,0.0,0.24261226388505341,0.24261226388505341,1.0,0.0,1.0,0,0
drift_away,-1,accept_all,0.25,6,0.4,1.0,1.0,0.0,0.2195246544376106,0.2195246544376106,1.0,0.0,1.0,0,0
drift_away,-1,accept_all,0.25,7,0.4,1.0,1.0,0.0,0.1986341215165638,0.1986341215165638,1.0,0.0,1.0,0,0
drift_away,-1,accept_all,0.25,8,0.4,1.0,1.0,0.0,0.17973158564688863,0.17973158564688863,1.0,0.0,1.0,0,0
drift_away,-1,accept_all,0.25,9,0.4,1.0,1.0,0.0,0.16262786389623962,0.16262786389623962,1.0,0.0,1.0,0,0
drift_away,-1,accept_all,0.25,10,0.4,1.0,1.0,0.0,0.1471517764685769,0.1471517764685769,1.0,0.0,1.0,0,0
drift_away,-1,accept_all,0.25,11,0.4,1.0,1.0,0.0,0.1331484334792319,0.1331484334792319,1.0,0.0,1.0,0,0
drift_away,-1,accept_all,0.25,12,0.4,1.0,1.0,0.0,0.12047768476488085,0.12047768476488085,1.0,0.0,1.0,0,0
drift_away,-1,accept_all,0.25,13,0.4,1.0,1.0,0.0,0.10901271721360506,0.10901271721360506,1.0,0.0,1.0,0,0
drift_away,-1,accept_all,0.25,14,0.4,1.0,1.0,0.0,0.09863878557664263,0.09863878557664263,1.0,0.0,1.0,0,0
drift_away,-1,accept_all,0.25,15,0.4,1.0,1.0,0.0,0.08925206405937192,0.08925206405937192,1.0,0.0,1.0,0,0
drift_away,-1,accept_all,0.25,16,0.4,1.0,1.0,0.0,0.0807586071978621,0.0807586071978621,1.0,0.0,1.0,0,0
drift_away,-1,accept_all,0.25,17,0.4,1.0,1.0,0.0,0.07307340962109388,0.07307340962109388,1.0,0.0,1.0,0,0
drift_away,-1,accept_all,0.25,18,0.4,1.0,1.0,0.0,0.06611955528863467,0.06611955528863467,1.0,0.0,1.0,0,0
drift_away,-1,accept_all,0.25,19,0.4,1.0,1.0,0.0,0.059827447689054014,0.059827447689054014,1.0,0.0,1.0,0,0
drift_away,-1,accept_all,0.25,20,0.4,1.0,1.0,0.0,0.054134113294645125,0.054134113294645125,1.0,0.0,1.0,0,0
drift_away,-1,accept_all,0.25,21,0.4,1.0,1.0,0.0,0.04898257130119277,0.04898257130119277,1.0,0.0,1.0,0,0
drift_away,-1,accept_all,0.25,22,0.4,1.0,1.0,0.0,0.04432126334493358,0.04432126334493358,1.0,0.0,1.0,0,0
drift_away,-1,accept_all,0.25,23,0.4,1.0,1.0,0.0,0.040103537489121543,0.040103537489121543,1.0,0.0,1.0,0,0
drift_away,-1,accept_all,0.25,24,0.4,1.0,1.0,0.0,0.03628718131576503,0.03628718131576503,1.0,0.0,1.0,0,0
drift_away,-1,accept_all,0.25,25,0.4,1.0,1.0,0.0,0.03283399944955956,0.03283399944955956,1.0,0.0,1.0,0,0
drift_away,-1,accept_all,0.25,26,0.4,1.0,1.0,0.0,0.029709431285733556,0.029709431285733556,1.0,0.0,1.0,0,0
drift_away,-1,accept_all,0.25,27,0.4,1.0,1.0,0.0,0.02688220509589989,0.02688220509589989,1.0,0.0,1.0,0,0
drift_away,-1,accept_all,0.25,28,0.4,1.0,1.0,0.0,0.02432402505008724,0.02432402505008724,1.0,0.0,1.0,0,0
drift_away,-1,accept_all,0.25,29,0.4,1.0,1.0,0.0,0.022009288022562856,0.022009288022562856,1.0,0.0,1.0,0,0
drift_away,-1,accept_all,0.25,30,0.4,1.0,1.0,0.0,0.01991482734714556,0.01991482734714556,1.0,0.0,1.0,0,0
drift_away,-1,accept_all,0.25,31,0.4,1.0,1.0,0.0,0.018019680957423123,0.018019680957423123,1.0,0.0,1.0,0,0
drift_away,-1,accept_all,0.25,32,0.4,1.0,1.0,0.0,0.016304881591346465,0.016304881591346465,1.0,0.0,1.0,0,0
drift_away,-1,accept_all,0.25,33,0.4,1.0,1.0,0.0,0.014753266960496059,0.014753266960496059,1.0,0.0,1.0,0,0
drift_away,-1,accept_all,0.25,34,0.4,1.0,1.0,0.0,0.013349307984130476,0.013349307984130476,1.0,0.0,1.0,0,0
drift_away,-1,accept_all,0.25,35,0.4,1.0,1.0,0.0,0.012078953368927392,0.012078953368927392,1.0,0.0,1.0,0,0
drift_away,-1,accept_all,0.25,36,0.4,1.0,1.0,0.0,0.01092948897891699,0.01092948897891699,1.0,0.0,1.0,0,0
drift_away,-1,accept_all,0.25,37,0.4,1.0,1.0,0.0,0.00988941058813575,0.00988941058813575,1.0,0.0,1.0,0,0
drift_away,-1,accept_all,0.25,38,0.4,1.0,1.0,0.0,0.008948308742466216,0.008948308742466216,1.0,0.0,1.0,0,0
drift_away,-1,accept_all,0.25,39,0.4,1.0,1.0,0.0,0.008096764578321758,0.008096764578321758,1.0,0.0,1.0,0,0
drift_away,-1,accept_all,0.25,40,0.4,1.0,1.0,0.0,0.00732625555549371,0.00732625555549371,1.0,0.0,1.0,0,0
drift_away,-1,accept_all,0.25,41,0.4,1.0,1.0,0.0,0.006629070160704464,0.006629070160704464,1.0,0.0,1.0,0,0
drift_away,-1,accept_all,0.25,42,0.4,1.0,1.0,0.0,0.005998230728191056,0.005998230728191056,1.0,0.0,1.0,0,0
drift_away,-1,accept_all,0.25,43,0.4,1.0,1.0,0.0,0.005427423604880355,0.005427423604880355,1.0,0.0,1.0,0,0
drift_away,-1,accept_all,0.25,44,0.4,1.0,1.0,0.0,0.004910935961227381,0.004910935961227381,1.0,0.0,1.0,0,0
drift_away,-1,accept_all,0.25,45,0.4,1.0,1.0,0.0,0.004443598615296973,0.004443598615296973,1.0,0.0,1.0,0,0
drift_away,-1,accept_all,0.25,46,0.4,1.0,1.0,0.0,0.004020734297853434,0.004020734297853434,1.0,0.0,1.0,0,0
drift_away,-1,accept_all,0.25,47,0.4,1.0,1.0,0.0,0.0036381108406783325,0.0036381108406783325,1.0,0.0,1.0,0,0
drift_away,-1,accept_all,0.25,48,0.4,1.0,1.0,0.0,0.003291898819608008,0.003291898819608008,1.0,0.0,1.0,0,0
drift_away,-1,accept_all,0.25,49,0.4,1.0,1.0,0.0,0.002978633228369776,0.002978633228369776,1.0,0.0,1.0,0,0
drift_away,-1,accept_all,0.25,50,0.4,1.0,1.0,0.0,0.0026951787996342125,0.0026951787996342125,1.0,0.0,1.0,0,0
drift_away,-1,accept_all,0.25,51,0.4,1.0,1.0,0.0,0.0024386986262062704,0.0024386986262062704,1.0,0.0,1.0,0,0
drift_away,-1,accept_all,0.25,52,0.4,1.0,1.0,0.0,0.0022066257683043267,0.0022066257683043267,1.0,0.0,1.0,0,0
drift_away,-1,accept_all,0.25,53,0.4,1.0,1.0,0.0,0.0019966375627641364,0.0019966375627641364,1.0,0.0,1.0,0,0
drift_away,-1,accept_all,0.25,54,0.4,1.0,1.0,0.0,0.0018066323770450365,0.0018066323770450365,1.0,0.0,1.0,0,0
drift_away,-1,accept_all,0.25,55,0.4,1.0,1.0,0.0,0.0016347085753856128,0.0016347085753856128,1.0,0.0,1.0,0,0
drift_away,-1,accept_all,0.25,56,0.4,1.0,1.0,0.0,0.0014791454865932252,0.0014791454865932252,1.0,0.0,1.0,0,0
drift_away,-1,accept_all,0.25,57,0.4,1.0,1.0,0.0,0.001338386182988538,0.001338386182988538,1.0,0.0,1.0,0,0
drift_away,-1,accept_all,0.25,58,0.4,1.0,1.0,0.0,0.0012110218981503662,0.0012110218981503662,1.0,0.0,1.0,0,0
drift_away,-1,accept_all,0.25,59,0.4,1.0,1.0,0.0,0.0010957779275073687,0.0010957779275073687,1.0,0.0,1.0,0,0
drift_away,-1,accept_all,0.25,60,0.4,1.0,1.0,0.0,0.0009915008706665729,0.0009915008706665729,1.0,0.0,1.0,0,0
drift_away,-1,accept_all,0.25,61,0.4,1.0,1.0,0.0,0.0008971470877943144,0.0008971470877943144,1.0,0.0,1.0,0,0
drift_away,-1,accept_all,0.25,62,0.4,1.0,1.0,0.0,0.0008117722545183392,0.0008117722545183392,1.0,0.0,1.0,0,0
drift_away,-1,accept_all,0.25,63,0.4,1.0,1.0,0.0,0.0007345219108115808,0.0007345219108115808,1.0,0.0,1.0,0,0
drift_away,-1,accept_all,0.25,64,0.4,1.0,1.0,0.0,0.0006646229092696077,0.0006646229092696077,1.0,0.0,1.0,0,0
drift_away,-1,accept_all,0.25,65,0.4,1.0,1.0,0.0,0.0006013756771909851,0.0006013756771909851,1.0,0.0,1.0,0,0
drift_away,-1,accept_all,0.25,66,0.4,1.0,1.0,0.0,0.000544147215019164,0.000544147215019164,1.0,0.0,1.0,0,0
drift_away,-1,accept_all,0.25,67,0.4,1.0,1.0,0.0,0.0004923647610693971,0.0004923647610693971,1.0,0.0,1.0,0,0
drift_away,-1,accept_all,0.25,68,0.4,1.0,1.0,0.0,0.0004455100591379546,0.0004455100591379546,1.0,0.0,1.0,0,0
drift_away,-1,accept_all,0.25,69,0.4,1.0,1.0,0.0,0.0004031141716194231,0.0004031141716194231,1.0,0.0,1.0,0,0
drift_away,-1,accept_all,0.25,70,0.4,1.0,1.0,0.0,0.0003647527862218336,0.0003647527862218336,1.0,0.0,1.0,0,0
drift_away,-1,accept_all,0.25,71,0.4,1.0,1.0,0.0,0.00033004196930641605,0.00033004196930641605,1.0,0.0,1.0,0,0
drift_away,-1,accept_all,0.25,72,0.4,1.0,1.0,0.0,0.0002986343233506439,0.0002986343233506439,1.0,0.0,1.0,0,0
drift_away,-1,accept_all,0.25,73,0.4,1.0,1.0,0.0,0.00027021551007755384,0.00027021551007755384,1.0,0.0,1.0,0,0
drift_away,-1,accept_all,0.25,74,0.4,1.0,1.0,0.0,0.00024450110445184414,0.00024450110445184414,1.0,0.0,1.0,0,0
drift_away,-1,accept_all,0.25,75,0.4,1.0,1.0,0.0,0.00022123374805915752,0.00022123374805915752,1.0,0.0,1.0,0,0
drift_away,-1,accept_all,0.25,76,0.4,1.0,1.0,0.0,0.00020018057337622963,0.00020018057337622963,1.0,0.0,1.0,0,0
drift_away,-1,accept_all,0.25,77,0.4,1.0,1.0,0.0,0.00018113087315474452,0.00018113087315474452,1.0,0.0,1.0,0,0
drift_away,-1,accept_all,0.25,78,0.4,1.0,1.0,0.0,0.00016389399159189022,0.00016389399159189022,1.0,0.0,1.0,0,0
drift_away,-1,accept_all,0.25,79,0.4,1.0,1.0,0.0,0.00014829741618360703,0.00014829741618360703,1.0,0.0,1.0,0,0
drift_away,-1,accept_all,0.25,80,0.4,1.0,1.0,0.0,0.00013418505116102875,0.00013418505116102875,1.0,0.0,1.0,0,0
drift_away,-1,reference_only,0.25,1,0.4,1.0,1.0,0.6,0.4,0.680967483607192,0.5,0.0,1.0,1,0
drift_away,-1,reference_only,0.25,2,0.4,1.0,1.0,0.0,1.0,0.6637461506155964,0.5,0.0,1.0,2,0
drift_away,-1,reference_only,0.25,3,0.4,1.0,1.0,0.0,1.0,0.6481636441363436,0.5,0.0,1.0,3,0
drift_away,-1,reference_only,0.25,4,0.4,1.0,1.0,0.0,1.0,0.6340640092071279,0.5,0.0,1.0,4,0
drift_away,-1,reference_only,0.25,5,0.4,1.0,1.0,0.0,1.0,0.6213061319425267,0.5,0.0,1.0,5,0
drift_away,-1,reference_only,0.25,6,0.4,1.0,1.0,0.0,1.0,0.6097623272188053,0.5,0.0,1.0,6,0
drift_away,-1,reference_only,0.25,7,0.4,1.0,1.0,0.0,1.0,0.5993170607582818,0.5,0.0,1.0,7,0
drift_away,-1,reference_only,0.25,8,0.4,1.0,1.0,0.0,1.0,0.5898657928234443,0.5,0.0,1.0,8,0
drift_away,-1,reference_only,0.25,9,0.4,1.0,1.0,0.0,1.0,0.5813139319481198,0.5,0.0,1.0,9,0
drift_away,-1,reference_only,0.25,10,0.4,1.0,1.0,0.0,1.0,0.5735758882342885,0.5,0.0,1.0,10,0
drift_away,-1,reference_only,0.25,11,0.4,1.0,1.0,0.0,1.0,0.5665742167396159,0.5,0.0,1.0,11,0
drift_away,-1,reference_only,0.25,12,0.4,1.0,1.0,0.0,1.0,0.5602388423824405,0.5,0.0,1.0,12,0
drift_away,-1,reference_only,0.25,13,0.4,1.0,1.0,0.0,1.0,0.5545063586068025,0.5,0.0,1.0,13,0
drift_away,-1,reference_only,0.25,14,0.4,1.0,1.0,0.0,1.0,0.5493193927883213,0.5,0.0,1.0,14,0
drift_away,-1,reference_only,0.25,15,0.4,1.0,1.0,0.0,1.0,0.544626032029686,0.5,0.0,1.0,15,0
drift_away,-1,reference_only,0.25,16,0.4,1.0,1.0,0.0,1.0,0.540379303598931,0.5,0.0,1.0,16,0
drift_away,-1,reference_only,0.25,17,0.4,1.0,1.0,0.0,1.0,0.5365367048105469,0.5,0.0,1.0,17,0
drift_away,-1,reference_only,0.25,18,0.4,1.0,1.0,0.0,1.0,0.5330597776443173,0.5,0.0,1.0,18,0
drift_away,-1,reference_only,0.25,19,0.4,1.0,1.0,0.0,1.0,0.5299137238445271,0.5,0.0,1.0,19,0
drift_away,-1,reference_only,0.25,20,0.4,1.0,1.0,0.0,1.0,0.5270670566473226,0.5,0.0,1.0,20,0
drift_away,-1,reference_only,0.25,21,0.4,1.0,1.0,0.0,1.0,0.5244912856505963,0.5,0.0,1.0,21,0
drift_away,-1,reference_only,0.25,22,0.4,1.0,1.0,0.0,1.0,0.5221606316724667,0.5,0.0,1.0,22,0
drift_away,-1,reference_only,0.25,23,0.4,1.0,1.0,0.0,1.0,0.5200517687445607,0.5,0.0,1.0,23,0
drift_away,-1,reference_only,0.25,24,0.4,1.0,1.0,0.0,1.0,0.5181435906578825,0.5,0.0,1.0,24,0
drift_away,-1,reference_only,0.25,25,0.4,1.0,1.0,0.0,1.0,0.5164169997247798,0.5,0.0,1.0,25,0
drift_away,-1,reference_only,0.25,26,0.4,1.0,1.0,0.0,1.0,0.5148547156428668,0.5,0.0,1.0,26,0
drift_away,-1,reference_only,0.25,27,0.4,1.0,1.0,0.0,1.0,0.51344110254795,0.5,0.0,1.0,27,0
drift_away,-1,reference_only,0.25,28,0.4,1.0,1.0,0.0,1.0,0.5121620125250437,0.5,0.0,1.0,28,0
drift_away,-1,reference_only,0.25,29,0.4,1.0,1.0,0.0,1.0,0.5110046440112814,0.5,0.0,1.0,29,0
drift_away,-1,reference_only,0.25,30,0.4,1.0,1.0,0.0,1.0,0.5099574136735727,0.5,0.0,1.0,30,0
drift_away,-1,reference_only,0.25,31,0.4,1.0,1.0,0.0,1.0,0.5090098404787116,0.5,0.0,1.0,31,0
drift_away,-1,reference_only,0.25,32,0.4,1.0,1.0,0.0,1.0,0.5081524407956732,0.5,0.0,1.0,32,0
drift_away,-1,reference_only,0.25,33,0.4,1.0,1.0,0.0,1.0,0.5073766334802481,0.5,0.0,1.0,33,0
drift_away,-1,reference_only,0.25,34,0.4,1.0,1.0,0.0,1.0,0.5066746539920652,0.5,0.0,1.0,34,0
drift_away,-1,reference_only,0.25,35,0.4,1.0,1.0,0.0,1.0,0.5060394766844637,0.5,0.0,1.0,35,0
drift_away,-1,reference_only,0.25,36,0.4,1.0,1.0,0.0,1.0,0.5054647444894584,0.5,0.0,1.0,36,0
drift_away,-1,reference_only,0.25,37,0.4,1.0,1.0,0.0,1.0,0.5049447052940679,0.5,0.0,1.0,37,0
drift_away,-1,reference_only,0.25,38,0.4,1.0,1.0,0.0,1.0,0.5044741543712331,0.5,0.0,1.0,38,0
drift_away,-1,reference_only,0.25,39,0.4,1.0,1.0,0.0,1.0,0.5040483822891608,0.5,0.0,1.0,39,0
drift_away,-1,reference_only,0.25,40,0.4,1.0,1.0,0.0,1.0,0.5036631277777468,0.5,0.0,1.0,40,0
drift_away,-1,reference_only,0.25,41,0.4,1.0,1.0,0.0,1.0,0.5033145350803523,0.5,0.0,1.0,41,0
drift_away,-1,reference_only,0.25,42,0.4,1.0,1.0,0.0,1.0,0.5029991153640956,0.5,0.0,1.0,42,0
drift_away,-1,reference_only,0.25,43,0.4,1.0,1.0,0.0,1.0,0.5027137118024402,0.5,0.0,1.0,43,0
drift_away,-1,reference_only,0.25,44,0.4,1.0,1.0,0.0,1.0,0.5024554679806137,0.5,0.0,1.0,44,0
drift_away,-1,reference_only,0.25,45,0.4,1.0,1.0,0.0,1.0,0.5022217993076485,0.5,0.0,1.0,45,0
drift_away,-1,reference_only,0.25,46,0.4,1.0,1.0,0.0,1.0,0.5020103671489267,0.5,0.0,1.0,46,0
drift_away,-1,reference_only,0.25,47,0.4,1.0,1.0,0.0,1.0,0.5018190554203392,0.5,0.0,1.0,47,0
drift_away,-1,reference_only,0.25,48,0.4,1.0,1.0,0.0,1.0,0.501645949409804,0.5,0.0,1.0,48,0
drift_away,-1,reference_only,0.25,49,0.4,1.0,1.0,0.0,1.0,0.5014893166141849,0.5,0.0,1.0,49,0
drift_away,-1,reference_only,0.25,50,0.4,1.0,1.0,0.0,1.0,0.5013475893998172,0.5,0.0,1.0,50,0
drift_away,-1,reference_only,0.25,51,0.4,1.0,1.0,0.0,1.0,0.5012193493131032,0.5,0.0,1.0,51,0
drift_away,-1,reference_only,0.25,52,0.4,1.0,1.0,0.0,1.0,0.5011033128841522,0.5,0.0,1.0,52,0
drift_away,-1,reference_only,0.25,53,0.4,1.0,1.0,0.0,1.0,0.500998318781382,0.5,0.0,1.0,53,0
drift_away,-1,reference_only,0.25,54,0.4,1.0,1.0,0.0,1.0,0.5009033161885226,0.5,0.0,1.0,54,0
drift_away,-1,reference_only,0.25,55,0.4,1.0,1.0,0.0,1.0,0.5008173542876928,0.5,0.0,1.0,55,0
drift_away,-1,reference_only,0.25,56,0.4,1.0,1.0,0.0,1.0,0.5007395727432966,0.5,0.0,1.0,56,0
drift_away,-1,reference_only,0.25,57,0.4,1.0,1.0,0.0,1.0,0.5006691930914943,0.5,0.0,1.0,57,0
drift_away,-1,reference_only,0.25,58,0.4,1.0,1.0,0.0,1.0,0.5006055109490752,0.5,0.0,1.0,58,0
drift_away,-1,reference_only,0.25,59,0.4,1.0,1.0,0.0,1.0,0.5005478889637537,0.5,0.0,1.0,59,0
drift_away,-1,reference_only,0.25,60,0.4,1.0,1.0,0.0,1.0,0.5004957504353333,0.5,0.0,1.0,60,0
drift_away,-1,reference_only,0.25,61,0.4,1.0,1.0,0.0,1.0,0.5004485735438972,0.5,0.0,1.0,61,0
drift_away,-1,reference_only,0.25,62,0.4,1.0,1.0,0.0,1.0,0.5004058861272591,0.5,0.0,1.0,62,0
drift_away,-1,reference_only,0.25,63,0.4,1.0,1.0,0.0,1.0,0.5003672609554057,0.5,0.0,1.0,63,0
drift_away,-1,reference_only,0.25,64,0.4,1.0,1.0,0.0,1.0,0.5003323114546347,0.5,0.0,1.0,64,0
drift_away,-1,reference_only,0.25,65,0.4,1.0,1.0,0.0,1.0,0.5003006878385955,0.5,0.0,1.0,65,0
drift_away,-1,reference_only,0.25,66,0.4,1.0,1.0,0.0,1.0,0.5002720736075096,0.5,0.0,1.0,66,0
drift_away,-1,reference_only,0.25,67,0.4,1.0,1.0,0.0,1.0,0.5002461823805346,0.5,0.0,1.0,67,0
drift_away,-1,reference_only,0.25,68,0.4,1.0,1.0,0.0,1.0,0.500222755029569,0.5,0.0,1.0,68,0
drift_away,-1,reference_only,0.25,69,0.4,1.0,1.0,0.0,1.0,0.5002015570858097,0.5,0.0,1.0,69,0
drift_away,-1,reference_only,0.25,70,0.4,1.0,1.0,0.0,1.0,0.5001823763931109,0.5,0.0,1.0,70,0
drift_away,-1,reference_only,0.25,71,0.4,1.0,1.0,0.0,1.0,0.5001650209846532,0.5,0.0,1.0,71,0
drift_away,-1,reference_only,0.25,72,0.4,1.0,1.0,0.0,1.0,0.5001493171616753,0.5,0.0,1.0,72,0
drift_away,-1,reference_only,0.25,73,0.4,1.0,1.0,0.0,1.0,0.5001351077550388,0.5,0.0,1.0,73,0
drift_away,-1,reference_only,0.25,74,0.4,1.0,1.0,0.0,1.0,0.5001222505522259,0.5,0.0,1.0,74,0
drift_away,-1,reference_only,0.25,75,0.4,1.0,1.0,0.0,1.0,0.5001106168740296,0.5,0.0,1.0,75,0
drift_away,-1,reference_only,0.25,76,0.4,1.0,1.0,0.0,1.0,0.5001000902866881,0.5,0.0,1.0,76,0
drift_away,-1,reference_only,0.25,77,0.4,1.0,1.0,0.0,1.0,0.5000905654365774,0.5,0.0,1.0,77,0
drift_away,-1,reference_only,0.25,78,0.4,1.0,1.0,0.0,1.0,0.500081946995796,0.5,0.0,1.0,78,0
drift_away,-1,reference_only,0.25,79,0.4,1.0,1.0,0.0,1.0,0.5000741487080917,0.5,0.0,1.0,79,0
drift_away,-1,reference_only,0.25,80,0.4,1.0,1.0,0.0,1.0,0.5000670925255806,0.5,0.0,1.0,80,0
drift_away,-1,gated,1.0,1,0.4,1.0,1.0,0.6,0.6619349672143838,0.6619349672143838,1.0,0.0,1.0,0,0
drift_away,-1,gated,1.0,2,0.4,1.0,1.0,0.0,0.3274923012311928,0.3274923012311928,1.0,0.0,1.0,0,0
drift_away,-1,gated,1.0,3,0.4,1.0,1.0,0.0,0.2963272882726872,0.2963272882726872,1.0,0.0,1.0,0,0
drift_away,-1,gated,1.0,4,0.4,1.0,1.0,0.0,0.2681280184142558,0.2681280184142558,1.0,0.0,1.0,0,0
drift_away,-1,gated,1.0,5,0.4,1.0,1.0,0.0,0.24261226388505341,0.24261226388505341,1.0,0.0,1.0,0,0
drift_away,-1,gated,1.0,6,0.4,1.0,1.0,0.0,0.2195246544376106,0.2195246544376106,1.0,0.0,1.0,0,0
drift_away,-1,gated,1.0,7,0.4,1.0,1.0,0.0,0.1986341215165638,0.1986341215165638,1.0,0.0,1.0,0,0
drift_away,-1,gated,1.0,8,0.4,1.0,1.0,0.0,0.17973158564688863,0.17973158564688863,1.0,0.0,1.0,0,0
drift_away,-1,gated,1.0,9,0.4,1.0,1.0,0.0,0.16262786389623962,0.16262786389623962,1.0,0.0,1.0,0,0
drift_away,-1,gated,1.0,10,0.4,1.0,1.0,0.0,0.1471517764685769,0.1471517764685769,1.0,0.0,1.0,0,0
drift_away,-1,gated,1.0,11,0.4,1.0,1.0,0.0,0.1331484334792319,0.1331484334792319,1.0,0.0,1.0,0,0
drift_away,-1,gated,1.0,12,0.4,1.0,1.0,0.0,0.12047768476488085,0.12047768476488085,1.0,0.0,1.0,0,0
drift_away,-1,gated,1.0,13,0.4,1.0,1.0,0.0,0.10901271721360506,0.10901271721360506,1.0,0.0,1.0,0,0
drift_away,-1,gated,1.0,14,0.4,1.0,1.0,0.0,0.09863878557664263,0.09863878557664263,1.0,0.0,1.0,0,0
drift_away,-1,gated,1.0,15,0.4,1.0,1.0,0.0,0.08925206405937192,0.08925206405937192,1.0,0.0,1.0,0,0
drift_away,-1,gated,1.0,16,0.4,1.0,1.0,0.0,0.0807586071978621,0.0807586071978621,1.0,0.0,1.0,0,0
drift_away,-1,gated,1.0,17,0.4,1.0,1.0,0.0,0.07307340962109388,0.07307340962109388,1.0,0.0,1.0,0,0
drift_away,-1,gated,1.0,18,0.4,1.0,1.0,0.0,0.06611955528863467,0.06611955528863467,1.0,0.0,1.0,0,0
drift_away,-1,gated,1.0,19,0.4,1.0,1.0,0.0,0.059827447689054014,0.059827447689054014,1.0,0.0,1.0,0,0
drift_away,-1,gated,1.0,20,0.4,1.0,1.0,0.0,0.054134113294645125,0.054134113294645125,1.0,0.0,1.0,0,0
drift_away,-1,gated,1.0,21,0.4,1.0,1.0,0.0,0.04898257130119277,0.04898257130119277,1.0,0.0,1.0,0,0
drift_away,-1,gated,1.0,22,0.4,1.0,1.0,0.0,0.04432126334493358,0.04432126334493358,1.0,0.0,1.0,0,0
drift_away,-1,gated,1.0,23,0.4,1.0,1.0,0.0,0.040103537489121543,0.040103537489121543,1.0,0.0,1.0,0,0
drift_away,-1,gated,1.0,24,0.4,1.0,1.0,0.0,0.03628718131576503,0.03628718131576503,1.0,0.0,1.0,0,0
drift_away,-1,gated,1.0,25,0.4,1.0,1.0,0.0,0.03283399944955956,0.03283399944955956,1.0,0.0,1.0,0,0
drift_away,-1,gated,1.0,26,0.4,1.0,1.0,0.0,0.029709431285733556,0.029709431285733556,1.0,0.0,1.0,0,0
drift_away,-1,gated,1.0,27,0.4,1.0,1.0,0.0,0.02688220509589989,0.02688220509589989,1.0,0.0,1.0,0,0
drift_away,-1,gated,1.0,28,0.4,1.0,1.0,0.0,0.02432402505008724,0.02432402505008724,1.0,0.0,1.0,0,0
drift_away,-1,gated,1.0,29,0.4,1.0,1.0,0.0,0.022009288022562856,0.022009288022562856,1.0,0.0,1.0,0,0
drift_away,-1,gated,1.0,30,0.4,1.0,1.0,0.0,0.01991482734714556,0.01991482734714556,1.0,0.0,1.0,0,0
drift_away,-1,gated,1.0,31,0.4,1.0,1.0,0.0,0.018019680957423123,0.018019680957423123,1.0,0.0,1.0,0,0
drift_away,-1,gated,1.0,32,0.4,1.0,1.0,0.0,0.016304881591346465,0.016304881591346465,1.0,0.0,1.0,0,0
drift_away,-1,gated,1.0,33,0.4,1.0,1.0,0.0,0.014753266960496059,0.014753266960496059,1.0,0.0,1.0,0,0
drift_away,-1,gated,1.0,34,0.4,1.0,1.0,0.0,0.013349307984130476,0.013349307984130476,1.0,0.0,1.0,0,0
drift_away,-1,gated,1.0,35,0.4,1.0,1.0,0.0,0.012078953368927392,0.012078953368927392,1.0,0.0,1.0,0,0
drift_away,-1,gated,1.0,36,0.4,1.0,1.0,0.0,0.01092948897891699,0.01092948897891699,1.0,0.0,1.0,0,0
drift_away,-1,gated,1.0,37,0.4,1.0,1.0,0.0,0.00988941058813575,0.00988941058813575,1.0,0.0,1.0,0,0
drift_away,-1,gated,1.0,38,0.4,1.0,1.0,0.0,0.008948308742466216,0.008948308742466216,1.0,0.0,1.0,0,0
drift_away,-1,gated,1.0,39,0.4,1.0,1.0,0.0,0.008096764578321758,0.008096764578321758,1.0,0.0,1.0,0,0
drift_away,-1,gated,1.0,40,0.4,1.0,1.0,0.0,0.00732625555549371,0.00732625555549371,1.0,0.0,1.0,0,0
drift_away,-1,gated,1.0,41,0.4,1.0,1.0,0.0,0.006629070160704464,0.006629070160704464,1.0,0.0,1.0,0,0
drift_away,-1,gated,1.0,42,0.4,1.0,1.0,0.0,0.005998230728191056,0.005998230728191056,1.0,0.0,1.0,0,0
drift_away,-1,gated,1.0,43,0.4,1.0,1.0,0.0,0.005427423604880355,0.005427423604880355,1.0,0.0,1.0,0,0
drift_away,-1,gated,1.0,44,0.4,1.0,1.0,0.0,0.004910935961227381,0.004910935961227381,1.0,0.0,1.0,0,0
drift_away,-1,gated,1.0,45,0.4,1.0,1.0,0.0,0.004443598615296973,0.004443598615296973,1.0,0.0,1.0,0,0
drift_away,-1,gated,1.0,46,0.4,1.0,1.0,0.0,0.004020734297853434,0.004020734297853434,1.0,0.0,1.0,0,0
drift_away,-1,gated,1.0,47,0.4,1.0,1.0,0.0,0.0036381108406783325,0.0036381108406783325,1.0,0.0,1.0,0,0
drift_away,-1,gated,1.0,48,0.4,1.0,1.0,0.0,0.003291898819608008,0.003291898819608008,1.0,0.0,1.0,0,0
drift_away,-1,gated,1.0,49,0.4,1.0,1.0,0.0,0.002978633228369776,0.002978633228369776,1.0,0.0,1.0,0,0
drift_away,-1,gated,1.0,50,0.4,1.0,1.0,0.0,0.0026951787996342125,0.0026951787996342125,1.0,0.0,1.0,0,0
drift_away,-1,gated,1.0,51,0.4,1.0,1.0,0.0,0.0024386986262062704,0.0024386986262062704,1.0,0.0,1.0,0,0
drift_away,-1,gated,1.0,52,0.4,1.0,1.0,0.0,0.0022066257683043267,0.0022066257683043267,1.0,0.0,1.0,0,0
drift_away,-1,gated,1.0,53,0.4,1.0,1.0,0.0,0.0019966375627641364,0.0019966375627641364,1.0,0.0,1.0,0,0
drift_away,-1,gated,1.0,54,0.4,1.0,1.0,0.0,0.0018066323770450365,0.0018066323770450365,1.0,0.0,1.0,0,0
drift_away,-1,gated,1.0,55,0.4,1.0,1.0,0.0,0.0016347085753856128,0.0016347085753856128,1.0,0.0,1.0,0,0
drift_away,-1,gated,1.0,56,0.4,1.0,1.0,0.0,0.0014791454865932252,0.0014791454865932252,1.0,0.0,1.0,0,0
drift_away,-1,gated,1.0,57,0.4,1.0,1.0,0.0,0.001338386182988538,0.001338386182988538,1.0,0.0,1.0,0,0
drift_away,-1,gated,1.0,58,0.4,1.0,1.0,0.0,0.0012110218981503662,0.0012110218981503662,1.0,0.0,1.0,0,0
drift_away,-1,gated,1.0,59,0.4,1.0,1.0,0.0,0.0010957779275073687,0.0010957779275073687,1.0,0.0,1.0,0,0
drift_away,-1,gated,1.0,60,0.4,1.0,1.0,0.0,0.0009915008706665729,0.0009915008706665729,1.0,0.0,1.0,0,0
drift_away,-1,gated,1.0,61,0.4,1.0,1.0,0.0,0.0008971470877943144,0.0008971470877943144,1.0,0.0,1.0,0,0
drift_away,-1,gated,1.0,62,0.4,1.0,1.0,0.0,0.0008117722545183392,0.0008117722545183392,1.0,0.0,1.0,0,0
drift_away,-1,gated,1.0,63,0.4,1.0,1.0,0.0,0.0007345219108115808,0.0007345219108115808,1.0,0.0,1.0,0,0
drift_away,-1,gated,1.0,64,0.4,1.0,1.0,0.0,0.0006646229092696077,0.0006646229092696077,1.0,0.0,1.0,0,0
drift_away,-1,gated,1.0,65,0.4,1.0,1.0,0.0,0.0006013756771909851,0.0006013756771909851,1.0,0.0,1.0,0,0
drift_away,-1,gated,1.0,66,0.4,1.0,1.0,0.0,0.000544147215019164,0.000544147215019164,1.0,0.0,1.0,0,0
drift_away,-1,gated,1.0,67,0.4,1.0,1.0,0.0,0.0004923647610693971,0.0004923647610693971,1.0,0.0,1.0,0,0
drift_away,-1,gated,1.0,68,0.4,1.0,1.0,0.0,0.0004455100591379546,0.0004455100591379546,1.0,0.0,1.0,0,0
drift_away,-1,gated,1.0,69,0.4,1.0,1.0,0.0,0.0004031141716194231,0.0004031141716194231,1.0,0.0,1.0,0,0
drift_away,-1,gated,1.0,70,0.4,1.0,1.0,0.0,0.0003647527862218336,0.0003647527862218336,1.0,0.0,1.0,0,0
drift_away,-1,gated,1.0,71,0.4,1.0,1.0,0.0,0.00033004196930641605,0.00033004196930641605,1.0,0.0,1.0,0,0
drift_away,-1,gated,1.0,72,0.4,1.0,1.0,0.0,0.0002986343233506439,0.0002986343233506439,1.0,0.0,1.0,0,0
drift_away,-1,gated,1.0,73,0.4,1.0,1.0,0.0,0.00027021551007755384,0.00027021551007755384,1.0,0.0,1.0,0,0
drift_away,-1,gated,1.0,74,0.4,1.0,1.0,0.0,0.00024450110445184414,0.00024450110445184414,1.0,0.0,1.0,0,0
drift_away,-1,gated,1.0,75,0.4,1.0,1.0,0.0,0.00022123374805915752,0.00022123374805915752,1.0,0.0,1.0,0,0
drift_away,-1,gated,1.0,76,0.4,1.0,1.0,0.0,0.00020018057337622963,0.00020018057337622963,1.0,0.0,1.0,0,0
drift_away,-1,gated,1.0,77,0.4,1.0,1.0,0.0,0.00018113087315474452,0.00018113087315474452,1.0,0.0,1.0,0,0
drift_away,-1,gated,1.0,78,0.4,1.0,1.0,0.0,0.00016389399159189022,0.00016389399159189022,1.0,0.0,1.0,0,0
drift_away,-1,gated,1.0,79,0.4,1.0,1.0,0.0,0.00014829741618360703,0.00014829741618360703,1.0,0.0,1.0,0,0
drift_away,-1,gated,1.0,80,0.4,1.0,1.0,0.0,0.00013418505116102875,0.00013418505116102875,1.0,0.0,1.0,0,0
drift_away,-1,accept_all,1.0,1,0.4,1.0,1.0,0.6,0.6619349672143838,0.6619349672143838,1.0,0.0,1.0,0,0
drift_away,-1,accept_all,1.0,2,0.4,1.0,1.0,0.0,0.3274923012311928,0.3274923012311928,1.0,0.0,1.0,0,0
drift_away,-1,accept_all,1.0,3,0.4,1.0,1.0,0.0,0.2963272882726872,0.2963272882726872,1.0,0.0,1.0,0,0
drift_away,-1,accept_all,1.0,4,0.4,1.0,1.0,0.0,0.2681280184142558,0.2681280184142558,1.0,0.0,1.0,0,0
drift_away,-1,accept_all,1.0,5,0.4,1.0,1.0,0.0,0.24261226388505341,0.24261226388505341,1.0,0.0,1.0,0,0
drift_away,-1,accept_all,1.0,6,0.4,1.0,1.0,0.0,0.2195246544376106,0.2195246544376106,1.0,0.0,1.0,0,0
drift_away,-1,accept_all,1.0,7,0.4,1.0,1.0,0.0,0.1986341215165638,0.1986341215165638,1.0,0.0,1.0,0,0
drift_away,-1,accept_all,1.0,8,0.4,1.0,1.0,0.0,0.17973158564688863,0.17973158564688863,1.0,0.0,1.0,0,0
drift_away,-1,accept_all,1.0,9,0.4,1.0,1.0,0.0,0.16262786389623962,0.16262786389623962,1.0,0.0,1.0,0,0
drift_away,-1,accept_all,1.0,10,0.4,1.0,1.0,0.0,0.1471517764685769,0.1471517764685769,1.0,0.0,1.0,0,0
drift_away,-1,accept_all,1.0,11,0.4,1.0,1.0,0.0,0.1331484334792319,0.1331484334792319,1.0,0.0,1.0,0,0
drift_away,-1,accept_all,1.0,12,0.4,1.0,1.0,0.0,0.12047768476488085,0.12047768476488085,1.0,0.0,1.0,0,0
drift_away,-1,accept_all,1.0,13,0.4,1.0,1.0,0.0,0.10901271721360506,0.10901271721360506,1.0,0.0,1.0,0,0
drift_away,-1,accept_all,1.0,14,0.4,1.0,1.0,0.0,0.09863878557664263,0.09863878557664263,1.0,0.0,1.0,0,0
drift_away,-1,accept_all,1.0,15,0.4,1.0,1.0,0.0,0.08925206405937192,0.08925206405937192,1.0,0.0,1.0,0,0
drift_away,-1,accept_all,1.0,16,0.4,1.0,1.0,0.0,0.0807586071978621,0.0807586071978621,1.0,0.0,1.0,0,0
drift_away,-1,accept_all,1.0,17,0.4,1.0,1.0,0.0,0.07307340962109388,0.07307340962109388,1.0,0.0,1.0,0,0
drift_away,-1,accept_all,1.0,18,0.4,1.0,1.0,0.0,0.06611955528863467,0.06611955528863467,1.0,0.0,1.0,0,0
drift_away,-1,accept_all,1.0,19,0.4,1.0,1.0,0.0,0.059827447689054014,0.059827447689054014,1.0,0.0,1.0,0,0
drift_away,-1,accept_all,1.0,20,0.4,1.0,1.0,0.0,0.054134113294645125,0.054134113294645125,1.0,0.0,1.0,0,0
drift_away,-1,accept_all,1.0,21,0.4,1.0,1.0,0.0,0.04898257130119277,0.04898257130119277,1.0,0.0,1.0,0,0
drift_away,-1,accept_all,1.0,22,0.4,1.0,1.0,0.0,0.04432126334493358,0.04432126334493358,1.0,0.0,1.0,0,0
drift_away,-1,accept_all,1.0,23,0.4,1.0,1.0,0.0,0.040103537489121543,0.040103537489121543,1.0,0.0,1.0,0,0
drift_away,-1,accept_all,1.0,24,0.4,1.0,1.0,0.0,0.03628718131576503,0.03628718131576503,1.0,0.0,1.0,0,0
drift_away,-1,accept_all,1.0,25,0.4,1.0,1.0,0.0,0.03283399944955956,0.03283399944955956,1.0,0.0,1.0,0,0
drift_away,-1,accept_all,1.0,26,0.4,1.0,1.0,0.0,0.029709431285733556,0.029709431285733556,1.0,0.0,1.0,0,0
drift_away,-1,accept_all,1.0,27,0.4,1.0,1.0,0.0,0.02688220509589989,0.02688220509589989,1.0,0.0,1.0,0,0
drift_away,-1,accept_all,1.0,28,0.4,1.0,1.0,0.0,0.02432402505008724,0.02432402505008724,1.0,0.0,1.0,0,0
drift_away,-1,accept_all,1.0,29,0.4,1.0,1.0,0.0,0.022009288022562856,0.022009288022562856,1.0,0.0,1.0,0,0
drift_away,-1,accept_all,1.0,30,0.4,1.0,1.0,0.0,0.01991482734714556,0.01991482734714556,1.0,0.0,1.0,0,0
drift_away,-1,accept_all,1.0,31,0.4,1.0,1.0,0.0,0.018019680957423123,0.018019680957423123,1.0,0.0,1.0,0,0
drift_away,-1,accept_all,1.0,32,0.4,1.0,1.0,0.0,0.016304881591346465,0.016304881591346465,1.0,0.0,1.0,0,0
drift_away,-1,accept_all,1.0,33,0.4,1.0,1.0,0.0,0.014753266960496059,0.014753266960496059,1.0,0.0,1.0,0,0
drift_away,-1,accept_all,1.0,34,0.4,1.0,1.0,0.0,0.013349307984130476,0.013349307984130476,1.0,0.0,1.0,0,0
drift_away,-1,accept_all,1.0,35,0.4,1.0,1.0,0.0,0.012078953368927392,0.012078953368927392,1.0,0.0,1.0,0,0
drift_away,-1,accept_all,1.0,36,0.4,1.0,1.0,0.0,0.01092948897891699,0.01092948897891699,1.0,0.0,1.0,0,0
drift_away,-1,accept_all,1.0,37,0.4,1.0,1.0,0.0,0.00988941058813575,0.00988941058813575,1.0,0.0,1.0,0,0
drift_away,-1,accept_all,1.0,38,0.4,1.0,1.0,0.0,0.008948308742466216,0.008948308742466216,1.0,0.0,1.0,0,0
drift_away,-1,accept_all,1.0,39,0.4,1.0,1.0,0.0,0.008096764578321758,0.008096764578321758,1.0,0.0,1.0,0,0
drift_away,-1,accept_all,1.0,40,0.4,1.0,1.0,0.0,0.00732625555549371,0.00732625555549371,1.0,0.0,1.0,0,0
drift_away,-1,accept_all,1.0,41,0.4,1.0,1.0,0.0,0.006629070160704464,0.006629070160704464,1.0,0.0,1.0,0,0
drift_away,-1,accept_all,1.0,42,0.4,1.0,1.0,0.0,0.005998230728191056,0.005998230728191056,1.0,0.0,1.0,0,0
drift_away,-1,accept_all,1.0,43,0.4,1.0,1.0,0.0,0.005427423604880355,0.005427423604880355,1.0,0.0,1.0,0,0
drift_away,-1,accept_all,1.0,44,0.4,1.0,1.0,0.0,0.004910935961227381,0.004910935961227381,1.0,0.0,1.0,0,0
drift_away,-1,accept_all,1.0,45,0.4,1.0,1.0,0.0,0.004443598615296973,0.004443598615296973,1.0,0.0,1.0,0,0
drift_away,-1,accept_all,1.0,46,0.4,1.0,1.0,0.0,0.004020734297853434,0.004020734297853434,1.0,0.0,1.0,0,0
drift_away,-1,accept_all,1.0,47,0.4,1.0,1.0,0.0,0.0036381108406783325,0.0036381108406783325,1.0,0.0,1.0,0,0
drift_away,-1,accept_all,1.0,48,0.4,1.0,1.0,0.0,0.003291898819608008,0.003291898819608008,1.0,0.0,1.0,0,0
drift_away,-1,accept_all,1.0,49,0.4,1.0,1.0,0.0,0.002978633228369776,0.002978633228369776,1.0,0.0,1.0,0,0
drift_away,-1,accept_all,1.0,50,0.4,1.0,1.0,0.0,0.0026951787996342125,0.0026951787996342125,1.0,0.0,1.0,0,0
drift_away,-1,accept_all,1.0,51,0.4,1.0,1.0,0.0,0.0024386986262062704,0.0024386986262062704,1.0,0.0,1.0,0,0
drift_away,-1,accept_all,1.0,52,0.4,1.0,1.0,0.0,0.0022066257683043267,0.0022066257683043267,1.0,0.0,1.0,0,0
drift_away,-1,accept_all,1.0,53,0.4,1.0,1.0,0.0,0.0019966375627641364,0.0019966375627641364,1.0,0.0,1.0,0,0
drift_away,-1,accept_all,1.0,54,0.4,1.0,1.0,0.0,0.0018066323770450365,0.0018066323770450365,1.0,0.0,1.0,0,0
drift_away,-1,accept_all,1.0,55,0.4,1.0,1.0,0.0,0.0016347085753856128,0.0016347085753856128,1.0,0.0,1.0,0,0
drift_away,-1,accept_all,1.0,56,0.4,1.0,1.0,0.0,0.0014791454865932252,0.0014791454865932252,1.0,0.0,1.0,0,0
drift_away,-1,accept_all,1.0,57,0.4,1.0,1.0,0.0,0.001338386182988538,0.001338386182988538,1.0,0.0,1.0,0,0
drift_away,-1,accept_all,1.0,58,0.4,1.0,1.0,0.0,0.0012110218981503662,0.0012110218981503662,1.0,0.0,1.0,0,0
drift_away,-1,accept_all,1.0,59,0.4,1.0,1.0,0.0,0.0010957779275073687,0.0010957779275073687,1.0,0.0,1.0,0,0
drift_away,-1,accept_all,1.0,60,0.4,1.0,1.0,0.0,0.0009915008706665729,0.0009915008706665729,1.0,0.0,1.0,0,0
drift_away,-1,accept_all,1.0,61,0.4,1.0,1.0,0.0,0.0008971470877943144,0.0008971470877943144,1.0,0.0,1.0,0,0
drift_away,-1,accept_all,1.0,62,0.4,1.0,1.0,0.0,0.0008117722545183392,0.0008117722545183392,1.0,0.0,1.0,0,0
drift_away,-1,accept_all,1.0,63,0.4,1.0,1.0,0.0,0.0007345219108115808,0.0007345219108115808,1.0,0.0,1.0,0,0
drift_away,-1,accept_all,1.0,64,0.4,1.0,1.0,0.0,0.0006646229092696077,0.0006646229092696077,1.0,0.0,1.0,0,0
drift_away,-1,accept_all,1.0,65,0.4,1.0,1.0,0.0,0.0006013756771909851,0.0006013756771909851,1.0,0.0,1.0,0,0
drift_away,-1,accept_all,1.0,66,0.4,1.0,1.0,0.0,0.000544147215019164,0.000544147215019164,1.0,0.0,1.0,0,0
drift_away,-1,accept_all,1.0,67,0.4,1.0,1.0,0.0,0.0004923647610693971,0.0004923647610693971,1.0,0.0,1.0,0,0
drift_away,-1,accept_all,1.0,68,0.4,1.0,1.0,0.0,0.0004455100591379546,0.0004455100591379546,1.0,0.0,1.0,0,0
drift_away,-1,accept_all,1.0,69,0.4,1.0,1.0,0.0,0.0004031141716194231,0.0004031141716194231,1.0,0.0,1.0,0,0
drift_away,-1,accept_all,1.0,70,0.4,1.0,1.0,0.0,0.0003647527862218336,0.0003647527862218336,1.0,0.0,1.0,0,0
drift_away,-1,accept_all,1.0,71,0.4,1.0,1.0,0.0,0.00033004196930641605,0.00033004196930641605,1.0,0.0,1.0,0,0
drift_away,-1,accept_all,1.0,72,0.4,1.0,1.0,0.0,0.0002986343233506439,0.0002986343233506439,1.0,0.0,1.0,0,0
drift_away,-1,accept_all,1.0,73,0.4,1.0,1.0,0.0,0.00027021551007755384,0.00027021551007755384,1.0,0.0,1.0,0,0
drift_away,-1,accept_all,1.0,74,0.4,1.0,1.0,0.0,0.00024450110445184414,0.00024450110445184414,1.0,0.0,1.0,0,0
drift_away,-1,accept_all,1.0,75,0.4,1.0,1.0,0.0,0.00022123374805915752,0.00022123374805915752,1.0,0.0,1.0,0,0
drift_away,-1,accept_all,1.0,76,0.4,1.0,1.0,0.0,0.00020018057337622963,0.00020018057337622963,1.0,0.0,1.0,0,0
drift_away,-1,accept_all,1.0,77,0.4,1.0,1.0,0.0,0.00018113087315474452,0.00018113087315474452,1.0,0.0,1.0,0,0
drift_away,-1,accept_all,1.0,78,0.4,1.0,1.0,0.0,0.00016389399159189022,0.00016389399159189022,1.0,0.0,1.0,0,0
drift_away,-1,accept_all,1.0,79,0.4,1.0,1.0,0.0,0.00014829741618360703,0.00014829741618360703,1.0,0.0,1.0,0,0
drift_away,-1,accept_all,1.0,80,0.4,1.0,1.0,0.0,0.00013418505116102875,0.00013418505116102875,1.0,0.0,1.0,0,0
drift_away,-1,reference_only,1.0,1,0.4,1.0,1.0,0.6,0.4,0.680967483607192,0.5,0.0,1.0,1,0
drift_away,-1,reference_only,1.0,2,0.4,1.0,1.0,0.0,1.0,0.6637461506155964,0.5,0.0,1.0,2,0
drift_away,-1,reference_only,1.0,3,0.4,1.0,1.0,0.0,1.0,0.6481636441363436,0.5,0.0,1.0,3,0
drift_away,-1,reference_only,1.0,4,0.4,1.0,1.0,0.0,1.0,0.6340640092071279,0.5,0.0,1.0,4,0
drift_away,-1,reference_only,1.0,5,0.4,1.0,1.0,0.0,1.0,0.6213061319425267,0.5,0.0,1.0,5,0
drift_away,-1,reference_only,1.0,6,0.4,1.0,1.0,0.0,1.0,0.6097623272188053,0.5,0.0,1.0,6,0
drift_away,-1,reference_only,1.0,7,0.4,1.0,1.0,0.0,1.0,0.5993170607582818,0.5,0.0,1.0,7,0
drift_away,-1,reference_only,1.0,8,0.4,1.0,1.0,0.0,1.0,0.5898657928234443,0.5,0.0,1.0,8,0
drift_away,-1,reference_only,1.0,9,0.4,1.0,1.0,0.0,1.0,0.5813139319481198,0.5,0.0,1.0,9,0
drift_away,-1,reference_only,1.0,10,0.4,1.0,1.0,0.0,1.0,0.5735758882342885,0.5,0.0,1.0,10,0
drift_away,-1,reference_only,1.0,11,0.4,1.0,1.0,0.0,1.0,0.5665742167396159,0.5,0.0,1.0,11,0
drift_away,-1,reference_only,1.0,12,0.4,1.0,1.0,0.0,1.0,0.5602388423824405,0.5,0.0,1.0,12,0
drift_away,-1,reference_only,1.0,13,0.4,1.0,1.0,0.0,1.0,0.5545063586068025,0.5,0.0,1.0,13,0
drift_away,-1,reference_only,1.0,14,0.4,1.0,1.0,0.0,1.0,0.5493193927883213,0.5,0.0,1.0,14,0
drift_away,-1,reference_only,1.0,15,0.4,1.0,1.0,0.0,1.0,0.544626032029686,0.5,0.0,1.0,15,0
drift_away,-1,reference_only,1.0,16,0.4,1.0,1.0,0.0,1.0,0.540379303598931,0.5,0.0,1.0,16,0
drift_away,-1,reference_only,1.0,17,0.4,1.0,1.0,0.0,1.0,0.5365367048105469,0.5,0.0,1.0,17,0
drift_away,-1,reference_only,1.0,18,0.4,1.0,1.0,0.0,1.0,0.5330597776443173,0.5,0.0,1.0,18,0
drift_away,-1,reference_only,1.0,19,0.4,1.0,1.0,0.0,1.0,0.5299137238445271,0.5,0.0,1.0,19,0
drift_away,-1,reference_only,1.0,20,0.4,1.0,1.0,0.0,1.0,0.5270670566473226,0.5,0.0,1.0,20,0
drift_away,-1,reference_only,1.0,21,0.4,1.0,1.0,0.0,1.0,0.5244912856505963,0.5,0.0,1.0,21,0
drift_away,-1,reference_only,1.0,22,0.4,1.0,1.0,0.0,1.0,0.5221606316724667,0.5,0.0,1.0,22,0
drift_away,-1,reference_only,1.0,23,0.4,1.0,1.0,0.0,1.0,0.5200517687445607,0.5,0.0,1.0,23,0
drift_away,-1,reference_only,1.0,24,0.4,1.0,1.0,0.0,1.0,0.5181435906578825,0.5,0.0,1.0,24,0
drift_away,-1,reference_only,1.0,25,0.4,1.0,1.0,0.0,1.0,0.5164169997247798,0.5,0.0,1.0,25,0
drift_away,-1,reference_only,1.0,26,0.4,1.0,1.0,0.0,1.0,0.5148547156428668,0.5,0.0,1.0,26,0
drift_away,-1,reference_only,1.0,27,0.4,1.0,1.0,0.0,1.0,0.51344110254795,0.5,0.0,1.0,27,0
drift_away,-1,reference_only,1.0,28,0.4,1.0,1.0,0.0,1.0,0.5121620125250437,0.5,0.0,1.0,28,0
drift_away,-1,reference_only,1.0,29,0.4,1.0,1.0,0.0,1.0,0.5110046440112814,0.5,0.0,1.0,29,0
drift_away,-1,reference_only,1.0,30,0.4,1.0,1.0,0.0,1.0,0.5099574136735727,0.5,0.0,1.0,30,0
drift_away,-1,reference_only,1.0,31,0.4,1.0,1.0,0.0,1.0,0.5090098404787116,0.5,0.0,1.0,31,0
drift_away,-1,reference_only,1.0,32,0.4,1.0,1.0,0.0,1.0,0.5081524407956732,0.5,0.0,1.0,32,0
drift_away,-1,reference_only,1.0,33,0.4,1.0,1.0,0.0,1.0,0.5073766334802481,0.5,0.0,1.0,33,0
drift_away,-1,reference_only,1.0,34,0.4,1.0,1.0,0.0,1.0,0.5066746539920652,0.5,0.0,1.0,34,0
drift_away,-1,reference_only,1.0,35,0.4,1.0,1.0,0.0,1.0,0.5060394766844637,0.5,0.0,1.0,35,0
drift_away,-1,reference_only,1.0,36,0.4,1.0,1.0,0.0,1.0,0.5054647444894584,0.5,0.0,1.0,36,0
drift_away,-1,reference_only,1.0,37,0.4,1.0,1.0,0.0,1.0,0.5049447052940679,0.5,0.0,1.0,37,0
drift_away,-1,reference_only,1.0,38,0.4,1.0,1.0,0.0,1.0,0.5044741543712331,0.5,0.0,1.0,38,0
drift_away,-1,reference_only,1.0,39,0.4,1.0,1.0,0.0,1.0,0.5040483822891608,0.5,0.0,1.0,39,0
drift_away,-1,reference_only,1.0,40,0.4,1.0,1.0,0.0,1.0,0.5036631277777468,0.5,0.0,1.0,40,0
drift_away,-1,reference_only,1.0,41,0.4,1.0,1.0,0.0,1.0,0.5033145350803523,0.5,0.0,1.0,41,0
drift_away,-1,reference_only,1.0,42,0.4,1.0,1.0,0.0,1.0,0.5029991153640956,0.5,0.0,1.0,42,0
drift_away,-1,reference_only,1.0,43,0.4,1.0,1.0,0.0,1.0,0.5027137118024402,0.5,0.0,1.0,43,0
drift_away,-1,reference_only,1.0,44,0.4,1.0,1.0,0.0,1.0,0.5024554679806137,0.5,0.0,1.0,44,0
drift_away,-1,reference_only,1.0,45,0.4,1.0,1.0,0.0,1.0,0.5022217993076485,0.5,0.0,1.0,45,0
drift_away,-1,reference_only,1.0,46,0.4,1.0,1.0,0.0,1.0,0.5020103671489267,0.5,0.0,1.0,46,0
drift_away,-1,reference_only,1.0,47,0.4,1.0,1.0,0.0,1.0,0.5018190554203392,0.5,0.0,1.0,47,0
drift_away,-1,reference_only,1.0,48,0.4,1.0,1.0,0.0,1.0,0.501645949409804,0.5,0.0,1.0,48,0
drift_away,-1,reference_only,1.0,49,0.4,1.0,1.0,0.0,1.0,0.5014893166141849,0.5,0.0,1.0,49,0
drift_away,-1,reference_only,1.0,50,0.4,1.0,1.0,0.0,1.0,0.5013475893998172,0.5,0.0,1.0,50,0
drift_away,-1,reference_only,1.0,51,0.4,1.0,1.0,0.0,1.0,0.5012193493131032,0.5,0.0,1.0,51,0
drift_away,-1,reference_only,1.0,52,0.4,1.0,1.0,0.0,1.0,0.5011033128841522,0.5,0.0,1.0,52,0
drift_away,-1,reference_only,1.0,53,0.4,1.0,1.0,0.0,1.0,0.500998318781382,0.5,0.0,1.0,53,0
drift_away,-1,reference_only,1.0,54,0.4,1.0,1.0,0.0,1.0,0.5009033161885226,0.5,0.0,1.0,54,0
drift_away,-1,reference_only,1.0,55,0.4,1.0,1.0,0.0,1.0,0.5008173542876928,0.5,0.0,1.0,55,0
drift_away,-1,reference_only,1.0,56,0.4,1.0,1.0,0.0,1.0,0.5007395727432966,0.5,0.0,1.0,56,0
drift_away,-1,reference_only,1.0,57,0.4,1.0,1.0,0.0,1.0,0.5006691930914943,0.5,0.0,1.0,57,0
drift_away,-1,reference_only,1.0,58,0.4,1.0,1.0,0.0,1.0,0.5006055109490752,0.5,0.0,1.0,58,0
drift_away,-1,reference_only,1.0,59,0.4,1.0,1.0,0.0,1.0,0.5005478889637537,0.5,0.0,1.0,59,0
drift_away,-1,reference_only,1.0,60,0.4,1.0,1.0,0.0,1.0,0.5004957504353333,0.5,0.0,1.0,60,0
drift_away,-1,reference_only,1.0,61,0.4,1.0,1.0,0.0,1.0,0.5004485735438972,0.5,0.0,1.0,61,0
drift_away,-1,reference_only,1.0,62,0.4,1.0,1.0,0.0,1.0,0.5004058861272591,0.5,0.0,1.0,62,0
drift_away,-1,reference_only,1.0,63,0.4,1.0,1.0,0.0,1.0,0.5003672609554057,0.5,0.0,1.0,63,0
drift_away,-1,reference_only,1.0,64,0.4,1.0,1.0,0.0,1.0,0.5003323114546347,0.5,0.0,1.0,64,0
drift_away,-1,reference_only,1.0,65,0.4,1.0,1.0,0.0,1.0,0.5003006878385955,0.5,0.0,1.0,65,0
drift_away,-1,reference_only,1.0,66,0.4,1.0,1.0,0.0,1.0,0.5002720736075096,0.5,0.0,1.0,66,0
drift_away,-1,reference_only,1.0,67,0.4,1.0,1.0,0.0,1.0,0.5002461823805346,0.5,0.0,1.0,67,0
drift_away,-1,reference_only,1.0,68,0.4,1.0,1.0,0.0,1.0,0.500222755029569,0.5,0.0,1.0,68,0
drift_away,-1,reference_only,1.0,69,0.4,1.0,1.0,0.0,1.0,0.5002015570858097,0.5,0.0,1.0,69,0
drift_away,-1,reference_only,1.0,70,0.4,1.0,1.0,0.0,1.0,0.5001823763931109,0.5,0.0,1.0,70,0
drift_away,-1,reference_only,1.0,71,0.4,1.0,1.0,0.0,1.0,0.5001650209846532,0.5,0.0,1.0,71,0
drift_away,-1,reference_only,1.0,72,0.4,1.0,1.0,0.0,1.0,0.5001493171616753,0.5,0.0,1.0,72,0
drift_away,-1,reference_only,1.0,73,0.4,1.0,1.0,0.0,1.0,0.5001351077550388,0.5,0.0,1.0,73,0
drift_away,-1,reference_only,1.0,74,0.4,1.0,1.0,0.0,1.0,0.5001222505522259,0.5,0.0,1.0,74,0
drift_away,-1,reference_only,1.0,75,0.4,1.0,1.0,0.0,1.0,0.5001106168740296,0.5,0.0,1.0,75,0
drift_away,-1,reference_only,1.0,76,0.4,1.0,1.0,0.0,1.0,0.5001000902866881,0.5,0.0,1.0,76,0
drift_away,-1,reference_only,1.0,77,0.4,1.0,1.0,0.0,1.0,0.5000905654365774,0.5,0.0,1.0,77,0
drift_away,-1,reference_only,1.0,78,0.4,1.0,1.0,0.0,1.0,0.500081946995796,0.5,0.0,1.0,78,0
drift_away,-1,reference_only,1.0,79,0.4,1.0,1.0,0.0,1.0,0.5000741487080917,0.5,0.0,1.0,79,0
drift_away,-1,reference_only,1.0,80,0.4,1.0,1.0,0.0,1.0,0.5000670925255806,0.5,0.0,1.0,80,0
oscillation,-1,gated,0.0,1,0.5,0.5,0.5,0.0,,0.95,0.0,0.0,,1,0
oscillation,-1,gated,0.0,2,0.5,0.5,0.5,0.0,,0.95,0.0,0.0,,2,0
oscillation,-1,gated,0.0,3,0.5,0.5,0.5,0.0,,0.95,0.0,0.0,,3,0
oscillation,-1,gated,0.0,4,0.5,0.5,0.5,0.0,,0.95,0.0,0.0,,4,0
oscillation,-1,gated,0.0,5,0.5,0.5,0.5,0.0,,0.95,0.0,0.0,,5,0
oscillation,-1,gated,0.0,6,0.5,0.5,0.5,0.0,,0.95,0.0,0.0,,6,0
oscillation,-1,gated,0.0,7,0.5,0.5,0.5,0.0,,0.95,0.0,0.0,,7,0
oscillation,-1,gated,0.0,8,0.5,0.5,0.5,0.0,,0.95,0.0,0.0,,8,0
oscillation,-1,gated,0.0,9,0.5,0.5,0.5,0.0,,0.95,0.0,0.0,,9,0
oscillation,-1,gated,0.0,10,0.5,0.5,0.5,0.0,,0.95,0.0,0.0,,10,0
oscillation,-1,gated,0.0,11,0.5,0.5,0.5,0.0,,0.95,0.0,0.0,,11,0
oscillation,-1,gated,0.0,12,0.5,0.5,0.5,0.0,,0.95,0.0,0.0,,12,0
oscillation,-1,gated,0.0,13,0.5,0.5,0.5,0.0,,0.95,0.0,0.0,,13,0
oscillation,-1,gated,0.0,14,0.5,0.5,0.5,0.0,,0.95,0.0,0.0,,14,0
oscillation,-1,gated,0.0,15,0.5,0.5,0.5,0.0,,0.95,0.0,0.0,,15,0
oscillation,-1,gated,0.0,16,0.5,0.5,0.5,0.0,,0.95,0.0,0.0,,16,0
oscillation,-1,gated,0.0,17,0.5,0.5,0.5,0.0,,0.95,0.0,0.0,,17,0
oscillation,-1,gated,0.0,18,0.5,0.5,0.5,0.0,,0.95,0.0,0.0,,18,0
oscillation,-1,gated,0.0,19,0.5,0.5,0.5,0.0,,0.95,0.0,0.0,,19,0
oscillation,-1,gated,0.0,20,0.5,0.5,0.5,0.0,,0.95,0.0,0.0,,20,0
oscillation,-1,gated,0.0,21,0.5,0.5,0.5,0.0,,0.95,0.0,0.0,,21,0
oscillation,-1,gated,0.0,22,0.5,0.5,0.5,0.0,,0.95,0.0,0.0,,22,0
oscillation,-1,gated,0.0,23,0.5,0.5,0.5,0.0,,0.95,0.0,0.0,,23,0
oscillation,-1,gated,0.0,24,0.5,0.5,0.5,0.0,,0.95,0.0,0.0,,24,0
oscillation,-1,gated,0.0,25,0.5,0.5,0.5,0.0,,0.95,0.0,0.0,,25,0
oscillation,-1,gated,0.0,26,0.5,0.5,0.5,0.0,,0.95,0.0,0.0,,26,0
oscillation,-1,gated,0.0,27,0.5,0.5,0.5,0.0,,0.95,0.0,0.0,,27,0
oscillation,-1,gated,0.0,28,0.5,0.5,0.5,0.0,,0.95,0.0,0.0,,28,0
oscillation,-1,gated,0.0,29,0.5,0.5,0.5,0.0,,0.95,0.0,0.0,,29,0
oscillation,-1,gated,0.0,30,0.5,0.5,0.5,0.0,,0.95,0.0,0.0,,30,0
oscillation,-1,gated,0.0,31,0.5,0.5,0.5,0.0,,0.95,0.0,0.0,,31,0
oscillation,-1,gated,0.0,32,0.5,0.5,0.5,0.0,,0.95,0.0,0.0,,32,0
oscillation,-1,gated,0.0,33,0.5,0.5,0.5,0.0,,0.95,0.0,0.0,,33,0
oscillation,-1,gated,0.0,34,0.5,0.5,0.5,0.0,,0.95,0.0,0.0,,34,0
oscillation,-1,gated,0.0,35,0.5,0.5,0.5,0.0,,0.95,0.0,0.0,,35,0
oscillation,-1,gated,0.0,36,0.5,0.5,0.5,0.0,,0.95,0.0,0.0,,36,0
oscillation,-1,gated,0.0,37,0.5,0.5,0.5,0.0,,0.95,0.0,0.0,,37,0
oscillation,-1,gated,0.0,38,0.5,0.5,0.5,0.0,,0.95,0.0,0.0,,38,0
oscillation,-1,gated,0.0,39,0.5,0.5,0.5,0.0,,0.95,0.0,0.0,,39,0
oscillation,-1,gated,0.0,40,0.5,0.5,0.5,0.0,,0.95,0.0,0.0,,40,0
oscillation,-1,gated,0.0,41,0.5,0.5,0.5,0.0,,0.95,0.0,0.0,,41,0
oscillation,-1,gated,0.0,42,0.5,0.5,0.5,0.0,,0.95,0.0,0.0,,42,0
oscillation,-1,gated,0.0,43,0.5,0.5,0.5,0.0,,0.95,0.0,0.0,,43,0
oscillation,-1,gated,0.0,44,0.5,0.5,0.5,0.0,,0.95,0.0,0.0,,44,0
oscillation,-1,gated,0.0,45,0.5,0.5,0.5,0.0,,0.95,0.0,0.0,,45,0
oscillation,-1,gated,0.0,46,0.5,0.5,0.5,0.0,,0.95,0.0,0.0,,46,0
oscillation,-1,gated,0.0,47,0.5,0.5,0.5,0.0,,0.95,0.0,0.0,,47,0
oscillation,-1,gated,0.0,48,0.5,0.5,0.5,0.0,,0.95,0.0,0.0,,48,0
oscillation,-1,gated,0.0,49,0.5,0.5,0.5,0.0,,0.95,0.0,0.0,,49,0
oscillation,-1,gated,0.0,50,0.5,0.5,0.5,0.0,,0.95,0.0,0.0,,50,0
oscillation,-1,gated,0.0,51,0.5,0.5,0.5,0.0,,0.95,0.0,0.0,,51,0
oscillation,-1,gated,0.0,52,0.5,0.5,0.5,0.0,,0.95,0.0,0.0,,52,0
oscillation,-1,gated,0.0,53,0.5,0.5,0.5,0.0,,0.95,0.0,0.0,,53,0
oscillation,-1,gated,0.0,54,0.5,0.5,0.5,0.0,,0.95,0.0,0.0,,54,0
oscillation,-1,gated,0.0,55,0.5,0.5,0.5,0.0,,0.95,0.0,0.0,,55,0
oscillation,-1,gated,0.0,56,0.5,0.5,0.5,0.0,,0.95,0.0,0.0,,56,0
oscillation,-1,gated,0.0,57,0.5,0.5,0.5,0.0,,0.95,0.0,0.0,,57,0
oscillation,-1,gated,0.0,58,0.5,0.5,0.5,0.0,,0.95,0.0,0.0,,58,0
oscillation,-1,gated,0.0,59,0.5,0.5,0.5,0.0,,0.95,0.0,0.0,,59,0
oscillation,-1,gated,0.0,60,0.5,0.5,0.5,0.0,,0.95,0.0,0.0,,60,0
oscillation,-1,gated,0.0,61,0.5,0.5,0.5,0.0,,0.95,0.0,0.0,,61,0
oscillation,-1,gated,0.0,62,0.5,0.5,0.5,0.0,,0.95,0.0,0.0,,62,0
oscillation,-1,gated,0.0,63,0.5,0.5,0.5,0.0,,0.95,0.0,0.0,,63,0
oscillation,-1,gated,0.0,64,0.5,0.5,0.5,0.0,,0.95,0.0,0.0,,64,0
oscillation,-1,gated,0.0,65,0.5,0.5,0.5,0.0,,0.95,0.0,0.0,,65,0
oscillation,-1,gated,0.0,66,0.5,0.5,0.5,0.0,,0.95,0.0,0.0,,66,0
oscillation,-1,gated,0.0,67,0.5,0.5,0.5,0.0,,0.95,0.0,0.0,,67,0
oscillation,-1,gated,0.0,68,0.5,0.5,0.5,0.0,,0.95,0.0,0.0,,68,0
oscillation,-1,gated,0.0,69,0.5,0.5,0.5,0.0,,0.95,0.0,0.0,,69,0
oscillation,-1,gated,0.0,70,0.5,0.5,0.5,0.0,,0.95,0.0,0.0,,70,0
oscillation,-1,gated,0.0,71,0.5,0.5,0.5,0.0,,0.95,0.0,0.0,,71,0
oscillation,-1,gated,0.0,72,0.5,0.5,0.5,0.0,,0.95,0.0,0.0,,72,0
oscillation,-1,gated,0.0,73,0.5,0.5,0.5,0.0,,0.95,0.0,0.0,,73,0
oscillation,-1,gated,0.0,74,0.5,0.5,0.5,0.0,,0.95,0.0,0.0,,74,0
oscillation,-1,gated,0.0,75,0.5,0.5,0.5,0.0,,0.95,0.0,0.0,,75,0
oscillation,-1,gated,0.0,76,0.5,0.5,0.5,0.0,,0.95,0.0,0.0,,76,0
oscillation,-1,gated,0.0,77,0.5,0.5,0.5,0.0,,0.95,0.0,0.0,,77,0
oscillation,-1,gated,0.0,78,0.5,0.5,0.5,0.0,,0.95,0.0,0.0,,78,0
oscillation,-1,gated,0.0,79,0.5,0.5,0.5,0.0,,0.95,0.0,0.0,,79,0
oscillation,-1,gated,0.0,80,0.5,0.5,0.5,0.0,,0.95,0.0,0.0,,80,0
oscillation,-1,accept_all,0.0,1,0.5,0.5,0.45,0.04999999999999999,0.95,0.95,1.0,0.04999999999999999,,0,0
oscillation,-1,accept_all,0.0,2,0.5,0.5,0.55,0.10000000000000003,0.8999999999999999,0.8999999999999999,1.0,0.050000000000000044,,0,0
oscillation,-1,accept_all,0.0,3,0.5,0.5,0.45,0.10000000000000003,0.8999999999999999,0.8999999999999999,1.0,0.04999999999999999,,0,0
oscillation,-1,accept_all,0.0,4,0.5,0.5,0.55,0.10000000000000003,0.8999999999999999,0.8999999999999999,1.0,0.050000000000000044,,0,0
oscillation,-1,accept_all,0.0,5,0.5,0.5,0.45,0.10000000000000003,0.8999999999999999,0.8999999999999999,1.0,0.04999999999999999,,0,0
oscillation,-1,accept_all,0.0,6,0.5,0.5,0.55,0.10000000000000003,0.8999999999999999,0.8999999999999999,1.0,0.050000000000000044,,0,0
oscillation,-1,accept_all,0.0,7,0.5,0.5,0.45,0.10000000000000003,0.8999999999999999,0.8999999999999999,1.0,0.04999999999999999,,0,0
oscillation,-1,accept_all,0.0,8,0.5,0.5,0.55,0.10000000000000003,0.8999999999999999,0.8999999999999999,1.0,0.050000000000000044,,0,0
oscillation,-1,accept_all,0.0,9,0.5,0.5,0.45,0.10000000000000003,0.8999999999999999,0.8999999999999999,1.0,0.04999999999999999,,0,0
oscillation,-1,accept_all,0.0,10,0.5,0.5,0.55,0.10000000000000003,0.8999999999999999,0.8999999999999999,1.0,0.050000000000000044,,0,0
oscillation,-1,accept_all,0.0,11,0.5,0.5,0.45,0.10000000000000003,0.8999999999999999,0.8999999999999999,1.0,0.04999999999999999,,0,0
oscillation,-1,accept_all,0.0,12,0.5,0.5,0.55,0.10000000000000003,0.8999999999999999,0.8999999999999999,1.0,0.050000000000000044,,0,0
oscillation,-1,accept_all,0.0,13,0.5,0.5,0.45,0.10000000000000003,0.8999999999999999,0.8999999999999999,1.0,0.04999999999999999,,0,0
oscillation,-1,accept_all,0.0,14,0.5,0.5,0.55,0.10000000000000003,0.8999999999999999,0.8999999999999999,1.0,0.050000000000000044,,0,0
oscillation,-1,accept_all,0.0,15,0.5,0.5,0.45,0.10000000000000003,0.8999999999999999,0.8999999999999999,1.0,0.04999999999999999,,0,0
oscillation,-1,accept_all,0.0,16,0.5,0.5,0.55,0.10000000000000003,0.8999999999999999,0.8999999999999999,1.0,0.050000000000000044,,0,0
oscillation,-1,accept_all,0.0,17,0.5,0.5,0.45,0.10000000000000003,0.8999999999999999,0.8999999999999999,1.0,0.04999999999999999,,0,0
oscillation,-1,accept_all,0.0,18,0.5,0.5,0.55,0.10000000000000003,0.8999999999999999,0.8999999999999999,1.0,0.050000000000000044,,0,0
oscillation,-1,accept_all,0.0,19,0.5,0.5,0.45,0.10000000000000003,0.8999999999999999,0.8999999999999999,1.0,0.04999999999999999,,0,0
oscillation,-1,accept_all,0.0,20,0.5,0.5,0.55,0.10000000000000003,0.8999999999999999,0.8999999999999999,1.0,0.050000000000000044,,0,0
oscillation,-1,accept_all,0.0,21,0.5,0.5,0.45,0.10000000000000003,0.8999999999999999,0.8999999999999999,1.0,0.04999999999999999,,0,0
oscillation,-1,accept_all,0.0,22,0.5,0.5,0.55,0.10000000000000003,0.8999999999999999,0.8999999999999999,1.0,0.050000000000000044,,0,0
oscillation,-1,accept_all,0.0,23,0.5,0.5,0.45,0.10000000000000003,0.8999999999999999,0.8999999999999999,1.0,0.04999999999999999,,0,0
oscillation,-1,accept_all,0.0,24,0.5,0.5,0.55,0.10000000000000003,0.8999999999999999,0.8999999999999999,1.0,0.050000000000000044,,0,0
oscillation,-1,accept_all,0.0,25,0.5,0.5,0.45,0.10000000000000003,0.8999999999999999,0.8999999999999999,1.0,0.04999999999999999,,0,0
oscillation,-1,accept_all,0.0,26,0.5,0.5,0.55,0.10000000000000003,0.8999999999999999,0.8999999999999999,1.0,0.050000000000000044,,0,0
oscillation,-1,accept_all,0.0,27,0.5,0.5,0.45,0.10000000000000003,0.8999999999999999,0.8999999999999999,1.0,0.04999999999999999,,0,0
oscillation,-1,accept_all,0.0,28,0.5,0.5,0.55,0.10000000000000003,0.8999999999999999,0.8999999999999999,1.0,0.050000000000000044,,0,0
oscillation,-1,accept_all,0.0,29,0.5,0.5,0.45,0.10000000000000003,0.8999999999999999,0.8999999999999999,1.0,0.04999999999999999,,0,0
oscillation,-1,accept_all,0.0,30,0.5,0.5,0.55,0.10000000000000003,0.8999999999999999,0.8999999999999999,1.0,0.050000000000000044,,0,0
oscillation,-1,accept_all,0.0,31,0.5,0.5,0.45,0.10000000000000003,0.8999999999999999,0.8999999999999999,1.0,0.04999999999999999,,0,0
oscillation,-1,accept_all,0.0,32,0.5,0.5,0.55,0.10000000000000003,0.8999999999999999,0.8999999999999999,1.0,0.050000000000000044,,0,0
oscillation,-1,accept_all,0.0,33,0.5,0.5,0.45,0.10000000000000003,0.8999999999999999,0.8999999999999999,1.0,0.04999999999999999,,0,0
oscillation,-1,accept_all,0.0,34,0.5,0.5,0.55,0.10000000000000003,0.8999999999999999,0.8999999999999999,1.0,0.050000000000000044,,0,0
oscillation,-1,accept_all,0.0,35,0.5,0.5,0.45,0.10000000000000003,0.8999999999999999,0.8999999999999999,1.0,0.04999999999999999,,0,0
oscillation,-1,accept_all,0.0,36,0.5,0.5,0.55,0.10000000000000003,0.8999999999999999,0.8999999999999999,1.0,0.050000000000000044,,0,0
oscillation,-1,accept_all,0.0,37,0.5,0.5,0.45,0.10000000000000003,0.8999999999999999,0.8999999999999999,1.0,0.04999999999999999,,0,0
oscillation,-1,accept_all,0.0,38,0.5,0.5,0.55,0.10000000000000003,0.8999999999999999,0.8999999999999999,1.0,0.050000000000000044,,0,0
oscillation,-1,accept_all,0.0,39,0.5,0.5,0.45,0.10000000000000003,0.8999999999999999,0.8999999999999999,1.0,0.04999999999999999,,0,0
oscillation,-1,accept_all,0.0,40,0.5,0.5,0.55,0.10000000000000003,0.8999999999999999,0.8999999999999999,1.0,0.050000000000000044,,0,0
oscillation,-1,accept_all,0.0,41,0.5,0.5,0.45,0.10000000000000003,0.8999999999999999,0.8999999999999999,1.0,0.04999999999999999,,0,0
oscillation,-1,accept_all,0.0,42,0.5,0.5,0.55,0.10000000000000003,0.8999999999999999,0.8999999999999999,1.0,0.050000000000000044,,0,0
oscillation,-1,accept_all,0.0,43,0.5,0.5,0.45,0.10000000000000003,0.8999999999999999,0.8999999999999999,1.0,0.04999999999999999,,0,0
oscillation,-1,accept_all,0.0,44,0.5,0.5,0.55,0.10000000000000003,0.8999999999999999,0.8999999999999999,1.0,0.050000000000000044,,0,0
oscillation,-1,accept_all,0.0,45,0.5,0.5,0.45,0.10000000000000003,0.8999999999999999,0.8999999999999999,1.0,0.04999999999999999,,0,0
oscillation,-1,accept_all,0.0,46,0.5,0.5,0.55,0.10000000000000003,0.8999999999999999,0.8999999999999999,1.0,0.050000000000000044,,0,0
oscillation,-1,accept_all,0.0,47,0.5,0.5,0.45,0.10000000000000003,0.8999999999999999,0.8999999999999999,1.0,0.04999999999999999,,0,0
oscillation,-1,accept_all,0.0,48,0.5,0.5,0.55,0.10000000000000003,0.8999999999999999,0.8999999999999999,1.0,0.050000000000000044,,0,0
oscillation,-1,accept_all,0.0,49,0.5,0.5,0.45,0.10000000000000003,0.8999999999999999,0.8999999999999999,1.0,0.04999999999999999,,0,0
oscillation,-1,accept_all,0.0,50,0.5,0.5,0.55,0.10000000000000003,0.8999999999999999,0.8999999999999999,1.0,0.050000000000000044,,0,0
oscillation,-1,accept_all,0.0,51,0.5,0.5,0.45,0.10000000000000003,0.8999999999999999,0.8999999999999999,1.0,0.04999999999999999,,0,0
oscillation,-1,accept_all,0.0,52,0.5,0.5,0.55,0.10000000000000003,0.8999999999999999,0.8999999999999999,1.0,0.050000000000000044,,0,0
oscillation,-1,accept_all,0.0,53,0.5,0.5,0.45,0.10000000000000003,0.8999999999999999,0.8999999999999999,1.0,0.04999999999999999,,0,0
oscillation,-1,accept_all,0.0,54,0.5,0.5,0.55,0.10000000000000003,0.8999999999999999,0.8999999999999999,1.0,0.050000000000000044,,0,0
oscillation,-1,accept_all,0.0,55,0.5,0.5,0.45,0.10000000000000003,0.8999999999999999,0.8999999999999999,1.0,0.04999999999999999,,0,0
oscillation,-1,accept_all,0.0,56,0.5,0.5,0.55,0.10000000000000003,0.8999999999999999,0.8999999999999999,1.0,0.050000000000000044,,0,0
oscillation,-1,accept_all,0.0,57,0.5,0.5,0.45,0.10000000000000003,0.8999999999999999,0.8999999999999999,1.0,0.04999999999999999,,0,0
oscillation,-1,accept_all,0.0,58,0.5,0.5,0.55,0.10000000000000003,0.8999999999999999,0.8999999999999999,1.0,0.050000000000000044,,0,0
oscillation,-1,accept_all,0.0,59,0.5,0.5,0.45,0.10000000000000003,0.8999999999999999,0.8999999999999999,1.0,0.04999999999999999,,0,0
oscillation,-1,accept_all,0.0,60,0.5,0.5,0.55,0.10000000000000003,0.8999999999999999,0.8999999999999999,1.0,0.050000000000000044,,0,0
oscillation,-1,accept_all,0.0,61,0.5,0.5,0.45,0.10000000000000003,0.8999999999999999,0.8999999999999999,1.0,0.04999999999999999,,0,0
oscillation,-1,accept_all,0.0,62,0.5,0.5,0.55,0.10000000000000003,0.8999999999999999,0.8999999999999999,1.0,0.050000000000000044,,0,0
oscillation,-1,accept_all,0.0,63,0.5,0.5,0.45,0.10000000000000003,0.8999999999999999,0.8999999999999999,1.0,0.04999999999999999,,0,0
oscillation,-1,accept_all,0.0,64,0.5,0.5,0.55,0.10000000000000003,0.8999999999999999,0.8999999999999999,1.0,0.050000000000000044,,0,0
oscillation,-1,accept_all,0.0,65,0.5,0.5,0.45,0.10000000000000003,0.8999999999999999,0.8999999999999999,1.0,0.04999999999999999,,0,0
oscillation,-1,accept_all,0.0,66,0.5,0.5,0.55,0.10000000000000003,0.8999999999999999,0.8999999999999999,1.0,0.050000000000000044,,0,0
oscillation,-1,accept_all,0.0,67,0.5,0.5,0.45,0.10000000000000003,0.8999999999999999,0.8999999999999999,1.0,0.04999999999999999,,0,0
oscillation,-1,accept_all,0.0,68,0.5,0.5,0.55,0.10000000000000003,0.8999999999999999,0.8999999999999999,1.0,0.050000000000000044,,0,0
oscillation,-1,accept_all,0.0,69,0.5,0.5,0.45,0.10000000000000003,0.8999999999999999,0.8999999999999999,1.0,0.04999999999999999,,0,0
oscillation,-1,accept_all,0.0,70,0.5,0.5,0.55,0.10000000000000003,0.8999999999999999,0.8999999999999999,1.0,0.050000000000000044,,0,0
oscillation,-1,accept_all,0.0,71,0.5,0.5,0.45,0.10000000000000003,0.8999999999999999,0.8999999999999999,1.0,0.04999999999999999,,0,0
oscillation,-1,accept_all,0.0,72,0.5,0.5,0.55,0.10000000000000003,0.8999999999999999,0.8999999999999999,1.0,0.050000000000000044,,0,0
oscillation,-1,accept_all,0.0,73,0.5,0.5,0.45,0.10000000000000003,0.8999999999999999,0.8999999999999999,1.0,0.04999999999999999,,0,0
oscillation,-1,accept_all,0.0,74,0.5,0.5,0.55,0.10000000000000003,0.8999999999999999,0.8999999999999999,1.0,0.050000000000000044,,0,0
oscillation,-1,accept_all,0.0,75,0.5,0.5,0.45,0.10000000000000003,0.8999999999999999,0.8999999999999999,1.0,0.04999999999999999,,0,0
oscillation,-1,accept_all,0.0,76,0.5,0.5,0.55,0.10000000000000003,0.8999999999999999,0.8999999999999999,1.0,0.050000000000000044,,0,0
oscillation,-1,accept_all,0.0,77,0.5,0.5,0.45,0.10000000000000003,0.8999999999999999,0.8999999999999999,1.0,0.04999999999999999,,0,0
oscillation,-1,accept_all,0.0,78,0.5,0.5,0.55,0.10000000000000003,0.8999999999999999,0.8999999999999999,1.0,0.050000000000000044,,0,0
oscillation,-1,accept_all,0.0,79,0.5,0.5,0.45,0.10000000000000003,0.8999999999999999,0.8999999999999999,1.0,0.04999999999999999,,0,0
oscillation,-1,accept_all,0.0,80,0.5,0.5,0.55,0.10000000000000003,0.8999999999999999,0.8999999999999999,1.0,0.050000000000000044,,0,0
oscillation,-1,reference_only,0.0,1,0.5,0.5,0.5,0.0,,0.95,0.0,0.0,,1,0
oscillation,-1,reference_only,0.0,2,0.5,0.5,0.5,0.0,,0.95,0.0,0.0,,2,0
oscillation,-1,reference_only,0.0,3,0.5,0.5,0.5,0.0,,0.95,0.0,0.0,,3,0
oscillation,-1,reference_only,0.0,4,0.5,0.5,0.5,0.0,,0.95,0.0,0.0,,4,0
oscillation,-1,reference_only,0.0,5,0.5,0.5,0.5,0.0,,0.95,0.0,0.0,,5,0
oscillation,-1,reference_only,0.0,6,0.5,0.5,0.5,0.0,,0.95,0.0,0.0,,6,0
oscillation,-1,reference_only,0.0,7,0.5,0.5,0.5,0.0,,0.95,0.0,0.0,,7,0
oscillation,-1,reference_only,0.0,8,0.5,0.5,0.5,0.0,,0.95,0.0,0.0,,8,0
oscillation,-1,reference_only,0.0,9,0.5,0.5,0.5,0.0,,0.95,0.0,0.0,,9,0
oscillation,-1,reference_only,0.0,10,0.5,0.5,0.5,0.0,,0.95,0.0,0.0,,10,0
oscillation,-1,reference_only,0.0,11,0.5,0.5,0.5,0.0,,0.95,0.0,0.0,,11,0
oscillation,-1,reference_only,0.0,12,0.5,0.5,0.5,0.0,,0.95,0.0,0.0,,12,0
oscillation,-1,reference_only,0.0,13,0.5,0.5,0.5,0.0,,0.95,0.0,0.0,,13,0
oscillation,-1,reference_only,0.0,14,0.5,0.5,0.5,0.0,,0.95,0.0,0.0,,14,0
oscillation,-1,reference_only,0.0,15,0.5,0.5,0.5,0.0,,0.95,0.0,0.0,,15,0
oscillation,-1,reference_only,0.0,16,0.5,0.5,0.5,0.0,,0.95,0.0,0.0,,16,0
oscillation,-1,reference_only,0.0,17,0.5,0.5,0.5,0.0,,0.95,0.0,0.0,,17,0
oscillation,-1,reference_only,0.0,18,0.5,0.5,0.5,0.0,,0.95,0.0,0.0,,18,0
oscillation,-1,reference_only,0.0,19,0.5,0.5,0.5,0.0,,0.95,0.0,0.0,,19,0
oscillation,-1,reference_only,0.0,20,0.5,0.5,0.5,0.0,,0.95,0.0,0.0,,20,0
oscillation,-1,reference_only,0.0,21,0.5,0.5,0.5,0.0,,0.95,0.0,0.0,,21,0
oscillation,-1,reference_only,0.0,22,0.5,0.5,0.5,0.0,,0.95,0.0,0.0,,22,0
oscillation,-1,reference_only,0.0,23,0.5,0.5,0.5,0.0,,0.95,0.0,0.0,,23,0
oscillation,-1,reference_only,0.0,24,0.5,0.5,0.5,0.0,,0.95,0.0,0.0,,24,0
oscillation,-1,reference_only,0.0,25,0.5,0.5,0.5,0.0,,0.95,0.0,0.0,,25,0
oscillation,-1,reference_only,0.0,26,0.5,0.5,0.5,0.0,,0.95,0.0,0.0,,26,0
oscillation,-1,reference_only,0.0,27,0.5,0.5,0.5,0.0,,0.95,0.0,0.0,,27,0
oscillation,-1,reference_only,0.0,28,0.5,0.5,0.5,0.0,,0.95,0.0,0.0,,28,0
oscillation,-1,reference_only,0.0,29,0.5,0.5,0.5,0.0,,0.95,0.0,0.0,,29,0
oscillation,-1,reference_only,0.0,30,0.5,0.5,0.5,0.0,,0.95,0.0,0.0,,30,0
oscillation,-1,reference_only,0.0,31,0.5,0.5,0.5,0.0,,0.95,0.0,0.0,,31,0
oscillation,-1,reference_only,0.0,32,0.5,0.5,0.5,0.0,,0.95,0.0,0.0,,32,0
oscillation,-1,reference_only,0.0,33,0.5,0.5,0.5,0.0,,0.95,0.0,0.0,,33,0
oscillation,-1,reference_only,0.0,34,0.5,0.5,0.5,0.0,,0.95,0.0,0.0,,34,0
oscillation,-1,reference_only,0.0,35,0.5,0.5,0.5,0.0,,0.95,0.0,0.0,,35,0
oscillation,-1,reference_only,0.0,36,0.5,0.5,0.5,0.0,,0.95,0.0,0.0,,36,0
oscillation,-1,reference_only,0.0,37,0.5,0.5,0.5,0.0,,0.95,0.0,0.0,,37,0
oscillation,-1,reference_only,0.0,38,0.5,0.5,0.5,0.0,,0.95,0.0,0.0,,38,0
oscillation,-1,reference_only,0.0,39,0.5,0.5,0.5,0.0,,0.95,0.0,0.0,,39,0
oscillation,-1,reference_only,0.0,40,0.5,0.5,0.5,0.0,,0.95,0.0,0.0,,40,0
oscillation,-1,reference_only,0.0,41,0.5,0.5,0.5,0.0,,0.95,0.0,0.0,,41,0
oscillation,-1,reference_only,0.0,42,0.5,0.5,0.5,0.0,,0.95,0.0,0.0,,42,0
oscillation,-1,reference_only,0.0,43,0.5,0.5,0.5,0.0,,0.95,0.0,0.0,,43,0
oscillation,-1,reference_only,0.0,44,0.5,0.5,0.5,0.0,,0.95,0.0,0.0,,44,0
oscillation,-1,reference_only,0.0,45,0.5,0.5,0.5,0.0,,0.95,0.0,0.0,,45,0
oscillation,-1,reference_only,0.0,46,0.5,0.5,0.5,0.0,,0.95,0.0,0.0,,46,0
oscillation,-1,reference_only,0.0,47,0.5,0.5,0.5,0.0,,0.95,0.0,0.0,,47,0
oscillation,-1,reference_only,0.0,48,0.5,0.5,0.5,0.0,,0.95,0.0,0.0,,48,0
oscillation,-1,reference_only,0.0,49,0.5,0.5,0.5,0.0,,0.95,0.0,0.0,,49,0
oscillation,-1,reference_only,0.0,50,0.5,0.5,0.5,0.0,,0.95,0.0,0.0,,50,0
oscillation,-1,reference_only,0.0,51,0.5,0.5,0.5,0.0,,0.95,0.0,0.0,,51,0
oscillation,-1,reference_only,0.0,52,0.5,0.5,0.5,0.0,,0.95,0.0,0.0,,52,0
oscillation,-1,reference_only,0.0,53,0.5,0.5,0.5,0.0,,0.95,0.0,0.0,,53,0
oscillation,-1,reference_only,0.0,54,0.5,0.5,0.5,0.0,,0.95,0.0,0.0,,54,0
oscillation,-1,reference_only,0.0,55,0.5,0.5,0.5,0.0,,0.95,0.0,0.0,,55,0
oscillation,-1,reference_only,0.0,56,0.5,0.5,0.5,0.0,,0.95,0.0,0.0,,56,0
oscillation,-1,reference_only,0.0,57,0.5,0.5,0.5,0.0,,0.95,0.0,0.0,,57,0
oscillation,-1,reference_only,0.0,58,0.5,0.5,0.5,0.0,,0.95,0.0,0.0,,58,0
oscillation,-1,reference_only,0.0,59,0.5,0.5,0.5,0.0,,0.95,0.0,0.0,,59,0
oscillation,-1,reference_only,0.0,60,0.5,0.5,0.5,0.0,,0.95,0.0,0.0,,60,0
oscillation,-1,reference_only,0.0,61,0.5,0.5,0.5,0.0,,0.95,0.0,0.0,,61,0
oscillation,-1,reference_only,0.0,62,0.5,0.5,0.5,0.0,,0.95,0.0,0.0,,62,0
oscillation,-1,reference_only,0.0,63,0.5,0.5,0.5,0.0,,0.95,0.0,0.0,,63,0
oscillation,-1,reference_only,0.0,64,0.5,0.5,0.5,0.0,,0.95,0.0,0.0,,64,0
oscillation,-1,reference_only,0.0,65,0.5,0.5,0.5,0.0,,0.95,0.0,0.0,,65,0
oscillation,-1,reference_only,0.0,66,0.5,0.5,0.5,0.0,,0.95,0.0,0.0,,66,0
oscillation,-1,reference_only,0.0,67,0.5,0.5,0.5,0.0,,0.95,0.0,0.0,,67,0
oscillation,-1,reference_only,0.0,68,0.5,0.5,0.5,0.0,,0.95,0.0,0.0,,68,0
oscillation,-1,reference_only,0.0,69,0.5,0.5,0.5,0.0,,0.95,0.0,0.0,,69,0
oscillation,-1,reference_only,0.0,70,0.5,0.5,0.5,0.0,,0.95,0.0,0.0,,70,0
oscillation,-1,reference_only,0.0,71,0.5,0.5,0.5,0.0,,0.95,0.0,0.0,,71,0
oscillation,-1,reference_only,0.0,72,0.5,0.5,0.5,0.0,,0.95,0.0,0.0,,72,0
oscillation,-1,reference_only,0.0,73,0.5,0.5,0.5,0.0,,0.95,0.0,0.0,,73,0
oscillation,-1,reference_only,0.0,74,0.5,0.5,0.5,0.0,,0.95,0.0,0.0,,74,0
oscillation,-1,reference_only,0.0,75,0.5,0.5,0.5,0.0,,0.95,0.0,0.0,,75,0
oscillation,-1,reference_only,0.0,76,0.5,0.5,0.5,0.0,,0.95,0.0,0.0,,76,0
oscillation,-1,reference_only,0.0,77,0.5,0.5,0.5,0.0,,0.95,0.0,0.0,,77,0
oscillation,-1,reference_only,0.0,78,0.5,0.5,0.5,0.0,,0.95,0.0,0.0,,78,0
oscillation,-1,reference_only,0.0,79,0.5,0.5,0.5,0.0,,0.95,0.0,0.0,,79,0
oscillation,-1,reference_only,0.0,80,0.5,0.5,0.5,0.0,,0.95,0.0,0.0,,80,0
oscillation,-1,gated,0.01,1,0.5,0.5,0.5,0.0,,0.95,0.0,0.0,,1,0
oscillation,-1,gated,0.01,2,0.5,0.5,0.5,0.0,,0.95,0.0,0.0,,2,0
oscillation,-1,gated,0.01,3,0.5,0.5,0.5,0.0,,0.95,0.0,0.0,,3,0
oscillation,-1,gated,0.01,4,0.5,0.5,0.5,0.0,,0.95,0.0,0.0,,4,0
oscillation,-1,gated,0.01,5,0.5,0.5,0.5,0.0,,0.95,0.0,0.0,,5,0
oscillation,-1,gated,0.01,6,0.5,0.5,0.5,0.0,,0.95,0.0,0.0,,6,0
oscillation,-1,gated,0.01,7,0.5,0.5,0.5,0.0,,0.95,0.0,0.0,,7,0
oscillation,-1,gated,0.01,8,0.5,0.5,0.5,0.0,,0.95,0.0,0.0,,8,0
oscillation,-1,gated,0.01,9,0.5,0.5,0.5,0.0,,0.95,0.0,0.0,,9,0
oscillation,-1,gated,0.01,10,0.5,0.5,0.5,0.0,,0.95,0.0,0.0,,10,0
oscillation,-1,gated,0.01,11,0.5,0.5,0.5,0.0,,0.95,0.0,0.0,,11,0
oscillation,-1,gated,0.01,12,0.5,0.5,0.5,0.0,,0.95,0.0,0.0,,12,0
oscillation,-1,gated,0.01,13,0.5,0.5,0.5,0.0,,0.95,0.0,0.0,,13,0
oscillation,-1,gated,0.01,14,0.5,0.5,0.5,0.0,,0.95,0.0,0.0,,14,0
oscillation,-1,gated,0.01,15,0.5,0.5,0.5,0.0,,0.95,0.0,0.0,,15,0
oscillation,-1,gated,0.01,16,0.5,0.5,0.5,0.0,,0.95,0.0,0.0,,16,0
oscillation,-1,gated,0.01,17,0.5,0.5,0.5,0.0,,0.95,0.0,0.0,,17,0
oscillation,-1,gated,0.01,18,0.5,0.5,0.5,0.0,,0.95,0.0,0.0,,18,0
oscillation,-1,gated,0.01,19,0.5,0.5,0.5,0.0,,0.95,0.0,0.0,,19,0
oscillation,-1,gated,0.01,20,0.5,0.5,0.5,0.0,,0.95,0.0,0.0,,20,0
oscillation,-1,gated,0.01,21,0.5,0.5,0.5,0.0,,0.95,0.0,0.0,,21,0
oscillation,-1,gated,0.01,22,0.5,0.5,0.5,0.0,,0.95,0.0,0.0,,22,0
oscillation,-1,gated,0.01,23,0.5,0.5,0.5,0.0,,0.95,0.0,0.0,,23,0
oscillation,-1,gated,0.01,24,0.5,0.5,0.5,0.0,,0.95,0.0,0.0,,24,0
oscillation,-1,gated,0.01,25,0.5,0.5,0.5,0.0,,0.95,0.0,0.0,,25,0
oscillation,-1,gated,0.01,26,0.5,0.5,0.5,0.0,,0.95,0.0,0.0,,26,0
oscillation,-1,gated,0.01,27,0.5,0.5,0.5,0.0,,0.95,0.0,0.0,,27,0
oscillation,-1,gated,0.01,28,0.5,0.5,0.5,0.0,,0.95,0.0,0.0,,28,0
oscillation,-1,gated,0.01,29,0.5,0.5,0.5,0.0,,0.95,0.0,0.0,,29,0
oscillation,-1,gated,0.01,30,0.5,0.5,0.5,0.0,,0.95,0.0,0.0,,30,0
oscillation,-1,gated,0.01,31,0.5,0.5,0.5,0.0,,0.95,0.0,0.0,,31,0
oscillation,-1,gated,0.01,32,0.5,0.5,0.5,0.0,,0.95,0.0,0.0,,32,0
oscillation,-1,gated,0.01,33,0.5,0.5,0.5,0.0,,0.95,0.0,0.0,,33,0
oscillation,-1,gated,0.01,34,0.5,0.5,0.5,0.0,,0.95,0.0,0.0,,34,0
oscillation,-1,gated,0.01,35,0.5,0.5,0.5,0.0,,0.95,0.0,0.0,,35,0
oscillation,-1,gated,0.01,36,0.5,0.5,0.5,0.0,,0.95,0.0,0.0,,36,0
oscillation,-1,gated,0.01,37,0.5,0.5,0.5,0.0,,0.95,0.0,0.0,,37,0
oscillation,-1,gated,0.01,38,0.5,0.5,0.5,0.0,,0.95,0.0,0.0,,38,0
oscillation,-1,gated,0.01,39,0.5,0.5,0.5,0.0,,0.95,0.0,0.0,,39,0
oscillation,-1,gated,0.01,40,0.5,0.5,0.5,0.0,,0.95,0.0,0.0,,40,0
oscillation,-1,gated,0.01,41,0.5,0.5,0.5,0.0,,0.95,0.0,0.0,,41,0
oscillation,-1,gated,0.01,42,0.5,0.5,0.5,0.0,,0.95,0.0,0.0,,42,0
oscillation,-1,gated,0.01,43,0.5,0.5,0.5,0.0,,0.95,0.0,0.0,,43,0
oscillation,-1,gated,0.01,44,0.5,0.5,0.5,0.0,,0.95,0.0,0.0,,44,0
oscillation,-1,gated,0.01,45,0.5,0.5,0.5,0.0,,0.95,0.0,0.0,,45,0
oscillation,-1,gated,0.01,46,0.5,0.5,0.5,0.0,,0.95,0.0,0.0,,46,0
oscillation,-1,gated,0.01,47,0.5,0.5,0.5,0.0,,0.95,0.0,0.0,,47,0
oscillation,-1,gated,0.01,48,0.5,0.5,0.5,0.0,,0.95,0.0,0.0,,48,0
oscillation,-1,gated,0.01,49,0.5,0.5,0.5,0.0,,0.95,0.0,0.0,,49,0
oscillation,-1,gated,0.01,50,0.5,0.5,0.5,0.0,,0.95,0.0,0.0,,50,0
oscillation,-1,gated,0.01,51,0.5,0.5,0.5,0.0,,0.95,0.0,0.0,,51,0
oscillation,-1,gated,0.01,52,0.5,0.5,0.5,0.0,,0.95,0.0,0.0,,52,0
oscillation,-1,gated,0.01,53,0.5,0.5,0.5,0.0,,0.95,0.0,0.0,,53,0
oscillation,-1,gated,0.01,54,0.5,0.5,0.5,0.0,,0.95,0.0,0.0,,54,0
oscillation,-1,gated,0.01,55,0.5,0.5,0.5,0.0,,0.95,0.0,0.0,,55,0
oscillation,-1,gated,0.01,56,0.5,0.5,0.5,0.0,,0.95,0.0,0.0,,56,0
oscillation,-1,gated,0.01,57,0.5,0.5,0.5,0.0,,0.95,0.0,0.0,,57,0
oscillation,-1,gated,0.01,58,0.5,0.5,0.5,0.0,,0.95,0.0,0.0,,58,0
oscillation,-1,gated,0.01,59,0.5,0.5,0.5,0.0,,0.95,0.0,0.0,,59,0
oscillation,-1,gated,0.01,60,0.5,0.5,0.5,0.0,,0.95,0.0,0.0,,60,0
oscillation,-1,gated,0.01,61,0.5,0.5,0.5,0.0,,0.95,0.0,0.0,,61,0
oscillation,-1,gated,0.01,62,0.5,0.5,0.5,0.0,,0.95,0.0,0.0,,62,0
oscillation,-1,gated,0.01,63,0.5,0.5,0.5,0.0,,0.95,0.0,0.0,,63,0
oscillation,-1,gated,0.01,64,0.5,0.5,0.5,0.0,,0.95,0.0,0.0,,64,0
oscillation,-1,gated,0.01,65,0.5,0.5,0.5,0.0,,0.95,0.0,0.0,,65,0
oscillation,-1,gated,0.01,66,0.5,0.5,0.5,0.0,,0.95,0.0,0.0,,66,0
oscillation,-1,gated,0.01,67,0.5,0.5,0.5,0.0,,0.95,0.0,0.0,,67,0
oscillation,-1,gated,0.01,68,0.5,0.5,0.5,0.0,,0.95,0.0,0.0,,68,0
oscillation,-1,gated,0.01,69,0.5,0.5,0.5,0.0,,0.95,0.0,0.0,,69,0
oscillation,-1,gated,0.01,70,0.5,0.5,0.5,0.0,,0.95,0.0,0.0,,70,0
oscillation,-1,gated,0.01,71,0.5,0.5,0.5,0.0,,0.95,0.0,0.0,,71,0
oscillation,-1,gated,0.01,72,0.5,0.5,0.5,0.0,,0.95,0.0,0.0,,72,0
oscillation,-1,gated,0.01,73,0.5,0.5,0.5,0.0,,0.95,0.0,0.0,,73,0
oscillation,-1,gated,0.01,74,0.5,0.5,0.5,0.0,,0.95,0.0,0.0,,74,0
oscillation,-1,gated,0.01,75,0.5,0.5,0.5,0.0,,0.95,0.0,0.0,,75,0
oscillation,-1,gated,0.01,76,0.5,0.5,0.5,0.0,,0.95,0.0,0.0,,76,0
oscillation,-1,gated,0.01,77,0.5,0.5,0.5,0.0,,0.95,0.0,0.0,,77,0
oscillation,-1,gated,0.01,78,0.5,0.5,0.5,0.0,,0.95,0.0,0.0,,78,0
oscillation,-1,gated,0.01,79,0.5,0.5,0.5,0.0,,0.95,0.0,0.0,,79,0
oscillation,-1,gated,0.01,80,0.5,0.5,0.5,0.0,,0.95,0.0,0.0,,80,0
oscillation,-1,accept_all,0.01,1,0.5,0.5,0.45,0.04999999999999999,0.95,0.95,1.0,0.04999999999999999,,0,0
oscillation,-1,accept_all,0.01,2,0.5,0.5,0.55,0.10000000000000003,0.8999999999999999,0.8999999999999999,1.0,0.050000000000000044,,0,0
oscillation,-1,accept_all,0.01,3,0.5,0.5,0.45,0.10000000000000003,0.8999999999999999,0.8999999999999999,1.0,0.04999999999999999,,0,0
oscillation,-1,accept_all,0.01,4,0.5,0.5,0.55,0.10000000000000003,0.8999999999999999,0.8999999999999999,1.0,0.050000000000000044,,0,0
oscillation,-1,accept_all,0.01,5,0.5,0.5,0.45,0.10000000000000003,0.8999999999999999,0.8999999999999999,1.0,0.04999999999999999,,0,0
oscillation,-1,accept_all,0.01,6,0.5,0.5,0.55,0.10000000000000003,0.8999999999999999,0.8999999999999999,1.0,0.050000000000000044,,0,0
oscillation,-1,accept_all,0.01,7,0.5,0.5,0.45,0.10000000000000003,0.8999999999999999,0.8999999999999999,1.0,0.04999999999999999,,0,0
oscillation,-1,accept_all,0.01,8,0.5,0.5,0.55,0.10000000000000003,0.8999999999999999,0.8999999999999999,1.0,0.050000000000000044,,0,0
oscillation,-1,accept_all,0.01,9,0.5,0.5,0.45,0.10000000000000003,0.8999999999999999,0.8999999999999999,1.0,0.04999999999999999,,0,0
oscillation,-1,accept_all,0.01,10,0.5,0.5,0.55,0.10000000000000003,0.8999999999999999,0.8999999999999999,1.0,0.050000000000000044,,0,0
oscillation,-1,accept_all,0.01,11,0.5,0.5,0.45,0.10000000000000003,0.8999999999999999,0.8999999999999999,1.0,0.04999999999999999,,0,0
oscillation,-1,accept_all,0.01,12,0.5,0.5,0.55,0.10000000000000003,0.8999999999999999,0.8999999999999999,1.0,0.050000000000000044,,0,0
oscillation,-1,accept_all,0.01,13,0.5,0.5,0.45,0.10000000000000003,0.8999999999999999,0.8999999999999999,1.0,0.04999999999999999,,0,0
oscillation,-1,accept_all,0.01,14,0.5,0.5,0.55,0.10000000000000003,0.8999999999999999,0.8999999999999999,1.0,0.050000000000000044,,0,0
oscillation,-1,accept_all,0.01,15,0.5,0.5,0.45,0.10000000000000003,0.8999999999999999,0.8999999999999999,1.0,0.04999999999999999,,0,0
oscillation,-1,accept_all,0.01,16,0.5,0.5,0.55,0.10000000000000003,0.8999999999999999,0.8999999999999999,1.0,0.050000000000000044,,0,0
oscillation,-1,accept_all,0.01,17,0.5,0.5,0.45,0.10000000000000003,0.8999999999999999,0.8999999999999999,1.0,0.04999999999999999,,0,0
oscillation,-1,accept_all,0.01,18,0.5,0.5,0.55,0.10000000000000003,0.8999999999999999,0.8999999999999999,1.0,0.050000000000000044,,0,0
oscillation,-1,accept_all,0.01,19,0.5,0.5,0.45,0.10000000000000003,0.8999999999999999,0.8999999999999999,1.0,0.04999999999999999,,0,0
oscillation,-1,accept_all,0.01,20,0.5,0.5,0.55,0.10000000000000003,0.8999999999999999,0.8999999999999999,1.0,0.050000000000000044,,0,0
oscillation,-1,accept_all,0.01,21,0.5,0.5,0.45,0.10000000000000003,0.8999999999999999,0.8999999999999999,1.0,0.04999999999999999,,0,0
oscillation,-1,accept_all,0.01,22,0.5,0.5,0.55,0.10000000000000003,0.8999999999999999,0.8999999999999999,1.0,0.050000000000000044,,0,0
oscillation,-1,accept_all,0.01,23,0.5,0.5,0.45,0.10000000000000003,0.8999999999999999,0.8999999999999999,1.0,0.04999999999999999,,0,0
oscillation,-1,accept_all,0.01,24,0.5,0.5,0.55,0.10000000000000003,0.8999999999999999,0.8999999999999999,1.0,0.050000000000000044,,0,0
oscillation,-1,accept_all,0.01,25,0.5,0.5,0.45,0.10000000000000003,0.8999999999999999,0.8999999999999999,1.0,0.04999999999999999,,0,0
oscillation,-1,accept_all,0.01,26,0.5,0.5,0.55,0.10000000000000003,0.8999999999999999,0.8999999999999999,1.0,0.050000000000000044,,0,0
oscillation,-1,accept_all,0.01,27,0.5,0.5,0.45,0.10000000000000003,0.8999999999999999,0.8999999999999999,1.0,0.04999999999999999,,0,0
oscillation,-1,accept_all,0.01,28,0.5,0.5,0.55,0.10000000000000003,0.8999999999999999,0.8999999999999999,1.0,0.050000000000000044,,0,0
oscillation,-1,accept_all,0.01,29,0.5,0.5,0.45,0.10000000000000003,0.8999999999999999,0.8999999999999999,1.0,0.04999999999999999,,0,0
oscillation,-1,accept_all,0.01,30,0.5,0.5,0.55,0.10000000000000003,0.8999999999999999,0.8999999999999999,1.0,0.050000000000000044,,0,0
oscillation,-1,accept_all,0.01,31,0.5,0.5,0.45,0.10000000000000003,0.8999999999999999,0.8999999999999999,1.0,0.04999999999999999,,0,0
oscillation,-1,accept_all,0.01,32,0.5,0.5,0.55,0.10000000000000003,0.8999999999999999,0.8999999999999999,1.0,0.050000000000000044,,0,0
oscillation,-1,accept_all,0.01,33,0.5,0.5,0.45,0.10000000000000003,0.8999999999999999,0.8999999999999999,1.0,0.04999999999999999,,0,0
oscillation,-1,accept_all,0.01,34,0.5,0.5,0.55,0.10000000000000003,0.8999999999999999,0.8999999999999999,1.0,0.050000000000000044,,0,0
oscillation,-1,accept_all,0.01,35,0.5,0.5,0.45,0.10000000000000003,0.8999999999999999,0.8999999999999999,1.0,0.04999999999999999,,0,0
oscillation,-1,accept_all,0.01,36,0.5,0.5,0.55,0.10000000000000003,0.8999999999999999,0.8999999999999999,1.0,0.050000000000000044,,0,0
oscillation,-1,accept_all,0.01,37,0.5,0.5,0.45,0.10000000000000003,0.8999999999999999,0.8999999999999999,1.0,0.04999999999999999,,0,0
oscillation,-1,accept_all,0.01,38,0.5,0.5,0.55,0.10000000000000003,0.8999999999999999,0.8999999999999999,1.0,0.050000000000000044,,0,0
oscillation,-1,accept_all,0.01,39,0.5,0.5,0.45,0.10000000000000003,0.8999999999999999,0.8999999999999999,1.0,0.04999999999999999,,0,0
oscillation,-1,accept_all,0.01,40,0.5,0.5,0.55,0.10000000000000003,0.8999999999999999,0.8999999999999999,1.0,0.050000000000000044,,0,0
oscillation,-1,accept_all,0.01,41,0.5,0.5,0.45,0.10000000000000003,0.8999999999999999,0.8999999999999999,1.0,0.04999999999999999,,0,0
oscillation,-1,accept_all,0.01,42,0.5,0.5,0.55,0.10000000000000003,0.8999999999999999,0.8999999999999999,1.0,0.050000000000000044,,0,0
oscillation,-1,accept_all,0.01,43,0.5,0.5,0.45,0.10000000000000003,0.8999999999999999,0.8999999999999999,1.0,0.04999999999999999,,0,0
oscillation,-1,accept_all,0.01,44,0.5,0.5,0.55,0.10000000000000003,0.8999999999999999,0.8999999999999999,1.0,0.050000000000000044,,0,0
oscillation,-1,accept_all,0.01,45,0.5,0.5,0.45,0.10000000000000003,0.8999999999999999,0.8999999999999999,1.0,0.04999999999999999,,0,0
oscillation,-1,accept_all,0.01,46,0.5,0.5,0.55,0.10000000000000003,0.8999999999999999,0.8999999999999999,1.0,0.050000000000000044,,0,0
oscillation,-1,accept_all,0.01,47,0.5,0.5,0.45,0.10000000000000003,0.8999999999999999,0.8999999999999999,1.0,0.04999999999999999,,0,0
oscillation,-1,accept_all,0.01,48,0.5,0.5,0.55,0.10000000000000003,0.8999999999999999,0.8999999999999999,1.0,0.050000000000000044,,0,0
oscillation,-1,accept_all,0.01,49,0.5,0.5,0.45,0.10000000000000003,0.8999999999999999,0.8999999999999999,1.0,0.04999999999999999,,0,0
oscillation,-1,accept_all,0.01,50,0.5,0.5,0.55,0.10000000000000003,0.8999999999999999,0.8999999999999999,1.0,0.050000000000000044,,0,0
oscillation,-1,accept_all,0.01,51,0.5,0.5,0.45,0.10000000000000003,0.8999999999999999,0.8999999999999999,1.0,0.04999999999999999,,0,0
oscillation,-1,accept_all,0.01,52,0.5,0.5,0.55,0.10000000000000003,0.8999999999999999,0.8999999999999999,1.0,0.050000000000000044,,0,0
oscillation,-1,accept_all,0.01,53,0.5,0.5,0.45,0.10000000000000003,0.8999999999999999,0.8999999999999999,1.0,0.04999999999999999,,0,0
oscillation,-1,accept_all,0.01,54,0.5,0.5,0.55,0.10000000000000003,0.8999999999999999,0.8999999999999999,1.0,0.050000000000000044,,0,0
oscillation,-1,accept_all,0.01,55,0.5,0.5,0.45,0.10000000000000003,0.8999999999999999,0.8999999999999999,1.0,0.04999999999999999,,0,0
oscillation,-1,accept_all,0.01,56,0.5,0.5,0.55,0.10000000000000003,0.8999999999999999,0.8999999999999999,1.0,0.050000000000000044,,0,0
oscillation,-1,accept_all,0.01,57,0.5,0.5,0.45,0.10000000000000003,0.8999999999999999,0.8999999999999999,1.0,0.04999999999999999,,0,0
oscillation,-1,accept_all,0.01,58,0.5,0.5,0.55,0.10000000000000003,0.8999999999999999,0.8999999999999999,1.0,0.050000000000000044,,0,0
oscillation,-1,accept_all,0.01,59,0.5,0.5,0.45,0.10000000000000003,0.8999999999999999,0.8999999999999999,1.0,0.04999999999999999,,0,0
oscillation,-1,accept_all,0.01,60,0.5,0.5,0.55,0.10000000000000003,0.8999999999999999,0.8999999999999999,1.0,0.050000000000000044,,0,0
oscillation,-1,accept_all,0.01,61,0.5,0.5,0.45,0.10000000000000003,0.8999999999999999,0.8999999999999999,1.0,0.04999999999999999,,0,0
oscillation,-1,accept_all,0.01,62,0.5,0.5,0.55,0.10000000000000003,0.8999999999999999,0.8999999999999999,1.0,0.050000000000000044,,0,0
oscillation,-1,accept_all,0.01,63,0.5,0.5,0.45,0.10000000000000003,0.8999999999999999,0.8999999999999999,1.0,0.04999999999999999,,0,0
oscillation,-1,accept_all,0.01,64,0.5,0.5,0.55,0.10000000000000003,0.8999999999999999,0.8999999999999999,1.0,0.050000000000000044,,0,0
oscillation,-1,accept_all,0.01,65,0.5,0.5,0.45,0.10000000000000003,0.8999999999999999,0.8999999999999999,1.0,0.04999999999999999,,0,0
oscillation,-1,accept_all,0.01,66,0.5,0.5,0.55,0.10000000000000003,0.8999999999999999,0.8999999999999999,1.0,0.050000000000000044,,0,0
oscillation,-1,accept_all,0.01,67,0.5,0.5,0.45,0.10000000000000003,0.8999999999999999,0.8999999999999999,1.0,0.04999999999999999,,0,0
oscillation,-1,accept_all,0.01,68,0.5,0.5,0.55,0.10000000000000003,0.8999999999999999,0.8999999999999999,1.0,0.050000000000000044,,0,0
oscillation,-1,accept_all,0.01,69,0.5,0.5,0.45,0.10000000000000003,0.8999999999999999,0.8999999999999999,1.0,0.04999999999999999,,0,0
oscillation,-1,accept_all,0.01,70,0.5,0.5,0.55,0.10000000000000003,0.8999999999999999,0.8999999999999999,1.0,0.050000000000000044,,0,0
oscillation,-1,accept_all,0.01,71,0.5,0.5,0.45,0.10000000000000003,0.8999999999999999,0.8999999999999999,1.0,0.04999999999999999,,0,0
oscillation,-1,accept_all,0.01,72,0.5,0.5,0.55,0.10000000000000003,0.8999999999999999,0.8999999999999999,1.0,0.050000000000000044,,0,0
oscillation,-1,accept_all,0.01,73,0.5,0.5,0.45,0.10000000000000003,0.8999999999999999,0.8999999999999999,1.0,0.04999999999999999,,0,0
oscillation,-1,accept_all,0.01,74,0.5,0.5,0.55,0.10000000000000003,0.8999999999999999,0.8999999999999999,1.0,0.050000000000000044,,0,0
oscillation,-1,accept_all,0.01,75,0.5,0.5,0.45,0.10000000000000003,0.8999999999999999,0.8999999999999999,1.0,0.04999999999999999,,0,0
oscillation,-1,accept_all,0.01,76,0.5,0.5,0.55,0.10000000000000003,0.8999999999999999,0.8999999999999999,1.0,0.050000000000000044,,0,0
oscillation,-1,accept_all,0.01,77,0.5,0.5,0.45,0.10000000000000003,0.8999999999999999,0.8999999999999999,1.0,0.04999999999999999,,0,0
oscillation,-1,accept_all,0.01,78,0.5,0.5,0.55,0.10000000000000003,0.8999999999999999,0.8999999999999999,1.0,0.050000000000000044,,0,0
oscillation,-1,accept_all,0.01,79,0.5,0.5,0.45,0.10000000000000003,0.8999999999999999,0.8999999999999999,1.0,0.04999999999999999,,0,0
oscillation,-1,accept_all,0.01,80,0.5,0.5,0.55,0.10000000000000003,0.8999999999999999,0.8999999999999999,1.0,0.050000000000000044,,0,0
oscillation,-1,reference_only,0.01,1,0.5,0.5,0.5,0.0,,0.95,0.0,0.0,,1,0
oscillation,-1,reference_only,0.01,2,0.5,0.5,0.5,0.0,,0.95,0.0,0.0,,2,0
oscillation,-1,reference_only,0.01,3,0.5,0.5,0.5,0.0,,0.95,0.0,0.0,,3,0
oscillation,-1,reference_only,0.01,4,0.5,0.5,0.5,0.0,,0.95,0.0,0.0,,4,0
oscillation,-1,reference_only,0.01,5,0.5,0.5,0.5,0.0,,0.95,0.0,0.0,,5,0
oscillation,-1,reference_only,0.01,6,0.5,0.5,0.5,0.0,,0.95,0.0,0.0,,6,0
oscillation,-1,reference_only,0.01,7,0.5,0.5,0.5,0.0,,0.95,0.0,0.0,,7,0
oscillation,-1,reference_only,0.01,8,0.5,0.5,0.5,0.0,,0.95,0.0,0.0,,8,0
oscillation,-1,reference_only,0.01,9,0.5,0.5,0.5,0.0,,0.95,0.0,0.0,,9,0
oscillation,-1,reference_only,0.01,10,0.5,0.5,0.5,0.0,,0.95,0.0,0.0,,10,0
oscillation,-1,reference_only,0.01,11,0.5,0.5,0.5,0.0,,0.95,0.0,0.0,,11,0
oscillation,-1,reference_only,0.01,12,0.5,0.5,0.5,0.0,,0.95,0.0,0.0,,12,0
oscillation,-1,reference_only,0.01,13,0.5,0.5,0.5,0.0,,0.95,0.0,0.0,,13,0
oscillation,-1,reference_only,0.01,14,0.5,0.5,0.5,0.0,,0.95,0.0,0.0,,14,0
oscillation,-1,reference_only,0.01,15,0.5,0.5,0.5,0.0,,0.95,0.0,0.0,,15,0
oscillation,-1,reference_only,0.01,16,0.5,0.5,0.5,0.0,,0.95,0.0,0.0,,16,0
oscillation,-1,reference_only,0.01,17,0.5,0.5,0.5,0.0,,0.95,0.0,0.0,,17,0
oscillation,-1,reference_only,0.01,18,0.5,0.5,0.5,0.0,,0.95,0.0,0.0,,18,0
oscillation,-1,reference_only,0.01,19,0.5,0.5,0.5,0.0,,0.95,0.0,0.0,,19,0
oscillation,-1,reference_only,0.01,20,0.5,0.5,0.5,0.0,,0.95,0.0,0.0,,20,0
oscillation,-1,reference_only,0.01,21,0.5,0.5,0.5,0.0,,0.95,0.0,0.0,,21,0
oscillation,-1,reference_only,0.01,22,0.5,0.5,0.5,0.0,,0.95,0.0,0.0,,22,0
oscillation,-1,reference_only,0.01,23,0.5,0.5,0.5,0.0,,0.95,0.0,0.0,,23,0
oscillation,-1,reference_only,0.01,24,0.5,0.5,0.5,0.0,,0.95,0.0,0.0,,24,0
oscillation,-1,reference_only,0.01,25,0.5,0.5,0.5,0.0,,0.95,0.0,0.0,,25,0
oscillation,-1,reference_only,0.01,26,0.5,0.5,0.5,0.0,,0.95,0.0,0.0,,26,0
oscillation,-1,reference_only,0.01,27,0.5,0.5,0.5,0.0,,0.95,0.0,0.0,,27,0
oscillation,-1,reference_only,0.01,28,0.5,0.5,0.5,0.0,,0.95,0.0,0.0,,28,0
oscillation,-1,reference_only,0.01,29,0.5,0.5,0.5,0.0,,0.95,0.0,0.0,,29,0
oscillation,-1,reference_only,0.01,30,0.5,0.5,0.5,0.0,,0.95,0.0,0.0,,30,0
oscillation,-1,reference_only,0.01,31,0.5,0.5,0.5,0.0,,0.95,0.0,0.0,,31,0
oscillation,-1,reference_only,0.01,32,0.5,0.5,0.5,0.0,,0.95,0.0,0.0,,32,0
oscillation,-1,reference_only,0.01,33,0.5,0.5,0.5,0.0,,0.95,0.0,0.0,,33,0
oscillation,-1,reference_only,0.01,34,0.5,0.5,0.5,0.0,,0.95,0.0,0.0,,34,0
oscillation,-1,reference_only,0.01,35,0.5,0.5,0.5,0.0,,0.95,0.0,0.0,,35,0
oscillation,-1,reference_only,0.01,36,0.5,0.5,0.5,0.0,,0.95,0.0,0.0,,36,0
oscillation,-1,reference_only,0.01,37,0.5,0.5,0.5,0.0,,0.95,0.0,0.0,,37,0
oscillation,-1,reference_only,0.01,38,0.5,0.5,0.5,0.0,,0.95,0.0,0.0,,38,0
oscillation,-1,reference_only,0.01,39,0.5,0.5,0.5,0.0,,0.95,0.0,0.0,,39,0
oscillation,-1,reference_only,0.01,40,0.5,0.5,0.5,0.0,,0.95,0.0,0.0,,40,0
oscillation,-1,reference_only,0.01,41,0.5,0.5,0.5,0.0,,0.95,0.0,0.0,,41,0
oscillation,-1,reference_only,0.01,42,0.5,0.5,0.5,0.0,,0.95,0.0,0.0,,42,0
oscillation,-1,reference_only,0.01,43,0.5,0.5,0.5,0.0,,0.95,0.0,0.0,,43,0
oscillation,-1,reference_only,0.01,44,0.5,0.5,0.5,0.0,,0.95,0.0,0.0,,44,0
oscillation,-1,reference_only,0.01,45,0.5,0.5,0.5,0.0,,0.95,0.0,0.0,,45,0
oscillation,-1,reference_only,0.01,46,0.5,0.5,0.5,0.0,,0.95,0.0,0.0,,46,0
oscillation,-1,reference_only,0.01,47,0.5,0.5,0.5,0.0,,0.95,0.0,0.0,,47,0
oscillation,-1,reference_only,0.01,48,0.5,0.5,0.5,0.0,,0.95,0.0,0.0,,48,0
oscillation,-1,reference_only,0.01,49,0.5,0.5,0.5,0.0,,0.95,0.0,0.0,,49,0
oscillation,-1,reference_only,0.01,50,0.5,0.5,0.5,0.0,,0.95,0.0,0.0,,50,0
oscillation,-1,reference_only,0.01,51,0.5,0.5,0.5,0.0,,0.95,0.0,0.0,,51,0
oscillation,-1,reference_only,0.01,52,0.5,0.5,0.5,0.0,,0.95,0.0,0.0,,52,0
oscillation,-1,reference_only,0.01,53,0.5,0.5,0.5,0.0,,0.95,0.0,0.0,,53,0
oscillation,-1,reference_only,0.01,54,0.5,0.5,0.5,0.0,,0.95,0.0,0.0,,54,0
oscillation,-1,reference_only,0.01,55,0.5,0.5,0.5,0.0,,0.95,0.0,0.0,,55,0
oscillation,-1,reference_only,0.01,56,0.5,0.5,0.5,0.0,,0.95,0.0,0.0,,56,0
oscillation,-1,reference_only,0.01,57,0.5,0.5,0.5,0.0,,0.95,0.0,0.0,,57,0
oscillation,-1,reference_only,0.01,58,0.5,0.5,0.5,0.0,,0.95,0.0,0.0,,58,0
oscillation,-1,reference_only,0.01,59,0.5,0.5,0.5,0.0,,0.95,0.0,0.0,,59,0
oscillation,-1,reference_only,0.01,60,0.5,0.5,0.5,0.0,,0.95,0.0,0.0,,60,0
oscillation,-1,reference_only,0.01,61,0.5,0.5,0.5,0.0,,0.95,0.0,0.0,,61,0
oscillation,-1,reference_only,0.01,62,0.5,0.5,0.5,0.0,,0.95,0.0,0.0,,62,0
oscillation,-1,reference_only,0.01,63,0.5,0.5,0.5,0.0,,0.95,0.0,0.0,,63,0
oscillation,-1,reference_only,0.01,64,0.5,0.5,0.5,0.0,,0.95,0.0,0.0,,64,0
oscillation,-1,reference_only,0.01,65,0.5,0.5,0.5,0.0,,0.95,0.0,0.0,,65,0
oscillation,-1,reference_only,0.01,66,0.5,0.5,0.5,0.0,,0.95,0.0,0.0,,66,0
oscillation,-1,reference_only,0.01,67,0.5,0.5,0.5,0.0,,0.95,0.0,0.0,,67,0
oscillation,-1,reference_only,0.01,68,0.5,0.5,0.5,0.0,,0.95,0.0,0.0,,68,0
oscillation,-1,reference_only,0.01,69,0.5,0.5,0.5,0.0,,0.95,0.0,0.0,,69,0
oscillation,-1,reference_only,0.01,70,0.5,0.5,0.5,0.0,,0.95,0.0,0.0,,70,0
oscillation,-1,reference_only,0.01,71,0.5,0.5,0.5,0.0,,0.95,0.0,0.0,,71,0
oscillation,-1,reference_only,0.01,72,0.5,0.5,0.5,0.0,,0.95,0.0,0.0,,72,0
oscillation,-1,reference_only,0.01,73,0.5,0.5,0.5,0.0,,0.95,0.0,0.0,,73,0
oscillation,-1,reference_only,0.01,74,0.5,0.5,0.5,0.0,,0.95,0.0,0.0,,74,0
oscillation,-1,reference_only,0.01,75,0.5,0.5,0.5,0.0,,0.95,0.0,0.0,,75,0
oscillation,-1,reference_only,0.01,76,0.5,0.5,0.5,0.0,,0.95,0.0,0.0,,76,0
oscillation,-1,reference_only,0.01,77,0.5,0.5,0.5,0.0,,0.95,0.0,0.0,,77,0
oscillation,-1,reference_only,0.01,78,0.5,0.5,0.5,0.0,,0.95,0.0,0.0,,78,0
oscillation,-1,reference_only,0.01,79,0.5,0.5,0.5,0.0,,0.95,0.0,0.0,,79,0
oscillation,-1,reference_only,0.01,80,0.5,0.5,0.5,0.0,,0.95,0.0,0.0,,80,0
oscillation,-1,gated,0.024,1,0.5,0.5,0.5,0.0,,0.95,0.0,0.0,,1,0
oscillation,-1,gated,0.024,2,0.5,0.5,0.5,0.0,,0.95,0.0,0.0,,2,0
oscillation,-1,gated,0.024,3,0.5,0.5,0.5,0.0,,0.95,0.0,0.0,,3,0
oscillation,-1,gated,0.024,4,0.5,0.5,0.5,0.0,,0.95,0.0,0.0,,4,0
oscillation,-1,gated,0.024,5,0.5,0.5,0.5,0.0,,0.95,0.0,0.0,,5,0
oscillation,-1,gated,0.024,6,0.5,0.5,0.5,0.0,,0.95,0.0,0.0,,6,0
oscillation,-1,gated,0.024,7,0.5,0.5,0.5,0.0,,0.95,0.0,0.0,,7,0
oscillation,-1,gated,0.024,8,0.5,0.5,0.5,0.0,,0.95,0.0,0.0,,8,0
oscillation,-1,gated,0.024,9,0.5,0.5,0.5,0.0,,0.95,0.0,0.0,,9,0
oscillation,-1,gated,0.024,10,0.5,0.5,0.5,0.0,,0.95,0.0,0.0,,10,0
oscillation,-1,gated,0.024,11,0.5,0.5,0.5,0.0,,0.95,0.0,0.0,,11,0
oscillation,-1,gated,0.024,12,0.5,0.5,0.5,0.0,,0.95,0.0,0.0,,12,0
oscillation,-1,gated,0.024,13,0.5,0.5,0.5,0.0,,0.95,0.0,0.0,,13,0
oscillation,-1,gated,0.024,14,0.5,0.5,0.5,0.0,,0.95,0.0,0.0,,14,0
oscillation,-1,gated,0.024,15,0.5,0.5,0.5,0.0,,0.95,0.0,0.0,,15,0
oscillation,-1,gated,0.024,16,0.5,0.5,0.5,0.0,,0.95,0.0,0.0,,16,0
oscillation,-1,gated,0.024,17,0.5,0.5,0.5,0.0,,0.95,0.0,0.0,,17,0
oscillation,-1,gated,0.024,18,0.5,0.5,0.5,0.0,,0.95,0.0,0.0,,18,0
oscillation,-1,gated,0.024,19,0.5,0.5,0.5,0.0,,0.95,0.0,0.0,,19,0
oscillation,-1,gated,0.024,20,0.5,0.5,0.5,0.0,,0.95,0.0,0.0,,20,0
oscillation,-1,gated,0.024,21,0.5,0.5,0.5,0.0,,0.95,0.0,0.0,,21,0
oscillation,-1,gated,0.024,22,0.5,0.5,0.5,0.0,,0.95,0.0,0.0,,22,0
oscillation,-1,gated,0.024,23,0.5,0.5,0.5,0.0,,0.95,0.0,0.0,,23,0
oscillation,-1,gated,0.024,24,0.5,0.5,0.5,0.0,,0.95,0.0,0.0,,24,0
oscillation,-1,gated,0.024,25,0.5,0.5,0.5,0.0,,0.95,0.0,0.0,,25,0
oscillation,-1,gated,0.024,26,0.5,0.5,0.5,0.0,,0.95,0.0,0.0,,26,0
oscillation,-1,gated,0.024,27,0.5,0.5,0.5,0.0,,0.95,0.0,0.0,,27,0
oscillation,-1,gated,0.024,28,0.5,0.5,0.5,0.0,,0.95,0.0,0.0,,28,0
oscillation,-1,gated,0.024,29,0.5,0.5,0.5,0.0,,0.95,0.0,0.0,,29,0
oscillation,-1,gated,0.024,30,0.5,0.5,0.5,0.0,,0.95,0.0,0.0,,30,0
oscillation,-1,gated,0.024,31,0.5,0.5,0.5,0.0,,0.95,0.0,0.0,,31,0
oscillation,-1,gated,0.024,32,0.5,0.5,0.5,0.0,,0.95,0.0,0.0,,32,0
oscillation,-1,gated,0.024,33,0.5,0.5,0.5,0.0,,0.95,0.0,0.0,,33,0
oscillation,-1,gated,0.024,34,0.5,0.5,0.5,0.0,,0.95,0.0,0.0,,34,0
oscillation,-1,gated,0.024,35,0.5,0.5,0.5,0.0,,0.95,0.0,0.0,,35,0
oscillation,-1,gated,0.024,36,0.5,0.5,0.5,0.0,,0.95,0.0,0.0,,36,0
oscillation,-1,gated,0.024,37,0.5,0.5,0.5,0.0,,0.95,0.0,0.0,,37,0
oscillation,-1,gated,0.024,38,0.5,0.5,0.5,0.0,,0.95,0.0,0.0,,38,0
oscillation,-1,gated,0.024,39,0.5,0.5,0.5,0.0,,0.95,0.0,0.0,,39,0
oscillation,-1,gated,0.024,40,0.5,0.5,0.5,0.0,,0.95,0.0,0.0,,40,0
oscillation,-1,gated,0.024,41,0.5,0.5,0.5,0.0,,0.95,0.0,0.0,,41,0
oscillation,-1,gated,0.024,42,0.5,0.5,0.5,0.0,,0.95,0.0,0.0,,42,0
oscillation,-1,gated,0.024,43,0.5,0.5,0.5,0.0,,0.95,0.0,0.0,,43,0
oscillation,-1,gated,0.024,44,0.5,0.5,0.5,0.0,,0.95,0.0,0.0,,44,0
oscillation,-1,gated,0.024,45,0.5,0.5,0.5,0.0,,0.95,0.0,0.0,,45,0
oscillation,-1,gated,0.024,46,0.5,0.5,0.5,0.0,,0.95,0.0,0.0,,46,0
oscillation,-1,gated,0.024,47,0.5,0.5,0.5,0.0,,0.95,0.0,0.0,,47,0
oscillation,-1,gated,0.024,48,0.5,0.5,0.5,0.0,,0.95,0.0,0.0,,48,0
oscillation,-1,gated,0.024,49,0.5,0.5,0.5,0.0,,0.95,0.0,0.0,,49,0
oscillation,-1,gated,0.024,50,0.5,0.5,0.5,0.0,,0.95,0.0,0.0,,50,0
oscillation,-1,gated,0.024,51,0.5,0.5,0.5,0.0,,0.95,0.0,0.0,,51,0
oscillation,-1,gated,0.024,52,0.5,0.5,0.5,0.0,,0.95,0.0,0.0,,52,0
oscillation,-1,gated,0.024,53,0.5,0.5,0.5,0.0,,0.95,0.0,0.0,,53,0
oscillation,-1,gated,0.024,54,0.5,0.5,0.5,0.0,,0.95,0.0,0.0,,54,0
oscillation,-1,gated,0.024,55,0.5,0.5,0.5,0.0,,0.95,0.0,0.0,,55,0
oscillation,-1,gated,0.024,56,0.5,0.5,0.5,0.0,,0.95,0.0,0.0,,56,0
oscillation,-1,gated,0.024,57,0.5,0.5,0.5,0.0,,0.95,0.0,0.0,,57,0
oscillation,-1,gated,0.024,58,0.5,0.5,0.5,0.0,,0.95,0.0,0.0,,58,0
oscillation,-1,gated,0.024,59,0.5,0.5,0.5,0.0,,0.95,0.0,0.0,,59,0
oscillation,-1,gated,0.024,60,0.5,0.5,0.5,0.0,,0.95,0.0,0.0,,60,0
oscillation,-1,gated,0.024,61,0.5,0.5,0.5,0.0,,0.95,0.0,0.0,,61,0
oscillation,-1,gated,0.024,62,0.5,0.5,0.5,0.0,,0.95,0.0,0.0,,62,0
oscillation,-1,gated,0.024,63,0.5,0.5,0.5,0.0,,0.95,0.0,0.0,,63,0
oscillation,-1,gated,0.024,64,0.5,0.5,0.5,0.0,,0.95,0.0,0.0,,64,0
oscillation,-1,gated,0.024,65,0.5,0.5,0.5,0.0,,0.95,0.0,0.0,,65,0
oscillation,-1,gated,0.024,66,0.5,0.5,0.5,0.0,,0.95,0.0,0.0,,66,0
oscillation,-1,gated,0.024,67,0.5,0.5,0.5,0.0,,0.95,0.0,0.0,,67,0
oscillation,-1,gated,0.024,68,0.5,0.5,0.5,0.0,,0.95,0.0,0.0,,68,0
oscillation,-1,gated,0.024,69,0.5,0.5,0.5,0.0,,0.95,0.0,0.0,,69,0
oscillation,-1,gated,0.024,70,0.5,0.5,0.5,0.0,,0.95,0.0,0.0,,70,0
oscillation,-1,gated,0.024,71,0.5,0.5,0.5,0.0,,0.95,0.0,0.0,,71,0
oscillation,-1,gated,0.024,72,0.5,0.5,0.5,0.0,,0.95,0.0,0.0,,72,0
oscillation,-1,gated,0.024,73,0.5,0.5,0.5,0.0,,0.95,0.0,0.0,,73,0
oscillation,-1,gated,0.024,74,0.5,0.5,0.5,0.0,,0.95,0.0,0.0,,74,0
oscillation,-1,gated,0.024,75,0.5,0.5,0.5,0.0,,0.95,0.0,0.0,,75,0
oscillation,-1,gated,0.024,76,0.5,0.5,0.5,0.0,,0.95,0.0,0.0,,76,0
oscillation,-1,gated,0.024,77,0.5,0.5,0.5,0.0,,0.95,0.0,0.0,,77,0
oscillation,-1,gated,0.024,78,0.5,0.5,0.5,0.0,,0.95,0.0,0.0,,78,0
oscillation,-1,gated,0.024,79,0.5,0.5,0.5,0.0,,0.95,0.0,0.0,,79,0
oscillation,-1,gated,0.024,80,0.5,0.5,0.5,0.0,,0.95,0.0,0.0,,80,0
oscillation,-1,accept_all,0.024,1,0.5,0.5,0.45,0.04999999999999999,0.95,0.95,1.0,0.04999999999999999,,0,0
oscillation,-1,accept_all,0.024,2,0.5,0.5,0.55,0.10000000000000003,0.8999999999999999,0.8999999999999999,1.0,0.050000000000000044,,0,0
oscillation,-1,accept_all,0.024,3,0.5,0.5,0.45,0.10000000000000003,0.8999999999999999,0.8999999999999999,1.0,0.04999999999999999,,0,0
oscillation,-1,accept_all,0.024,4,0.5,0.5,0.55,0.10000000000000003,0.8999999999999999,0.8999999999999999,1.0,0.050000000000000044,,0,0
oscillation,-1,accept_all,0.024,5,0.5,0.5,0.45,0.10000000000000003,0.8999999999999999,0.8999999999999999,1.0,0.04999999999999999,,0,0
oscillation,-1,accept_all,0.024,6,0.5,0.5,0.55,0.10000000000000003,0.8999999999999999,0.8999999999999999,1.0,0.050000000000000044,,0,0
oscillation,-1,accept_all,0.024,7,0.5,0.5,0.45,0.10000000000000003,0.8999999999999999,0.8999999999999999,1.0,0.04999999999999999,,0,0
oscillation,-1,accept_all,0.024,8,0.5,0.5,0.55,0.10000000000000003,0.8999999999999999,0.8999999999999999,1.0,0.050000000000000044,,0,0
oscillation,-1,accept_all,0.024,9,0.5,0.5,0.45,0.10000000000000003,0.8999999999999999,0.8999999999999999,1.0,0.04999999999999999,,0,0
oscillation,-1,accept_all,0.024,10,0.5,0.5,0.55,0.10000000000000003,0.8999999999999999,0.8999999999999999,1.0,0.050000000000000044,,0,0
oscillation,-1,accept_all,0.024,11,0.5,0.5,0.45,0.10000000000000003,0.8999999999999999,0.8999999999999999,1.0,0.04999999999999999,,0,0
oscillation,-1,accept_all,0.024,12,0.5,0.5,0.55,0.10000000000000003,0.8999999999999999,0.8999999999999999,1.0,0.050000000000000044,,0,0
oscillation,-1,accept_all,0.024,13,0.5,0.5,0.45,0.10000000000000003,0.8999999999999999,0.8999999999999999,1.0,0.04999999999999999,,0,0
oscillation,-1,accept_all,0.024,14,0.5,0.5,0.55,0.10000000000000003,0.8999999999999999,0.8999999999999999,1.0,0.050000000000000044,,0,0
oscillation,-1,accept_all,0.024,15,0.5,0.5,0.45,0.10000000000000003,0.8999999999999999,0.8999999999999999,1.0,0.04999999999999999,,0,0
oscillation,-1,accept_all,0.024,16,0.5,0.5,0.55,0.10000000000000003,0.8999999999999999,0.8999999999999999,1.0,0.050000000000000044,,0,0
oscillation,-1,accept_all,0.024,17,0.5,0.5,0.45,0.10000000000000003,0.8999999999999999,0.8999999999999999,1.0,0.04999999999999999,,0,0
oscillation,-1,accept_all,0.024,18,0.5,0.5,0.55,0.10000000000000003,0.8999999999999999,0.8999999999999999,1.0,0.050000000000000044,,0,0
oscillation,-1,accept_all,0.024,19,0.5,0.5,0.45,0.10000000000000003,0.8999999999999999,0.8999999999999999,1.0,0.04999999999999999,,0,0
oscillation,-1,accept_all,0.024,20,0.5,0.5,0.55,0.10000000000000003,0.8999999999999999,0.8999999999999999,1.0,0.050000000000000044,,0,0
oscillation,-1,accept_all,0.024,21,0.5,0.5,0.45,0.10000000000000003,0.8999999999999999,0.8999999999999999,1.0,0.04999999999999999,,0,0
oscillation,-1,accept_all,0.024,22,0.5,0.5,0.55,0.10000000000000003,0.8999999999999999,0.8999999999999999,1.0,0.050000000000000044,,0,0
oscillation,-1,accept_all,0.024,23,0.5,0.5,0.45,0.10000000000000003,0.8999999999999999,0.8999999999999999,1.0,0.04999999999999999,,0,0
oscillation,-1,accept_all,0.024,24,0.5,0.5,0.55,0.10000000000000003,0.8999999999999999,0.8999999999999999,1.0,0.050000000000000044,,0,0
oscillation,-1,accept_all,0.024,25,0.5,0.5,0.45,0.10000000000000003,0.8999999999999999,0.8999999999999999,1.0,0.04999999999999999,,0,0
oscillation,-1,accept_all,0.024,26,0.5,0.5,0.55,0.10000000000000003,0.8999999999999999,0.8999999999999999,1.0,0.050000000000000044,,0,0
oscillation,-1,accept_all,0.024,27,0.5,0.5,0.45,0.10000000000000003,0.8999999999999999,0.8999999999999999,1.0,0.04999999999999999,,0,0
oscillation,-1,accept_all,0.024,28,0.5,0.5,0.55,0.10000000000000003,0.8999999999999999,0.8999999999999999,1.0,0.050000000000000044,,0,0
oscillation,-1,accept_all,0.024,29,0.5,0.5,0.45,0.10000000000000003,0.8999999999999999,0.8999999999999999,1.0,0.04999999999999999,,0,0
oscillation,-1,accept_all,0.024,30,0.5,0.5,0.55,0.10000000000000003,0.8999999999999999,0.8999999999999999,1.0,0.050000000000000044,,0,0
oscillation,-1,accept_all,0.024,31,0.5,0.5,0.45,0.10000000000000003,0.8999999999999999,0.8999999999999999,1.0,0.04999999999999999,,0,0
oscillation,-1,accept_all,0.024,32,0.5,0.5,0.55,0.10000000000000003,0.8999999999999999,0.8999999999999999,1.0,0.050000000000000044,,0,0
oscillation,-1,accept_all,0.024,33,0.5,0.5,0.45,0.10000000000000003,0.8999999999999999,0.8999999999999999,1.0,0.04999999999999999,,0,0
oscillation,-1,accept_all,0.024,34,0.5,0.5,0.55,0.10000000000000003,0.8999999999999999,0.8999999999999999,1.0,0.050000000000000044,,0,0
oscillation,-1,accept_all,0.024,35,0.5,0.5,0.45,0.10000000000000003,0.8999999999999999,0.8999999999999999,1.0,0.04999999999999999,,0,0
oscillation,-1,accept_all,0.024,36,0.5,0.5,0.55,0.10000000000000003,0.8999999999999999,0.8999999999999999,1.0,0.050000000000000044,,0,0
oscillation,-1,accept_all,0.024,37,0.5,0.5,0.45,0.10000000000000003,0.8999999999999999,0.8999999999999999,1.0,0.04999999999999999,,0,0
oscillation,-1,accept_all,0.024,38,0.5,0.5,0.55,0.10000000000000003,0.8999999999999999,0.8999999999999999,1.0,0.050000000000000044,,0,0
oscillation,-1,accept_all,0.024,39,0.5,0.5,0.45,0.10000000000000003,0.8999999999999999,0.8999999999999999,1.0,0.04999999999999999,,0,0
oscillation,-1,accept_all,0.024,40,0.5,0.5,0.55,0.10000000000000003,0.8999999999999999,0.8999999999999999,1.0,0.050000000000000044,,0,0
oscillation,-1,accept_all,0.024,41,0.5,0.5,0.45,0.10000000000000003,0.8999999999999999,0.8999999999999999,1.0,0.04999999999999999,,0,0
oscillation,-1,accept_all,0.024,42,0.5,0.5,0.55,0.10000000000000003,0.8999999999999999,0.8999999999999999,1.0,0.050000000000000044,,0,0
oscillation,-1,accept_all,0.024,43,0.5,0.5,0.45,0.10000000000000003,0.8999999999999999,0.8999999999999999,1.0,0.04999999999999999,,0,0
oscillation,-1,accept_all,0.024,44,0.5,0.5,0.55,0.10000000000000003,0.8999999999999999,0.8999999999999999,1.0,0.050000000000000044,,0,0
oscillation,-1,accept_all,0.024,45,0.5,0.5,0.45,0.10000000000000003,0.8999999999999999,0.8999999999999999,1.0,0.04999999999999999,,0,0
oscillation,-1,accept_all,0.024,46,0.5,0.5,0.55,0.10000000000000003,0.8999999999999999,0.8999999999999999,1.0,0.050000000000000044,,0,0
oscillation,-1,accept_all,0.024,47,0.5,0.5,0.45,0.10000000000000003,0.8999999999999999,0.8999999999999999,1.0,0.04999999999999999,,0,0
oscillation,-1,accept_all,0.024,48,0.5,0.5,0.55,0.10000000000000003,0.8999999999999999,0.8999999999999999,1.0,0.050000000000000044,,0,0
oscillation,-1,accept_all,0.024,49,0.5,0.5,0.45,0.10000000000000003,0.8999999999999999,0.8999999999999999,1.0,0.04999999999999999,,0,0
oscillation,-1,accept_all,0.024,50,0.5,0.5,0.55,0.10000000000000003,0.8999999999999999,0.8999999999999999,1.0,0.050000000000000044,,0,0
oscillation,-1,accept_all,0.024,51,0.5,0.5,0.45,0.10000000000000003,0.8999999999999999,0.8999999999999999,1.0,0.04999999999999999,,0,0
oscillation,-1,accept_all,0.024,52,0.5,0.5,0.55,0.10000000000000003,0.8999999999999999,0.8999999999999999,1.0,0.050000000000000044,,0,0
oscillation,-1,accept_all,0.024,53,0.5,0.5,0.45,0.10000000000000003,0.8999999999999999,0.8999999999999999,1.0,0.04999999999999999,,0,0
oscillation,-1,accept_all,0.024,54,0.5,0.5,0.55,0.10000000000000003,0.8999999999999999,0.8999999999999999,1.0,0.050000000000000044,,0,0
oscillation,-1,accept_all,0.024,55,0.5,0.5,0.45,0.10000000000000003,0.8999999999999999,0.8999999999999999,1.0,0.04999999999999999,,0,0
oscillation,-1,accept_all,0.024,56,0.5,0.5,0.55,0.10000000000000003,0.8999999999999999,0.8999999999999999,1.0,0.050000000000000044,,0,0
oscillation,-1,accept_all,0.024,57,0.5,0.5,0.45,0.10000000000000003,0.8999999999999999,0.8999999999999999,1.0,0.04999999999999999,,0,0
oscillation,-1,accept_all,0.024,58,0.5,0.5,0.55,0.10000000000000003,0.8999999999999999,0.8999999999999999,1.0,0.050000000000000044,,0,0
oscillation,-1,accept_all,0.024,59,0.5,0.5,0.45,0.10000000000000003,0.8999999999999999,0.8999999999999999,1.0,0.04999999999999999,,0,0
oscillation,-1,accept_all,0.024,60,0.5,0.5,0.55,0.10000000000000003,0.8999999999999999,0.8999999999999999,1.0,0.050000000000000044,,0,0
oscillation,-1,accept_all,0.024,61,0.5,0.5,0.45,0.10000000000000003,0.8999999999999999,0.8999999999999999,1.0,0.04999999999999999,,0,0
oscillation,-1,accept_all,0.024,62,0.5,0.5,0.55,0.10000000000000003,0.8999999999999999,0.8999999999999999,1.0,0.050000000000000044,,0,0
oscillation,-1,accept_all,0.024,63,0.5,0.5,0.45,0.10000000000000003,0.8999999999999999,0.8999999999999999,1.0,0.04999999999999999,,0,0
oscillation,-1,accept_all,0.024,64,0.5,0.5,0.55,0.10000000000000003,0.8999999999999999,0.8999999999999999,1.0,0.050000000000000044,,0,0
oscillation,-1,accept_all,0.024,65,0.5,0.5,0.45,0.10000000000000003,0.8999999999999999,0.8999999999999999,1.0,0.04999999999999999,,0,0
oscillation,-1,accept_all,0.024,66,0.5,0.5,0.55,0.10000000000000003,0.8999999999999999,0.8999999999999999,1.0,0.050000000000000044,,0,0
oscillation,-1,accept_all,0.024,67,0.5,0.5,0.45,0.10000000000000003,0.8999999999999999,0.8999999999999999,1.0,0.04999999999999999,,0,0
oscillation,-1,accept_all,0.024,68,0.5,0.5,0.55,0.10000000000000003,0.8999999999999999,0.8999999999999999,1.0,0.050000000000000044,,0,0
oscillation,-1,accept_all,0.024,69,0.5,0.5,0.45,0.10000000000000003,0.8999999999999999,0.8999999999999999,1.0,0.04999999999999999,,0,0
oscillation,-1,accept_all,0.024,70,0.5,0.5,0.55,0.10000000000000003,0.8999999999999999,0.8999999999999999,1.0,0.050000000000000044,,0,0
oscillation,-1,accept_all,0.024,71,0.5,0.5,0.45,0.10000000000000003,0.8999999999999999,0.8999999999999999,1.0,0.04999999999999999,,0,0
oscillation,-1,accept_all,0.024,72,0.5,0.5,0.55,0.10000000000000003,0.8999999999999999,0.8999999999999999,1.0,0.050000000000000044,,0,0
oscillation,-1,accept_all,0.024,73,0.5,0.5,0.45,0.10000000000000003,0.8999999999999999,0.8999999999999999,1.0,0.04999999999999999,,0,0
oscillation,-1,accept_all,0.024,74,0.5,0.5,0.55,0.10000000000000003,0.8999999999999999,0.8999999999999999,1.0,0.050000000000000044,,0,0
oscillation,-1,accept_all,0.024,75,0.5,0.5,0.45,0.10000000000000003,0.8999999999999999,0.8999999999999999,1.0,0.04999999999999999,,0,0
oscillation,-1,accept_all,0.024,76,0.5,0.5,0.55,0.10000000000000003,0.8999999999999999,0.8999999999999999,1.0,0.050000000000000044,,0,0
oscillation,-1,accept_all,0.024,77,0.5,0.5,0.45,0.10000000000000003,0.8999999999999999,0.8999999999999999,1.0,0.04999999999999999,,0,0
oscillation,-1,accept_all,0.024,78,0.5,0.5,0.55,0.10000000000000003,0.8999999999999999,0.8999999999999999,1.0,0.050000000000000044,,0,0
oscillation,-1,accept_all,0.024,79,0.5,0.5,0.45,0.10000000000000003,0.8999999999999999,0.8999999999999999,1.0,0.04999999999999999,,0,0
oscillation,-1,accept_all,0.024,80,0.5,0.5,0.55,0.10000000000000003,0.8999999999999999,0.8999999999999999,1.0,0.050000000000000044,,0,0
oscillation,-1,reference_only,0.024,1,0.5,0.5,0.5,0.0,,0.95,0.0,0.0,,1,0
oscillation,-1,reference_only,0.024,2,0.5,0.5,0.5,0.0,,0.95,0.0,0.0,,2,0
oscillation,-1,reference_only,0.024,3,0.5,0.5,0.5,0.0,,0.95,0.0,0.0,,3,0
oscillation,-1,reference_only,0.024,4,0.5,0.5,0.5,0.0,,0.95,0.0,0.0,,4,0
oscillation,-1,reference_only,0.024,5,0.5,0.5,0.5,0.0,,0.95,0.0,0.0,,5,0
oscillation,-1,reference_only,0.024,6,0.5,0.5,0.5,0.0,,0.95,0.0,0.0,,6,0
oscillation,-1,reference_only,0.024,7,0.5,0.5,0.5,0.0,,0.95,0.0,0.0,,7,0
oscillation,-1,reference_only,0.024,8,0.5,0.5,0.5,0.0,,0.95,0.0,0.0,,8,0
oscillation,-1,reference_only,0.024,9,0.5,0.5,0.5,0.0,,0.95,0.0,0.0,,9,0
oscillation,-1,reference_only,0.024,10,0.5,0.5,0.5,0.0,,0.95,0.0,0.0,,10,0
oscillation,-1,reference_only,0.024,11,0.5,0.5,0.5,0.0,,0.95,0.0,0.0,,11,0
oscillation,-1,reference_only,0.024,12,0.5,0.5,0.5,0.0,,0.95,0.0,0.0,,12,0
oscillation,-1,reference_only,0.024,13,0.5,0.5,0.5,0.0,,0.95,0.0,0.0,,13,0
oscillation,-1,reference_only,0.024,14,0.5,0.5,0.5,0.0,,0.95,0.0,0.0,,14,0
oscillation,-1,reference_only,0.024,15,0.5,0.5,0.5,0.0,,0.95,0.0,0.0,,15,0
oscillation,-1,reference_only,0.024,16,0.5,0.5,0.5,0.0,,0.95,0.0,0.0,,16,0
oscillation,-1,reference_only,0.024,17,0.5,0.5,0.5,0.0,,0.95,0.0,0.0,,17,0
oscillation,-1,reference_only,0.024,18,0.5,0.5,0.5,0.0,,0.95,0.0,0.0,,18,0
oscillation,-1,reference_only,0.024,19,0.5,0.5,0.5,0.0,,0.95,0.0,0.0,,19,0
oscillation,-1,reference_only,0.024,20,0.5,0.5,0.5,0.0,,0.95,0.0,0.0,,20,0
oscillation,-1,reference_only,0.024,21,0.5,0.5,0.5,0.0,,0.95,0.0,0.0,,21,0
oscillation,-1,reference_only,0.024,22,0.5,0.5,0.5,0.0,,0.95,0.0,0.0,,22,0
oscillation,-1,reference_only,0.024,23,0.5,0.5,0.5,0.0,,0.95,0.0,0.0,,23,0
oscillation,-1,reference_only,0.024,24,0.5,0.5,0.5,0.0,,0.95,0.0,0.0,,24,0
oscillation,-1,reference_only,0.024,25,0.5,0.5,0.5,0.0,,0.95,0.0,0.0,,25,0
oscillation,-1,reference_only,0.024,26,0.5,0.5,0.5,0.0,,0.95,0.0,0.0,,26,0
oscillation,-1,reference_only,0.024,27,0.5,0.5,0.5,0.0,,0.95,0.0,0.0,,27,0
oscillation,-1,reference_only,0.024,28,0.5,0.5,0.5,0.0,,0.95,0.0,0.0,,28,0
oscillation,-1,reference_only,0.024,29,0.5,0.5,0.5,0.0,,0.95,0.0,0.0,,29,0
oscillation,-1,reference_only,0.024,30,0.5,0.5,0.5,0.0,,0.95,0.0,0.0,,30,0
oscillation,-1,reference_only,0.024,31,0.5,0.5,0.5,0.0,,0.95,0.0,0.0,,31,0
oscillation,-1,reference_only,0.024,32,0.5,0.5,0.5,0.0,,0.95,0.0,0.0,,32,0
oscillation,-1,reference_only,0.024,33,0.5,0.5,0.5,0.0,,0.95,0.0,0.0,,33,0
oscillation,-1,reference_only,0.024,34,0.5,0.5,0.5,0.0,,0.95,0.0,0.0,,34,0
oscillation,-1,reference_only,0.024,35,0.5,0.5,0.5,0.0,,0.95,0.0,0.0,,35,0
oscillation,-1,reference_only,0.024,36,0.5,0.5,0.5,0.0,,0.95,0.0,0.0,,36,0
oscillation,-1,reference_only,0.024,37,0.5,0.5,0.5,0.0,,0.95,0.0,0.0,,37,0
oscillation,-1,reference_only,0.024,38,0.5,0.5,0.5,0.0,,0.95,0.0,0.0,,38,0
oscillation,-1,reference_only,0.024,39,0.5,0.5,0.5,0.0,,0.95,0.0,0.0,,39,0
oscillation,-1,reference_only,0.024,40,0.5,0.5,0.5,0.0,,0.95,0.0,0.0,,40,0
oscillation,-1,reference_only,0.024,41,0.5,0.5,0.5,0.0,,0.95,0.0,0.0,,41,0
oscillation,-1,reference_only,0.024,42,0.5,0.5,0.5,0.0,,0.95,0.0,0.0,,42,0
oscillation,-1,reference_only,0.024,43,0.5,0.5,0.5,0.0,,0.95,0.0,0.0,,43,0
oscillation,-1,reference_only,0.024,44,0.5,0.5,0.5,0.0,,0.95,0.0,0.0,,44,0
oscillation,-1,reference_only,0.024,45,0.5,0.5,0.5,0.0,,0.95,0.0,0.0,,45,0
oscillation,-1,reference_only,0.024,46,0.5,0.5,0.5,0.0,,0.95,0.0,0.0,,46,0
oscillation,-1,reference_only,0.024,47,0.5,0.5,0.5,0.0,,0.95,0.0,0.0,,47,0
oscillation,-1,reference_only,0.024,48,0.5,0.5,0.5,0.0,,0.95,0.0,0.0,,48,0
oscillation,-1,reference_only,0.024,49,0.5,0.5,0.5,0.0,,0.95,0.0,0.0,,49,0
oscillation,-1,reference_only,0.024,50,0.5,0.5,0.5,0.0,,0.95,0.0,0.0,,50,0
oscillation,-1,reference_only,0.024,51,0.5,0.5,0.5,0.0,,0.95,0.0,0.0,,51,0
oscillation,-1,reference_only,0.024,52,0.5,0.5,0.5,0.0,,0.95,0.0,0.0,,52,0
oscillation,-1,reference_only,0.024,53,0.5,0.5,0.5,0.0,,0.95,0.0,0.0,,53,0
oscillation,-1,reference_only,0.024,54,0.5,0.5,0.5,0.0,,0.95,0.0,0.0,,54,0
oscillation,-1,reference_only,0.024,55,0.5,0.5,0.5,0.0,,0.95,0.0,0.0,,55,0
oscillation,-1,reference_only,0.024,56,0.5,0.5,0.5,0.0,,0.95,0.0,0.0,,56,0
oscillation,-1,reference_only,0.024,57,0.5,0.5,0.5,0.0,,0.95,0.0,0.0,,57,0
oscillation,-1,reference_only,0.024,58,0.5,0.5,0.5,0.0,,0.95,0.0,0.0,,58,0
oscillation,-1,reference_only,0.024,59,0.5,0.5,0.5,0.0,,0.95,0.0,0.0,,59,0
oscillation,-1,reference_only,0.024,60,0.5,0.5,0.5,0.0,,0.95,0.0,0.0,,60,0
oscillation,-1,reference_only,0.024,61,0.5,0.5,0.5,0.0,,0.95,0.0,0.0,,61,0
oscillation,-1,reference_only,0.024,62,0.5,0.5,0.5,0.0,,0.95,0.0,0.0,,62,0
oscillation,-1,reference_only,0.024,63,0.5,0.5,0.5,0.0,,0.95,0.0,0.0,,63,0
oscillation,-1,reference_only,0.024,64,0.5,0.5,0.5,0.0,,0.95,0.0,0.0,,64,0
oscillation,-1,reference_only,0.024,65,0.5,0.5,0.5,0.0,,0.95,0.0,0.0,,65,0
oscillation,-1,reference_only,0.024,66,0.5,0.5,0.5,0.0,,0.95,0.0,0.0,,66,0
oscillation,-1,reference_only,0.024,67,0.5,0.5,0.5,0.0,,0.95,0.0,0.0,,67,0
oscillation,-1,reference_only,0.024,68,0.5,0.5,0.5,0.0,,0.95,0.0,0.0,,68,0
oscillation,-1,reference_only,0.024,69,0.5,0.5,0.5,0.0,,0.95,0.0,0.0,,69,0
oscillation,-1,reference_only,0.024,70,0.5,0.5,0.5,0.0,,0.95,0.0,0.0,,70,0
oscillation,-1,reference_only,0.024,71,0.5,0.5,0.5,0.0,,0.95,0.0,0.0,,71,0
oscillation,-1,reference_only,0.024,72,0.5,0.5,0.5,0.0,,0.95,0.0,0.0,,72,0
oscillation,-1,reference_only,0.024,73,0.5,0.5,0.5,0.0,,0.95,0.0,0.0,,73,0
oscillation,-1,reference_only,0.024,74,0.5,0.5,0.5,0.0,,0.95,0.0,0.0,,74,0
oscillation,-1,reference_only,0.024,75,0.5,0.5,0.5,0.0,,0.95,0.0,0.0,,75,0
oscillation,-1,reference_only,0.024,76,0.5,0.5,0.5,0.0,,0.95,0.0,0.0,,76,0
oscillation,-1,reference_only,0.024,77,0.5,0.5,0.5,0.0,,0.95,0.0,0.0,,77,0
oscillation,-1,reference_only,0.024,78,0.5,0.5,0.5,0.0,,0.95,0.0,0.0,,78,0
oscillation,-1,reference_only,0.024,79,0.5,0.5,0.5,0.0,,0.95,0.0,0.0,,79,0
oscillation,-1,reference_only,0.024,80,0.5,0.5,0.5,0.0,,0.95,0.0,0.0,,80,0
oscillation,-1,gated,0.026,1,0.5,0.5,0.5,0.0,,0.95,0.0,0.0,,1,0
oscillation,-1,gated,0.026,2,0.5,0.5,0.5,0.0,,0.95,0.0,0.0,,2,0
oscillation,-1,gated,0.026,3,0.5,0.5,0.5,0.0,,0.95,0.0,0.0,,3,0
oscillation,-1,gated,0.026,4,0.5,0.5,0.5,0.0,,0.95,0.0,0.0,,4,0
oscillation,-1,gated,0.026,5,0.5,0.5,0.5,0.0,,0.95,0.0,0.0,,5,0
oscillation,-1,gated,0.026,6,0.5,0.5,0.5,0.0,,0.95,0.0,0.0,,6,0
oscillation,-1,gated,0.026,7,0.5,0.5,0.5,0.0,,0.95,0.0,0.0,,7,0
oscillation,-1,gated,0.026,8,0.5,0.5,0.5,0.0,,0.95,0.0,0.0,,8,0
oscillation,-1,gated,0.026,9,0.5,0.5,0.5,0.0,,0.95,0.0,0.0,,9,0
oscillation,-1,gated,0.026,10,0.5,0.5,0.5,0.0,,0.95,0.0,0.0,,10,0
oscillation,-1,gated,0.026,11,0.5,0.5,0.5,0.0,,0.95,0.0,0.0,,11,0
oscillation,-1,gated,0.026,12,0.5,0.5,0.5,0.0,,0.95,0.0,0.0,,12,0
oscillation,-1,gated,0.026,13,0.5,0.5,0.5,0.0,,0.95,0.0,0.0,,13,0
oscillation,-1,gated,0.026,14,0.5,0.5,0.5,0.0,,0.95,0.0,0.0,,14,0
oscillation,-1,gated,0.026,15,0.5,0.5,0.5,0.0,,0.95,0.0,0.0,,15,0
oscillation,-1,gated,0.026,16,0.5,0.5,0.5,0.0,,0.95,0.0,0.0,,16,0
oscillation,-1,gated,0.026,17,0.5,0.5,0.5,0.0,,0.95,0.0,0.0,,17,0
oscillation,-1,gated,0.026,18,0.5,0.5,0.5,0.0,,0.95,0.0,0.0,,18,0
oscillation,-1,gated,0.026,19,0.5,0.5,0.5,0.0,,0.95,0.0,0.0,,19,0
oscillation,-1,gated,0.026,20,0.5,0.5,0.5,0.0,,0.95,0.0,0.0,,20,0
oscillation,-1,gated,0.026,21,0.5,0.5,0.5,0.0,,0.95,0.0,0.0,,21,0
oscillation,-1,gated,0.026,22,0.5,0.5,0.5,0.0,,0.95,0.0,0.0,,22,0
oscillation,-1,gated,0.026,23,0.5,0.5,0.5,0.0,,0.95,0.0,0.0,,23,0
oscillation,-1,gated,0.026,24,0.5,0.5,0.5,0.0,,0.95,0.0,0.0,,24,0
oscillation,-1,gated,0.026,25,0.5,0.5,0.5,0.0,,0.95,0.0,0.0,,25,0
oscillation,-1,gated,0.026,26,0.5,0.5,0.5,0.0,,0.95,0.0,0.0,,26,0
oscillation,-1,gated,0.026,27,0.5,0.5,0.5,0.0,,0.95,0.0,0.0,,27,0
oscillation,-1,gated,0.026,28,0.5,0.5,0.5,0.0,,0.95,0.0,0.0,,28,0
oscillation,-1,gated,0.026,29,0.5,0.5,0.5,0.0,,0.95,0.0,0.0,,29,0
oscillation,-1,gated,0.026,30,0.5,0.5,0.5,0.0,,0.95,0.0,0.0,,30,0
oscillation,-1,gated,0.026,31,0.5,0.5,0.5,0.0,,0.95,0.0,0.0,,31,0
oscillation,-1,gated,0.026,32,0.5,0.5,0.5,0.0,,0.95,0.0,0.0,,32,0
oscillation,-1,gated,0.026,33,0.5,0.5,0.5,0.0,,0.95,0.0,0.0,,33,0
oscillation,-1,gated,0.026,34,0.5,0.5,0.5,0.0,,0.95,0.0,0.0,,34,0
oscillation,-1,gated,0.026,35,0.5,0.5,0.5,0.0,,0.95,0.0,0.0,,35,0
oscillation,-1,gated,0.026,36,0.5,0.5,0.5,0.0,,0.95,0.0,0.0,,36,0
oscillation,-1,gated,0.026,37,0.5,0.5,0.5,0.0,,0.95,0.0,0.0,,37,0
oscillation,-1,gated,0.026,38,0.5,0.5,0.5,0.0,,0.95,0.0,0.0,,38,0
oscillation,-1,gated,0.026,39,0.5,0.5,0.5,0.0,,0.95,0.0,0.0,,39,0
oscillation,-1,gated,0.026,40,0.5,0.5,0.5,0.0,,0.95,0.0,0.0,,40,0
oscillation,-1,gated,0.026,41,0.5,0.5,0.5,0.0,,0.95,0.0,0.0,,41,0
oscillation,-1,gated,0.026,42,0.5,0.5,0.5,0.0,,0.95,0.0,0.0,,42,0
oscillation,-1,gated,0.026,43,0.5,0.5,0.5,0.0,,0.95,0.0,0.0,,43,0
oscillation,-1,gated,0.026,44,0.5,0.5,0.5,0.0,,0.95,0.0,0.0,,44,0
oscillation,-1,gated,0.026,45,0.5,0.5,0.5,0.0,,0.95,0.0,0.0,,45,0
oscillation,-1,gated,0.026,46,0.5,0.5,0.5,0.0,,0.95,0.0,0.0,,46,0
oscillation,-1,gated,0.026,47,0.5,0.5,0.5,0.0,,0.95,0.0,0.0,,47,0
oscillation,-1,gated,0.026,48,0.5,0.5,0.5,0.0,,0.95,0.0,0.0,,48,0
oscillation,-1,gated,0.026,49,0.5,0.5,0.5,0.0,,0.95,0.0,0.0,,49,0
oscillation,-1,gated,0.026,50,0.5,0.5,0.5,0.0,,0.95,0.0,0.0,,50,0
oscillation,-1,gated,0.026,51,0.5,0.5,0.5,0.0,,0.95,0.0,0.0,,51,0
oscillation,-1,gated,0.026,52,0.5,0.5,0.5,0.0,,0.95,0.0,0.0,,52,0
oscillation,-1,gated,0.026,53,0.5,0.5,0.5,0.0,,0.95,0.0,0.0,,53,0
oscillation,-1,gated,0.026,54,0.5,0.5,0.5,0.0,,0.95,0.0,0.0,,54,0
oscillation,-1,gated,0.026,55,0.5,0.5,0.5,0.0,,0.95,0.0,0.0,,55,0
oscillation,-1,gated,0.026,56,0.5,0.5,0.5,0.0,,0.95,0.0,0.0,,56,0
oscillation,-1,gated,0.026,57,0.5,0.5,0.5,0.0,,0.95,0.0,0.0,,57,0
oscillation,-1,gated,0.026,58,0.5,0.5,0.5,0.0,,0.95,0.0,0.0,,58,0
oscillation,-1,gated,0.026,59,0.5,0.5,0.5,0.0,,0.95,0.0,0.0,,59,0
oscillation,-1,gated,0.026,60,0.5,0.5,0.5,0.0,,0.95,0.0,0.0,,60,0
oscillation,-1,gated,0.026,61,0.5,0.5,0.5,0.0,,0.95,0.0,0.0,,61,0
oscillation,-1,gated,0.026,62,0.5,0.5,0.5,0.0,,0.95,0.0,0.0,,62,0
oscillation,-1,gated,0.026,63,0.5,0.5,0.5,0.0,,0.95,0.0,0.0,,63,0
oscillation,-1,gated,0.026,64,0.5,0.5,0.5,0.0,,0.95,0.0,0.0,,64,0
oscillation,-1,gated,0.026,65,0.5,0.5,0.5,0.0,,0.95,0.0,0.0,,65,0
oscillation,-1,gated,0.026,66,0.5,0.5,0.5,0.0,,0.95,0.0,0.0,,66,0
oscillation,-1,gated,0.026,67,0.5,0.5,0.5,0.0,,0.95,0.0,0.0,,67,0
oscillation,-1,gated,0.026,68,0.5,0.5,0.5,0.0,,0.95,0.0,0.0,,68,0
oscillation,-1,gated,0.026,69,0.5,0.5,0.5,0.0,,0.95,0.0,0.0,,69,0
oscillation,-1,gated,0.026,70,0.5,0.5,0.5,0.0,,0.95,0.0,0.0,,70,0
oscillation,-1,gated,0.026,71,0.5,0.5,0.5,0.0,,0.95,0.0,0.0,,71,0
oscillation,-1,gated,0.026,72,0.5,0.5,0.5,0.0,,0.95,0.0,0.0,,72,0
oscillation,-1,gated,0.026,73,0.5,0.5,0.5,0.0,,0.95,0.0,0.0,,73,0
oscillation,-1,gated,0.026,74,0.5,0.5,0.5,0.0,,0.95,0.0,0.0,,74,0
oscillation,-1,gated,0.026,75,0.5,0.5,0.5,0.0,,0.95,0.0,0.0,,75,0
oscillation,-1,gated,0.026,76,0.5,0.5,0.5,0.0,,0.95,0.0,0.0,,76,0
oscillation,-1,gated,0.026,77,0.5,0.5,0.5,0.0,,0.95,0.0,0.0,,77,0
oscillation,-1,gated,0.026,78,0.5,0.5,0.5,0.0,,0.95,0.0,0.0,,78,0
oscillation,-1,gated,0.026,79,0.5,0.5,0.5,0.0,,0.95,0.0,0.0,,79,0
oscillation,-1,gated,0.026,80,0.5,0.5,0.5,0.0,,0.95,0.0,0.0,,80,0
oscillation,-1,accept_all,0.026,1,0.5,0.5,0.45,0.04999999999999999,0.95,0.95,1.0,0.04999999999999999,,0,0
oscillation,-1,accept_all,0.026,2,0.5,0.5,0.55,0.10000000000000003,0.8999999999999999,0.8999999999999999,1.0,0.050000000000000044,,0,0
oscillation,-1,accept_all,0.026,3,0.5,0.5,0.45,0.10000000000000003,0.8999999999999999,0.8999999999999999,1.0,0.04999999999999999,,0,0
oscillation,-1,accept_all,0.026,4,0.5,0.5,0.55,0.10000000000000003,0.8999999999999999,0.8999999999999999,1.0,0.050000000000000044,,0,0
oscillation,-1,accept_all,0.026,5,0.5,0.5,0.45,0.10000000000000003,0.8999999999999999,0.8999999999999999,1.0,0.04999999999999999,,0,0
oscillation,-1,accept_all,0.026,6,0.5,0.5,0.55,0.10000000000000003,0.8999999999999999,0.8999999999999999,1.0,0.050000000000000044,,0,0
oscillation,-1,accept_all,0.026,7,0.5,0.5,0.45,0.10000000000000003,0.8999999999999999,0.8999999999999999,1.0,0.04999999999999999,,0,0
oscillation,-1,accept_all,0.026,8,0.5,0.5,0.55,0.10000000000000003,0.8999999999999999,0.8999999999999999,1.0,0.050000000000000044,,0,0
oscillation,-1,accept_all,0.026,9,0.5,0.5,0.45,0.10000000000000003,0.8999999999999999,0.8999999999999999,1.0,0.04999999999999999,,0,0
oscillation,-1,accept_all,0.026,10,0.5,0.5,0.55,0.10000000000000003,0.8999999999999999,0.8999999999999999,1.0,0.050000000000000044,,0,0
oscillation,-1,accept_all,0.026,11,0.5,0.5,0.45,0.10000000000000003,0.8999999999999999,0.8999999999999999,1.0,0.04999999999999999,,0,0
oscillation,-1,accept_all,0.026,12,0.5,0.5,0.55,0.10000000000000003,0.8999999999999999,0.8999999999999999,1.0,0.050000000000000044,,0,0
oscillation,-1,accept_all,0.026,13,0.5,0.5,0.45,0.10000000000000003,0.8999999999999999,0.8999999999999999,1.0,0.04999999999999999,,0,0
oscillation,-1,accept_all,0.026,14,0.5,0.5,0.55,0.10000000000000003,0.8999999999999999,0.8999999999999999,1.0,0.050000000000000044,,0,0
oscillation,-1,accept_all,0.026,15,0.5,0.5,0.45,0.10000000000000003,0.8999999999999999,0.8999999999999999,1.0,0.04999999999999999,,0,0
oscillation,-1,accept_all,0.026,16,0.5,0.5,0.55,0.10000000000000003,0.8999999999999999,0.8999999999999999,1.0,0.050000000000000044,,0,0
oscillation,-1,accept_all,0.026,17,0.5,0.5,0.45,0.10000000000000003,0.8999999999999999,0.8999999999999999,1.0,0.04999999999999999,,0,0
oscillation,-1,accept_all,0.026,18,0.5,0.5,0.55,0.10000000000000003,0.8999999999999999,0.8999999999999999,1.0,0.050000000000000044,,0,0
oscillation,-1,accept_all,0.026,19,0.5,0.5,0.45,0.10000000000000003,0.8999999999999999,0.8999999999999999,1.0,0.04999999999999999,,0,0
oscillation,-1,accept_all,0.026,20,0.5,0.5,0.55,0.10000000000000003,0.8999999999999999,0.8999999999999999,1.0,0.050000000000000044,,0,0
oscillation,-1,accept_all,0.026,21,0.5,0.5,0.45,0.10000000000000003,0.8999999999999999,0.8999999999999999,1.0,0.04999999999999999,,0,0
oscillation,-1,accept_all,0.026,22,0.5,0.5,0.55,0.10000000000000003,0.8999999999999999,0.8999999999999999,1.0,0.050000000000000044,,0,0
oscillation,-1,accept_all,0.026,23,0.5,0.5,0.45,0.10000000000000003,0.8999999999999999,0.8999999999999999,1.0,0.04999999999999999,,0,0
oscillation,-1,accept_all,0.026,24,0.5,0.5,0.55,0.10000000000000003,0.8999999999999999,0.8999999999999999,1.0,0.050000000000000044,,0,0
oscillation,-1,accept_all,0.026,25,0.5,0.5,0.45,0.10000000000000003,0.8999999999999999,0.8999999999999999,1.0,0.04999999999999999,,0,0
oscillation,-1,accept_all,0.026,26,0.5,0.5,0.55,0.10000000000000003,0.8999999999999999,0.8999999999999999,1.0,0.050000000000000044,,0,0
oscillation,-1,accept_all,0.026,27,0.5,0.5,0.45,0.10000000000000003,0.8999999999999999,0.8999999999999999,1.0,0.04999999999999999,,0,0
oscillation,-1,accept_all,0.026,28,0.5,0.5,0.55,0.10000000000000003,0.8999999999999999,0.8999999999999999,1.0,0.050000000000000044,,0,0
oscillation,-1,accept_all,0.026,29,0.5,0.5,0.45,0.10000000000000003,0.8999999999999999,0.8999999999999999,1.0,0.04999999999999999,,0,0
oscillation,-1,accept_all,0.026,30,0.5,0.5,0.55,0.10000000000000003,0.8999999999999999,0.8999999999999999,1.0,0.050000000000000044,,0,0
oscillation,-1,accept_all,0.026,31,0.5,0.5,0.45,0.10000000000000003,0.8999999999999999,0.8999999999999999,1.0,0.04999999999999999,,0,0
oscillation,-1,accept_all,0.026,32,0.5,0.5,0.55,0.10000000000000003,0.8999999999999999,0.8999999999999999,1.0,0.050000000000000044,,0,0
oscillation,-1,accept_all,0.026,33,0.5,0.5,0.45,0.10000000000000003,0.8999999999999999,0.8999999999999999,1.0,0.04999999999999999,,0,0
oscillation,-1,accept_all,0.026,34,0.5,0.5,0.55,0.10000000000000003,0.8999999999999999,0.8999999999999999,1.0,0.050000000000000044,,0,0
oscillation,-1,accept_all,0.026,35,0.5,0.5,0.45,0.10000000000000003,0.8999999999999999,0.8999999999999999,1.0,0.04999999999999999,,0,0
oscillation,-1,accept_all,0.026,36,0.5,0.5,0.55,0.10000000000000003,0.8999999999999999,0.8999999999999999,1.0,0.050000000000000044,,0,0
oscillation,-1,accept_all,0.026,37,0.5,0.5,0.45,0.10000000000000003,0.8999999999999999,0.8999999999999999,1.0,0.04999999999999999,,0,0
oscillation,-1,accept_all,0.026,38,0.5,0.5,0.55,0.10000000000000003,0.8999999999999999,0.8999999999999999,1.0,0.050000000000000044,,0,0
oscillation,-1,accept_all,0.026,39,0.5,0.5,0.45,0.10000000000000003,0.8999999999999999,0.8999999999999999,1.0,0.04999999999999999,,0,0
oscillation,-1,accept_all,0.026,40,0.5,0.5,0.55,0.10000000000000003,0.8999999999999999,0.8999999999999999,1.0,0.050000000000000044,,0,0
oscillation,-1,accept_all,0.026,41,0.5,0.5,0.45,0.10000000000000003,0.8999999999999999,0.8999999999999999,1.0,0.04999999999999999,,0,0
oscillation,-1,accept_all,0.026,42,0.5,0.5,0.55,0.10000000000000003,0.8999999999999999,0.8999999999999999,1.0,0.050000000000000044,,0,0
oscillation,-1,accept_all,0.026,43,0.5,0.5,0.45,0.10000000000000003,0.8999999999999999,0.8999999999999999,1.0,0.04999999999999999,,0,0
oscillation,-1,accept_all,0.026,44,0.5,0.5,0.55,0.10000000000000003,0.8999999999999999,0.8999999999999999,1.0,0.050000000000000044,,0,0
oscillation,-1,accept_all,0.026,45,0.5,0.5,0.45,0.10000000000000003,0.8999999999999999,0.8999999999999999,1.0,0.04999999999999999,,0,0
oscillation,-1,accept_all,0.026,46,0.5,0.5,0.55,0.10000000000000003,0.8999999999999999,0.8999999999999999,1.0,0.050000000000000044,,0,0
oscillation,-1,accept_all,0.026,47,0.5,0.5,0.45,0.10000000000000003,0.8999999999999999,0.8999999999999999,1.0,0.04999999999999999,,0,0
oscillation,-1,accept_all,0.026,48,0.5,0.5,0.55,0.10000000000000003,0.8999999999999999,0.8999999999999999,1.0,0.050000000000000044,,0,0
oscillation,-1,accept_all,0.026,49,0.5,0.5,0.45,0.10000000000000003,0.8999999999999999,0.8999999999999999,1.0,0.04999999999999999,,0,0
oscillation,-1,accept_all,0.026,50,0.5,0.5,0.55,0.10000000000000003,0.8999999999999999,0.8999999999999999,1.0,0.050000000000000044,,0,0
oscillation,-1,accept_all,0.026,51,0.5,0.5,0.45,0.10000000000000003,0.8999999999999999,0.8999999999999999,1.0,0.04999999999999999,,0,0
oscillation,-1,accept_all,0.026,52,0.5,0.5,0.55,0.10000000000000003,0.8999999999999999,0.8999999999999999,1.0,0.050000000000000044,,0,0
oscillation,-1,accept_all,0.026,53,0.5,0.5,0.45,0.10000000000000003,0.8999999999999999,0.8999999999999999,1.0,0.04999999999999999,,0,0
oscillation,-1,accept_all,0.026,54,0.5,0.5,0.55,0.10000000000000003,0.8999999999999999,0.8999999999999999,1.0,0.050000000000000044,,0,0
oscillation,-1,accept_all,0.026,55,0.5,0.5,0.45,0.10000000000000003,0.8999999999999999,0.8999999999999999,1.0,0.04999999999999999,,0,0
oscillation,-1,accept_all,0.026,56,0.5,0.5,0.55,0.10000000000000003,0.8999999999999999,0.8999999999999999,1.0,0.050000000000000044,,0,0
oscillation,-1,accept_all,0.026,57,0.5,0.5,0.45,0.10000000000000003,0.8999999999999999,0.8999999999999999,1.0,0.04999999999999999,,0,0
oscillation,-1,accept_all,0.026,58,0.5,0.5,0.55,0.10000000000000003,0.8999999999999999,0.8999999999999999,1.0,0.050000000000000044,,0,0
oscillation,-1,accept_all,0.026,59,0.5,0.5,0.45,0.10000000000000003,0.8999999999999999,0.8999999999999999,1.0,0.04999999999999999,,0,0
oscillation,-1,accept_all,0.026,60,0.5,0.5,0.55,0.10000000000000003,0.8999999999999999,0.8999999999999999,1.0,0.050000000000000044,,0,0
oscillation,-1,accept_all,0.026,61,0.5,0.5,0.45,0.10000000000000003,0.8999999999999999,0.8999999999999999,1.0,0.04999999999999999,,0,0
oscillation,-1,accept_all,0.026,62,0.5,0.5,0.55,0.10000000000000003,0.8999999999999999,0.8999999999999999,1.0,0.050000000000000044,,0,0
oscillation,-1,accept_all,0.026,63,0.5,0.5,0.45,0.10000000000000003,0.8999999999999999,0.8999999999999999,1.0,0.04999999999999999,,0,0
oscillation,-1,accept_all,0.026,64,0.5,0.5,0.55,0.10000000000000003,0.8999999999999999,0.8999999999999999,1.0,0.050000000000000044,,0,0
oscillation,-1,accept_all,0.026,65,0.5,0.5,0.45,0.10000000000000003,0.8999999999999999,0.8999999999999999,1.0,0.04999999999999999,,0,0
oscillation,-1,accept_all,0.026,66,0.5,0.5,0.55,0.10000000000000003,0.8999999999999999,0.8999999999999999,1.0,0.050000000000000044,,0,0
oscillation,-1,accept_all,0.026,67,0.5,0.5,0.45,0.10000000000000003,0.8999999999999999,0.8999999999999999,1.0,0.04999999999999999,,0,0
oscillation,-1,accept_all,0.026,68,0.5,0.5,0.55,0.10000000000000003,0.8999999999999999,0.8999999999999999,1.0,0.050000000000000044,,0,0
oscillation,-1,accept_all,0.026,69,0.5,0.5,0.45,0.10000000000000003,0.8999999999999999,0.8999999999999999,1.0,0.04999999999999999,,0,0
oscillation,-1,accept_all,0.026,70,0.5,0.5,0.55,0.10000000000000003,0.8999999999999999,0.8999999999999999,1.0,0.050000000000000044,,0,0
oscillation,-1,accept_all,0.026,71,0.5,0.5,0.45,0.10000000000000003,0.8999999999999999,0.8999999999999999,1.0,0.04999999999999999,,0,0
oscillation,-1,accept_all,0.026,72,0.5,0.5,0.55,0.10000000000000003,0.8999999999999999,0.8999999999999999,1.0,0.050000000000000044,,0,0
oscillation,-1,accept_all,0.026,73,0.5,0.5,0.45,0.10000000000000003,0.8999999999999999,0.8999999999999999,1.0,0.04999999999999999,,0,0
oscillation,-1,accept_all,0.026,74,0.5,0.5,0.55,0.10000000000000003,0.8999999999999999,0.8999999999999999,1.0,0.050000000000000044,,0,0
oscillation,-1,accept_all,0.026,75,0.5,0.5,0.45,0.10000000000000003,0.8999999999999999,0.8999999999999999,1.0,0.04999999999999999,,0,0
oscillation,-1,accept_all,0.026,76,0.5,0.5,0.55,0.10000000000000003,0.8999999999999999,0.8999999999999999,1.0,0.050000000000000044,,0,0
oscillation,-1,accept_all,0.026,77,0.5,0.5,0.45,0.10000000000000003,0.8999999999999999,0.8999999999999999,1.0,0.04999999999999999,,0,0
oscillation,-1,accept_all,0.026,78,0.5,0.5,0.55,0.10000000000000003,0.8999999999999999,0.8999999999999999,1.0,0.050000000000000044,,0,0
oscillation,-1,accept_all,0.026,79,0.5,0.5,0.45,0.10000000000000003,0.8999999999999999,0.8999999999999999,1.0,0.04999999999999999,,0,0
oscillation,-1,accept_all,0.026,80,0.5,0.5,0.55,0.10000000000000003,0.8999999999999999,0.8999999999999999,1.0,0.050000000000000044,,0,0
oscillation,-1,reference_only,0.026,1,0.5,0.5,0.5,0.0,,0.95,0.0,0.0,,1,0
oscillation,-1,reference_only,0.026,2,0.5,0.5,0.5,0.0,,0.95,0.0,0.0,,2,0
oscillation,-1,reference_only,0.026,3,0.5,0.5,0.5,0.0,,0.95,0.0,0.0,,3,0
oscillation,-1,reference_only,0.026,4,0.5,0.5,0.5,0.0,,0.95,0.0,0.0,,4,0
oscillation,-1,reference_only,0.026,5,0.5,0.5,0.5,0.0,,0.95,0.0,0.0,,5,0
oscillation,-1,reference_only,0.026,6,0.5,0.5,0.5,0.0,,0.95,0.0,0.0,,6,0
oscillation,-1,reference_only,0.026,7,0.5,0.5,0.5,0.0,,0.95,0.0,0.0,,7,0
oscillation,-1,reference_only,0.026,8,0.5,0.5,0.5,0.0,,0.95,0.0,0.0,,8,0
oscillation,-1,reference_only,0.026,9,0.5,0.5,0.5,0.0,,0.95,0.0,0.0,,9,0
oscillation,-1,reference_only,0.026,10,0.5,0.5,0.5,0.0,,0.95,0.0,0.0,,10,0
oscillation,-1,reference_only,0.026,11,0.5,0.5,0.5,0.0,,0.95,0.0,0.0,,11,0
oscillation,-1,reference_only,0.026,12,0.5,0.5,0.5,0.0,,0.95,0.0,0.0,,12,0
oscillation,-1,reference_only,0.026,13,0.5,0.5,0.5,0.0,,0.95,0.0,0.0,,13,0
oscillation,-1,reference_only,0.026,14,0.5,0.5,0.5,0.0,,0.95,0.0,0.0,,14,0
oscillation,-1,reference_only,0.026,15,0.5,0.5,0.5,0.0,,0.95,0.0,0.0,,15,0
oscillation,-1,reference_only,0.026,16,0.5,0.5,0.5,0.0,,0.95,0.0,0.0,,16,0
oscillation,-1,reference_only,0.026,17,0.5,0.5,0.5,0.0,,0.95,0.0,0.0,,17,0
oscillation,-1,reference_only,0.026,18,0.5,0.5,0.5,0.0,,0.95,0.0,0.0,,18,0
oscillation,-1,reference_only,0.026,19,0.5,0.5,0.5,0.0,,0.95,0.0,0.0,,19,0
oscillation,-1,reference_only,0.026,20,0.5,0.5,0.5,0.0,,0.95,0.0,0.0,,20,0
oscillation,-1,reference_only,0.026,21,0.5,0.5,0.5,0.0,,0.95,0.0,0.0,,21,0
oscillation,-1,reference_only,0.026,22,0.5,0.5,0.5,0.0,,0.95,0.0,0.0,,22,0
oscillation,-1,reference_only,0.026,23,0.5,0.5,0.5,0.0,,0.95,0.0,0.0,,23,0
oscillation,-1,reference_only,0.026,24,0.5,0.5,0.5,0.0,,0.95,0.0,0.0,,24,0
oscillation,-1,reference_only,0.026,25,0.5,0.5,0.5,0.0,,0.95,0.0,0.0,,25,0
oscillation,-1,reference_only,0.026,26,0.5,0.5,0.5,0.0,,0.95,0.0,0.0,,26,0
oscillation,-1,reference_only,0.026,27,0.5,0.5,0.5,0.0,,0.95,0.0,0.0,,27,0
oscillation,-1,reference_only,0.026,28,0.5,0.5,0.5,0.0,,0.95,0.0,0.0,,28,0
oscillation,-1,reference_only,0.026,29,0.5,0.5,0.5,0.0,,0.95,0.0,0.0,,29,0
oscillation,-1,reference_only,0.026,30,0.5,0.5,0.5,0.0,,0.95,0.0,0.0,,30,0
oscillation,-1,reference_only,0.026,31,0.5,0.5,0.5,0.0,,0.95,0.0,0.0,,31,0
oscillation,-1,reference_only,0.026,32,0.5,0.5,0.5,0.0,,0.95,0.0,0.0,,32,0
oscillation,-1,reference_only,0.026,33,0.5,0.5,0.5,0.0,,0.95,0.0,0.0,,33,0
oscillation,-1,reference_only,0.026,34,0.5,0.5,0.5,0.0,,0.95,0.0,0.0,,34,0
oscillation,-1,reference_only,0.026,35,0.5,0.5,0.5,0.0,,0.95,0.0,0.0,,35,0
oscillation,-1,reference_only,0.026,36,0.5,0.5,0.5,0.0,,0.95,0.0,0.0,,36,0
oscillation,-1,reference_only,0.026,37,0.5,0.5,0.5,0.0,,0.95,0.0,0.0,,37,0
oscillation,-1,reference_only,0.026,38,0.5,0.5,0.5,0.0,,0.95,0.0,0.0,,38,0
oscillation,-1,reference_only,0.026,39,0.5,0.5,0.5,0.0,,0.95,0.0,0.0,,39,0
oscillation,-1,reference_only,0.026,40,0.5,0.5,0.5,0.0,,0.95,0.0,0.0,,40,0
oscillation,-1,reference_only,0.026,41,0.5,0.5,0.5,0.0,,0.95,0.0,0.0,,41,0
oscillation,-1,reference_only,0.026,42,0.5,0.5,0.5,0.0,,0.95,0.0,0.0,,42,0
oscillation,-1,reference_only,0.026,43,0.5,0.5,0.5,0.0,,0.95,0.0,0.0,,43,0
oscillation,-1,reference_only,0.026,44,0.5,0.5,0.5,0.0,,0.95,0.0,0.0,,44,0
oscillation,-1,reference_only,0.026,45,0.5,0.5,0.5,0.0,,0.95,0.0,0.0,,45,0
oscillation,-1,reference_only,0.026,46,0.5,0.5,0.5,0.0,,0.95,0.0,0.0,,46,0
oscillation,-1,reference_only,0.026,47,0.5,0.5,0.5,0.0,,0.95,0.0,0.0,,47,0
oscillation,-1,reference_only,0.026,48,0.5,0.5,0.5,0.0,,0.95,0.0,0.0,,48,0
oscillation,-1,reference_only,0.026,49,0.5,0.5,0.5,0.0,,0.95,0.0,0.0,,49,0
oscillation,-1,reference_only,0.026,50,0.5,0.5,0.5,0.0,,0.95,0.0,0.0,,50,0
oscillation,-1,reference_only,0.026,51,0.5,0.5,0.5,0.0,,0.95,0.0,0.0,,51,0
oscillation,-1,reference_only,0.026,52,0.5,0.5,0.5,0.0,,0.95,0.0,0.0,,52,0
oscillation,-1,reference_only,0.026,53,0.5,0.5,0.5,0.0,,0.95,0.0,0.0,,53,0
oscillation,-1,reference_only,0.026,54,0.5,0.5,0.5,0.0,,0.95,0.0,0.0,,54,0
oscillation,-1,reference_only,0.026,55,0.5,0.5,0.5,0.0,,0.95,0.0,0.0,,55,0
oscillation,-1,reference_only,0.026,56,0.5,0.5,0.5,0.0,,0.95,0.0,0.0,,56,0
oscillation,-1,reference_only,0.026,57,0.5,0.5,0.5,0.0,,0.95,0.0,0.0,,57,0
oscillation,-1,reference_only,0.026,58,0.5,0.5,0.5,0.0,,0.95,0.0,0.0,,58,0
oscillation,-1,reference_only,0.026,59,0.5,0.5,0.5,0.0,,0.95,0.0,0.0,,59,0
oscillation,-1,reference_only,0.026,60,0.5,0.5,0.5,0.0,,0.95,0.0,0.0,,60,0
oscillation,-1,reference_only,0.026,61,0.5,0.5,0.5,0.0,,0.95,0.0,0.0,,61,0
oscillation,-1,reference_only,0.026,62,0.5,0.5,0.5,0.0,,0.95,0.0,0.0,,62,0
oscillation,-1,reference_only,0.026,63,0.5,0.5,0.5,0.0,,0.95,0.0,0.0,,63,0
oscillation,-1,reference_only,0.026,64,0.5,0.5,0.5,0.0,,0.95,0.0,0.0,,64,0
oscillation,-1,reference_only,0.026,65,0.5,0.5,0.5,0.0,,0.95,0.0,0.0,,65,0
oscillation,-1,reference_only,0.026,66,0.5,0.5,0.5,0.0,,0.95,0.0,0.0,,66,0
oscillation,-1,reference_only,0.026,67,0.5,0.5,0.5,0.0,,0.95,0.0,0.0,,67,0
oscillation,-1,reference_only,0.026,68,0.5,0.5,0.5,0.0,,0.95,0.0,0.0,,68,0
oscillation,-1,reference_only,0.026,69,0.5,0.5,0.5,0.0,,0.95,0.0,0.0,,69,0
oscillation,-1,reference_only,0.026,70,0.5,0.5,0.5,0.0,,0.95,0.0,0.0,,70,0
oscillation,-1,reference_only,0.026,71,0.5,0.5,0.5,0.0,,0.95,0.0,0.0,,71,0
oscillation,-1,reference_only,0.026,72,0.5,0.5,0.5,0.0,,0.95,0.0,0.0,,72,0
oscillation,-1,reference_only,0.026,73,0.5,0.5,0.5,0.0,,0.95,0.0,0.0,,73,0
oscillation,-1,reference_only,0.026,74,0.5,0.5,0.5,0.0,,0.95,0.0,0.0,,74,0
oscillation,-1,reference_only,0.026,75,0.5,0.5,0.5,0.0,,0.95,0.0,0.0,,75,0
oscillation,-1,reference_only,0.026,76,0.5,0.5,0.5,0.0,,0.95,0.0,0.0,,76,0
oscillation,-1,reference_only,0.026,77,0.5,0.5,0.5,0.0,,0.95,0.0,0.0,,77,0
oscillation,-1,reference_only,0.026,78,0.5,0.5,0.5,0.0,,0.95,0.0,0.0,,78,0
oscillation,-1,reference_only,0.026,79,0.5,0.5,0.5,0.0,,0.95,0.0,0.0,,79,0
oscillation,-1,reference_only,0.026,80,0.5,0.5,0.5,0.0,,0.95,0.0,0.0,,80,0
oscillation,-1,gated,0.05,1,0.5,0.5,0.45,0.04999999999999999,0.95,0.95,1.0,0.04999999999999999,,0,0
oscillation,-1,gated,0.05,2,0.5,0.5,0.45,0.0,,0.8999999999999999,0.0,0.04999999999999999,,1,0
oscillation,-1,gated,0.05,3,0.5,0.5,0.45,0.0,1.0,1.0,1.0,0.04999999999999999,,1,0
oscillation,-1,gated,0.05,4,0.5,0.5,0.45,0.0,,0.8999999999999999,0.0,0.04999999999999999,,2,0
oscillation,-1,gated,0.05,5,0.5,0.5,0.45,0.0,1.0,1.0,1.0,0.04999999999999999,,2,0
oscillation,-1,gated,0.05,6,0.5,0.5,0.45,0.0,,0.8999999999999999,0.0,0.04999999999999999,,3,0
oscillation,-1,gated,0.05,7,0.5,0.5,0.45,0.0,1.0,1.0,1.0,0.04999999999999999,,3,0
oscillation,-1,gated,0.05,8,0.5,0.5,0.45,0.0,,0.8999999999999999,0.0,0.04999999999999999,,4,0
oscillation,-1,gated,0.05,9,0.5,0.5,0.45,0.0,1.0,1.0,1.0,0.04999999999999999,,4,0
oscillation,-1,gated,0.05,10,0.5,0.5,0.45,0.0,,0.8999999999999999,0.0,0.04999999999999999,,5,0
oscillation,-1,gated,0.05,11,0.5,0.5,0.45,0.0,1.0,1.0,1.0,0.04999999999999999,,5,0
oscillation,-1,gated,0.05,12,0.5,0.5,0.45,0.0,,0.8999999999999999,0.0,0.04999999999999999,,6,0
oscillation,-1,gated,0.05,13,0.5,0.5,0.45,0.0,1.0,1.0,1.0,0.04999999999999999,,6,0
oscillation,-1,gated,0.05,14,0.5,0.5,0.45,0.0,,0.8999999999999999,0.0,0.04999999999999999,,7,0
oscillation,-1,gated,0.05,15,0.5,0.5,0.45,0.0,1.0,1.0,1.0,0.04999999999999999,,7,0
oscillation,-1,gated,0.05,16,0.5,0.5,0.45,0.0,,0.8999999999999999,0.0,0.04999999999999999,,8,0
oscillation,-1,gated,0.05,17,0.5,0.5,0.45,0.0,1.0,1.0,1.0,0.04999999999999999,,8,0
oscillation,-1,gated,0.05,18,0.5,0.5,0.45,0.0,,0.8999999999999999,0.0,0.04999999999999999,,9,0
oscillation,-1,gated,0.05,19,0.5,0.5,0.45,0.0,1.0,1.0,1.0,0.04999999999999999,,9,0
oscillation,-1,gated,0.05,20,0.5,0.5,0.45,0.0,,0.8999999999999999,0.0,0.04999999999999999,,10,0
oscillation,-1,gated,0.05,21,0.5,0.5,0.45,0.0,1.0,1.0,1.0,0.04999999999999999,,10,0
oscillation,-1,gated,0.05,22,0.5,0.5,0.45,0.0,,0.8999999999999999,0.0,0.04999999999999999,,11,0
oscillation,-1,gated,0.05,23,0.5,0.5,0.45,0.0,1.0,1.0,1.0,0.04999999999999999,,11,0
oscillation,-1,gated,0.05,24,0.5,0.5,0.45,0.0,,0.8999999999999999,0.0,0.04999999999999999,,12,0
oscillation,-1,gated,0.05,25,0.5,0.5,0.45,0.0,1.0,1.0,1.0,0.04999999999999999,,12,0
oscillation,-1,gated,0.05,26,0.5,0.5,0.45,0.0,,0.8999999999999999,0.0,0.04999999999999999,,13,0
oscillation,-1,gated,0.05,27,0.5,0.5,0.45,0.0,1.0,1.0,1.0,0.04999999999999999,,13,0
oscillation,-1,gated,0.05,28,0.5,0.5,0.45,0.0,,0.8999999999999999,0.0,0.04999999999999999,,14,0
oscillation,-1,gated,0.05,29,0.5,0.5,0.45,0.0,1.0,1.0,1.0,0.04999999999999999,,14,0
oscillation,-1,gated,0.05,30,0.5,0.5,0.45,0.0,,0.8999999999999999,0.0,0.04999999999999999,,15,0
oscillation,-1,gated,0.05,31,0.5,0.5,0.45,0.0,1.0,1.0,1.0,0.04999999999999999,,15,0
oscillation,-1,gated,0.05,32,0.5,0.5,0.45,0.0,,0.8999999999999999,0.0,0.04999999999999999,,16,0
oscillation,-1,gated,0.05,33,0.5,0.5,0.45,0.0,1.0,1.0,1.0,0.04999999999999999,,16,0
oscillation,-1,gated,0.05,34,0.5,0.5,0.45,0.0,,0.8999999999999999,0.0,0.04999999999999999,,17,0
oscillation,-1,gated,0.05,35,0.5,0.5,0.45,0.0,1.0,1.0,1.0,0.04999999999999999,,17,0
oscillation,-1,gated,0.05,36,0.5,0.5,0.45,0.0,,0.8999999999999999,0.0,0.04999999999999999,,18,0
oscillation,-1,gated,0.05,37,0.5,0.5,0.45,0.0,1.0,1.0,1.0,0.04999999999999999,,18,0
oscillation,-1,gated,0.05,38,0.5,0.5,0.45,0.0,,0.8999999999999999,0.0,0.04999999999999999,,19,0
oscillation,-1,gated,0.05,39,0.5,0.5,0.45,0.0,1.0,1.0,1.0,0.04999999999999999,,19,0
oscillation,-1,gated,0.05,40,0.5,0.5,0.45,0.0,,0.8999999999999999,0.0,0.04999999999999999,,20,0
oscillation,-1,gated,0.05,41,0.5,0.5,0.45,0.0,1.0,1.0,1.0,0.04999999999999999,,20,0
oscillation,-1,gated,0.05,42,0.5,0.5,0.45,0.0,,0.8999999999999999,0.0,0.04999999999999999,,21,0
oscillation,-1,gated,0.05,43,0.5,0.5,0.45,0.0,1.0,1.0,1.0,0.04999999999999999,,21,0
oscillation,-1,gated,0.05,44,0.5,0.5,0.45,0.0,,0.8999999999999999,0.0,0.04999999999999999,,22,0
oscillation,-1,gated,0.05,45,0.5,0.5,0.45,0.0,1.0,1.0,1.0,0.04999999999999999,,22,0
oscillation,-1,gated,0.05,46,0.5,0.5,0.45,0.0,,0.8999999999999999,0.0,0.04999999999999999,,23,0
oscillation,-1,gated,0.05,47,0.5,0.5,0.45,0.0,1.0,1.0,1.0,0.04999999999999999,,23,0
oscillation,-1,gated,0.05,48,0.5,0.5,0.45,0.0,,0.8999999999999999,0.0,0.04999999999999999,,24,0
oscillation,-1,gated,0.05,49,0.5,0.5,0.45,0.0,1.0,1.0,1.0,0.04999999999999999,,24,0
oscillation,-1,gated,0.05,50,0.5,0.5,0.45,0.0,,0.8999999999999999,0.0,0.04999999999999999,,25,0
oscillation,-1,gated,0.05,51,0.5,0.5,0.45,0.0,1.0,1.0,1.0,0.04999999999999999,,25,0
oscillation,-1,gated,0.05,52,0.5,0.5,0.45,0.0,,0.8999999999999999,0.0,0.04999999999999999,,26,0
oscillation,-1,gated,0.05,53,0.5,0.5,0.45,0.0,1.0,1.0,1.0,0.04999999999999999,,26,0
oscillation,-1,gated,0.05,54,0.5,0.5,0.45,0.0,,0.8999999999999999,0.0,0.04999999999999999,,27,0
oscillation,-1,gated,0.05,55,0.5,0.5,0.45,0.0,1.0,1.0,1.0,0.04999999999999999,,27,0
oscillation,-1,gated,0.05,56,0.5,0.5,0.45,0.0,,0.8999999999999999,0.0,0.04999999999999999,,28,0
oscillation,-1,gated,0.05,57,0.5,0.5,0.45,0.0,1.0,1.0,1.0,0.04999999999999999,,28,0
oscillation,-1,gated,0.05,58,0.5,0.5,0.45,0.0,,0.8999999999999999,0.0,0.04999999999999999,,29,0
oscillation,-1,gated,0.05,59,0.5,0.5,0.45,0.0,1.0,1.0,1.0,0.04999999999999999,,29,0
oscillation,-1,gated,0.05,60,0.5,0.5,0.45,0.0,,0.8999999999999999,0.0,0.04999999999999999,,30,0
oscillation,-1,gated,0.05,61,0.5,0.5,0.45,0.0,1.0,1.0,1.0,0.04999999999999999,,30,0
oscillation,-1,gated,0.05,62,0.5,0.5,0.45,0.0,,0.8999999999999999,0.0,0.04999999999999999,,31,0
oscillation,-1,gated,0.05,63,0.5,0.5,0.45,0.0,1.0,1.0,1.0,0.04999999999999999,,31,0
oscillation,-1,gated,0.05,64,0.5,0.5,0.45,0.0,,0.8999999999999999,0.0,0.04999999999999999,,32,0
oscillation,-1,gated,0.05,65,0.5,0.5,0.45,0.0,1.0,1.0,1.0,0.04999999999999999,,32,0
oscillation,-1,gated,0.05,66,0.5,0.5,0.45,0.0,,0.8999999999999999,0.0,0.04999999999999999,,33,0
oscillation,-1,gated,0.05,67,0.5,0.5,0.45,0.0,1.0,1.0,1.0,0.04999999999999999,,33,0
oscillation,-1,gated,0.05,68,0.5,0.5,0.45,0.0,,0.8999999999999999,0.0,0.04999999999999999,,34,0
oscillation,-1,gated,0.05,69,0.5,0.5,0.45,0.0,1.0,1.0,1.0,0.04999999999999999,,34,0
oscillation,-1,gated,0.05,70,0.5,0.5,0.45,0.0,,0.8999999999999999,0.0,0.04999999999999999,,35,0
oscillation,-1,gated,0.05,71,0.5,0.5,0.45,0.0,1.0,1.0,1.0,0.04999999999999999,,35,0
oscillation,-1,gated,0.05,72,0.5,0.5,0.45,0.0,,0.8999999999999999,0.0,0.04999999999999999,,36,0
oscillation,-1,gated,0.05,73,0.5,0.5,0.45,0.0,1.0,1.0,1.0,0.04999999999999999,,36,0
oscillation,-1,gated,0.05,74,0.5,0.5,0.45,0.0,,0.8999999999999999,0.0,0.04999999999999999,,37,0
oscillation,-1,gated,0.05,75,0.5,0.5,0.45,0.0,1.0,1.0,1.0,0.04999999999999999,,37,0
oscillation,-1,gated,0.05,76,0.5,0.5,0.45,0.0,,0.8999999999999999,0.0,0.04999999999999999,,38,0
oscillation,-1,gated,0.05,77,0.5,0.5,0.45,0.0,1.0,1.0,1.0,0.04999999999999999,,38,0
oscillation,-1,gated,0.05,78,0.5,0.5,0.45,0.0,,0.8999999999999999,0.0,0.04999999999999999,,39,0
oscillation,-1,gated,0.05,79,0.5,0.5,0.45,0.0,1.0,1.0,1.0,0.04999999999999999,,39,0
oscillation,-1,gated,0.05,80,0.5,0.5,0.45,0.0,,0.8999999999999999,0.0,0.04999999999999999,,40,0
oscillation,-1,accept_all,0.05,1,0.5,0.5,0.45,0.04999999999999999,0.95,0.95,1.0,0.04999999999999999,,0,0
oscillation,-1,accept_all,0.05,2,0.5,0.5,0.55,0.10000000000000003,0.8999999999999999,0.8999999999999999,1.0,0.050000000000000044,,0,0
oscillation,-1,accept_all,0.05,3,0.5,0.5,0.45,0.10000000000000003,0.8999999999999999,0.8999999999999999,1.0,0.04999999999999999,,0,0
oscillation,-1,accept_all,0.05,4,0.5,0.5,0.55,0.10000000000000003,0.8999999999999999,0.8999999999999999,1.0,0.050000000000000044,,0,0
oscillation,-1,accept_all,0.05,5,0.5,0.5,0.45,0.10000000000000003,0.8999999999999999,0.8999999999999999,1.0,0.04999999999999999,,0,0
oscillation,-1,accept_all,0.05,6,0.5,0.5,0.55,0.10000000000000003,0.8999999999999999,0.8999999999999999,1.0,0.050000000000000044,,0,0
oscillation,-1,accept_all,0.05,7,0.5,0.5,0.45,0.10000000000000003,0.8999999999999999,0.8999999999999999,1.0,0.04999999999999999,,0,0
oscillation,-1,accept_all,0.05,8,0.5,0.5,0.55,0.10000000000000003,0.8999999999999999,0.8999999999999999,1.0,0.050000000000000044,,0,0
oscillation,-1,accept_all,0.05,9,0.5,0.5,0.45,0.10000000000000003,0.8999999999999999,0.8999999999999999,1.0,0.04999999999999999,,0,0
oscillation,-1,accept_all,0.05,10,0.5,0.5,0.55,0.10000000000000003,0.8999999999999999,0.8999999999999999,1.0,0.050000000000000044,,0,0
oscillation,-1,accept_all,0.05,11,0.5,0.5,0.45,0.10000000000000003,0.8999999999999999,0.8999999999999999,1.0,0.04999999999999999,,0,0
oscillation,-1,accept_all,0.05,12,0.5,0.5,0.55,0.10000000000000003,0.8999999999999999,0.8999999999999999,1.0,0.050000000000000044,,0,0
oscillation,-1,accept_all,0.05,13,0.5,0.5,0.45,0.10000000000000003,0.8999999999999999,0.8999999999999999,1.0,0.04999999999999999,,0,0
oscillation,-1,accept_all,0.05,14,0.5,0.5,0.55,0.10000000000000003,0.8999999999999999,0.8999999999999999,1.0,0.050000000000000044,,0,0
oscillation,-1,accept_all,0.05,15,0.5,0.5,0.45,0.10000000000000003,0.8999999999999999,0.8999999999999999,1.0,0.04999999999999999,,0,0
oscillation,-1,accept_all,0.05,16,0.5,0.5,0.55,0.10000000000000003,0.8999999999999999,0.8999999999999999,1.0,0.050000000000000044,,0,0
oscillation,-1,accept_all,0.05,17,0.5,0.5,0.45,0.10000000000000003,0.8999999999999999,0.8999999999999999,1.0,0.04999999999999999,,0,0
oscillation,-1,accept_all,0.05,18,0.5,0.5,0.55,0.10000000000000003,0.8999999999999999,0.8999999999999999,1.0,0.050000000000000044,,0,0
oscillation,-1,accept_all,0.05,19,0.5,0.5,0.45,0.10000000000000003,0.8999999999999999,0.8999999999999999,1.0,0.04999999999999999,,0,0
oscillation,-1,accept_all,0.05,20,0.5,0.5,0.55,0.10000000000000003,0.8999999999999999,0.8999999999999999,1.0,0.050000000000000044,,0,0
oscillation,-1,accept_all,0.05,21,0.5,0.5,0.45,0.10000000000000003,0.8999999999999999,0.8999999999999999,1.0,0.04999999999999999,,0,0
oscillation,-1,accept_all,0.05,22,0.5,0.5,0.55,0.10000000000000003,0.8999999999999999,0.8999999999999999,1.0,0.050000000000000044,,0,0
oscillation,-1,accept_all,0.05,23,0.5,0.5,0.45,0.10000000000000003,0.8999999999999999,0.8999999999999999,1.0,0.04999999999999999,,0,0
oscillation,-1,accept_all,0.05,24,0.5,0.5,0.55,0.10000000000000003,0.8999999999999999,0.8999999999999999,1.0,0.050000000000000044,,0,0
oscillation,-1,accept_all,0.05,25,0.5,0.5,0.45,0.10000000000000003,0.8999999999999999,0.8999999999999999,1.0,0.04999999999999999,,0,0
oscillation,-1,accept_all,0.05,26,0.5,0.5,0.55,0.10000000000000003,0.8999999999999999,0.8999999999999999,1.0,0.050000000000000044,,0,0
oscillation,-1,accept_all,0.05,27,0.5,0.5,0.45,0.10000000000000003,0.8999999999999999,0.8999999999999999,1.0,0.04999999999999999,,0,0
oscillation,-1,accept_all,0.05,28,0.5,0.5,0.55,0.10000000000000003,0.8999999999999999,0.8999999999999999,1.0,0.050000000000000044,,0,0
oscillation,-1,accept_all,0.05,29,0.5,0.5,0.45,0.10000000000000003,0.8999999999999999,0.8999999999999999,1.0,0.04999999999999999,,0,0
oscillation,-1,accept_all,0.05,30,0.5,0.5,0.55,0.10000000000000003,0.8999999999999999,0.8999999999999999,1.0,0.050000000000000044,,0,0
oscillation,-1,accept_all,0.05,31,0.5,0.5,0.45,0.10000000000000003,0.8999999999999999,0.8999999999999999,1.0,0.04999999999999999,,0,0
oscillation,-1,accept_all,0.05,32,0.5,0.5,0.55,0.10000000000000003,0.8999999999999999,0.8999999999999999,1.0,0.050000000000000044,,0,0
oscillation,-1,accept_all,0.05,33,0.5,0.5,0.45,0.10000000000000003,0.8999999999999999,0.8999999999999999,1.0,0.04999999999999999,,0,0
oscillation,-1,accept_all,0.05,34,0.5,0.5,0.55,0.10000000000000003,0.8999999999999999,0.8999999999999999,1.0,0.050000000000000044,,0,0
oscillation,-1,accept_all,0.05,35,0.5,0.5,0.45,0.10000000000000003,0.8999999999999999,0.8999999999999999,1.0,0.04999999999999999,,0,0
oscillation,-1,accept_all,0.05,36,0.5,0.5,0.55,0.10000000000000003,0.8999999999999999,0.8999999999999999,1.0,0.050000000000000044,,0,0
oscillation,-1,accept_all,0.05,37,0.5,0.5,0.45,0.10000000000000003,0.8999999999999999,0.8999999999999999,1.0,0.04999999999999999,,0,0
oscillation,-1,accept_all,0.05,38,0.5,0.5,0.55,0.10000000000000003,0.8999999999999999,0.8999999999999999,1.0,0.050000000000000044,,0,0
oscillation,-1,accept_all,0.05,39,0.5,0.5,0.45,0.10000000000000003,0.8999999999999999,0.8999999999999999,1.0,0.04999999999999999,,0,0
oscillation,-1,accept_all,0.05,40,0.5,0.5,0.55,0.10000000000000003,0.8999999999999999,0.8999999999999999,1.0,0.050000000000000044,,0,0
oscillation,-1,accept_all,0.05,41,0.5,0.5,0.45,0.10000000000000003,0.8999999999999999,0.8999999999999999,1.0,0.04999999999999999,,0,0
oscillation,-1,accept_all,0.05,42,0.5,0.5,0.55,0.10000000000000003,0.8999999999999999,0.8999999999999999,1.0,0.050000000000000044,,0,0
oscillation,-1,accept_all,0.05,43,0.5,0.5,0.45,0.10000000000000003,0.8999999999999999,0.8999999999999999,1.0,0.04999999999999999,,0,0
oscillation,-1,accept_all,0.05,44,0.5,0.5,0.55,0.10000000000000003,0.8999999999999999,0.8999999999999999,1.0,0.050000000000000044,,0,0
oscillation,-1,accept_all,0.05,45,0.5,0.5,0.45,0.10000000000000003,0.8999999999999999,0.8999999999999999,1.0,0.04999999999999999,,0,0
oscillation,-1,accept_all,0.05,46,0.5,0.5,0.55,0.10000000000000003,0.8999999999999999,0.8999999999999999,1.0,0.050000000000000044,,0,0
oscillation,-1,accept_all,0.05,47,0.5,0.5,0.45,0.10000000000000003,0.8999999999999999,0.8999999999999999,1.0,0.04999999999999999,,0,0
oscillation,-1,accept_all,0.05,48,0.5,0.5,0.55,0.10000000000000003,0.8999999999999999,0.8999999999999999,1.0,0.050000000000000044,,0,0
oscillation,-1,accept_all,0.05,49,0.5,0.5,0.45,0.10000000000000003,0.8999999999999999,0.8999999999999999,1.0,0.04999999999999999,,0,0
oscillation,-1,accept_all,0.05,50,0.5,0.5,0.55,0.10000000000000003,0.8999999999999999,0.8999999999999999,1.0,0.050000000000000044,,0,0
oscillation,-1,accept_all,0.05,51,0.5,0.5,0.45,0.10000000000000003,0.8999999999999999,0.8999999999999999,1.0,0.04999999999999999,,0,0
oscillation,-1,accept_all,0.05,52,0.5,0.5,0.55,0.10000000000000003,0.8999999999999999,0.8999999999999999,1.0,0.050000000000000044,,0,0
oscillation,-1,accept_all,0.05,53,0.5,0.5,0.45,0.10000000000000003,0.8999999999999999,0.8999999999999999,1.0,0.04999999999999999,,0,0
oscillation,-1,accept_all,0.05,54,0.5,0.5,0.55,0.10000000000000003,0.8999999999999999,0.8999999999999999,1.0,0.050000000000000044,,0,0
oscillation,-1,accept_all,0.05,55,0.5,0.5,0.45,0.10000000000000003,0.8999999999999999,0.8999999999999999,1.0,0.04999999999999999,,0,0
oscillation,-1,accept_all,0.05,56,0.5,0.5,0.55,0.10000000000000003,0.8999999999999999,0.8999999999999999,1.0,0.050000000000000044,,0,0
oscillation,-1,accept_all,0.05,57,0.5,0.5,0.45,0.10000000000000003,0.8999999999999999,0.8999999999999999,1.0,0.04999999999999999,,0,0
oscillation,-1,accept_all,0.05,58,0.5,0.5,0.55,0.10000000000000003,0.8999999999999999,0.8999999999999999,1.0,0.050000000000000044,,0,0
oscillation,-1,accept_all,0.05,59,0.5,0.5,0.45,0.10000000000000003,0.8999999999999999,0.8999999999999999,1.0,0.04999999999999999,,0,0
oscillation,-1,accept_all,0.05,60,0.5,0.5,0.55,0.10000000000000003,0.8999999999999999,0.8999999999999999,1.0,0.050000000000000044,,0,0
oscillation,-1,accept_all,0.05,61,0.5,0.5,0.45,0.10000000000000003,0.8999999999999999,0.8999999999999999,1.0,0.04999999999999999,,0,0
oscillation,-1,accept_all,0.05,62,0.5,0.5,0.55,0.10000000000000003,0.8999999999999999,0.8999999999999999,1.0,0.050000000000000044,,0,0
oscillation,-1,accept_all,0.05,63,0.5,0.5,0.45,0.10000000000000003,0.8999999999999999,0.8999999999999999,1.0,0.04999999999999999,,0,0
oscillation,-1,accept_all,0.05,64,0.5,0.5,0.55,0.10000000000000003,0.8999999999999999,0.8999999999999999,1.0,0.050000000000000044,,0,0
oscillation,-1,accept_all,0.05,65,0.5,0.5,0.45,0.10000000000000003,0.8999999999999999,0.8999999999999999,1.0,0.04999999999999999,,0,0
oscillation,-1,accept_all,0.05,66,0.5,0.5,0.55,0.10000000000000003,0.8999999999999999,0.8999999999999999,1.0,0.050000000000000044,,0,0
oscillation,-1,accept_all,0.05,67,0.5,0.5,0.45,0.10000000000000003,0.8999999999999999,0.8999999999999999,1.0,0.04999999999999999,,0,0
oscillation,-1,accept_all,0.05,68,0.5,0.5,0.55,0.10000000000000003,0.8999999999999999,0.8999999999999999,1.0,0.050000000000000044,,0,0
oscillation,-1,accept_all,0.05,69,0.5,0.5,0.45,0.10000000000000003,0.8999999999999999,0.8999999999999999,1.0,0.04999999999999999,,0,0
oscillation,-1,accept_all,0.05,70,0.5,0.5,0.55,0.10000000000000003,0.8999999999999999,0.8999999999999999,1.0,0.050000000000000044,,0,0
oscillation,-1,accept_all,0.05,71,0.5,0.5,0.45,0.10000000000000003,0.8999999999999999,0.8999999999999999,1.0,0.04999999999999999,,0,0
oscillation,-1,accept_all,0.05,72,0.5,0.5,0.55,0.10000000000000003,0.8999999999999999,0.8999999999999999,1.0,0.050000000000000044,,0,0
oscillation,-1,accept_all,0.05,73,0.5,0.5,0.45,0.10000000000000003,0.8999999999999999,0.8999999999999999,1.0,0.04999999999999999,,0,0
oscillation,-1,accept_all,0.05,74,0.5,0.5,0.55,0.10000000000000003,0.8999999999999999,0.8999999999999999,1.0,0.050000000000000044,,0,0
oscillation,-1,accept_all,0.05,75,0.5,0.5,0.45,0.10000000000000003,0.8999999999999999,0.8999999999999999,1.0,0.04999999999999999,,0,0
oscillation,-1,accept_all,0.05,76,0.5,0.5,0.55,0.10000000000000003,0.8999999999999999,0.8999999999999999,1.0,0.050000000000000044,,0,0
oscillation,-1,accept_all,0.05,77,0.5,0.5,0.45,0.10000000000000003,0.8999999999999999,0.8999999999999999,1.0,0.04999999999999999,,0,0
oscillation,-1,accept_all,0.05,78,0.5,0.5,0.55,0.10000000000000003,0.8999999999999999,0.8999999999999999,1.0,0.050000000000000044,,0,0
oscillation,-1,accept_all,0.05,79,0.5,0.5,0.45,0.10000000000000003,0.8999999999999999,0.8999999999999999,1.0,0.04999999999999999,,0,0
oscillation,-1,accept_all,0.05,80,0.5,0.5,0.55,0.10000000000000003,0.8999999999999999,0.8999999999999999,1.0,0.050000000000000044,,0,0
oscillation,-1,reference_only,0.05,1,0.5,0.5,0.5,0.0,,0.95,0.0,0.0,,1,0
oscillation,-1,reference_only,0.05,2,0.5,0.5,0.5,0.0,,0.95,0.0,0.0,,2,0
oscillation,-1,reference_only,0.05,3,0.5,0.5,0.5,0.0,,0.95,0.0,0.0,,3,0
oscillation,-1,reference_only,0.05,4,0.5,0.5,0.5,0.0,,0.95,0.0,0.0,,4,0
oscillation,-1,reference_only,0.05,5,0.5,0.5,0.5,0.0,,0.95,0.0,0.0,,5,0
oscillation,-1,reference_only,0.05,6,0.5,0.5,0.5,0.0,,0.95,0.0,0.0,,6,0
oscillation,-1,reference_only,0.05,7,0.5,0.5,0.5,0.0,,0.95,0.0,0.0,,7,0
oscillation,-1,reference_only,0.05,8,0.5,0.5,0.5,0.0,,0.95,0.0,0.0,,8,0
oscillation,-1,reference_only,0.05,9,0.5,0.5,0.5,0.0,,0.95,0.0,0.0,,9,0
oscillation,-1,reference_only,0.05,10,0.5,0.5,0.5,0.0,,0.95,0.0,0.0,,10,0
oscillation,-1,reference_only,0.05,11,0.5,0.5,0.5,0.0,,0.95,0.0,0.0,,11,0
oscillation,-1,reference_only,0.05,12,0.5,0.5,0.5,0.0,,0.95,0.0,0.0,,12,0
oscillation,-1,reference_only,0.05,13,0.5,0.5,0.5,0.0,,0.95,0.0,0.0,,13,0
oscillation,-1,reference_only,0.05,14,0.5,0.5,0.5,0.0,,0.95,0.0,0.0,,14,0
oscillation,-1,reference_only,0.05,15,0.5,0.5,0.5,0.0,,0.95,0.0,0.0,,15,0
oscillation,-1,reference_only,0.05,16,0.5,0.5,0.5,0.0,,0.95,0.0,0.0,,16,0
oscillation,-1,reference_only,0.05,17,0.5,0.5,0.5,0.0,,0.95,0.0,0.0,,17,0
oscillation,-1,reference_only,0.05,18,0.5,0.5,0.5,0.0,,0.95,0.0,0.0,,18,0
oscillation,-1,reference_only,0.05,19,0.5,0.5,0.5,0.0,,0.95,0.0,0.0,,19,0
oscillation,-1,reference_only,0.05,20,0.5,0.5,0.5,0.0,,0.95,0.0,0.0,,20,0
oscillation,-1,reference_only,0.05,21,0.5,0.5,0.5,0.0,,0.95,0.0,0.0,,21,0
oscillation,-1,reference_only,0.05,22,0.5,0.5,0.5,0.0,,0.95,0.0,0.0,,22,0
oscillation,-1,reference_only,0.05,23,0.5,0.5,0.5,0.0,,0.95,0.0,0.0,,23,0
oscillation,-1,reference_only,0.05,24,0.5,0.5,0.5,0.0,,0.95,0.0,0.0,,24,0
oscillation,-1,reference_only,0.05,25,0.5,0.5,0.5,0.0,,0.95,0.0,0.0,,25,0
oscillation,-1,reference_only,0.05,26,0.5,0.5,0.5,0.0,,0.95,0.0,0.0,,26,0
oscillation,-1,reference_only,0.05,27,0.5,0.5,0.5,0.0,,0.95,0.0,0.0,,27,0
oscillation,-1,reference_only,0.05,28,0.5,0.5,0.5,0.0,,0.95,0.0,0.0,,28,0
oscillation,-1,reference_only,0.05,29,0.5,0.5,0.5,0.0,,0.95,0.0,0.0,,29,0
oscillation,-1,reference_only,0.05,30,0.5,0.5,0.5,0.0,,0.95,0.0,0.0,,30,0
oscillation,-1,reference_only,0.05,31,0.5,0.5,0.5,0.0,,0.95,0.0,0.0,,31,0
oscillation,-1,reference_only,0.05,32,0.5,0.5,0.5,0.0,,0.95,0.0,0.0,,32,0
oscillation,-1,reference_only,0.05,33,0.5,0.5,0.5,0.0,,0.95,0.0,0.0,,33,0
oscillation,-1,reference_only,0.05,34,0.5,0.5,0.5,0.0,,0.95,0.0,0.0,,34,0
oscillation,-1,reference_only,0.05,35,0.5,0.5,0.5,0.0,,0.95,0.0,0.0,,35,0
oscillation,-1,reference_only,0.05,36,0.5,0.5,0.5,0.0,,0.95,0.0,0.0,,36,0
oscillation,-1,reference_only,0.05,37,0.5,0.5,0.5,0.0,,0.95,0.0,0.0,,37,0
oscillation,-1,reference_only,0.05,38,0.5,0.5,0.5,0.0,,0.95,0.0,0.0,,38,0
oscillation,-1,reference_only,0.05,39,0.5,0.5,0.5,0.0,,0.95,0.0,0.0,,39,0
oscillation,-1,reference_only,0.05,40,0.5,0.5,0.5,0.0,,0.95,0.0,0.0,,40,0
oscillation,-1,reference_only,0.05,41,0.5,0.5,0.5,0.0,,0.95,0.0,0.0,,41,0
oscillation,-1,reference_only,0.05,42,0.5,0.5,0.5,0.0,,0.95,0.0,0.0,,42,0
oscillation,-1,reference_only,0.05,43,0.5,0.5,0.5,0.0,,0.95,0.0,0.0,,43,0
oscillation,-1,reference_only,0.05,44,0.5,0.5,0.5,0.0,,0.95,0.0,0.0,,44,0
oscillation,-1,reference_only,0.05,45,0.5,0.5,0.5,0.0,,0.95,0.0,0.0,,45,0
oscillation,-1,reference_only,0.05,46,0.5,0.5,0.5,0.0,,0.95,0.0,0.0,,46,0
oscillation,-1,reference_only,0.05,47,0.5,0.5,0.5,0.0,,0.95,0.0,0.0,,47,0
oscillation,-1,reference_only,0.05,48,0.5,0.5,0.5,0.0,,0.95,0.0,0.0,,48,0
oscillation,-1,reference_only,0.05,49,0.5,0.5,0.5,0.0,,0.95,0.0,0.0,,49,0
oscillation,-1,reference_only,0.05,50,0.5,0.5,0.5,0.0,,0.95,0.0,0.0,,50,0
oscillation,-1,reference_only,0.05,51,0.5,0.5,0.5,0.0,,0.95,0.0,0.0,,51,0
oscillation,-1,reference_only,0.05,52,0.5,0.5,0.5,0.0,,0.95,0.0,0.0,,52,0
oscillation,-1,reference_only,0.05,53,0.5,0.5,0.5,0.0,,0.95,0.0,0.0,,53,0
oscillation,-1,reference_only,0.05,54,0.5,0.5,0.5,0.0,,0.95,0.0,0.0,,54,0
oscillation,-1,reference_only,0.05,55,0.5,0.5,0.5,0.0,,0.95,0.0,0.0,,55,0
oscillation,-1,reference_only,0.05,56,0.5,0.5,0.5,0.0,,0.95,0.0,0.0,,56,0
oscillation,-1,reference_only,0.05,57,0.5,0.5,0.5,0.0,,0.95,0.0,0.0,,57,0
oscillation,-1,reference_only,0.05,58,0.5,0.5,0.5,0.0,,0.95,0.0,0.0,,58,0
oscillation,-1,reference_only,0.05,59,0.5,0.5,0.5,0.0,,0.95,0.0,0.0,,59,0
oscillation,-1,reference_only,0.05,60,0.5,0.5,0.5,0.0,,0.95,0.0,0.0,,60,0
oscillation,-1,reference_only,0.05,61,0.5,0.5,0.5,0.0,,0.95,0.0,0.0,,61,0
oscillation,-1,reference_only,0.05,62,0.5,0.5,0.5,0.0,,0.95,0.0,0.0,,62,0
oscillation,-1,reference_only,0.05,63,0.5,0.5,0.5,0.0,,0.95,0.0,0.0,,63,0
oscillation,-1,reference_only,0.05,64,0.5,0.5,0.5,0.0,,0.95,0.0,0.0,,64,0
oscillation,-1,reference_only,0.05,65,0.5,0.5,0.5,0.0,,0.95,0.0,0.0,,65,0
oscillation,-1,reference_only,0.05,66,0.5,0.5,0.5,0.0,,0.95,0.0,0.0,,66,0
oscillation,-1,reference_only,0.05,67,0.5,0.5,0.5,0.0,,0.95,0.0,0.0,,67,0
oscillation,-1,reference_only,0.05,68,0.5,0.5,0.5,0.0,,0.95,0.0,0.0,,68,0
oscillation,-1,reference_only,0.05,69,0.5,0.5,0.5,0.0,,0.95,0.0,0.0,,69,0
oscillation,-1,reference_only,0.05,70,0.5,0.5,0.5,0.0,,0.95,0.0,0.0,,70,0
oscillation,-1,reference_only,0.05,71,0.5,0.5,0.5,0.0,,0.95,0.0,0.0,,71,0
oscillation,-1,reference_only,0.05,72,0.5,0.5,0.5,0.0,,0.95,0.0,0.0,,72,0
oscillation,-1,reference_only,0.05,73,0.5,0.5,0.5,0.0,,0.95,0.0,0.0,,73,0
oscillation,-1,reference_only,0.05,74,0.5,0.5,0.5,0.0,,0.95,0.0,0.0,,74,0
oscillation,-1,reference_only,0.05,75,0.5,0.5,0.5,0.0,,0.95,0.0,0.0,,75,0
oscillation,-1,reference_only,0.05,76,0.5,0.5,0.5,0.0,,0.95,0.0,0.0,,76,0
oscillation,-1,reference_only,0.05,77,0.5,0.5,0.5,0.0,,0.95,0.0,0.0,,77,0
oscillation,-1,reference_only,0.05,78,0.5,0.5,0.5,0.0,,0.95,0.0,0.0,,78,0
oscillation,-1,reference_only,0.05,79,0.5,0.5,0.5,0.0,,0.95,0.0,0.0,,79,0
oscillation,-1,reference_only,0.05,80,0.5,0.5,0.5,0.0,,0.95,0.0,0.0,,80,0
oscillation,-1,gated,0.11,1,0.5,0.5,0.45,0.04999999999999999,0.95,0.95,1.0,0.04999999999999999,,0,0
oscillation,-1,gated,0.11,2,0.5,0.5,0.55,0.10000000000000003,0.8999999999999999,0.8999999999999999,1.0,0.050000000000000044,,0,0
oscillation,-1,gated,0.11,3,0.5,0.5,0.45,0.10000000000000003,0.8999999999999999,0.8999999999999999,1.0,0.04999999999999999,,0,0
oscillation,-1,gated,0.11,4,0.5,0.5,0.55,0.10000000000000003,0.8999999999999999,0.8999999999999999,1.0,0.050000000000000044,,0,0
oscillation,-1,gated,0.11,5,0.5,0.5,0.45,0.10000000000000003,0.8999999999999999,0.8999999999999999,1.0,0.04999999999999999,,0,0
oscillation,-1,gated,0.11,6,0.5,0.5,0.55,0.10000000000000003,0.8999999999999999,0.8999999999999999,1.0,0.050000000000000044,,0,0
oscillation,-1,gated,0.11,7,0.5,0.5,0.45,0.10000000000000003,0.8999999999999999,0.8999999999999999,1.0,0.04999999999999999,,0,0
oscillation,-1,gated,0.11,8,0.5,0.5,0.55,0.10000000000000003,0.8999999999999999,0.8999999999999999,1.0,0.050000000000000044,,0,0
oscillation,-1,gated,0.11,9,0.5,0.5,0.45,0.10000000000000003,0.8999999999999999,0.8999999999999999,1.0,0.04999999999999999,,0,0
oscillation,-1,gated,0.11,10,0.5,0.5,0.55,0.10000000000000003,0.8999999999999999,0.8999999999999999,1.0,0.050000000000000044,,0,0
oscillation,-1,gated,0.11,11,0.5,0.5,0.45,0.10000000000000003,0.8999999999999999,0.8999999999999999,1.0,0.04999999999999999,,0,0
oscillation,-1,gated,0.11,12,0.5,0.5,0.55,0.10000000000000003,0.8999999999999999,0.8999999999999999,1.0,0.050000000000000044,,0,0
oscillation,-1,gated,0.11,13,0.5,0.5,0.45,0.10000000000000003,0.8999999999999999,0.8999999999999999,1.0,0.04999999999999999,,0,0
oscillation,-1,gated,0.11,14,0.5,0.5,0.55,0.10000000000000003,0.8999999999999999,0.8999999999999999,1.0,0.050000000000000044,,0,0
oscillation,-1,gated,0.11,15,0.5,0.5,0.45,0.10000000000000003,0.8999999999999999,0.8999999999999999,1.0,0.04999999999999999,,0,0
oscillation,-1,gated,0.11,16,0.5,0.5,0.55,0.10000000000000003,0.8999999999999999,0.8999999999999999,1.0,0.050000000000000044,,0,0
oscillation,-1,gated,0.11,17,0.5,0.5,0.45,0.10000000000000003,0.8999999999999999,0.8999999999999999,1.0,0.04999999999999999,,0,0
oscillation,-1,gated,0.11,18,0.5,0.5,0.55,0.10000000000000003,0.8999999999999999,0.8999999999999999,1.0,0.050000000000000044,,0,0
oscillation,-1,gated,0.11,19,0.5,0.5,0.45,0.10000000000000003,0.8999999999999999,0.8999999999999999,1.0,0.04999999999999999,,0,0
oscillation,-1,gated,0.11,20,0.5,0.5,0.55,0.10000000000000003,0.8999999999999999,0.8999999999999999,1.0,0.050000000000000044,,0,0
oscillation,-1,gated,0.11,21,0.5,0.5,0.45,0.10000000000000003,0.8999999999999999,0.8999999999999999,1.0,0.04999999999999999,,0,0
oscillation,-1,gated,0.11,22,0.5,0.5,0.55,0.10000000000000003,0.8999999999999999,0.8999999999999999,1.0,0.050000000000000044,,0,0
oscillation,-1,gated,0.11,23,0.5,0.5,0.45,0.10000000000000003,0.8999999999999999,0.8999999999999999,1.0,0.04999999999999999,,0,0
oscillation,-1,gated,0.11,24,0.5,0.5,0.55,0.10000000000000003,0.8999999999999999,0.8999999999999999,1.0,0.050000000000000044,,0,0
oscillation,-1,gated,0.11,25,0.5,0.5,0.45,0.10000000000000003,0.8999999999999999,0.8999999999999999,1.0,0.04999999999999999,,0,0
oscillation,-1,gated,0.11,26,0.5,0.5,0.55,0.10000000000000003,0.8999999999999999,0.8999999999999999,1.0,0.050000000000000044,,0,0
oscillation,-1,gated,0.11,27,0.5,0.5,0.45,0.10000000000000003,0.8999999999999999,0.8999999999999999,1.0,0.04999999999999999,,0,0
oscillation,-1,gated,0.11,28,0.5,0.5,0.55,0.10000000000000003,0.8999999999999999,0.8999999999999999,1.0,0.050000000000000044,,0,0
oscillation,-1,gated,0.11,29,0.5,0.5,0.45,0.10000000000000003,0.8999999999999999,0.8999999999999999,1.0,0.04999999999999999,,0,0
oscillation,-1,gated,0.11,30,0.5,0.5,0.55,0.10000000000000003,0.8999999999999999,0.8999999999999999,1.0,0.050000000000000044,,0,0
oscillation,-1,gated,0.11,31,0.5,0.5,0.45,0.10000000000000003,0.8999999999999999,0.8999999999999999,1.0,0.04999999999999999,,0,0
oscillation,-1,gated,0.11,32,0.5,0.5,0.55,0.10000000000000003,0.8999999999999999,0.8999999999999999,1.0,0.050000000000000044,,0,0
oscillation,-1,gated,0.11,33,0.5,0.5,0.45,0.10000000000000003,0.8999999999999999,0.8999999999999999,1.0,0.04999999999999999,,0,0
oscillation,-1,gated,0.11,34,0.5,0.5,0.55,0.10000000000000003,0.8999999999999999,0.8999999999999999,1.0,0.050000000000000044,,0,0
oscillation,-1,gated,0.11,35,0.5,0.5,0.45,0.10000000000000003,0.8999999999999999,0.8999999999999999,1.0,0.04999999999999999,,0,0
oscillation,-1,gated,0.11,36,0.5,0.5,0.55,0.10000000000000003,0.8999999999999999,0.8999999999999999,1.0,0.050000000000000044,,0,0
oscillation,-1,gated,0.11,37,0.5,0.5,0.45,0.10000000000000003,0.8999999999999999,0.8999999999999999,1.0,0.04999999999999999,,0,0
oscillation,-1,gated,0.11,38,0.5,0.5,0.55,0.10000000000000003,0.8999999999999999,0.8999999999999999,1.0,0.050000000000000044,,0,0
oscillation,-1,gated,0.11,39,0.5,0.5,0.45,0.10000000000000003,0.8999999999999999,0.8999999999999999,1.0,0.04999999999999999,,0,0
oscillation,-1,gated,0.11,40,0.5,0.5,0.55,0.10000000000000003,0.8999999999999999,0.8999999999999999,1.0,0.050000000000000044,,0,0
oscillation,-1,gated,0.11,41,0.5,0.5,0.45,0.10000000000000003,0.8999999999999999,0.8999999999999999,1.0,0.04999999999999999,,0,0
oscillation,-1,gated,0.11,42,0.5,0.5,0.55,0.10000000000000003,0.8999999999999999,0.8999999999999999,1.0,0.050000000000000044,,0,0
oscillation,-1,gated,0.11,43,0.5,0.5,0.45,0.10000000000000003,0.8999999999999999,0.8999999999999999,1.0,0.04999999999999999,,0,0
oscillation,-1,gated,0.11,44,0.5,0.5,0.55,0.10000000000000003,0.8999999999999999,0.8999999999999999,1.0,0.050000000000000044,,0,0
oscillation,-1,gated,0.11,45,0.5,0.5,0.45,0.10000000000000003,0.8999999999999999,0.8999999999999999,1.0,0.04999999999999999,,0,0
oscillation,-1,gated,0.11,46,0.5,0.5,0.55,0.10000000000000003,0.8999999999999999,0.8999999999999999,1.0,0.050000000000000044,,0,0
oscillation,-1,gated,0.11,47,0.5,0.5,0.45,0.10000000000000003,0.8999999999999999,0.8999999999999999,1.0,0.04999999999999999,,0,0
oscillation,-1,gated,0.11,48,0.5,0.5,0.55,0.10000000000000003,0.8999999999999999,0.8999999999999999,1.0,0.050000000000000044,,0,0
oscillation,-1,gated,0.11,49,0.5,0.5,0.45,0.10000000000000003,0.8999999999999999,0.8999999999999999,1.0,0.04999999999999999,,0,0
oscillation,-1,gated,0.11,50,0.5,0.5,0.55,0.10000000000000003,0.8999999999999999,0.8999999999999999,1.0,0.050000000000000044,,0,0
oscillation,-1,gated,0.11,51,0.5,0.5,0.45,0.10000000000000003,0.8999999999999999,0.8999999999999999,1.0,0.04999999999999999,,0,0
oscillation,-1,gated,0.11,52,0.5,0.5,0.55,0.10000000000000003,0.8999999999999999,0.8999999999999999,1.0,0.050000000000000044,,0,0
oscillation,-1,gated,0.11,53,0.5,0.5,0.45,0.10000000000000003,0.8999999999999999,0.8999999999999999,1.0,0.04999999999999999,,0,0
oscillation,-1,gated,0.11,54,0.5,0.5,0.55,0.10000000000000003,0.8999999999999999,0.8999999999999999,1.0,0.050000000000000044,,0,0
oscillation,-1,gated,0.11,55,0.5,0.5,0.45,0.10000000000000003,0.8999999999999999,0.8999999999999999,1.0,0.04999999999999999,,0,0
oscillation,-1,gated,0.11,56,0.5,0.5,0.55,0.10000000000000003,0.8999999999999999,0.8999999999999999,1.0,0.050000000000000044,,0,0
oscillation,-1,gated,0.11,57,0.5,0.5,0.45,0.10000000000000003,0.8999999999999999,0.8999999999999999,1.0,0.04999999999999999,,0,0
oscillation,-1,gated,0.11,58,0.5,0.5,0.55,0.10000000000000003,0.8999999999999999,0.8999999999999999,1.0,0.050000000000000044,,0,0
oscillation,-1,gated,0.11,59,0.5,0.5,0.45,0.10000000000000003,0.8999999999999999,0.8999999999999999,1.0,0.04999999999999999,,0,0
oscillation,-1,gated,0.11,60,0.5,0.5,0.55,0.10000000000000003,0.8999999999999999,0.8999999999999999,1.0,0.050000000000000044,,0,0
oscillation,-1,gated,0.11,61,0.5,0.5,0.45,0.10000000000000003,0.8999999999999999,0.8999999999999999,1.0,0.04999999999999999,,0,0
oscillation,-1,gated,0.11,62,0.5,0.5,0.55,0.10000000000000003,0.8999999999999999,0.8999999999999999,1.0,0.050000000000000044,,0,0
oscillation,-1,gated,0.11,63,0.5,0.5,0.45,0.10000000000000003,0.8999999999999999,0.8999999999999999,1.0,0.04999999999999999,,0,0
oscillation,-1,gated,0.11,64,0.5,0.5,0.55,0.10000000000000003,0.8999999999999999,0.8999999999999999,1.0,0.050000000000000044,,0,0
oscillation,-1,gated,0.11,65,0.5,0.5,0.45,0.10000000000000003,0.8999999999999999,0.8999999999999999,1.0,0.04999999999999999,,0,0
oscillation,-1,gated,0.11,66,0.5,0.5,0.55,0.10000000000000003,0.8999999999999999,0.8999999999999999,1.0,0.050000000000000044,,0,0
oscillation,-1,gated,0.11,67,0.5,0.5,0.45,0.10000000000000003,0.8999999999999999,0.8999999999999999,1.0,0.04999999999999999,,0,0
oscillation,-1,gated,0.11,68,0.5,0.5,0.55,0.10000000000000003,0.8999999999999999,0.8999999999999999,1.0,0.050000000000000044,,0,0
oscillation,-1,gated,0.11,69,0.5,0.5,0.45,0.10000000000000003,0.8999999999999999,0.8999999999999999,1.0,0.04999999999999999,,0,0
oscillation,-1,gated,0.11,70,0.5,0.5,0.55,0.10000000000000003,0.8999999999999999,0.8999999999999999,1.0,0.050000000000000044,,0,0
oscillation,-1,gated,0.11,71,0.5,0.5,0.45,0.10000000000000003,0.8999999999999999,0.8999999999999999,1.0,0.04999999999999999,,0,0
oscillation,-1,gated,0.11,72,0.5,0.5,0.55,0.10000000000000003,0.8999999999999999,0.8999999999999999,1.0,0.050000000000000044,,0,0
oscillation,-1,gated,0.11,73,0.5,0.5,0.45,0.10000000000000003,0.8999999999999999,0.8999999999999999,1.0,0.04999999999999999,,0,0
oscillation,-1,gated,0.11,74,0.5,0.5,0.55,0.10000000000000003,0.8999999999999999,0.8999999999999999,1.0,0.050000000000000044,,0,0
oscillation,-1,gated,0.11,75,0.5,0.5,0.45,0.10000000000000003,0.8999999999999999,0.8999999999999999,1.0,0.04999999999999999,,0,0
oscillation,-1,gated,0.11,76,0.5,0.5,0.55,0.10000000000000003,0.8999999999999999,0.8999999999999999,1.0,0.050000000000000044,,0,0
oscillation,-1,gated,0.11,77,0.5,0.5,0.45,0.10000000000000003,0.8999999999999999,0.8999999999999999,1.0,0.04999999999999999,,0,0
oscillation,-1,gated,0.11,78,0.5,0.5,0.55,0.10000000000000003,0.8999999999999999,0.8999999999999999,1.0,0.050000000000000044,,0,0
oscillation,-1,gated,0.11,79,0.5,0.5,0.45,0.10000000000000003,0.8999999999999999,0.8999999999999999,1.0,0.04999999999999999,,0,0
oscillation,-1,gated,0.11,80,0.5,0.5,0.55,0.10000000000000003,0.8999999999999999,0.8999999999999999,1.0,0.050000000000000044,,0,0
oscillation,-1,accept_all,0.11,1,0.5,0.5,0.45,0.04999999999999999,0.95,0.95,1.0,0.04999999999999999,,0,0
oscillation,-1,accept_all,0.11,2,0.5,0.5,0.55,0.10000000000000003,0.8999999999999999,0.8999999999999999,1.0,0.050000000000000044,,0,0
oscillation,-1,accept_all,0.11,3,0.5,0.5,0.45,0.10000000000000003,0.8999999999999999,0.8999999999999999,1.0,0.04999999999999999,,0,0
oscillation,-1,accept_all,0.11,4,0.5,0.5,0.55,0.10000000000000003,0.8999999999999999,0.8999999999999999,1.0,0.050000000000000044,,0,0
oscillation,-1,accept_all,0.11,5,0.5,0.5,0.45,0.10000000000000003,0.8999999999999999,0.8999999999999999,1.0,0.04999999999999999,,0,0
oscillation,-1,accept_all,0.11,6,0.5,0.5,0.55,0.10000000000000003,0.8999999999999999,0.8999999999999999,1.0,0.050000000000000044,,0,0
oscillation,-1,accept_all,0.11,7,0.5,0.5,0.45,0.10000000000000003,0.8999999999999999,0.8999999999999999,1.0,0.04999999999999999,,0,0
oscillation,-1,accept_all,0.11,8,0.5,0.5,0.55,0.10000000000000003,0.8999999999999999,0.8999999999999999,1.0,0.050000000000000044,,0,0
oscillation,-1,accept_all,0.11,9,0.5,0.5,0.45,0.10000000000000003,0.8999999999999999,0.8999999999999999,1.0,0.04999999999999999,,0,0
oscillation,-1,accept_all,0.11,10,0.5,0.5,0.55,0.10000000000000003,0.8999999999999999,0.8999999999999999,1.0,0.050000000000000044,,0,0
oscillation,-1,accept_all,0.11,11,0.5,0.5,0.45,0.10000000000000003,0.8999999999999999,0.8999999999999999,1.0,0.04999999999999999,,0,0
oscillation,-1,accept_all,0.11,12,0.5,0.5,0.55,0.10000000000000003,0.8999999999999999,0.8999999999999999,1.0,0.050000000000000044,,0,0
oscillation,-1,accept_all,0.11,13,0.5,0.5,0.45,0.10000000000000003,0.8999999999999999,0.8999999999999999,1.0,0.04999999999999999,,0,0
oscillation,-1,accept_all,0.11,14,0.5,0.5,0.55,0.10000000000000003,0.8999999999999999,0.8999999999999999,1.0,0.050000000000000044,,0,0
oscillation,-1,accept_all,0.11,15,0.5,0.5,0.45,0.10000000000000003,0.8999999999999999,0.8999999999999999,1.0,0.04999999999999999,,0,0
oscillation,-1,accept_all,0.11,16,0.5,0.5,0.55,0.10000000000000003,0.8999999999999999,0.8999999999999999,1.0,0.050000000000000044,,0,0
oscillation,-1,accept_all,0.11,17,0.5,0.5,0.45,0.10000000000000003,0.8999999999999999,0.8999999999999999,1.0,0.04999999999999999,,0,0
oscillation,-1,accept_all,0.11,18,0.5,0.5,0.55,0.10000000000000003,0.8999999999999999,0.8999999999999999,1.0,0.050000000000000044,,0,0
oscillation,-1,accept_all,0.11,19,0.5,0.5,0.45,0.10000000000000003,0.8999999999999999,0.8999999999999999,1.0,0.04999999999999999,,0,0
oscillation,-1,accept_all,0.11,20,0.5,0.5,0.55,0.10000000000000003,0.8999999999999999,0.8999999999999999,1.0,0.050000000000000044,,0,0
oscillation,-1,accept_all,0.11,21,0.5,0.5,0.45,0.10000000000000003,0.8999999999999999,0.8999999999999999,1.0,0.04999999999999999,,0,0
oscillation,-1,accept_all,0.11,22,0.5,0.5,0.55,0.10000000000000003,0.8999999999999999,0.8999999999999999,1.0,0.050000000000000044,,0,0
oscillation,-1,accept_all,0.11,23,0.5,0.5,0.45,0.10000000000000003,0.8999999999999999,0.8999999999999999,1.0,0.04999999999999999,,0,0
oscillation,-1,accept_all,0.11,24,0.5,0.5,0.55,0.10000000000000003,0.8999999999999999,0.8999999999999999,1.0,0.050000000000000044,,0,0
oscillation,-1,accept_all,0.11,25,0.5,0.5,0.45,0.10000000000000003,0.8999999999999999,0.8999999999999999,1.0,0.04999999999999999,,0,0
oscillation,-1,accept_all,0.11,26,0.5,0.5,0.55,0.10000000000000003,0.8999999999999999,0.8999999999999999,1.0,0.050000000000000044,,0,0
oscillation,-1,accept_all,0.11,27,0.5,0.5,0.45,0.10000000000000003,0.8999999999999999,0.8999999999999999,1.0,0.04999999999999999,,0,0
oscillation,-1,accept_all,0.11,28,0.5,0.5,0.55,0.10000000000000003,0.8999999999999999,0.8999999999999999,1.0,0.050000000000000044,,0,0
oscillation,-1,accept_all,0.11,29,0.5,0.5,0.45,0.10000000000000003,0.8999999999999999,0.8999999999999999,1.0,0.04999999999999999,,0,0
oscillation,-1,accept_all,0.11,30,0.5,0.5,0.55,0.10000000000000003,0.8999999999999999,0.8999999999999999,1.0,0.050000000000000044,,0,0
oscillation,-1,accept_all,0.11,31,0.5,0.5,0.45,0.10000000000000003,0.8999999999999999,0.8999999999999999,1.0,0.04999999999999999,,0,0
oscillation,-1,accept_all,0.11,32,0.5,0.5,0.55,0.10000000000000003,0.8999999999999999,0.8999999999999999,1.0,0.050000000000000044,,0,0
oscillation,-1,accept_all,0.11,33,0.5,0.5,0.45,0.10000000000000003,0.8999999999999999,0.8999999999999999,1.0,0.04999999999999999,,0,0
oscillation,-1,accept_all,0.11,34,0.5,0.5,0.55,0.10000000000000003,0.8999999999999999,0.8999999999999999,1.0,0.050000000000000044,,0,0
oscillation,-1,accept_all,0.11,35,0.5,0.5,0.45,0.10000000000000003,0.8999999999999999,0.8999999999999999,1.0,0.04999999999999999,,0,0
oscillation,-1,accept_all,0.11,36,0.5,0.5,0.55,0.10000000000000003,0.8999999999999999,0.8999999999999999,1.0,0.050000000000000044,,0,0
oscillation,-1,accept_all,0.11,37,0.5,0.5,0.45,0.10000000000000003,0.8999999999999999,0.8999999999999999,1.0,0.04999999999999999,,0,0
oscillation,-1,accept_all,0.11,38,0.5,0.5,0.55,0.10000000000000003,0.8999999999999999,0.8999999999999999,1.0,0.050000000000000044,,0,0
oscillation,-1,accept_all,0.11,39,0.5,0.5,0.45,0.10000000000000003,0.8999999999999999,0.8999999999999999,1.0,0.04999999999999999,,0,0
oscillation,-1,accept_all,0.11,40,0.5,0.5,0.55,0.10000000000000003,0.8999999999999999,0.8999999999999999,1.0,0.050000000000000044,,0,0
oscillation,-1,accept_all,0.11,41,0.5,0.5,0.45,0.10000000000000003,0.8999999999999999,0.8999999999999999,1.0,0.04999999999999999,,0,0
oscillation,-1,accept_all,0.11,42,0.5,0.5,0.55,0.10000000000000003,0.8999999999999999,0.8999999999999999,1.0,0.050000000000000044,,0,0
oscillation,-1,accept_all,0.11,43,0.5,0.5,0.45,0.10000000000000003,0.8999999999999999,0.8999999999999999,1.0,0.04999999999999999,,0,0
oscillation,-1,accept_all,0.11,44,0.5,0.5,0.55,0.10000000000000003,0.8999999999999999,0.8999999999999999,1.0,0.050000000000000044,,0,0
oscillation,-1,accept_all,0.11,45,0.5,0.5,0.45,0.10000000000000003,0.8999999999999999,0.8999999999999999,1.0,0.04999999999999999,,0,0
oscillation,-1,accept_all,0.11,46,0.5,0.5,0.55,0.10000000000000003,0.8999999999999999,0.8999999999999999,1.0,0.050000000000000044,,0,0
oscillation,-1,accept_all,0.11,47,0.5,0.5,0.45,0.10000000000000003,0.8999999999999999,0.8999999999999999,1.0,0.04999999999999999,,0,0
oscillation,-1,accept_all,0.11,48,0.5,0.5,0.55,0.10000000000000003,0.8999999999999999,0.8999999999999999,1.0,0.050000000000000044,,0,0
oscillation,-1,accept_all,0.11,49,0.5,0.5,0.45,0.10000000000000003,0.8999999999999999,0.8999999999999999,1.0,0.04999999999999999,,0,0
oscillation,-1,accept_all,0.11,50,0.5,0.5,0.55,0.10000000000000003,0.8999999999999999,0.8999999999999999,1.0,0.050000000000000044,,0,0
oscillation,-1,accept_all,0.11,51,0.5,0.5,0.45,0.10000000000000003,0.8999999999999999,0.8999999999999999,1.0,0.04999999999999999,,0,0
oscillation,-1,accept_all,0.11,52,0.5,0.5,0.55,0.10000000000000003,0.8999999999999999,0.8999999999999999,1.0,0.050000000000000044,,0,0
oscillation,-1,accept_all,0.11,53,0.5,0.5,0.45,0.10000000000000003,0.8999999999999999,0.8999999999999999,1.0,0.04999999999999999,,0,0
oscillation,-1,accept_all,0.11,54,0.5,0.5,0.55,0.10000000000000003,0.8999999999999999,0.8999999999999999,1.0,0.050000000000000044,,0,0
oscillation,-1,accept_all,0.11,55,0.5,0.5,0.45,0.10000000000000003,0.8999999999999999,0.8999999999999999,1.0,0.04999999999999999,,0,0
oscillation,-1,accept_all,0.11,56,0.5,0.5,0.55,0.10000000000000003,0.8999999999999999,0.8999999999999999,1.0,0.050000000000000044,,0,0
oscillation,-1,accept_all,0.11,57,0.5,0.5,0.45,0.10000000000000003,0.8999999999999999,0.8999999999999999,1.0,0.04999999999999999,,0,0
oscillation,-1,accept_all,0.11,58,0.5,0.5,0.55,0.10000000000000003,0.8999999999999999,0.8999999999999999,1.0,0.050000000000000044,,0,0
oscillation,-1,accept_all,0.11,59,0.5,0.5,0.45,0.10000000000000003,0.8999999999999999,0.8999999999999999,1.0,0.04999999999999999,,0,0
oscillation,-1,accept_all,0.11,60,0.5,0.5,0.55,0.10000000000000003,0.8999999999999999,0.8999999999999999,1.0,0.050000000000000044,,0,0
oscillation,-1,accept_all,0.11,61,0.5,0.5,0.45,0.10000000000000003,0.8999999999999999,0.8999999999999999,1.0,0.04999999999999999,,0,0
oscillation,-1,accept_all,0.11,62,0.5,0.5,0.55,0.10000000000000003,0.8999999999999999,0.8999999999999999,1.0,0.050000000000000044,,0,0
oscillation,-1,accept_all,0.11,63,0.5,0.5,0.45,0.10000000000000003,0.8999999999999999,0.8999999999999999,1.0,0.04999999999999999,,0,0
oscillation,-1,accept_all,0.11,64,0.5,0.5,0.55,0.10000000000000003,0.8999999999999999,0.8999999999999999,1.0,0.050000000000000044,,0,0
oscillation,-1,accept_all,0.11,65,0.5,0.5,0.45,0.10000000000000003,0.8999999999999999,0.8999999999999999,1.0,0.04999999999999999,,0,0
oscillation,-1,accept_all,0.11,66,0.5,0.5,0.55,0.10000000000000003,0.8999999999999999,0.8999999999999999,1.0,0.050000000000000044,,0,0
oscillation,-1,accept_all,0.11,67,0.5,0.5,0.45,0.10000000000000003,0.8999999999999999,0.8999999999999999,1.0,0.04999999999999999,,0,0
oscillation,-1,accept_all,0.11,68,0.5,0.5,0.55,0.10000000000000003,0.8999999999999999,0.8999999999999999,1.0,0.050000000000000044,,0,0
oscillation,-1,accept_all,0.11,69,0.5,0.5,0.45,0.10000000000000003,0.8999999999999999,0.8999999999999999,1.0,0.04999999999999999,,0,0
oscillation,-1,accept_all,0.11,70,0.5,0.5,0.55,0.10000000000000003,0.8999999999999999,0.8999999999999999,1.0,0.050000000000000044,,0,0
oscillation,-1,accept_all,0.11,71,0.5,0.5,0.45,0.10000000000000003,0.8999999999999999,0.8999999999999999,1.0,0.04999999999999999,,0,0
oscillation,-1,accept_all,0.11,72,0.5,0.5,0.55,0.10000000000000003,0.8999999999999999,0.8999999999999999,1.0,0.050000000000000044,,0,0
oscillation,-1,accept_all,0.11,73,0.5,0.5,0.45,0.10000000000000003,0.8999999999999999,0.8999999999999999,1.0,0.04999999999999999,,0,0
oscillation,-1,accept_all,0.11,74,0.5,0.5,0.55,0.10000000000000003,0.8999999999999999,0.8999999999999999,1.0,0.050000000000000044,,0,0
oscillation,-1,accept_all,0.11,75,0.5,0.5,0.45,0.10000000000000003,0.8999999999999999,0.8999999999999999,1.0,0.04999999999999999,,0,0
oscillation,-1,accept_all,0.11,76,0.5,0.5,0.55,0.10000000000000003,0.8999999999999999,0.8999999999999999,1.0,0.050000000000000044,,0,0
oscillation,-1,accept_all,0.11,77,0.5,0.5,0.45,0.10000000000000003,0.8999999999999999,0.8999999999999999,1.0,0.04999999999999999,,0,0
oscillation,-1,accept_all,0.11,78,0.5,0.5,0.55,0.10000000000000003,0.8999999999999999,0.8999999999999999,1.0,0.050000000000000044,,0,0
oscillation,-1,accept_all,0.11,79,0.5,0.5,0.45,0.10000000000000003,0.8999999999999999,0.8999999999999999,1.0,0.04999999999999999,,0,0
oscillation,-1,accept_all,0.11,80,0.5,0.5,0.55,0.10000000000000003,0.8999999999999999,0.8999999999999999,1.0,0.050000000000000044,,0,0
oscillation,-1,reference_only,0.11,1,0.5,0.5,0.5,0.0,,0.95,0.0,0.0,,1,0
oscillation,-1,reference_only,0.11,2,0.5,0.5,0.5,0.0,,0.95,0.0,0.0,,2,0
oscillation,-1,reference_only,0.11,3,0.5,0.5,0.5,0.0,,0.95,0.0,0.0,,3,0
oscillation,-1,reference_only,0.11,4,0.5,0.5,0.5,0.0,,0.95,0.0,0.0,,4,0
oscillation,-1,reference_only,0.11,5,0.5,0.5,0.5,0.0,,0.95,0.0,0.0,,5,0
oscillation,-1,reference_only,0.11,6,0.5,0.5,0.5,0.0,,0.95,0.0,0.0,,6,0
oscillation,-1,reference_only,0.11,7,0.5,0.5,0.5,0.0,,0.95,0.0,0.0,,7,0
oscillation,-1,reference_only,0.11,8,0.5,0.5,0.5,0.0,,0.95,0.0,0.0,,8,0
oscillation,-1,reference_only,0.11,9,0.5,0.5,0.5,0.0,,0.95,0.0,0.0,,9,0
oscillation,-1,reference_only,0.11,10,0.5,0.5,0.5,0.0,,0.95,0.0,0.0,,10,0
oscillation,-1,reference_only,0.11,11,0.5,0.5,0.5,0.0,,0.95,0.0,0.0,,11,0
oscillation,-1,reference_only,0.11,12,0.5,0.5,0.5,0.0,,0.95,0.0,0.0,,12,0
oscillation,-1,reference_only,0.11,13,0.5,0.5,0.5,0.0,,0.95,0.0,0.0,,13,0
oscillation,-1,reference_only,0.11,14,0.5,0.5,0.5,0.0,,0.95,0.0,0.0,,14,0
oscillation,-1,reference_only,0.11,15,0.5,0.5,0.5,0.0,,0.95,0.0,0.0,,15,0
oscillation,-1,reference_only,0.11,16,0.5,0.5,0.5,0.0,,0.95,0.0,0.0,,16,0
oscillation,-1,reference_only,0.11,17,0.5,0.5,0.5,0.0,,0.95,0.0,0.0,,17,0
oscillation,-1,reference_only,0.11,18,0.5,0.5,0.5,0.0,,0.95,0.0,0.0,,18,0
oscillation,-1,reference_only,0.11,19,0.5,0.5,0.5,0.0,,0.95,0.0,0.0,,19,0
oscillation,-1,reference_only,0.11,20,0.5,0.5,0.5,0.0,,0.95,0.0,0.0,,20,0
oscillation,-1,reference_only,0.11,21,0.5,0.5,0.5,0.0,,0.95,0.0,0.0,,21,0
oscillation,-1,reference_only,0.11,22,0.5,0.5,0.5,0.0,,0.95,0.0,0.0,,22,0
oscillation,-1,reference_only,0.11,23,0.5,0.5,0.5,0.0,,0.95,0.0,0.0,,23,0
oscillation,-1,reference_only,0.11,24,0.5,0.5,0.5,0.0,,0.95,0.0,0.0,,24,0
oscillation,-1,reference_only,0.11,25,0.5,0.5,0.5,0.0,,0.95,0.0,0.0,,25,0
oscillation,-1,reference_only,0.11,26,0.5,0.5,0.5,0.0,,0.95,0.0,0.0,,26,0
oscillation,-1,reference_only,0.11,27,0.5,0.5,0.5,0.0,,0.95,0.0,0.0,,27,0
oscillation,-1,reference_only,0.11,28,0.5,0.5,0.5,0.0,,0.95,0.0,0.0,,28,0
oscillation,-1,reference_only,0.11,29,0.5,0.5,0.5,0.0,,0.95,0.0,0.0,,29,0
oscillation,-1,reference_only,0.11,30,0.5,0.5,0.5,0.0,,0.95,0.0,0.0,,30,0
oscillation,-1,reference_only,0.11,31,0.5,0.5,0.5,0.0,,0.95,0.0,0.0,,31,0
oscillation,-1,reference_only,0.11,32,0.5,0.5,0.5,0.0,,0.95,0.0,0.0,,32,0
oscillation,-1,reference_only,0.11,33,0.5,0.5,0.5,0.0,,0.95,0.0,0.0,,33,0
oscillation,-1,reference_only,0.11,34,0.5,0.5,0.5,0.0,,0.95,0.0,0.0,,34,0
oscillation,-1,reference_only,0.11,35,0.5,0.5,0.5,0.0,,0.95,0.0,0.0,,35,0
oscillation,-1,reference_only,0.11,36,0.5,0.5,0.5,0.0,,0.95,0.0,0.0,,36,0
oscillation,-1,reference_only,0.11,37,0.5,0.5,0.5,0.0,,0.95,0.0,0.0,,37,0
oscillation,-1,reference_only,0.11,38,0.5,0.5,0.5,0.0,,0.95,0.0,0.0,,38,0
oscillation,-1,reference_only,0.11,39,0.5,0.5,0.5,0.0,,0.95,0.0,0.0,,39,0
oscillation,-1,reference_only,0.11,40,0.5,0.5,0.5,0.0,,0.95,0.0,0.0,,40,0
oscillation,-1,reference_only,0.11,41,0.5,0.5,0.5,0.0,,0.95,0.0,0.0,,41,0
oscillation,-1,reference_only,0.11,42,0.5,0.5,0.5,0.0,,0.95,0.0,0.0,,42,0
oscillation,-1,reference_only,0.11,43,0.5,0.5,0.5,0.0,,0.95,0.0,0.0,,43,0
oscillation,-1,reference_only,0.11,44,0.5,0.5,0.5,0.0,,0.95,0.0,0.0,,44,0
oscillation,-1,reference_only,0.11,45,0.5,0.5,0.5,0.0,,0.95,0.0,0.0,,45,0
oscillation,-1,reference_only,0.11,46,0.5,0.5,0.5,0.0,,0.95,0.0,0.0,,46,0
oscillation,-1,reference_only,0.11,47,0.5,0.5,0.5,0.0,,0.95,0.0,0.0,,47,0
oscillation,-1,reference_only,0.11,48,0.5,0.5,0.5,0.0,,0.95,0.0,0.0,,48,0
oscillation,-1,reference_only,0.11,49,0.5,0.5,0.5,0.0,,0.95,0.0,0.0,,49,0
oscillation,-1,reference_only,0.11,50,0.5,0.5,0.5,0.0,,0.95,0.0,0.0,,50,0
oscillation,-1,reference_only,0.11,51,0.5,0.5,0.5,0.0,,0.95,0.0,0.0,,51,0
oscillation,-1,reference_only,0.11,52,0.5,0.5,0.5,0.0,,0.95,0.0,0.0,,52,0
oscillation,-1,reference_only,0.11,53,0.5,0.5,0.5,0.0,,0.95,0.0,0.0,,53,0
oscillation,-1,reference_only,0.11,54,0.5,0.5,0.5,0.0,,0.95,0.0,0.0,,54,0
oscillation,-1,reference_only,0.11,55,0.5,0.5,0.5,0.0,,0.95,0.0,0.0,,55,0
oscillation,-1,reference_only,0.11,56,0.5,0.5,0.5,0.0,,0.95,0.0,0.0,,56,0
oscillation,-1,reference_only,0.11,57,0.5,0.5,0.5,0.0,,0.95,0.0,0.0,,57,0
oscillation,-1,reference_only,0.11,58,0.5,0.5,0.5,0.0,,0.95,0.0,0.0,,58,0
oscillation,-1,reference_only,0.11,59,0.5,0.5,0.5,0.0,,0.95,0.0,0.0,,59,0
oscillation,-1,reference_only,0.11,60,0.5,0.5,0.5,0.0,,0.95,0.0,0.0,,60,0
oscillation,-1,reference_only,0.11,61,0.5,0.5,0.5,0.0,,0.95,0.0,0.0,,61,0
oscillation,-1,reference_only,0.11,62,0.5,0.5,0.5,0.0,,0.95,0.0,0.0,,62,0
oscillation,-1,reference_only,0.11,63,0.5,0.5,0.5,0.0,,0.95,0.0,0.0,,63,0
oscillation,-1,reference_only,0.11,64,0.5,0.5,0.5,0.0,,0.95,0.0,0.0,,64,0
oscillation,-1,reference_only,0.11,65,0.5,0.5,0.5,0.0,,0.95,0.0,0.0,,65,0
oscillation,-1,reference_only,0.11,66,0.5,0.5,0.5,0.0,,0.95,0.0,0.0,,66,0
oscillation,-1,reference_only,0.11,67,0.5,0.5,0.5,0.0,,0.95,0.0,0.0,,67,0
oscillation,-1,reference_only,0.11,68,0.5,0.5,0.5,0.0,,0.95,0.0,0.0,,68,0
oscillation,-1,reference_only,0.11,69,0.5,0.5,0.5,0.0,,0.95,0.0,0.0,,69,0
oscillation,-1,reference_only,0.11,70,0.5,0.5,0.5,0.0,,0.95,0.0,0.0,,70,0
oscillation,-1,reference_only,0.11,71,0.5,0.5,0.5,0.0,,0.95,0.0,0.0,,71,0
oscillation,-1,reference_only,0.11,72,0.5,0.5,0.5,0.0,,0.95,0.0,0.0,,72,0
oscillation,-1,reference_only,0.11,73,0.5,0.5,0.5,0.0,,0.95,0.0,0.0,,73,0
oscillation,-1,reference_only,0.11,74,0.5,0.5,0.5,0.0,,0.95,0.0,0.0,,74,0
oscillation,-1,reference_only,0.11,75,0.5,0.5,0.5,0.0,,0.95,0.0,0.0,,75,0
oscillation,-1,reference_only,0.11,76,0.5,0.5,0.5,0.0,,0.95,0.0,0.0,,76,0
oscillation,-1,reference_only,0.11,77,0.5,0.5,0.5,0.0,,0.95,0.0,0.0,,77,0
oscillation,-1,reference_only,0.11,78,0.5,0.5,0.5,0.0,,0.95,0.0,0.0,,78,0
oscillation,-1,reference_only,0.11,79,0.5,0.5,0.5,0.0,,0.95,0.0,0.0,,79,0
oscillation,-1,reference_only,0.11,80,0.5,0.5,0.5,0.0,,0.95,0.0,0.0,,80,0
oscillation,-1,gated,0.25,1,0.5,0.5,0.45,0.04999999999999999,0.95,0.95,1.0,0.04999999999999999,,0,0
oscillation,-1,gated,0.25,2,0.5,0.5,0.55,0.10000000000000003,0.8999999999999999,0.8999999999999999,1.0,0.050000000000000044,,0,0
oscillation,-1,gated,0.25,3,0.5,0.5,0.45,0.10000000000000003,0.8999999999999999,0.8999999999999999,1.0,0.04999999999999999,,0,0
oscillation,-1,gated,0.25,4,0.5,0.5,0.55,0.10000000000000003,0.8999999999999999,0.8999999999999999,1.0,0.050000000000000044,,0,0
oscillation,-1,gated,0.25,5,0.5,0.5,0.45,0.10000000000000003,0.8999999999999999,0.8999999999999999,1.0,0.04999999999999999,,0,0
oscillation,-1,gated,0.25,6,0.5,0.5,0.55,0.10000000000000003,0.8999999999999999,0.8999999999999999,1.0,0.050000000000000044,,0,0
oscillation,-1,gated,0.25,7,0.5,0.5,0.45,0.10000000000000003,0.8999999999999999,0.8999999999999999,1.0,0.04999999999999999,,0,0
oscillation,-1,gated,0.25,8,0.5,0.5,0.55,0.10000000000000003,0.8999999999999999,0.8999999999999999,1.0,0.050000000000000044,,0,0
oscillation,-1,gated,0.25,9,0.5,0.5,0.45,0.10000000000000003,0.8999999999999999,0.8999999999999999,1.0,0.04999999999999999,,0,0
oscillation,-1,gated,0.25,10,0.5,0.5,0.55,0.10000000000000003,0.8999999999999999,0.8999999999999999,1.0,0.050000000000000044,,0,0
oscillation,-1,gated,0.25,11,0.5,0.5,0.45,0.10000000000000003,0.8999999999999999,0.8999999999999999,1.0,0.04999999999999999,,0,0
oscillation,-1,gated,0.25,12,0.5,0.5,0.55,0.10000000000000003,0.8999999999999999,0.8999999999999999,1.0,0.050000000000000044,,0,0
oscillation,-1,gated,0.25,13,0.5,0.5,0.45,0.10000000000000003,0.8999999999999999,0.8999999999999999,1.0,0.04999999999999999,,0,0
oscillation,-1,gated,0.25,14,0.5,0.5,0.55,0.10000000000000003,0.8999999999999999,0.8999999999999999,1.0,0.050000000000000044,,0,0
oscillation,-1,gated,0.25,15,0.5,0.5,0.45,0.10000000000000003,0.8999999999999999,0.8999999999999999,1.0,0.04999999999999999,,0,0
oscillation,-1,gated,0.25,16,0.5,0.5,0.55,0.10000000000000003,0.8999999999999999,0.8999999999999999,1.0,0.050000000000000044,,0,0
oscillation,-1,gated,0.25,17,0.5,0.5,0.45,0.10000000000000003,0.8999999999999999,0.8999999999999999,1.0,0.04999999999999999,,0,0
oscillation,-1,gated,0.25,18,0.5,0.5,0.55,0.10000000000000003,0.8999999999999999,0.8999999999999999,1.0,0.050000000000000044,,0,0
oscillation,-1,gated,0.25,19,0.5,0.5,0.45,0.10000000000000003,0.8999999999999999,0.8999999999999999,1.0,0.04999999999999999,,0,0
oscillation,-1,gated,0.25,20,0.5,0.5,0.55,0.10000000000000003,0.8999999999999999,0.8999999999999999,1.0,0.050000000000000044,,0,0
oscillation,-1,gated,0.25,21,0.5,0.5,0.45,0.10000000000000003,0.8999999999999999,0.8999999999999999,1.0,0.04999999999999999,,0,0
oscillation,-1,gated,0.25,22,0.5,0.5,0.55,0.10000000000000003,0.8999999999999999,0.8999999999999999,1.0,0.050000000000000044,,0,0
oscillation,-1,gated,0.25,23,0.5,0.5,0.45,0.10000000000000003,0.8999999999999999,0.8999999999999999,1.0,0.04999999999999999,,0,0
oscillation,-1,gated,0.25,24,0.5,0.5,0.55,0.10000000000000003,0.8999999999999999,0.8999999999999999,1.0,0.050000000000000044,,0,0
oscillation,-1,gated,0.25,25,0.5,0.5,0.45,0.10000000000000003,0.8999999999999999,0.8999999999999999,1.0,0.04999999999999999,,0,0
oscillation,-1,gated,0.25,26,0.5,0.5,0.55,0.10000000000000003,0.8999999999999999,0.8999999999999999,1.0,0.050000000000000044,,0,0
oscillation,-1,gated,0.25,27,0.5,0.5,0.45,0.10000000000000003,0.8999999999999999,0.8999999999999999,1.0,0.04999999999999999,,0,0
oscillation,-1,gated,0.25,28,0.5,0.5,0.55,0.10000000000000003,0.8999999999999999,0.8999999999999999,1.0,0.050000000000000044,,0,0
oscillation,-1,gated,0.25,29,0.5,0.5,0.45,0.10000000000000003,0.8999999999999999,0.8999999999999999,1.0,0.04999999999999999,,0,0
oscillation,-1,gated,0.25,30,0.5,0.5,0.55,0.10000000000000003,0.8999999999999999,0.8999999999999999,1.0,0.050000000000000044,,0,0
oscillation,-1,gated,0.25,31,0.5,0.5,0.45,0.10000000000000003,0.8999999999999999,0.8999999999999999,1.0,0.04999999999999999,,0,0
oscillation,-1,gated,0.25,32,0.5,0.5,0.55,0.10000000000000003,0.8999999999999999,0.8999999999999999,1.0,0.050000000000000044,,0,0
oscillation,-1,gated,0.25,33,0.5,0.5,0.45,0.10000000000000003,0.8999999999999999,0.8999999999999999,1.0,0.04999999999999999,,0,0
oscillation,-1,gated,0.25,34,0.5,0.5,0.55,0.10000000000000003,0.8999999999999999,0.8999999999999999,1.0,0.050000000000000044,,0,0
oscillation,-1,gated,0.25,35,0.5,0.5,0.45,0.10000000000000003,0.8999999999999999,0.8999999999999999,1.0,0.04999999999999999,,0,0
oscillation,-1,gated,0.25,36,0.5,0.5,0.55,0.10000000000000003,0.8999999999999999,0.8999999999999999,1.0,0.050000000000000044,,0,0
oscillation,-1,gated,0.25,37,0.5,0.5,0.45,0.10000000000000003,0.8999999999999999,0.8999999999999999,1.0,0.04999999999999999,,0,0
oscillation,-1,gated,0.25,38,0.5,0.5,0.55,0.10000000000000003,0.8999999999999999,0.8999999999999999,1.0,0.050000000000000044,,0,0
oscillation,-1,gated,0.25,39,0.5,0.5,0.45,0.10000000000000003,0.8999999999999999,0.8999999999999999,1.0,0.04999999999999999,,0,0
oscillation,-1,gated,0.25,40,0.5,0.5,0.55,0.10000000000000003,0.8999999999999999,0.8999999999999999,1.0,0.050000000000000044,,0,0
oscillation,-1,gated,0.25,41,0.5,0.5,0.45,0.10000000000000003,0.8999999999999999,0.8999999999999999,1.0,0.04999999999999999,,0,0
oscillation,-1,gated,0.25,42,0.5,0.5,0.55,0.10000000000000003,0.8999999999999999,0.8999999999999999,1.0,0.050000000000000044,,0,0
oscillation,-1,gated,0.25,43,0.5,0.5,0.45,0.10000000000000003,0.8999999999999999,0.8999999999999999,1.0,0.04999999999999999,,0,0
oscillation,-1,gated,0.25,44,0.5,0.5,0.55,0.10000000000000003,0.8999999999999999,0.8999999999999999,1.0,0.050000000000000044,,0,0
oscillation,-1,gated,0.25,45,0.5,0.5,0.45,0.10000000000000003,0.8999999999999999,0.8999999999999999,1.0,0.04999999999999999,,0,0
oscillation,-1,gated,0.25,46,0.5,0.5,0.55,0.10000000000000003,0.8999999999999999,0.8999999999999999,1.0,0.050000000000000044,,0,0
oscillation,-1,gated,0.25,47,0.5,0.5,0.45,0.10000000000000003,0.8999999999999999,0.8999999999999999,1.0,0.04999999999999999,,0,0
oscillation,-1,gated,0.25,48,0.5,0.5,0.55,0.10000000000000003,0.8999999999999999,0.8999999999999999,1.0,0.050000000000000044,,0,0
oscillation,-1,gated,0.25,49,0.5,0.5,0.45,0.10000000000000003,0.8999999999999999,0.8999999999999999,1.0,0.04999999999999999,,0,0
oscillation,-1,gated,0.25,50,0.5,0.5,0.55,0.10000000000000003,0.8999999999999999,0.8999999999999999,1.0,0.050000000000000044,,0,0
oscillation,-1,gated,0.25,51,0.5,0.5,0.45,0.10000000000000003,0.8999999999999999,0.8999999999999999,1.0,0.04999999999999999,,0,0
oscillation,-1,gated,0.25,52,0.5,0.5,0.55,0.10000000000000003,0.8999999999999999,0.8999999999999999,1.0,0.050000000000000044,,0,0
oscillation,-1,gated,0.25,53,0.5,0.5,0.45,0.10000000000000003,0.8999999999999999,0.8999999999999999,1.0,0.04999999999999999,,0,0
oscillation,-1,gated,0.25,54,0.5,0.5,0.55,0.10000000000000003,0.8999999999999999,0.8999999999999999,1.0,0.050000000000000044,,0,0
oscillation,-1,gated,0.25,55,0.5,0.5,0.45,0.10000000000000003,0.8999999999999999,0.8999999999999999,1.0,0.04999999999999999,,0,0
oscillation,-1,gated,0.25,56,0.5,0.5,0.55,0.10000000000000003,0.8999999999999999,0.8999999999999999,1.0,0.050000000000000044,,0,0
oscillation,-1,gated,0.25,57,0.5,0.5,0.45,0.10000000000000003,0.8999999999999999,0.8999999999999999,1.0,0.04999999999999999,,0,0
oscillation,-1,gated,0.25,58,0.5,0.5,0.55,0.10000000000000003,0.8999999999999999,0.8999999999999999,1.0,0.050000000000000044,,0,0
oscillation,-1,gated,0.25,59,0.5,0.5,0.45,0.10000000000000003,0.8999999999999999,0.8999999999999999,1.0,0.04999999999999999,,0,0
oscillation,-1,gated,0.25,60,0.5,0.5,0.55,0.10000000000000003,0.8999999999999999,0.8999999999999999,1.0,0.050000000000000044,,0,0
oscillation,-1,gated,0.25,61,0.5,0.5,0.45,0.10000000000000003,0.8999999999999999,0.8999999999999999,1.0,0.04999999999999999,,0,0
oscillation,-1,gated,0.25,62,0.5,0.5,0.55,0.10000000000000003,0.8999999999999999,0.8999999999999999,1.0,0.050000000000000044,,0,0
oscillation,-1,gated,0.25,63,0.5,0.5,0.45,0.10000000000000003,0.8999999999999999,0.8999999999999999,1.0,0.04999999999999999,,0,0
oscillation,-1,gated,0.25,64,0.5,0.5,0.55,0.10000000000000003,0.8999999999999999,0.8999999999999999,1.0,0.050000000000000044,,0,0
oscillation,-1,gated,0.25,65,0.5,0.5,0.45,0.10000000000000003,0.8999999999999999,0.8999999999999999,1.0,0.04999999999999999,,0,0
oscillation,-1,gated,0.25,66,0.5,0.5,0.55,0.10000000000000003,0.8999999999999999,0.8999999999999999,1.0,0.050000000000000044,,0,0
oscillation,-1,gated,0.25,67,0.5,0.5,0.45,0.10000000000000003,0.8999999999999999,0.8999999999999999,1.0,0.04999999999999999,,0,0
oscillation,-1,gated,0.25,68,0.5,0.5,0.55,0.10000000000000003,0.8999999999999999,0.8999999999999999,1.0,0.050000000000000044,,0,0
oscillation,-1,gated,0.25,69,0.5,0.5,0.45,0.10000000000000003,0.8999999999999999,0.8999999999999999,1.0,0.04999999999999999,,0,0
oscillation,-1,gated,0.25,70,0.5,0.5,0.55,0.10000000000000003,0.8999999999999999,0.8999999999999999,1.0,0.050000000000000044,,0,0
oscillation,-1,gated,0.25,71,0.5,0.5,0.45,0.10000000000000003,0.8999999999999999,0.8999999999999999,1.0,0.04999999999999999,,0,0
oscillation,-1,gated,0.25,72,0.5,0.5,0.55,0.10000000000000003,0.8999999999999999,0.8999999999999999,1.0,0.050000000000000044,,0,0
oscillation,-1,gated,0.25,73,0.5,0.5,0.45,0.10000000000000003,0.8999999999999999,0.8999999999999999,1.0,0.04999999999999999,,0,0
oscillation,-1,gated,0.25,74,0.5,0.5,0.55,0.10000000000000003,0.8999999999999999,0.8999999999999999,1.0,0.050000000000000044,,0,0
oscillation,-1,gated,0.25,75,0.5,0.5,0.45,0.10000000000000003,0.8999999999999999,0.8999999999999999,1.0,0.04999999999999999,,0,0
oscillation,-1,gated,0.25,76,0.5,0.5,0.55,0.10000000000000003,0.8999999999999999,0.8999999999999999,1.0,0.050000000000000044,,0,0
oscillation,-1,gated,0.25,77,0.5,0.5,0.45,0.10000000000000003,0.8999999999999999,0.8999999999999999,1.0,0.04999999999999999,,0,0
oscillation,-1,gated,0.25,78,0.5,0.5,0.55,0.10000000000000003,0.8999999999999999,0.8999999999999999,1.0,0.050000000000000044,,0,0
oscillation,-1,gated,0.25,79,0.5,0.5,0.45,0.10000000000000003,0.8999999999999999,0.8999999999999999,1.0,0.04999999999999999,,0,0
oscillation,-1,gated,0.25,80,0.5,0.5,0.55,0.10000000000000003,0.8999999999999999,0.8999999999999999,1.0,0.050000000000000044,,0,0
oscillation,-1,accept_all,0.25,1,0.5,0.5,0.45,0.04999999999999999,0.95,0.95,1.0,0.04999999999999999,,0,0
oscillation,-1,accept_all,0.25,2,0.5,0.5,0.55,0.10000000000000003,0.8999999999999999,0.8999999999999999,1.0,0.050000000000000044,,0,0
oscillation,-1,accept_all,0.25,3,0.5,0.5,0.45,0.10000000000000003,0.8999999999999999,0.8999999999999999,1.0,0.04999999999999999,,0,0
oscillation,-1,accept_all,0.25,4,0.5,0.5,0.55,0.10000000000000003,0.8999999999999999,0.8999999999999999,1.0,0.050000000000000044,,0,0
oscillation,-1,accept_all,0.25,5,0.5,0.5,0.45,0.10000000000000003,0.8999999999999999,0.8999999999999999,1.0,0.04999999999999999,,0,0
oscillation,-1,accept_all,0.25,6,0.5,0.5,0.55,0.10000000000000003,0.8999999999999999,0.8999999999999999,1.0,0.050000000000000044,,0,0
oscillation,-1,accept_all,0.25,7,0.5,0.5,0.45,0.10000000000000003,0.8999999999999999,0.8999999999999999,1.0,0.04999999999999999,,0,0
oscillation,-1,accept_all,0.25,8,0.5,0.5,0.55,0.10000000000000003,0.8999999999999999,0.8999999999999999,1.0,0.050000000000000044,,0,0
oscillation,-1,accept_all,0.25,9,0.5,0.5,0.45,0.10000000000000003,0.8999999999999999,0.8999999999999999,1.0,0.04999999999999999,,0,0
oscillation,-1,accept_all,0.25,10,0.5,0.5,0.55,0.10000000000000003,0.8999999999999999,0.8999999999999999,1.0,0.050000000000000044,,0,0
oscillation,-1,accept_all,0.25,11,0.5,0.5,0.45,0.10000000000000003,0.8999999999999999,0.8999999999999999,1.0,0.04999999999999999,,0,0
oscillation,-1,accept_all,0.25,12,0.5,0.5,0.55,0.10000000000000003,0.8999999999999999,0.8999999999999999,1.0,0.050000000000000044,,0,0
oscillation,-1,accept_all,0.25,13,0.5,0.5,0.45,0.10000000000000003,0.8999999999999999,0.8999999999999999,1.0,0.04999999999999999,,0,0
oscillation,-1,accept_all,0.25,14,0.5,0.5,0.55,0.10000000000000003,0.8999999999999999,0.8999999999999999,1.0,0.050000000000000044,,0,0
oscillation,-1,accept_all,0.25,15,0.5,0.5,0.45,0.10000000000000003,0.8999999999999999,0.8999999999999999,1.0,0.04999999999999999,,0,0
oscillation,-1,accept_all,0.25,16,0.5,0.5,0.55,0.10000000000000003,0.8999999999999999,0.8999999999999999,1.0,0.050000000000000044,,0,0
oscillation,-1,accept_all,0.25,17,0.5,0.5,0.45,0.10000000000000003,0.8999999999999999,0.8999999999999999,1.0,0.04999999999999999,,0,0
oscillation,-1,accept_all,0.25,18,0.5,0.5,0.55,0.10000000000000003,0.8999999999999999,0.8999999999999999,1.0,0.050000000000000044,,0,0
oscillation,-1,accept_all,0.25,19,0.5,0.5,0.45,0.10000000000000003,0.8999999999999999,0.8999999999999999,1.0,0.04999999999999999,,0,0
oscillation,-1,accept_all,0.25,20,0.5,0.5,0.55,0.10000000000000003,0.8999999999999999,0.8999999999999999,1.0,0.050000000000000044,,0,0
oscillation,-1,accept_all,0.25,21,0.5,0.5,0.45,0.10000000000000003,0.8999999999999999,0.8999999999999999,1.0,0.04999999999999999,,0,0
oscillation,-1,accept_all,0.25,22,0.5,0.5,0.55,0.10000000000000003,0.8999999999999999,0.8999999999999999,1.0,0.050000000000000044,,0,0
oscillation,-1,accept_all,0.25,23,0.5,0.5,0.45,0.10000000000000003,0.8999999999999999,0.8999999999999999,1.0,0.04999999999999999,,0,0
oscillation,-1,accept_all,0.25,24,0.5,0.5,0.55,0.10000000000000003,0.8999999999999999,0.8999999999999999,1.0,0.050000000000000044,,0,0
oscillation,-1,accept_all,0.25,25,0.5,0.5,0.45,0.10000000000000003,0.8999999999999999,0.8999999999999999,1.0,0.04999999999999999,,0,0
oscillation,-1,accept_all,0.25,26,0.5,0.5,0.55,0.10000000000000003,0.8999999999999999,0.8999999999999999,1.0,0.050000000000000044,,0,0
oscillation,-1,accept_all,0.25,27,0.5,0.5,0.45,0.10000000000000003,0.8999999999999999,0.8999999999999999,1.0,0.04999999999999999,,0,0
oscillation,-1,accept_all,0.25,28,0.5,0.5,0.55,0.10000000000000003,0.8999999999999999,0.8999999999999999,1.0,0.050000000000000044,,0,0
oscillation,-1,accept_all,0.25,29,0.5,0.5,0.45,0.10000000000000003,0.8999999999999999,0.8999999999999999,1.0,0.04999999999999999,,0,0
oscillation,-1,accept_all,0.25,30,0.5,0.5,0.55,0.10000000000000003,0.8999999999999999,0.8999999999999999,1.0,0.050000000000000044,,0,0
oscillation,-1,accept_all,0.25,31,0.5,0.5,0.45,0.10000000000000003,0.8999999999999999,0.8999999999999999,1.0,0.04999999999999999,,0,0
oscillation,-1,accept_all,0.25,32,0.5,0.5,0.55,0.10000000000000003,0.8999999999999999,0.8999999999999999,1.0,0.050000000000000044,,0,0
oscillation,-1,accept_all,0.25,33,0.5,0.5,0.45,0.10000000000000003,0.8999999999999999,0.8999999999999999,1.0,0.04999999999999999,,0,0
oscillation,-1,accept_all,0.25,34,0.5,0.5,0.55,0.10000000000000003,0.8999999999999999,0.8999999999999999,1.0,0.050000000000000044,,0,0
oscillation,-1,accept_all,0.25,35,0.5,0.5,0.45,0.10000000000000003,0.8999999999999999,0.8999999999999999,1.0,0.04999999999999999,,0,0
oscillation,-1,accept_all,0.25,36,0.5,0.5,0.55,0.10000000000000003,0.8999999999999999,0.8999999999999999,1.0,0.050000000000000044,,0,0
oscillation,-1,accept_all,0.25,37,0.5,0.5,0.45,0.10000000000000003,0.8999999999999999,0.8999999999999999,1.0,0.04999999999999999,,0,0
oscillation,-1,accept_all,0.25,38,0.5,0.5,0.55,0.10000000000000003,0.8999999999999999,0.8999999999999999,1.0,0.050000000000000044,,0,0
oscillation,-1,accept_all,0.25,39,0.5,0.5,0.45,0.10000000000000003,0.8999999999999999,0.8999999999999999,1.0,0.04999999999999999,,0,0
oscillation,-1,accept_all,0.25,40,0.5,0.5,0.55,0.10000000000000003,0.8999999999999999,0.8999999999999999,1.0,0.050000000000000044,,0,0
oscillation,-1,accept_all,0.25,41,0.5,0.5,0.45,0.10000000000000003,0.8999999999999999,0.8999999999999999,1.0,0.04999999999999999,,0,0
oscillation,-1,accept_all,0.25,42,0.5,0.5,0.55,0.10000000000000003,0.8999999999999999,0.8999999999999999,1.0,0.050000000000000044,,0,0
oscillation,-1,accept_all,0.25,43,0.5,0.5,0.45,0.10000000000000003,0.8999999999999999,0.8999999999999999,1.0,0.04999999999999999,,0,0
oscillation,-1,accept_all,0.25,44,0.5,0.5,0.55,0.10000000000000003,0.8999999999999999,0.8999999999999999,1.0,0.050000000000000044,,0,0
oscillation,-1,accept_all,0.25,45,0.5,0.5,0.45,0.10000000000000003,0.8999999999999999,0.8999999999999999,1.0,0.04999999999999999,,0,0
oscillation,-1,accept_all,0.25,46,0.5,0.5,0.55,0.10000000000000003,0.8999999999999999,0.8999999999999999,1.0,0.050000000000000044,,0,0
oscillation,-1,accept_all,0.25,47,0.5,0.5,0.45,0.10000000000000003,0.8999999999999999,0.8999999999999999,1.0,0.04999999999999999,,0,0
oscillation,-1,accept_all,0.25,48,0.5,0.5,0.55,0.10000000000000003,0.8999999999999999,0.8999999999999999,1.0,0.050000000000000044,,0,0
oscillation,-1,accept_all,0.25,49,0.5,0.5,0.45,0.10000000000000003,0.8999999999999999,0.8999999999999999,1.0,0.04999999999999999,,0,0
oscillation,-1,accept_all,0.25,50,0.5,0.5,0.55,0.10000000000000003,0.8999999999999999,0.8999999999999999,1.0,0.050000000000000044,,0,0
oscillation,-1,accept_all,0.25,51,0.5,0.5,0.45,0.10000000000000003,0.8999999999999999,0.8999999999999999,1.0,0.04999999999999999,,0,0
oscillation,-1,accept_all,0.25,52,0.5,0.5,0.55,0.10000000000000003,0.8999999999999999,0.8999999999999999,1.0,0.050000000000000044,,0,0
oscillation,-1,accept_all,0.25,53,0.5,0.5,0.45,0.10000000000000003,0.8999999999999999,0.8999999999999999,1.0,0.04999999999999999,,0,0
oscillation,-1,accept_all,0.25,54,0.5,0.5,0.55,0.10000000000000003,0.8999999999999999,0.8999999999999999,1.0,0.050000000000000044,,0,0
oscillation,-1,accept_all,0.25,55,0.5,0.5,0.45,0.10000000000000003,0.8999999999999999,0.8999999999999999,1.0,0.04999999999999999,,0,0
oscillation,-1,accept_all,0.25,56,0.5,0.5,0.55,0.10000000000000003,0.8999999999999999,0.8999999999999999,1.0,0.050000000000000044,,0,0
oscillation,-1,accept_all,0.25,57,0.5,0.5,0.45,0.10000000000000003,0.8999999999999999,0.8999999999999999,1.0,0.04999999999999999,,0,0
oscillation,-1,accept_all,0.25,58,0.5,0.5,0.55,0.10000000000000003,0.8999999999999999,0.8999999999999999,1.0,0.050000000000000044,,0,0
oscillation,-1,accept_all,0.25,59,0.5,0.5,0.45,0.10000000000000003,0.8999999999999999,0.8999999999999999,1.0,0.04999999999999999,,0,0
oscillation,-1,accept_all,0.25,60,0.5,0.5,0.55,0.10000000000000003,0.8999999999999999,0.8999999999999999,1.0,0.050000000000000044,,0,0
oscillation,-1,accept_all,0.25,61,0.5,0.5,0.45,0.10000000000000003,0.8999999999999999,0.8999999999999999,1.0,0.04999999999999999,,0,0
oscillation,-1,accept_all,0.25,62,0.5,0.5,0.55,0.10000000000000003,0.8999999999999999,0.8999999999999999,1.0,0.050000000000000044,,0,0
oscillation,-1,accept_all,0.25,63,0.5,0.5,0.45,0.10000000000000003,0.8999999999999999,0.8999999999999999,1.0,0.04999999999999999,,0,0
oscillation,-1,accept_all,0.25,64,0.5,0.5,0.55,0.10000000000000003,0.8999999999999999,0.8999999999999999,1.0,0.050000000000000044,,0,0
oscillation,-1,accept_all,0.25,65,0.5,0.5,0.45,0.10000000000000003,0.8999999999999999,0.8999999999999999,1.0,0.04999999999999999,,0,0
oscillation,-1,accept_all,0.25,66,0.5,0.5,0.55,0.10000000000000003,0.8999999999999999,0.8999999999999999,1.0,0.050000000000000044,,0,0
oscillation,-1,accept_all,0.25,67,0.5,0.5,0.45,0.10000000000000003,0.8999999999999999,0.8999999999999999,1.0,0.04999999999999999,,0,0
oscillation,-1,accept_all,0.25,68,0.5,0.5,0.55,0.10000000000000003,0.8999999999999999,0.8999999999999999,1.0,0.050000000000000044,,0,0
oscillation,-1,accept_all,0.25,69,0.5,0.5,0.45,0.10000000000000003,0.8999999999999999,0.8999999999999999,1.0,0.04999999999999999,,0,0
oscillation,-1,accept_all,0.25,70,0.5,0.5,0.55,0.10000000000000003,0.8999999999999999,0.8999999999999999,1.0,0.050000000000000044,,0,0
oscillation,-1,accept_all,0.25,71,0.5,0.5,0.45,0.10000000000000003,0.8999999999999999,0.8999999999999999,1.0,0.04999999999999999,,0,0
oscillation,-1,accept_all,0.25,72,0.5,0.5,0.55,0.10000000000000003,0.8999999999999999,0.8999999999999999,1.0,0.050000000000000044,,0,0
oscillation,-1,accept_all,0.25,73,0.5,0.5,0.45,0.10000000000000003,0.8999999999999999,0.8999999999999999,1.0,0.04999999999999999,,0,0
oscillation,-1,accept_all,0.25,74,0.5,0.5,0.55,0.10000000000000003,0.8999999999999999,0.8999999999999999,1.0,0.050000000000000044,,0,0
oscillation,-1,accept_all,0.25,75,0.5,0.5,0.45,0.10000000000000003,0.8999999999999999,0.8999999999999999,1.0,0.04999999999999999,,0,0
oscillation,-1,accept_all,0.25,76,0.5,0.5,0.55,0.10000000000000003,0.8999999999999999,0.8999999999999999,1.0,0.050000000000000044,,0,0
oscillation,-1,accept_all,0.25,77,0.5,0.5,0.45,0.10000000000000003,0.8999999999999999,0.8999999999999999,1.0,0.04999999999999999,,0,0
oscillation,-1,accept_all,0.25,78,0.5,0.5,0.55,0.10000000000000003,0.8999999999999999,0.8999999999999999,1.0,0.050000000000000044,,0,0
oscillation,-1,accept_all,0.25,79,0.5,0.5,0.45,0.10000000000000003,0.8999999999999999,0.8999999999999999,1.0,0.04999999999999999,,0,0
oscillation,-1,accept_all,0.25,80,0.5,0.5,0.55,0.10000000000000003,0.8999999999999999,0.8999999999999999,1.0,0.050000000000000044,,0,0
oscillation,-1,reference_only,0.25,1,0.5,0.5,0.5,0.0,,0.95,0.0,0.0,,1,0
oscillation,-1,reference_only,0.25,2,0.5,0.5,0.5,0.0,,0.95,0.0,0.0,,2,0
oscillation,-1,reference_only,0.25,3,0.5,0.5,0.5,0.0,,0.95,0.0,0.0,,3,0
oscillation,-1,reference_only,0.25,4,0.5,0.5,0.5,0.0,,0.95,0.0,0.0,,4,0
oscillation,-1,reference_only,0.25,5,0.5,0.5,0.5,0.0,,0.95,0.0,0.0,,5,0
oscillation,-1,reference_only,0.25,6,0.5,0.5,0.5,0.0,,0.95,0.0,0.0,,6,0
oscillation,-1,reference_only,0.25,7,0.5,0.5,0.5,0.0,,0.95,0.0,0.0,,7,0
oscillation,-1,reference_only,0.25,8,0.5,0.5,0.5,0.0,,0.95,0.0,0.0,,8,0
oscillation,-1,reference_only,0.25,9,0.5,0.5,0.5,0.0,,0.95,0.0,0.0,,9,0
oscillation,-1,reference_only,0.25,10,0.5,0.5,0.5,0.0,,0.95,0.0,0.0,,10,0
oscillation,-1,reference_only,0.25,11,0.5,0.5,0.5,0.0,,0.95,0.0,0.0,,11,0
oscillation,-1,reference_only,0.25,12,0.5,0.5,0.5,0.0,,0.95,0.0,0.0,,12,0
oscillation,-1,reference_only,0.25,13,0.5,0.5,0.5,0.0,,0.95,0.0,0.0,,13,0
oscillation,-1,reference_only,0.25,14,0.5,0.5,0.5,0.0,,0.95,0.0,0.0,,14,0
oscillation,-1,reference_only,0.25,15,0.5,0.5,0.5,0.0,,0.95,0.0,0.0,,15,0
oscillation,-1,reference_only,0.25,16,0.5,0.5,0.5,0.0,,0.95,0.0,0.0,,16,0
oscillation,-1,reference_only,0.25,17,0.5,0.5,0.5,0.0,,0.95,0.0,0.0,,17,0
oscillation,-1,reference_only,0.25,18,0.5,0.5,0.5,0.0,,0.95,0.0,0.0,,18,0
oscillation,-1,reference_only,0.25,19,0.5,0.5,0.5,0.0,,0.95,0.0,0.0,,19,0
oscillation,-1,reference_only,0.25,20,0.5,0.5,0.5,0.0,,0.95,0.0,0.0,,20,0
oscillation,-1,reference_only,0.25,21,0.5,0.5,0.5,0.0,,0.95,0.0,0.0,,21,0
oscillation,-1,reference_only,0.25,22,0.5,0.5,0.5,0.0,,0.95,0.0,0.0,,22,0
oscillation,-1,reference_only,0.25,23,0.5,0.5,0.5,0.0,,0.95,0.0,0.0,,23,0
oscillation,-1,reference_only,0.25,24,0.5,0.5,0.5,0.0,,0.95,0.0,0.0,,24,0
oscillation,-1,reference_only,0.25,25,0.5,0.5,0.5,0.0,,0.95,0.0,0.0,,25,0
oscillation,-1,reference_only,0.25,26,0.5,0.5,0.5,0.0,,0.95,0.0,0.0,,26,0
oscillation,-1,reference_only,0.25,27,0.5,0.5,0.5,0.0,,0.95,0.0,0.0,,27,0
oscillation,-1,reference_only,0.25,28,0.5,0.5,0.5,0.0,,0.95,0.0,0.0,,28,0
oscillation,-1,reference_only,0.25,29,0.5,0.5,0.5,0.0,,0.95,0.0,0.0,,29,0
oscillation,-1,reference_only,0.25,30,0.5,0.5,0.5,0.0,,0.95,0.0,0.0,,30,0
oscillation,-1,reference_only,0.25,31,0.5,0.5,0.5,0.0,,0.95,0.0,0.0,,31,0
oscillation,-1,reference_only,0.25,32,0.5,0.5,0.5,0.0,,0.95,0.0,0.0,,32,0
oscillation,-1,reference_only,0.25,33,0.5,0.5,0.5,0.0,,0.95,0.0,0.0,,33,0
oscillation,-1,reference_only,0.25,34,0.5,0.5,0.5,0.0,,0.95,0.0,0.0,,34,0
oscillation,-1,reference_only,0.25,35,0.5,0.5,0.5,0.0,,0.95,0.0,0.0,,35,0
oscillation,-1,reference_only,0.25,36,0.5,0.5,0.5,0.0,,0.95,0.0,0.0,,36,0
oscillation,-1,reference_only,0.25,37,0.5,0.5,0.5,0.0,,0.95,0.0,0.0,,37,0
oscillation,-1,reference_only,0.25,38,0.5,0.5,0.5,0.0,,0.95,0.0,0.0,,38,0
oscillation,-1,reference_only,0.25,39,0.5,0.5,0.5,0.0,,0.95,0.0,0.0,,39,0
oscillation,-1,reference_only,0.25,40,0.5,0.5,0.5,0.0,,0.95,0.0,0.0,,40,0
oscillation,-1,reference_only,0.25,41,0.5,0.5,0.5,0.0,,0.95,0.0,0.0,,41,0
oscillation,-1,reference_only,0.25,42,0.5,0.5,0.5,0.0,,0.95,0.0,0.0,,42,0
oscillation,-1,reference_only,0.25,43,0.5,0.5,0.5,0.0,,0.95,0.0,0.0,,43,0
oscillation,-1,reference_only,0.25,44,0.5,0.5,0.5,0.0,,0.95,0.0,0.0,,44,0
oscillation,-1,reference_only,0.25,45,0.5,0.5,0.5,0.0,,0.95,0.0,0.0,,45,0
oscillation,-1,reference_only,0.25,46,0.5,0.5,0.5,0.0,,0.95,0.0,0.0,,46,0
oscillation,-1,reference_only,0.25,47,0.5,0.5,0.5,0.0,,0.95,0.0,0.0,,47,0
oscillation,-1,reference_only,0.25,48,0.5,0.5,0.5,0.0,,0.95,0.0,0.0,,48,0
oscillation,-1,reference_only,0.25,49,0.5,0.5,0.5,0.0,,0.95,0.0,0.0,,49,0
oscillation,-1,reference_only,0.25,50,0.5,0.5,0.5,0.0,,0.95,0.0,0.0,,50,0
oscillation,-1,reference_only,0.25,51,0.5,0.5,0.5,0.0,,0.95,0.0,0.0,,51,0
oscillation,-1,reference_only,0.25,52,0.5,0.5,0.5,0.0,,0.95,0.0,0.0,,52,0
oscillation,-1,reference_only,0.25,53,0.5,0.5,0.5,0.0,,0.95,0.0,0.0,,53,0
oscillation,-1,reference_only,0.25,54,0.5,0.5,0.5,0.0,,0.95,0.0,0.0,,54,0
oscillation,-1,reference_only,0.25,55,0.5,0.5,0.5,0.0,,0.95,0.0,0.0,,55,0
oscillation,-1,reference_only,0.25,56,0.5,0.5,0.5,0.0,,0.95,0.0,0.0,,56,0
oscillation,-1,reference_only,0.25,57,0.5,0.5,0.5,0.0,,0.95,0.0,0.0,,57,0
oscillation,-1,reference_only,0.25,58,0.5,0.5,0.5,0.0,,0.95,0.0,0.0,,58,0
oscillation,-1,reference_only,0.25,59,0.5,0.5,0.5,0.0,,0.95,0.0,0.0,,59,0
oscillation,-1,reference_only,0.25,60,0.5,0.5,0.5,0.0,,0.95,0.0,0.0,,60,0
oscillation,-1,reference_only,0.25,61,0.5,0.5,0.5,0.0,,0.95,0.0,0.0,,61,0
oscillation,-1,reference_only,0.25,62,0.5,0.5,0.5,0.0,,0.95,0.0,0.0,,62,0
oscillation,-1,reference_only,0.25,63,0.5,0.5,0.5,0.0,,0.95,0.0,0.0,,63,0
oscillation,-1,reference_only,0.25,64,0.5,0.5,0.5,0.0,,0.95,0.0,0.0,,64,0
oscillation,-1,reference_only,0.25,65,0.5,0.5,0.5,0.0,,0.95,0.0,0.0,,65,0
oscillation,-1,reference_only,0.25,66,0.5,0.5,0.5,0.0,,0.95,0.0,0.0,,66,0
oscillation,-1,reference_only,0.25,67,0.5,0.5,0.5,0.0,,0.95,0.0,0.0,,67,0
oscillation,-1,reference_only,0.25,68,0.5,0.5,0.5,0.0,,0.95,0.0,0.0,,68,0
oscillation,-1,reference_only,0.25,69,0.5,0.5,0.5,0.0,,0.95,0.0,0.0,,69,0
oscillation,-1,reference_only,0.25,70,0.5,0.5,0.5,0.0,,0.95,0.0,0.0,,70,0
oscillation,-1,reference_only,0.25,71,0.5,0.5,0.5,0.0,,0.95,0.0,0.0,,71,0
oscillation,-1,reference_only,0.25,72,0.5,0.5,0.5,0.0,,0.95,0.0,0.0,,72,0
oscillation,-1,reference_only,0.25,73,0.5,0.5,0.5,0.0,,0.95,0.0,0.0,,73,0
oscillation,-1,reference_only,0.25,74,0.5,0.5,0.5,0.0,,0.95,0.0,0.0,,74,0
oscillation,-1,reference_only,0.25,75,0.5,0.5,0.5,0.0,,0.95,0.0,0.0,,75,0
oscillation,-1,reference_only,0.25,76,0.5,0.5,0.5,0.0,,0.95,0.0,0.0,,76,0
oscillation,-1,reference_only,0.25,77,0.5,0.5,0.5,0.0,,0.95,0.0,0.0,,77,0
oscillation,-1,reference_only,0.25,78,0.5,0.5,0.5,0.0,,0.95,0.0,0.0,,78,0
oscillation,-1,reference_only,0.25,79,0.5,0.5,0.5,0.0,,0.95,0.0,0.0,,79,0
oscillation,-1,reference_only,0.25,80,0.5,0.5,0.5,0.0,,0.95,0.0,0.0,,80,0
oscillation,-1,gated,1.0,1,0.5,0.5,0.45,0.04999999999999999,0.95,0.95,1.0,0.04999999999999999,,0,0
oscillation,-1,gated,1.0,2,0.5,0.5,0.55,0.10000000000000003,0.8999999999999999,0.8999999999999999,1.0,0.050000000000000044,,0,0
oscillation,-1,gated,1.0,3,0.5,0.5,0.45,0.10000000000000003,0.8999999999999999,0.8999999999999999,1.0,0.04999999999999999,,0,0
oscillation,-1,gated,1.0,4,0.5,0.5,0.55,0.10000000000000003,0.8999999999999999,0.8999999999999999,1.0,0.050000000000000044,,0,0
oscillation,-1,gated,1.0,5,0.5,0.5,0.45,0.10000000000000003,0.8999999999999999,0.8999999999999999,1.0,0.04999999999999999,,0,0
oscillation,-1,gated,1.0,6,0.5,0.5,0.55,0.10000000000000003,0.8999999999999999,0.8999999999999999,1.0,0.050000000000000044,,0,0
oscillation,-1,gated,1.0,7,0.5,0.5,0.45,0.10000000000000003,0.8999999999999999,0.8999999999999999,1.0,0.04999999999999999,,0,0
oscillation,-1,gated,1.0,8,0.5,0.5,0.55,0.10000000000000003,0.8999999999999999,0.8999999999999999,1.0,0.050000000000000044,,0,0
oscillation,-1,gated,1.0,9,0.5,0.5,0.45,0.10000000000000003,0.8999999999999999,0.8999999999999999,1.0,0.04999999999999999,,0,0
oscillation,-1,gated,1.0,10,0.5,0.5,0.55,0.10000000000000003,0.8999999999999999,0.8999999999999999,1.0,0.050000000000000044,,0,0
oscillation,-1,gated,1.0,11,0.5,0.5,0.45,0.10000000000000003,0.8999999999999999,0.8999999999999999,1.0,0.04999999999999999,,0,0
oscillation,-1,gated,1.0,12,0.5,0.5,0.55,0.10000000000000003,0.8999999999999999,0.8999999999999999,1.0,0.050000000000000044,,0,0
oscillation,-1,gated,1.0,13,0.5,0.5,0.45,0.10000000000000003,0.8999999999999999,0.8999999999999999,1.0,0.04999999999999999,,0,0
oscillation,-1,gated,1.0,14,0.5,0.5,0.55,0.10000000000000003,0.8999999999999999,0.8999999999999999,1.0,0.050000000000000044,,0,0
oscillation,-1,gated,1.0,15,0.5,0.5,0.45,0.10000000000000003,0.8999999999999999,0.8999999999999999,1.0,0.04999999999999999,,0,0
oscillation,-1,gated,1.0,16,0.5,0.5,0.55,0.10000000000000003,0.8999999999999999,0.8999999999999999,1.0,0.050000000000000044,,0,0
oscillation,-1,gated,1.0,17,0.5,0.5,0.45,0.10000000000000003,0.8999999999999999,0.8999999999999999,1.0,0.04999999999999999,,0,0
oscillation,-1,gated,1.0,18,0.5,0.5,0.55,0.10000000000000003,0.8999999999999999,0.8999999999999999,1.0,0.050000000000000044,,0,0
oscillation,-1,gated,1.0,19,0.5,0.5,0.45,0.10000000000000003,0.8999999999999999,0.8999999999999999,1.0,0.04999999999999999,,0,0
oscillation,-1,gated,1.0,20,0.5,0.5,0.55,0.10000000000000003,0.8999999999999999,0.8999999999999999,1.0,0.050000000000000044,,0,0
oscillation,-1,gated,1.0,21,0.5,0.5,0.45,0.10000000000000003,0.8999999999999999,0.8999999999999999,1.0,0.04999999999999999,,0,0
oscillation,-1,gated,1.0,22,0.5,0.5,0.55,0.10000000000000003,0.8999999999999999,0.8999999999999999,1.0,0.050000000000000044,,0,0
oscillation,-1,gated,1.0,23,0.5,0.5,0.45,0.10000000000000003,0.8999999999999999,0.8999999999999999,1.0,0.04999999999999999,,0,0
oscillation,-1,gated,1.0,24,0.5,0.5,0.55,0.10000000000000003,0.8999999999999999,0.8999999999999999,1.0,0.050000000000000044,,0,0
oscillation,-1,gated,1.0,25,0.5,0.5,0.45,0.10000000000000003,0.8999999999999999,0.8999999999999999,1.0,0.04999999999999999,,0,0
oscillation,-1,gated,1.0,26,0.5,0.5,0.55,0.10000000000000003,0.8999999999999999,0.8999999999999999,1.0,0.050000000000000044,,0,0
oscillation,-1,gated,1.0,27,0.5,0.5,0.45,0.10000000000000003,0.8999999999999999,0.8999999999999999,1.0,0.04999999999999999,,0,0
oscillation,-1,gated,1.0,28,0.5,0.5,0.55,0.10000000000000003,0.8999999999999999,0.8999999999999999,1.0,0.050000000000000044,,0,0
oscillation,-1,gated,1.0,29,0.5,0.5,0.45,0.10000000000000003,0.8999999999999999,0.8999999999999999,1.0,0.04999999999999999,,0,0
oscillation,-1,gated,1.0,30,0.5,0.5,0.55,0.10000000000000003,0.8999999999999999,0.8999999999999999,1.0,0.050000000000000044,,0,0
oscillation,-1,gated,1.0,31,0.5,0.5,0.45,0.10000000000000003,0.8999999999999999,0.8999999999999999,1.0,0.04999999999999999,,0,0
oscillation,-1,gated,1.0,32,0.5,0.5,0.55,0.10000000000000003,0.8999999999999999,0.8999999999999999,1.0,0.050000000000000044,,0,0
oscillation,-1,gated,1.0,33,0.5,0.5,0.45,0.10000000000000003,0.8999999999999999,0.8999999999999999,1.0,0.04999999999999999,,0,0
oscillation,-1,gated,1.0,34,0.5,0.5,0.55,0.10000000000000003,0.8999999999999999,0.8999999999999999,1.0,0.050000000000000044,,0,0
oscillation,-1,gated,1.0,35,0.5,0.5,0.45,0.10000000000000003,0.8999999999999999,0.8999999999999999,1.0,0.04999999999999999,,0,0
oscillation,-1,gated,1.0,36,0.5,0.5,0.55,0.10000000000000003,0.8999999999999999,0.8999999999999999,1.0,0.050000000000000044,,0,0
oscillation,-1,gated,1.0,37,0.5,0.5,0.45,0.10000000000000003,0.8999999999999999,0.8999999999999999,1.0,0.04999999999999999,,0,0
oscillation,-1,gated,1.0,38,0.5,0.5,0.55,0.10000000000000003,0.8999999999999999,0.8999999999999999,1.0,0.050000000000000044,,0,0
oscillation,-1,gated,1.0,39,0.5,0.5,0.45,0.10000000000000003,0.8999999999999999,0.8999999999999999,1.0,0.04999999999999999,,0,0
oscillation,-1,gated,1.0,40,0.5,0.5,0.55,0.10000000000000003,0.8999999999999999,0.8999999999999999,1.0,0.050000000000000044,,0,0
oscillation,-1,gated,1.0,41,0.5,0.5,0.45,0.10000000000000003,0.8999999999999999,0.8999999999999999,1.0,0.04999999999999999,,0,0
oscillation,-1,gated,1.0,42,0.5,0.5,0.55,0.10000000000000003,0.8999999999999999,0.8999999999999999,1.0,0.050000000000000044,,0,0
oscillation,-1,gated,1.0,43,0.5,0.5,0.45,0.10000000000000003,0.8999999999999999,0.8999999999999999,1.0,0.04999999999999999,,0,0
oscillation,-1,gated,1.0,44,0.5,0.5,0.55,0.10000000000000003,0.8999999999999999,0.8999999999999999,1.0,0.050000000000000044,,0,0
oscillation,-1,gated,1.0,45,0.5,0.5,0.45,0.10000000000000003,0.8999999999999999,0.8999999999999999,1.0,0.04999999999999999,,0,0
oscillation,-1,gated,1.0,46,0.5,0.5,0.55,0.10000000000000003,0.8999999999999999,0.8999999999999999,1.0,0.050000000000000044,,0,0
oscillation,-1,gated,1.0,47,0.5,0.5,0.45,0.10000000000000003,0.8999999999999999,0.8999999999999999,1.0,0.04999999999999999,,0,0
oscillation,-1,gated,1.0,48,0.5,0.5,0.55,0.10000000000000003,0.8999999999999999,0.8999999999999999,1.0,0.050000000000000044,,0,0
oscillation,-1,gated,1.0,49,0.5,0.5,0.45,0.10000000000000003,0.8999999999999999,0.8999999999999999,1.0,0.04999999999999999,,0,0
oscillation,-1,gated,1.0,50,0.5,0.5,0.55,0.10000000000000003,0.8999999999999999,0.8999999999999999,1.0,0.050000000000000044,,0,0
oscillation,-1,gated,1.0,51,0.5,0.5,0.45,0.10000000000000003,0.8999999999999999,0.8999999999999999,1.0,0.04999999999999999,,0,0
oscillation,-1,gated,1.0,52,0.5,0.5,0.55,0.10000000000000003,0.8999999999999999,0.8999999999999999,1.0,0.050000000000000044,,0,0
oscillation,-1,gated,1.0,53,0.5,0.5,0.45,0.10000000000000003,0.8999999999999999,0.8999999999999999,1.0,0.04999999999999999,,0,0
oscillation,-1,gated,1.0,54,0.5,0.5,0.55,0.10000000000000003,0.8999999999999999,0.8999999999999999,1.0,0.050000000000000044,,0,0
oscillation,-1,gated,1.0,55,0.5,0.5,0.45,0.10000000000000003,0.8999999999999999,0.8999999999999999,1.0,0.04999999999999999,,0,0
oscillation,-1,gated,1.0,56,0.5,0.5,0.55,0.10000000000000003,0.8999999999999999,0.8999999999999999,1.0,0.050000000000000044,,0,0
oscillation,-1,gated,1.0,57,0.5,0.5,0.45,0.10000000000000003,0.8999999999999999,0.8999999999999999,1.0,0.04999999999999999,,0,0
oscillation,-1,gated,1.0,58,0.5,0.5,0.55,0.10000000000000003,0.8999999999999999,0.8999999999999999,1.0,0.050000000000000044,,0,0
oscillation,-1,gated,1.0,59,0.5,0.5,0.45,0.10000000000000003,0.8999999999999999,0.8999999999999999,1.0,0.04999999999999999,,0,0
oscillation,-1,gated,1.0,60,0.5,0.5,0.55,0.10000000000000003,0.8999999999999999,0.8999999999999999,1.0,0.050000000000000044,,0,0
oscillation,-1,gated,1.0,61,0.5,0.5,0.45,0.10000000000000003,0.8999999999999999,0.8999999999999999,1.0,0.04999999999999999,,0,0
oscillation,-1,gated,1.0,62,0.5,0.5,0.55,0.10000000000000003,0.8999999999999999,0.8999999999999999,1.0,0.050000000000000044,,0,0
oscillation,-1,gated,1.0,63,0.5,0.5,0.45,0.10000000000000003,0.8999999999999999,0.8999999999999999,1.0,0.04999999999999999,,0,0
oscillation,-1,gated,1.0,64,0.5,0.5,0.55,0.10000000000000003,0.8999999999999999,0.8999999999999999,1.0,0.050000000000000044,,0,0
oscillation,-1,gated,1.0,65,0.5,0.5,0.45,0.10000000000000003,0.8999999999999999,0.8999999999999999,1.0,0.04999999999999999,,0,0
oscillation,-1,gated,1.0,66,0.5,0.5,0.55,0.10000000000000003,0.8999999999999999,0.8999999999999999,1.0,0.050000000000000044,,0,0
oscillation,-1,gated,1.0,67,0.5,0.5,0.45,0.10000000000000003,0.8999999999999999,0.8999999999999999,1.0,0.04999999999999999,,0,0
oscillation,-1,gated,1.0,68,0.5,0.5,0.55,0.10000000000000003,0.8999999999999999,0.8999999999999999,1.0,0.050000000000000044,,0,0
oscillation,-1,gated,1.0,69,0.5,0.5,0.45,0.10000000000000003,0.8999999999999999,0.8999999999999999,1.0,0.04999999999999999,,0,0
oscillation,-1,gated,1.0,70,0.5,0.5,0.55,0.10000000000000003,0.8999999999999999,0.8999999999999999,1.0,0.050000000000000044,,0,0
oscillation,-1,gated,1.0,71,0.5,0.5,0.45,0.10000000000000003,0.8999999999999999,0.8999999999999999,1.0,0.04999999999999999,,0,0
oscillation,-1,gated,1.0,72,0.5,0.5,0.55,0.10000000000000003,0.8999999999999999,0.8999999999999999,1.0,0.050000000000000044,,0,0
oscillation,-1,gated,1.0,73,0.5,0.5,0.45,0.10000000000000003,0.8999999999999999,0.8999999999999999,1.0,0.04999999999999999,,0,0
oscillation,-1,gated,1.0,74,0.5,0.5,0.55,0.10000000000000003,0.8999999999999999,0.8999999999999999,1.0,0.050000000000000044,,0,0
oscillation,-1,gated,1.0,75,0.5,0.5,0.45,0.10000000000000003,0.8999999999999999,0.8999999999999999,1.0,0.04999999999999999,,0,0
oscillation,-1,gated,1.0,76,0.5,0.5,0.55,0.10000000000000003,0.8999999999999999,0.8999999999999999,1.0,0.050000000000000044,,0,0
oscillation,-1,gated,1.0,77,0.5,0.5,0.45,0.10000000000000003,0.8999999999999999,0.8999999999999999,1.0,0.04999999999999999,,0,0
oscillation,-1,gated,1.0,78,0.5,0.5,0.55,0.10000000000000003,0.8999999999999999,0.8999999999999999,1.0,0.050000000000000044,,0,0
oscillation,-1,gated,1.0,79,0.5,0.5,0.45,0.10000000000000003,0.8999999999999999,0.8999999999999999,1.0,0.04999999999999999,,0,0
oscillation,-1,gated,1.0,80,0.5,0.5,0.55,0.10000000000000003,0.8999999999999999,0.8999999999999999,1.0,0.050000000000000044,,0,0
oscillation,-1,accept_all,1.0,1,0.5,0.5,0.45,0.04999999999999999,0.95,0.95,1.0,0.04999999999999999,,0,0
oscillation,-1,accept_all,1.0,2,0.5,0.5,0.55,0.10000000000000003,0.8999999999999999,0.8999999999999999,1.0,0.050000000000000044,,0,0
oscillation,-1,accept_all,1.0,3,0.5,0.5,0.45,0.10000000000000003,0.8999999999999999,0.8999999999999999,1.0,0.04999999999999999,,0,0
oscillation,-1,accept_all,1.0,4,0.5,0.5,0.55,0.10000000000000003,0.8999999999999999,0.8999999999999999,1.0,0.050000000000000044,,0,0
oscillation,-1,accept_all,1.0,5,0.5,0.5,0.45,0.10000000000000003,0.8999999999999999,0.8999999999999999,1.0,0.04999999999999999,,0,0
oscillation,-1,accept_all,1.0,6,0.5,0.5,0.55,0.10000000000000003,0.8999999999999999,0.8999999999999999,1.0,0.050000000000000044,,0,0
oscillation,-1,accept_all,1.0,7,0.5,0.5,0.45,0.10000000000000003,0.8999999999999999,0.8999999999999999,1.0,0.04999999999999999,,0,0
oscillation,-1,accept_all,1.0,8,0.5,0.5,0.55,0.10000000000000003,0.8999999999999999,0.8999999999999999,1.0,0.050000000000000044,,0,0
oscillation,-1,accept_all,1.0,9,0.5,0.5,0.45,0.10000000000000003,0.8999999999999999,0.8999999999999999,1.0,0.04999999999999999,,0,0
oscillation,-1,accept_all,1.0,10,0.5,0.5,0.55,0.10000000000000003,0.8999999999999999,0.8999999999999999,1.0,0.050000000000000044,,0,0
oscillation,-1,accept_all,1.0,11,0.5,0.5,0.45,0.10000000000000003,0.8999999999999999,0.8999999999999999,1.0,0.04999999999999999,,0,0
oscillation,-1,accept_all,1.0,12,0.5,0.5,0.55,0.10000000000000003,0.8999999999999999,0.8999999999999999,1.0,0.050000000000000044,,0,0
oscillation,-1,accept_all,1.0,13,0.5,0.5,0.45,0.10000000000000003,0.8999999999999999,0.8999999999999999,1.0,0.04999999999999999,,0,0
oscillation,-1,accept_all,1.0,14,0.5,0.5,0.55,0.10000000000000003,0.8999999999999999,0.8999999999999999,1.0,0.050000000000000044,,0,0
oscillation,-1,accept_all,1.0,15,0.5,0.5,0.45,0.10000000000000003,0.8999999999999999,0.8999999999999999,1.0,0.04999999999999999,,0,0
oscillation,-1,accept_all,1.0,16,0.5,0.5,0.55,0.10000000000000003,0.8999999999999999,0.8999999999999999,1.0,0.050000000000000044,,0,0
oscillation,-1,accept_all,1.0,17,0.5,0.5,0.45,0.10000000000000003,0.8999999999999999,0.8999999999999999,1.0,0.04999999999999999,,0,0
oscillation,-1,accept_all,1.0,18,0.5,0.5,0.55,0.10000000000000003,0.8999999999999999,0.8999999999999999,1.0,0.050000000000000044,,0,0
oscillation,-1,accept_all,1.0,19,0.5,0.5,0.45,0.10000000000000003,0.8999999999999999,0.8999999999999999,1.0,0.04999999999999999,,0,0
oscillation,-1,accept_all,1.0,20,0.5,0.5,0.55,0.10000000000000003,0.8999999999999999,0.8999999999999999,1.0,0.050000000000000044,,0,0
oscillation,-1,accept_all,1.0,21,0.5,0.5,0.45,0.10000000000000003,0.8999999999999999,0.8999999999999999,1.0,0.04999999999999999,,0,0
oscillation,-1,accept_all,1.0,22,0.5,0.5,0.55,0.10000000000000003,0.8999999999999999,0.8999999999999999,1.0,0.050000000000000044,,0,0
oscillation,-1,accept_all,1.0,23,0.5,0.5,0.45,0.10000000000000003,0.8999999999999999,0.8999999999999999,1.0,0.04999999999999999,,0,0
oscillation,-1,accept_all,1.0,24,0.5,0.5,0.55,0.10000000000000003,0.8999999999999999,0.8999999999999999,1.0,0.050000000000000044,,0,0
oscillation,-1,accept_all,1.0,25,0.5,0.5,0.45,0.10000000000000003,0.8999999999999999,0.8999999999999999,1.0,0.04999999999999999,,0,0
oscillation,-1,accept_all,1.0,26,0.5,0.5,0.55,0.10000000000000003,0.8999999999999999,0.8999999999999999,1.0,0.050000000000000044,,0,0
oscillation,-1,accept_all,1.0,27,0.5,0.5,0.45,0.10000000000000003,0.8999999999999999,0.8999999999999999,1.0,0.04999999999999999,,0,0
oscillation,-1,accept_all,1.0,28,0.5,0.5,0.55,0.10000000000000003,0.8999999999999999,0.8999999999999999,1.0,0.050000000000000044,,0,0
oscillation,-1,accept_all,1.0,29,0.5,0.5,0.45,0.10000000000000003,0.8999999999999999,0.8999999999999999,1.0,0.04999999999999999,,0,0
oscillation,-1,accept_all,1.0,30,0.5,0.5,0.55,0.10000000000000003,0.8999999999999999,0.8999999999999999,1.0,0.050000000000000044,,0,0
oscillation,-1,accept_all,1.0,31,0.5,0.5,0.45,0.10000000000000003,0.8999999999999999,0.8999999999999999,1.0,0.04999999999999999,,0,0
oscillation,-1,accept_all,1.0,32,0.5,0.5,0.55,0.10000000000000003,0.8999999999999999,0.8999999999999999,1.0,0.050000000000000044,,0,0
oscillation,-1,accept_all,1.0,33,0.5,0.5,0.45,0.10000000000000003,0.8999999999999999,0.8999999999999999,1.0,0.04999999999999999,,0,0
oscillation,-1,accept_all,1.0,34,0.5,0.5,0.55,0.10000000000000003,0.8999999999999999,0.8999999999999999,1.0,0.050000000000000044,,0,0
oscillation,-1,accept_all,1.0,35,0.5,0.5,0.45,0.10000000000000003,0.8999999999999999,0.8999999999999999,1.0,0.04999999999999999,,0,0
oscillation,-1,accept_all,1.0,36,0.5,0.5,0.55,0.10000000000000003,0.8999999999999999,0.8999999999999999,1.0,0.050000000000000044,,0,0
oscillation,-1,accept_all,1.0,37,0.5,0.5,0.45,0.10000000000000003,0.8999999999999999,0.8999999999999999,1.0,0.04999999999999999,,0,0
oscillation,-1,accept_all,1.0,38,0.5,0.5,0.55,0.10000000000000003,0.8999999999999999,0.8999999999999999,1.0,0.050000000000000044,,0,0
oscillation,-1,accept_all,1.0,39,0.5,0.5,0.45,0.10000000000000003,0.8999999999999999,0.8999999999999999,1.0,0.04999999999999999,,0,0
oscillation,-1,accept_all,1.0,40,0.5,0.5,0.55,0.10000000000000003,0.8999999999999999,0.8999999999999999,1.0,0.050000000000000044,,0,0
oscillation,-1,accept_all,1.0,41,0.5,0.5,0.45,0.10000000000000003,0.8999999999999999,0.8999999999999999,1.0,0.04999999999999999,,0,0
oscillation,-1,accept_all,1.0,42,0.5,0.5,0.55,0.10000000000000003,0.8999999999999999,0.8999999999999999,1.0,0.050000000000000044,,0,0
oscillation,-1,accept_all,1.0,43,0.5,0.5,0.45,0.10000000000000003,0.8999999999999999,0.8999999999999999,1.0,0.04999999999999999,,0,0
oscillation,-1,accept_all,1.0,44,0.5,0.5,0.55,0.10000000000000003,0.8999999999999999,0.8999999999999999,1.0,0.050000000000000044,,0,0
oscillation,-1,accept_all,1.0,45,0.5,0.5,0.45,0.10000000000000003,0.8999999999999999,0.8999999999999999,1.0,0.04999999999999999,,0,0
oscillation,-1,accept_all,1.0,46,0.5,0.5,0.55,0.10000000000000003,0.8999999999999999,0.8999999999999999,1.0,0.050000000000000044,,0,0
oscillation,-1,accept_all,1.0,47,0.5,0.5,0.45,0.10000000000000003,0.8999999999999999,0.8999999999999999,1.0,0.04999999999999999,,0,0
oscillation,-1,accept_all,1.0,48,0.5,0.5,0.55,0.10000000000000003,0.8999999999999999,0.8999999999999999,1.0,0.050000000000000044,,0,0
oscillation,-1,accept_all,1.0,49,0.5,0.5,0.45,0.10000000000000003,0.8999999999999999,0.8999999999999999,1.0,0.04999999999999999,,0,0
oscillation,-1,accept_all,1.0,50,0.5,0.5,0.55,0.10000000000000003,0.8999999999999999,0.8999999999999999,1.0,0.050000000000000044,,0,0
oscillation,-1,accept_all,1.0,51,0.5,0.5,0.45,0.10000000000000003,0.8999999999999999,0.8999999999999999,1.0,0.04999999999999999,,0,0
oscillation,-1,accept_all,1.0,52,0.5,0.5,0.55,0.10000000000000003,0.8999999999999999,0.8999999999999999,1.0,0.050000000000000044,,0,0
oscillation,-1,accept_all,1.0,53,0.5,0.5,0.45,0.10000000000000003,0.8999999999999999,0.8999999999999999,1.0,0.04999999999999999,,0,0
oscillation,-1,accept_all,1.0,54,0.5,0.5,0.55,0.10000000000000003,0.8999999999999999,0.8999999999999999,1.0,0.050000000000000044,,0,0
oscillation,-1,accept_all,1.0,55,0.5,0.5,0.45,0.10000000000000003,0.8999999999999999,0.8999999999999999,1.0,0.04999999999999999,,0,0
oscillation,-1,accept_all,1.0,56,0.5,0.5,0.55,0.10000000000000003,0.8999999999999999,0.8999999999999999,1.0,0.050000000000000044,,0,0
oscillation,-1,accept_all,1.0,57,0.5,0.5,0.45,0.10000000000000003,0.8999999999999999,0.8999999999999999,1.0,0.04999999999999999,,0,0
oscillation,-1,accept_all,1.0,58,0.5,0.5,0.55,0.10000000000000003,0.8999999999999999,0.8999999999999999,1.0,0.050000000000000044,,0,0
oscillation,-1,accept_all,1.0,59,0.5,0.5,0.45,0.10000000000000003,0.8999999999999999,0.8999999999999999,1.0,0.04999999999999999,,0,0
oscillation,-1,accept_all,1.0,60,0.5,0.5,0.55,0.10000000000000003,0.8999999999999999,0.8999999999999999,1.0,0.050000000000000044,,0,0
oscillation,-1,accept_all,1.0,61,0.5,0.5,0.45,0.10000000000000003,0.8999999999999999,0.8999999999999999,1.0,0.04999999999999999,,0,0
oscillation,-1,accept_all,1.0,62,0.5,0.5,0.55,0.10000000000000003,0.8999999999999999,0.8999999999999999,1.0,0.050000000000000044,,0,0
oscillation,-1,accept_all,1.0,63,0.5,0.5,0.45,0.10000000000000003,0.8999999999999999,0.8999999999999999,1.0,0.04999999999999999,,0,0
oscillation,-1,accept_all,1.0,64,0.5,0.5,0.55,0.10000000000000003,0.8999999999999999,0.8999999999999999,1.0,0.050000000000000044,,0,0
oscillation,-1,accept_all,1.0,65,0.5,0.5,0.45,0.10000000000000003,0.8999999999999999,0.8999999999999999,1.0,0.04999999999999999,,0,0
oscillation,-1,accept_all,1.0,66,0.5,0.5,0.55,0.10000000000000003,0.8999999999999999,0.8999999999999999,1.0,0.050000000000000044,,0,0
oscillation,-1,accept_all,1.0,67,0.5,0.5,0.45,0.10000000000000003,0.8999999999999999,0.8999999999999999,1.0,0.04999999999999999,,0,0
oscillation,-1,accept_all,1.0,68,0.5,0.5,0.55,0.10000000000000003,0.8999999999999999,0.8999999999999999,1.0,0.050000000000000044,,0,0
oscillation,-1,accept_all,1.0,69,0.5,0.5,0.45,0.10000000000000003,0.8999999999999999,0.8999999999999999,1.0,0.04999999999999999,,0,0
oscillation,-1,accept_all,1.0,70,0.5,0.5,0.55,0.10000000000000003,0.8999999999999999,0.8999999999999999,1.0,0.050000000000000044,,0,0
oscillation,-1,accept_all,1.0,71,0.5,0.5,0.45,0.10000000000000003,0.8999999999999999,0.8999999999999999,1.0,0.04999999999999999,,0,0
oscillation,-1,accept_all,1.0,72,0.5,0.5,0.55,0.10000000000000003,0.8999999999999999,0.8999999999999999,1.0,0.050000000000000044,,0,0
oscillation,-1,accept_all,1.0,73,0.5,0.5,0.45,0.10000000000000003,0.8999999999999999,0.8999999999999999,1.0,0.04999999999999999,,0,0
oscillation,-1,accept_all,1.0,74,0.5,0.5,0.55,0.10000000000000003,0.8999999999999999,0.8999999999999999,1.0,0.050000000000000044,,0,0
oscillation,-1,accept_all,1.0,75,0.5,0.5,0.45,0.10000000000000003,0.8999999999999999,0.8999999999999999,1.0,0.04999999999999999,,0,0
oscillation,-1,accept_all,1.0,76,0.5,0.5,0.55,0.10000000000000003,0.8999999999999999,0.8999999999999999,1.0,0.050000000000000044,,0,0
oscillation,-1,accept_all,1.0,77,0.5,0.5,0.45,0.10000000000000003,0.8999999999999999,0.8999999999999999,1.0,0.04999999999999999,,0,0
oscillation,-1,accept_all,1.0,78,0.5,0.5,0.55,0.10000000000000003,0.8999999999999999,0.8999999999999999,1.0,0.050000000000000044,,0,0
oscillation,-1,accept_all,1.0,79,0.5,0.5,0.45,0.10000000000000003,0.8999999999999999,0.8999999999999999,1.0,0.04999999999999999,,0,0
oscillation,-1,accept_all,1.0,80,0.5,0.5,0.55,0.10000000000000003,0.8999999999999999,0.8999999999999999,1.0,0.050000000000000044,,0,0
oscillation,-1,reference_only,1.0,1,0.5,0.5,0.5,0.0,,0.95,0.0,0.0,,1,0
oscillation,-1,reference_only,1.0,2,0.5,0.5,0.5,0.0,,0.95,0.0,0.0,,2,0
oscillation,-1,reference_only,1.0,3,0.5,0.5,0.5,0.0,,0.95,0.0,0.0,,3,0
oscillation,-1,reference_only,1.0,4,0.5,0.5,0.5,0.0,,0.95,0.0,0.0,,4,0
oscillation,-1,reference_only,1.0,5,0.5,0.5,0.5,0.0,,0.95,0.0,0.0,,5,0
oscillation,-1,reference_only,1.0,6,0.5,0.5,0.5,0.0,,0.95,0.0,0.0,,6,0
oscillation,-1,reference_only,1.0,7,0.5,0.5,0.5,0.0,,0.95,0.0,0.0,,7,0
oscillation,-1,reference_only,1.0,8,0.5,0.5,0.5,0.0,,0.95,0.0,0.0,,8,0
oscillation,-1,reference_only,1.0,9,0.5,0.5,0.5,0.0,,0.95,0.0,0.0,,9,0
oscillation,-1,reference_only,1.0,10,0.5,0.5,0.5,0.0,,0.95,0.0,0.0,,10,0
oscillation,-1,reference_only,1.0,11,0.5,0.5,0.5,0.0,,0.95,0.0,0.0,,11,0
oscillation,-1,reference_only,1.0,12,0.5,0.5,0.5,0.0,,0.95,0.0,0.0,,12,0
oscillation,-1,reference_only,1.0,13,0.5,0.5,0.5,0.0,,0.95,0.0,0.0,,13,0
oscillation,-1,reference_only,1.0,14,0.5,0.5,0.5,0.0,,0.95,0.0,0.0,,14,0
oscillation,-1,reference_only,1.0,15,0.5,0.5,0.5,0.0,,0.95,0.0,0.0,,15,0
oscillation,-1,reference_only,1.0,16,0.5,0.5,0.5,0.0,,0.95,0.0,0.0,,16,0
oscillation,-1,reference_only,1.0,17,0.5,0.5,0.5,0.0,,0.95,0.0,0.0,,17,0
oscillation,-1,reference_only,1.0,18,0.5,0.5,0.5,0.0,,0.95,0.0,0.0,,18,0
oscillation,-1,reference_only,1.0,19,0.5,0.5,0.5,0.0,,0.95,0.0,0.0,,19,0
oscillation,-1,reference_only,1.0,20,0.5,0.5,0.5,0.0,,0.95,0.0,0.0,,20,0
oscillation,-1,reference_only,1.0,21,0.5,0.5,0.5,0.0,,0.95,0.0,0.0,,21,0
oscillation,-1,reference_only,1.0,22,0.5,0.5,0.5,0.0,,0.95,0.0,0.0,,22,0
oscillation,-1,reference_only,1.0,23,0.5,0.5,0.5,0.0,,0.95,0.0,0.0,,23,0
oscillation,-1,reference_only,1.0,24,0.5,0.5,0.5,0.0,,0.95,0.0,0.0,,24,0
oscillation,-1,reference_only,1.0,25,0.5,0.5,0.5,0.0,,0.95,0.0,0.0,,25,0
oscillation,-1,reference_only,1.0,26,0.5,0.5,0.5,0.0,,0.95,0.0,0.0,,26,0
oscillation,-1,reference_only,1.0,27,0.5,0.5,0.5,0.0,,0.95,0.0,0.0,,27,0
oscillation,-1,reference_only,1.0,28,0.5,0.5,0.5,0.0,,0.95,0.0,0.0,,28,0
oscillation,-1,reference_only,1.0,29,0.5,0.5,0.5,0.0,,0.95,0.0,0.0,,29,0
oscillation,-1,reference_only,1.0,30,0.5,0.5,0.5,0.0,,0.95,0.0,0.0,,30,0
oscillation,-1,reference_only,1.0,31,0.5,0.5,0.5,0.0,,0.95,0.0,0.0,,31,0
oscillation,-1,reference_only,1.0,32,0.5,0.5,0.5,0.0,,0.95,0.0,0.0,,32,0
oscillation,-1,reference_only,1.0,33,0.5,0.5,0.5,0.0,,0.95,0.0,0.0,,33,0
oscillation,-1,reference_only,1.0,34,0.5,0.5,0.5,0.0,,0.95,0.0,0.0,,34,0
oscillation,-1,reference_only,1.0,35,0.5,0.5,0.5,0.0,,0.95,0.0,0.0,,35,0
oscillation,-1,reference_only,1.0,36,0.5,0.5,0.5,0.0,,0.95,0.0,0.0,,36,0
oscillation,-1,reference_only,1.0,37,0.5,0.5,0.5,0.0,,0.95,0.0,0.0,,37,0
oscillation,-1,reference_only,1.0,38,0.5,0.5,0.5,0.0,,0.95,0.0,0.0,,38,0
oscillation,-1,reference_only,1.0,39,0.5,0.5,0.5,0.0,,0.95,0.0,0.0,,39,0
oscillation,-1,reference_only,1.0,40,0.5,0.5,0.5,0.0,,0.95,0.0,0.0,,40,0
oscillation,-1,reference_only,1.0,41,0.5,0.5,0.5,0.0,,0.95,0.0,0.0,,41,0
oscillation,-1,reference_only,1.0,42,0.5,0.5,0.5,0.0,,0.95,0.0,0.0,,42,0
oscillation,-1,reference_only,1.0,43,0.5,0.5,0.5,0.0,,0.95,0.0,0.0,,43,0
oscillation,-1,reference_only,1.0,44,0.5,0.5,0.5,0.0,,0.95,0.0,0.0,,44,0
oscillation,-1,reference_only,1.0,45,0.5,0.5,0.5,0.0,,0.95,0.0,0.0,,45,0
oscillation,-1,reference_only,1.0,46,0.5,0.5,0.5,0.0,,0.95,0.0,0.0,,46,0
oscillation,-1,reference_only,1.0,47,0.5,0.5,0.5,0.0,,0.95,0.0,0.0,,47,0
oscillation,-1,reference_only,1.0,48,0.5,0.5,0.5,0.0,,0.95,0.0,0.0,,48,0
oscillation,-1,reference_only,1.0,49,0.5,0.5,0.5,0.0,,0.95,0.0,0.0,,49,0
oscillation,-1,reference_only,1.0,50,0.5,0.5,0.5,0.0,,0.95,0.0,0.0,,50,0
oscillation,-1,reference_only,1.0,51,0.5,0.5,0.5,0.0,,0.95,0.0,0.0,,51,0
oscillation,-1,reference_only,1.0,52,0.5,0.5,0.5,0.0,,0.95,0.0,0.0,,52,0
oscillation,-1,reference_only,1.0,53,0.5,0.5,0.5,0.0,,0.95,0.0,0.0,,53,0
oscillation,-1,reference_only,1.0,54,0.5,0.5,0.5,0.0,,0.95,0.0,0.0,,54,0
oscillation,-1,reference_only,1.0,55,0.5,0.5,0.5,0.0,,0.95,0.0,0.0,,55,0
oscillation,-1,reference_only,1.0,56,0.5,0.5,0.5,0.0,,0.95,0.0,0.0,,56,0
oscillation,-1,reference_only,1.0,57,0.5,0.5,0.5,0.0,,0.95,0.0,0.0,,57,0
oscillation,-1,reference_only,1.0,58,0.5,0.5,0.5,0.0,,0.95,0.0,0.0,,58,0
oscillation,-1,reference_only,1.0,59,0.5,0.5,0.5,0.0,,0.95,0.0,0.0,,59,0
oscillation,-1,reference_only,1.0,60,0.5,0.5,0.5,0.0,,0.95,0.0,0.0,,60,0
oscillation,-1,reference_only,1.0,61,0.5,0.5,0.5,0.0,,0.95,0.0,0.0,,61,0
oscillation,-1,reference_only,1.0,62,0.5,0.5,0.5,0.0,,0.95,0.0,0.0,,62,0
oscillation,-1,reference_only,1.0,63,0.5,0.5,0.5,0.0,,0.95,0.0,0.0,,63,0
oscillation,-1,reference_only,1.0,64,0.5,0.5,0.5,0.0,,0.95,0.0,0.0,,64,0
oscillation,-1,reference_only,1.0,65,0.5,0.5,0.5,0.0,,0.95,0.0,0.0,,65,0
oscillation,-1,reference_only,1.0,66,0.5,0.5,0.5,0.0,,0.95,0.0,0.0,,66,0
oscillation,-1,reference_only,1.0,67,0.5,0.5,0.5,0.0,,0.95,0.0,0.0,,67,0
oscillation,-1,reference_only,1.0,68,0.5,0.5,0.5,0.0,,0.95,0.0,0.0,,68,0
oscillation,-1,reference_only,1.0,69,0.5,0.5,0.5,0.0,,0.95,0.0,0.0,,69,0
oscillation,-1,reference_only,1.0,70,0.5,0.5,0.5,0.0,,0.95,0.0,0.0,,70,0
oscillation,-1,reference_only,1.0,71,0.5,0.5,0.5,0.0,,0.95,0.0,0.0,,71,0
oscillation,-1,reference_only,1.0,72,0.5,0.5,0.5,0.0,,0.95,0.0,0.0,,72,0
oscillation,-1,reference_only,1.0,73,0.5,0.5,0.5,0.0,,0.95,0.0,0.0,,73,0
oscillation,-1,reference_only,1.0,74,0.5,0.5,0.5,0.0,,0.95,0.0,0.0,,74,0
oscillation,-1,reference_only,1.0,75,0.5,0.5,0.5,0.0,,0.95,0.0,0.0,,75,0
oscillation,-1,reference_only,1.0,76,0.5,0.5,0.5,0.0,,0.95,0.0,0.0,,76,0
oscillation,-1,reference_only,1.0,77,0.5,0.5,0.5,0.0,,0.95,0.0,0.0,,77,0
oscillation,-1,reference_only,1.0,78,0.5,0.5,0.5,0.0,,0.95,0.0,0.0,,78,0
oscillation,-1,reference_only,1.0,79,0.5,0.5,0.5,0.0,,0.95,0.0,0.0,,79,0
oscillation,-1,reference_only,1.0,80,0.5,0.5,0.5,0.0,,0.95,0.0,0.0,,80,0
all_rejected,-1,gated,0.0,1,0.0,1.0,0.0,0.0,,0.0,0.0,1.0,0.0,1,1
all_rejected,-1,gated,0.0,2,0.0,1.0,0.0,0.0,,0.0,0.0,1.0,0.0,2,2
all_rejected,-1,gated,0.0,3,0.0,1.0,0.0,0.0,,0.0,0.0,1.0,0.0,3,3
all_rejected,-1,gated,0.0,4,0.0,1.0,0.0,0.0,,0.0,0.0,1.0,0.0,4,4
all_rejected,-1,gated,0.0,5,0.0,1.0,0.0,0.0,,0.0,0.0,1.0,0.0,5,5
all_rejected,-1,gated,0.0,6,0.0,1.0,0.0,0.0,,0.0,0.0,1.0,0.0,6,6
all_rejected,-1,gated,0.0,7,0.0,1.0,0.0,0.0,,0.0,0.0,1.0,0.0,7,7
all_rejected,-1,gated,0.0,8,0.0,1.0,0.0,0.0,,0.0,0.0,1.0,0.0,8,8
all_rejected,-1,gated,0.0,9,0.0,1.0,0.0,0.0,,0.0,0.0,1.0,0.0,9,9
all_rejected,-1,gated,0.0,10,0.0,1.0,0.0,0.0,,0.0,0.0,1.0,0.0,10,10
all_rejected,-1,gated,0.0,11,0.0,1.0,0.0,0.0,,0.0,0.0,1.0,0.0,11,11
all_rejected,-1,gated,0.0,12,0.0,1.0,0.0,0.0,,0.0,0.0,1.0,0.0,12,12
all_rejected,-1,gated,0.0,13,0.0,1.0,0.0,0.0,,0.0,0.0,1.0,0.0,13,13
all_rejected,-1,gated,0.0,14,0.0,1.0,0.0,0.0,,0.0,0.0,1.0,0.0,14,14
all_rejected,-1,gated,0.0,15,0.0,1.0,0.0,0.0,,0.0,0.0,1.0,0.0,15,15
all_rejected,-1,gated,0.0,16,0.0,1.0,0.0,0.0,,0.0,0.0,1.0,0.0,16,16
all_rejected,-1,gated,0.0,17,0.0,1.0,0.0,0.0,,0.0,0.0,1.0,0.0,17,17
all_rejected,-1,gated,0.0,18,0.0,1.0,0.0,0.0,,0.0,0.0,1.0,0.0,18,18
all_rejected,-1,gated,0.0,19,0.0,1.0,0.0,0.0,,0.0,0.0,1.0,0.0,19,19
all_rejected,-1,gated,0.0,20,0.0,1.0,0.0,0.0,,0.0,0.0,1.0,0.0,20,20
all_rejected,-1,gated,0.0,21,0.0,1.0,0.0,0.0,,0.0,0.0,1.0,0.0,21,21
all_rejected,-1,gated,0.0,22,0.0,1.0,0.0,0.0,,0.0,0.0,1.0,0.0,22,22
all_rejected,-1,gated,0.0,23,0.0,1.0,0.0,0.0,,0.0,0.0,1.0,0.0,23,23
all_rejected,-1,gated,0.0,24,0.0,1.0,0.0,0.0,,0.0,0.0,1.0,0.0,24,24
all_rejected,-1,gated,0.0,25,0.0,1.0,0.0,0.0,,0.0,0.0,1.0,0.0,25,25
all_rejected,-1,gated,0.0,26,0.0,1.0,0.0,0.0,,0.0,0.0,1.0,0.0,26,26
all_rejected,-1,gated,0.0,27,0.0,1.0,0.0,0.0,,0.0,0.0,1.0,0.0,27,27
all_rejected,-1,gated,0.0,28,0.0,1.0,0.0,0.0,,0.0,0.0,1.0,0.0,28,28
all_rejected,-1,gated,0.0,29,0.0,1.0,0.0,0.0,,0.0,0.0,1.0,0.0,29,29
all_rejected,-1,gated,0.0,30,0.0,1.0,0.0,0.0,,0.0,0.0,1.0,0.0,30,30
all_rejected,-1,gated,0.0,31,0.0,1.0,0.0,0.0,,0.0,0.0,1.0,0.0,31,31
all_rejected,-1,gated,0.0,32,0.0,1.0,0.0,0.0,,0.0,0.0,1.0,0.0,32,32
all_rejected,-1,gated,0.0,33,0.0,1.0,0.0,0.0,,0.0,0.0,1.0,0.0,33,33
all_rejected,-1,gated,0.0,34,0.0,1.0,0.0,0.0,,0.0,0.0,1.0,0.0,34,34
all_rejected,-1,gated,0.0,35,0.0,1.0,0.0,0.0,,0.0,0.0,1.0,0.0,35,35
all_rejected,-1,gated,0.0,36,0.0,1.0,0.0,0.0,,0.0,0.0,1.0,0.0,36,36
all_rejected,-1,gated,0.0,37,0.0,1.0,0.0,0.0,,0.0,0.0,1.0,0.0,37,37
all_rejected,-1,gated,0.0,38,0.0,1.0,0.0,0.0,,0.0,0.0,1.0,0.0,38,38
all_rejected,-1,gated,0.0,39,0.0,1.0,0.0,0.0,,0.0,0.0,1.0,0.0,39,39
all_rejected,-1,gated,0.0,40,0.0,1.0,0.0,0.0,,0.0,0.0,1.0,0.0,40,40
all_rejected,-1,gated,0.0,41,0.0,1.0,0.0,0.0,,0.0,0.0,1.0,0.0,41,41
all_rejected,-1,gated,0.0,42,0.0,1.0,0.0,0.0,,0.0,0.0,1.0,0.0,42,42
all_rejected,-1,gated,0.0,43,0.0,1.0,0.0,0.0,,0.0,0.0,1.0,0.0,43,43
all_rejected,-1,gated,0.0,44,0.0,1.0,0.0,0.0,,0.0,0.0,1.0,0.0,44,44
all_rejected,-1,gated,0.0,45,0.0,1.0,0.0,0.0,,0.0,0.0,1.0,0.0,45,45
all_rejected,-1,gated,0.0,46,0.0,1.0,0.0,0.0,,0.0,0.0,1.0,0.0,46,46
all_rejected,-1,gated,0.0,47,0.0,1.0,0.0,0.0,,0.0,0.0,1.0,0.0,47,47
all_rejected,-1,gated,0.0,48,0.0,1.0,0.0,0.0,,0.0,0.0,1.0,0.0,48,48
all_rejected,-1,gated,0.0,49,0.0,1.0,0.0,0.0,,0.0,0.0,1.0,0.0,49,49
all_rejected,-1,gated,0.0,50,0.0,1.0,0.0,0.0,,0.0,0.0,1.0,0.0,50,50
all_rejected,-1,gated,0.0,51,0.0,1.0,0.0,0.0,,0.0,0.0,1.0,0.0,51,51
all_rejected,-1,gated,0.0,52,0.0,1.0,0.0,0.0,,0.0,0.0,1.0,0.0,52,52
all_rejected,-1,gated,0.0,53,0.0,1.0,0.0,0.0,,0.0,0.0,1.0,0.0,53,53
all_rejected,-1,gated,0.0,54,0.0,1.0,0.0,0.0,,0.0,0.0,1.0,0.0,54,54
all_rejected,-1,gated,0.0,55,0.0,1.0,0.0,0.0,,0.0,0.0,1.0,0.0,55,55
all_rejected,-1,gated,0.0,56,0.0,1.0,0.0,0.0,,0.0,0.0,1.0,0.0,56,56
all_rejected,-1,gated,0.0,57,0.0,1.0,0.0,0.0,,0.0,0.0,1.0,0.0,57,57
all_rejected,-1,gated,0.0,58,0.0,1.0,0.0,0.0,,0.0,0.0,1.0,0.0,58,58
all_rejected,-1,gated,0.0,59,0.0,1.0,0.0,0.0,,0.0,0.0,1.0,0.0,59,59
all_rejected,-1,gated,0.0,60,0.0,1.0,0.0,0.0,,0.0,0.0,1.0,0.0,60,60
all_rejected,-1,gated,0.0,61,0.0,1.0,0.0,0.0,,0.0,0.0,1.0,0.0,61,61
all_rejected,-1,gated,0.0,62,0.0,1.0,0.0,0.0,,0.0,0.0,1.0,0.0,62,62
all_rejected,-1,gated,0.0,63,0.0,1.0,0.0,0.0,,0.0,0.0,1.0,0.0,63,63
all_rejected,-1,gated,0.0,64,0.0,1.0,0.0,0.0,,0.0,0.0,1.0,0.0,64,64
all_rejected,-1,gated,0.0,65,0.0,1.0,0.0,0.0,,0.0,0.0,1.0,0.0,65,65
all_rejected,-1,gated,0.0,66,0.0,1.0,0.0,0.0,,0.0,0.0,1.0,0.0,66,66
all_rejected,-1,gated,0.0,67,0.0,1.0,0.0,0.0,,0.0,0.0,1.0,0.0,67,67
all_rejected,-1,gated,0.0,68,0.0,1.0,0.0,0.0,,0.0,0.0,1.0,0.0,68,68
all_rejected,-1,gated,0.0,69,0.0,1.0,0.0,0.0,,0.0,0.0,1.0,0.0,69,69
all_rejected,-1,gated,0.0,70,0.0,1.0,0.0,0.0,,0.0,0.0,1.0,0.0,70,70
all_rejected,-1,gated,0.0,71,0.0,1.0,0.0,0.0,,0.0,0.0,1.0,0.0,71,71
all_rejected,-1,gated,0.0,72,0.0,1.0,0.0,0.0,,0.0,0.0,1.0,0.0,72,72
all_rejected,-1,gated,0.0,73,0.0,1.0,0.0,0.0,,0.0,0.0,1.0,0.0,73,73
all_rejected,-1,gated,0.0,74,0.0,1.0,0.0,0.0,,0.0,0.0,1.0,0.0,74,74
all_rejected,-1,gated,0.0,75,0.0,1.0,0.0,0.0,,0.0,0.0,1.0,0.0,75,75
all_rejected,-1,gated,0.0,76,0.0,1.0,0.0,0.0,,0.0,0.0,1.0,0.0,76,76
all_rejected,-1,gated,0.0,77,0.0,1.0,0.0,0.0,,0.0,0.0,1.0,0.0,77,77
all_rejected,-1,gated,0.0,78,0.0,1.0,0.0,0.0,,0.0,0.0,1.0,0.0,78,78
all_rejected,-1,gated,0.0,79,0.0,1.0,0.0,0.0,,0.0,0.0,1.0,0.0,79,79
all_rejected,-1,gated,0.0,80,0.0,1.0,0.0,0.0,,0.0,0.0,1.0,0.0,80,80
all_rejected,-1,accept_all,0.0,1,0.0,1.0,1.0,1.0,0.0,0.0,1.0,0.0,1.0,0,0
all_rejected,-1,accept_all,0.0,2,0.0,1.0,1.0,0.0,1.0,1.0,1.0,0.0,1.0,0,0
all_rejected,-1,accept_all,0.0,3,0.0,1.0,1.0,0.0,1.0,1.0,1.0,0.0,1.0,0,0
all_rejected,-1,accept_all,0.0,4,0.0,1.0,1.0,0.0,1.0,1.0,1.0,0.0,1.0,0,0
all_rejected,-1,accept_all,0.0,5,0.0,1.0,1.0,0.0,1.0,1.0,1.0,0.0,1.0,0,0
all_rejected,-1,accept_all,0.0,6,0.0,1.0,1.0,0.0,1.0,1.0,1.0,0.0,1.0,0,0
all_rejected,-1,accept_all,0.0,7,0.0,1.0,1.0,0.0,1.0,1.0,1.0,0.0,1.0,0,0
all_rejected,-1,accept_all,0.0,8,0.0,1.0,1.0,0.0,1.0,1.0,1.0,0.0,1.0,0,0
all_rejected,-1,accept_all,0.0,9,0.0,1.0,1.0,0.0,1.0,1.0,1.0,0.0,1.0,0,0
all_rejected,-1,accept_all,0.0,10,0.0,1.0,1.0,0.0,1.0,1.0,1.0,0.0,1.0,0,0
all_rejected,-1,accept_all,0.0,11,0.0,1.0,1.0,0.0,1.0,1.0,1.0,0.0,1.0,0,0
all_rejected,-1,accept_all,0.0,12,0.0,1.0,1.0,0.0,1.0,1.0,1.0,0.0,1.0,0,0
all_rejected,-1,accept_all,0.0,13,0.0,1.0,1.0,0.0,1.0,1.0,1.0,0.0,1.0,0,0
all_rejected,-1,accept_all,0.0,14,0.0,1.0,1.0,0.0,1.0,1.0,1.0,0.0,1.0,0,0
all_rejected,-1,accept_all,0.0,15,0.0,1.0,1.0,0.0,1.0,1.0,1.0,0.0,1.0,0,0
all_rejected,-1,accept_all,0.0,16,0.0,1.0,1.0,0.0,1.0,1.0,1.0,0.0,1.0,0,0
all_rejected,-1,accept_all,0.0,17,0.0,1.0,1.0,0.0,1.0,1.0,1.0,0.0,1.0,0,0
all_rejected,-1,accept_all,0.0,18,0.0,1.0,1.0,0.0,1.0,1.0,1.0,0.0,1.0,0,0
all_rejected,-1,accept_all,0.0,19,0.0,1.0,1.0,0.0,1.0,1.0,1.0,0.0,1.0,0,0
all_rejected,-1,accept_all,0.0,20,0.0,1.0,1.0,0.0,1.0,1.0,1.0,0.0,1.0,0,0
all_rejected,-1,accept_all,0.0,21,0.0,1.0,1.0,0.0,1.0,1.0,1.0,0.0,1.0,0,0
all_rejected,-1,accept_all,0.0,22,0.0,1.0,1.0,0.0,1.0,1.0,1.0,0.0,1.0,0,0
all_rejected,-1,accept_all,0.0,23,0.0,1.0,1.0,0.0,1.0,1.0,1.0,0.0,1.0,0,0
all_rejected,-1,accept_all,0.0,24,0.0,1.0,1.0,0.0,1.0,1.0,1.0,0.0,1.0,0,0
all_rejected,-1,accept_all,0.0,25,0.0,1.0,1.0,0.0,1.0,1.0,1.0,0.0,1.0,0,0
all_rejected,-1,accept_all,0.0,26,0.0,1.0,1.0,0.0,1.0,1.0,1.0,0.0,1.0,0,0
all_rejected,-1,accept_all,0.0,27,0.0,1.0,1.0,0.0,1.0,1.0,1.0,0.0,1.0,0,0
all_rejected,-1,accept_all,0.0,28,0.0,1.0,1.0,0.0,1.0,1.0,1.0,0.0,1.0,0,0
all_rejected,-1,accept_all,0.0,29,0.0,1.0,1.0,0.0,1.0,1.0,1.0,0.0,1.0,0,0
all_rejected,-1,accept_all,0.0,30,0.0,1.0,1.0,0.0,1.0,1.0,1.0,0.0,1.0,0,0
all_rejected,-1,accept_all,0.0,31,0.0,1.0,1.0,0.0,1.0,1.0,1.0,0.0,1.0,0,0
all_rejected,-1,accept_all,0.0,32,0.0,1.0,1.0,0.0,1.0,1.0,1.0,0.0,1.0,0,0
all_rejected,-1,accept_all,0.0,33,0.0,1.0,1.0,0.0,1.0,1.0,1.0,0.0,1.0,0,0
all_rejected,-1,accept_all,0.0,34,0.0,1.0,1.0,0.0,1.0,1.0,1.0,0.0,1.0,0,0
all_rejected,-1,accept_all,0.0,35,0.0,1.0,1.0,0.0,1.0,1.0,1.0,0.0,1.0,0,0
all_rejected,-1,accept_all,0.0,36,0.0,1.0,1.0,0.0,1.0,1.0,1.0,0.0,1.0,0,0
all_rejected,-1,accept_all,0.0,37,0.0,1.0,1.0,0.0,1.0,1.0,1.0,0.0,1.0,0,0
all_rejected,-1,accept_all,0.0,38,0.0,1.0,1.0,0.0,1.0,1.0,1.0,0.0,1.0,0,0
all_rejected,-1,accept_all,0.0,39,0.0,1.0,1.0,0.0,1.0,1.0,1.0,0.0,1.0,0,0
all_rejected,-1,accept_all,0.0,40,0.0,1.0,1.0,0.0,1.0,1.0,1.0,0.0,1.0,0,0
all_rejected,-1,accept_all,0.0,41,0.0,1.0,1.0,0.0,1.0,1.0,1.0,0.0,1.0,0,0
all_rejected,-1,accept_all,0.0,42,0.0,1.0,1.0,0.0,1.0,1.0,1.0,0.0,1.0,0,0
all_rejected,-1,accept_all,0.0,43,0.0,1.0,1.0,0.0,1.0,1.0,1.0,0.0,1.0,0,0
all_rejected,-1,accept_all,0.0,44,0.0,1.0,1.0,0.0,1.0,1.0,1.0,0.0,1.0,0,0
all_rejected,-1,accept_all,0.0,45,0.0,1.0,1.0,0.0,1.0,1.0,1.0,0.0,1.0,0,0
all_rejected,-1,accept_all,0.0,46,0.0,1.0,1.0,0.0,1.0,1.0,1.0,0.0,1.0,0,0
all_rejected,-1,accept_all,0.0,47,0.0,1.0,1.0,0.0,1.0,1.0,1.0,0.0,1.0,0,0
all_rejected,-1,accept_all,0.0,48,0.0,1.0,1.0,0.0,1.0,1.0,1.0,0.0,1.0,0,0
all_rejected,-1,accept_all,0.0,49,0.0,1.0,1.0,0.0,1.0,1.0,1.0,0.0,1.0,0,0
all_rejected,-1,accept_all,0.0,50,0.0,1.0,1.0,0.0,1.0,1.0,1.0,0.0,1.0,0,0
all_rejected,-1,accept_all,0.0,51,0.0,1.0,1.0,0.0,1.0,1.0,1.0,0.0,1.0,0,0
all_rejected,-1,accept_all,0.0,52,0.0,1.0,1.0,0.0,1.0,1.0,1.0,0.0,1.0,0,0
all_rejected,-1,accept_all,0.0,53,0.0,1.0,1.0,0.0,1.0,1.0,1.0,0.0,1.0,0,0
all_rejected,-1,accept_all,0.0,54,0.0,1.0,1.0,0.0,1.0,1.0,1.0,0.0,1.0,0,0
all_rejected,-1,accept_all,0.0,55,0.0,1.0,1.0,0.0,1.0,1.0,1.0,0.0,1.0,0,0
all_rejected,-1,accept_all,0.0,56,0.0,1.0,1.0,0.0,1.0,1.0,1.0,0.0,1.0,0,0
all_rejected,-1,accept_all,0.0,57,0.0,1.0,1.0,0.0,1.0,1.0,1.0,0.0,1.0,0,0
all_rejected,-1,accept_all,0.0,58,0.0,1.0,1.0,0.0,1.0,1.0,1.0,0.0,1.0,0,0
all_rejected,-1,accept_all,0.0,59,0.0,1.0,1.0,0.0,1.0,1.0,1.0,0.0,1.0,0,0
all_rejected,-1,accept_all,0.0,60,0.0,1.0,1.0,0.0,1.0,1.0,1.0,0.0,1.0,0,0
all_rejected,-1,accept_all,0.0,61,0.0,1.0,1.0,0.0,1.0,1.0,1.0,0.0,1.0,0,0
all_rejected,-1,accept_all,0.0,62,0.0,1.0,1.0,0.0,1.0,1.0,1.0,0.0,1.0,0,0
all_rejected,-1,accept_all,0.0,63,0.0,1.0,1.0,0.0,1.0,1.0,1.0,0.0,1.0,0,0
all_rejected,-1,accept_all,0.0,64,0.0,1.0,1.0,0.0,1.0,1.0,1.0,0.0,1.0,0,0
all_rejected,-1,accept_all,0.0,65,0.0,1.0,1.0,0.0,1.0,1.0,1.0,0.0,1.0,0,0
all_rejected,-1,accept_all,0.0,66,0.0,1.0,1.0,0.0,1.0,1.0,1.0,0.0,1.0,0,0
all_rejected,-1,accept_all,0.0,67,0.0,1.0,1.0,0.0,1.0,1.0,1.0,0.0,1.0,0,0
all_rejected,-1,accept_all,0.0,68,0.0,1.0,1.0,0.0,1.0,1.0,1.0,0.0,1.0,0,0
all_rejected,-1,accept_all,0.0,69,0.0,1.0,1.0,0.0,1.0,1.0,1.0,0.0,1.0,0,0
all_rejected,-1,accept_all,0.0,70,0.0,1.0,1.0,0.0,1.0,1.0,1.0,0.0,1.0,0,0
all_rejected,-1,accept_all,0.0,71,0.0,1.0,1.0,0.0,1.0,1.0,1.0,0.0,1.0,0,0
all_rejected,-1,accept_all,0.0,72,0.0,1.0,1.0,0.0,1.0,1.0,1.0,0.0,1.0,0,0
all_rejected,-1,accept_all,0.0,73,0.0,1.0,1.0,0.0,1.0,1.0,1.0,0.0,1.0,0,0
all_rejected,-1,accept_all,0.0,74,0.0,1.0,1.0,0.0,1.0,1.0,1.0,0.0,1.0,0,0
all_rejected,-1,accept_all,0.0,75,0.0,1.0,1.0,0.0,1.0,1.0,1.0,0.0,1.0,0,0
all_rejected,-1,accept_all,0.0,76,0.0,1.0,1.0,0.0,1.0,1.0,1.0,0.0,1.0,0,0
all_rejected,-1,accept_all,0.0,77,0.0,1.0,1.0,0.0,1.0,1.0,1.0,0.0,1.0,0,0
all_rejected,-1,accept_all,0.0,78,0.0,1.0,1.0,0.0,1.0,1.0,1.0,0.0,1.0,0,0
all_rejected,-1,accept_all,0.0,79,0.0,1.0,1.0,0.0,1.0,1.0,1.0,0.0,1.0,0,0
all_rejected,-1,accept_all,0.0,80,0.0,1.0,1.0,0.0,1.0,1.0,1.0,0.0,1.0,0,0
all_rejected,-1,reference_only,0.0,1,0.0,1.0,1.0,1.0,0.0,0.0,1.0,0.0,1.0,0,0
all_rejected,-1,reference_only,0.0,2,0.0,1.0,1.0,0.0,1.0,1.0,1.0,0.0,1.0,0,0
all_rejected,-1,reference_only,0.0,3,0.0,1.0,1.0,0.0,1.0,1.0,1.0,0.0,1.0,0,0
all_rejected,-1,reference_only,0.0,4,0.0,1.0,1.0,0.0,1.0,1.0,1.0,0.0,1.0,0,0
all_rejected,-1,reference_only,0.0,5,0.0,1.0,1.0,0.0,1.0,1.0,1.0,0.0,1.0,0,0
all_rejected,-1,reference_only,0.0,6,0.0,1.0,1.0,0.0,1.0,1.0,1.0,0.0,1.0,0,0
all_rejected,-1,reference_only,0.0,7,0.0,1.0,1.0,0.0,1.0,1.0,1.0,0.0,1.0,0,0
all_rejected,-1,reference_only,0.0,8,0.0,1.0,1.0,0.0,1.0,1.0,1.0,0.0,1.0,0,0
all_rejected,-1,reference_only,0.0,9,0.0,1.0,1.0,0.0,1.0,1.0,1.0,0.0,1.0,0,0
all_rejected,-1,reference_only,0.0,10,0.0,1.0,1.0,0.0,1.0,1.0,1.0,0.0,1.0,0,0
all_rejected,-1,reference_only,0.0,11,0.0,1.0,1.0,0.0,1.0,1.0,1.0,0.0,1.0,0,0
all_rejected,-1,reference_only,0.0,12,0.0,1.0,1.0,0.0,1.0,1.0,1.0,0.0,1.0,0,0
all_rejected,-1,reference_only,0.0,13,0.0,1.0,1.0,0.0,1.0,1.0,1.0,0.0,1.0,0,0
all_rejected,-1,reference_only,0.0,14,0.0,1.0,1.0,0.0,1.0,1.0,1.0,0.0,1.0,0,0
all_rejected,-1,reference_only,0.0,15,0.0,1.0,1.0,0.0,1.0,1.0,1.0,0.0,1.0,0,0
all_rejected,-1,reference_only,0.0,16,0.0,1.0,1.0,0.0,1.0,1.0,1.0,0.0,1.0,0,0
all_rejected,-1,reference_only,0.0,17,0.0,1.0,1.0,0.0,1.0,1.0,1.0,0.0,1.0,0,0
all_rejected,-1,reference_only,0.0,18,0.0,1.0,1.0,0.0,1.0,1.0,1.0,0.0,1.0,0,0
all_rejected,-1,reference_only,0.0,19,0.0,1.0,1.0,0.0,1.0,1.0,1.0,0.0,1.0,0,0
all_rejected,-1,reference_only,0.0,20,0.0,1.0,1.0,0.0,1.0,1.0,1.0,0.0,1.0,0,0
all_rejected,-1,reference_only,0.0,21,0.0,1.0,1.0,0.0,1.0,1.0,1.0,0.0,1.0,0,0
all_rejected,-1,reference_only,0.0,22,0.0,1.0,1.0,0.0,1.0,1.0,1.0,0.0,1.0,0,0
all_rejected,-1,reference_only,0.0,23,0.0,1.0,1.0,0.0,1.0,1.0,1.0,0.0,1.0,0,0
all_rejected,-1,reference_only,0.0,24,0.0,1.0,1.0,0.0,1.0,1.0,1.0,0.0,1.0,0,0
all_rejected,-1,reference_only,0.0,25,0.0,1.0,1.0,0.0,1.0,1.0,1.0,0.0,1.0,0,0
all_rejected,-1,reference_only,0.0,26,0.0,1.0,1.0,0.0,1.0,1.0,1.0,0.0,1.0,0,0
all_rejected,-1,reference_only,0.0,27,0.0,1.0,1.0,0.0,1.0,1.0,1.0,0.0,1.0,0,0
all_rejected,-1,reference_only,0.0,28,0.0,1.0,1.0,0.0,1.0,1.0,1.0,0.0,1.0,0,0
all_rejected,-1,reference_only,0.0,29,0.0,1.0,1.0,0.0,1.0,1.0,1.0,0.0,1.0,0,0
all_rejected,-1,reference_only,0.0,30,0.0,1.0,1.0,0.0,1.0,1.0,1.0,0.0,1.0,0,0
all_rejected,-1,reference_only,0.0,31,0.0,1.0,1.0,0.0,1.0,1.0,1.0,0.0,1.0,0,0
all_rejected,-1,reference_only,0.0,32,0.0,1.0,1.0,0.0,1.0,1.0,1.0,0.0,1.0,0,0
all_rejected,-1,reference_only,0.0,33,0.0,1.0,1.0,0.0,1.0,1.0,1.0,0.0,1.0,0,0
all_rejected,-1,reference_only,0.0,34,0.0,1.0,1.0,0.0,1.0,1.0,1.0,0.0,1.0,0,0
all_rejected,-1,reference_only,0.0,35,0.0,1.0,1.0,0.0,1.0,1.0,1.0,0.0,1.0,0,0
all_rejected,-1,reference_only,0.0,36,0.0,1.0,1.0,0.0,1.0,1.0,1.0,0.0,1.0,0,0
all_rejected,-1,reference_only,0.0,37,0.0,1.0,1.0,0.0,1.0,1.0,1.0,0.0,1.0,0,0
all_rejected,-1,reference_only,0.0,38,0.0,1.0,1.0,0.0,1.0,1.0,1.0,0.0,1.0,0,0
all_rejected,-1,reference_only,0.0,39,0.0,1.0,1.0,0.0,1.0,1.0,1.0,0.0,1.0,0,0
all_rejected,-1,reference_only,0.0,40,0.0,1.0,1.0,0.0,1.0,1.0,1.0,0.0,1.0,0,0
all_rejected,-1,reference_only,0.0,41,0.0,1.0,1.0,0.0,1.0,1.0,1.0,0.0,1.0,0,0
all_rejected,-1,reference_only,0.0,42,0.0,1.0,1.0,0.0,1.0,1.0,1.0,0.0,1.0,0,0
all_rejected,-1,reference_only,0.0,43,0.0,1.0,1.0,0.0,1.0,1.0,1.0,0.0,1.0,0,0
all_rejected,-1,reference_only,0.0,44,0.0,1.0,1.0,0.0,1.0,1.0,1.0,0.0,1.0,0,0
all_rejected,-1,reference_only,0.0,45,0.0,1.0,1.0,0.0,1.0,1.0,1.0,0.0,1.0,0,0
all_rejected,-1,reference_only,0.0,46,0.0,1.0,1.0,0.0,1.0,1.0,1.0,0.0,1.0,0,0
all_rejected,-1,reference_only,0.0,47,0.0,1.0,1.0,0.0,1.0,1.0,1.0,0.0,1.0,0,0
all_rejected,-1,reference_only,0.0,48,0.0,1.0,1.0,0.0,1.0,1.0,1.0,0.0,1.0,0,0
all_rejected,-1,reference_only,0.0,49,0.0,1.0,1.0,0.0,1.0,1.0,1.0,0.0,1.0,0,0
all_rejected,-1,reference_only,0.0,50,0.0,1.0,1.0,0.0,1.0,1.0,1.0,0.0,1.0,0,0
all_rejected,-1,reference_only,0.0,51,0.0,1.0,1.0,0.0,1.0,1.0,1.0,0.0,1.0,0,0
all_rejected,-1,reference_only,0.0,52,0.0,1.0,1.0,0.0,1.0,1.0,1.0,0.0,1.0,0,0
all_rejected,-1,reference_only,0.0,53,0.0,1.0,1.0,0.0,1.0,1.0,1.0,0.0,1.0,0,0
all_rejected,-1,reference_only,0.0,54,0.0,1.0,1.0,0.0,1.0,1.0,1.0,0.0,1.0,0,0
all_rejected,-1,reference_only,0.0,55,0.0,1.0,1.0,0.0,1.0,1.0,1.0,0.0,1.0,0,0
all_rejected,-1,reference_only,0.0,56,0.0,1.0,1.0,0.0,1.0,1.0,1.0,0.0,1.0,0,0
all_rejected,-1,reference_only,0.0,57,0.0,1.0,1.0,0.0,1.0,1.0,1.0,0.0,1.0,0,0
all_rejected,-1,reference_only,0.0,58,0.0,1.0,1.0,0.0,1.0,1.0,1.0,0.0,1.0,0,0
all_rejected,-1,reference_only,0.0,59,0.0,1.0,1.0,0.0,1.0,1.0,1.0,0.0,1.0,0,0
all_rejected,-1,reference_only,0.0,60,0.0,1.0,1.0,0.0,1.0,1.0,1.0,0.0,1.0,0,0
all_rejected,-1,reference_only,0.0,61,0.0,1.0,1.0,0.0,1.0,1.0,1.0,0.0,1.0,0,0
all_rejected,-1,reference_only,0.0,62,0.0,1.0,1.0,0.0,1.0,1.0,1.0,0.0,1.0,0,0
all_rejected,-1,reference_only,0.0,63,0.0,1.0,1.0,0.0,1.0,1.0,1.0,0.0,1.0,0,0
all_rejected,-1,reference_only,0.0,64,0.0,1.0,1.0,0.0,1.0,1.0,1.0,0.0,1.0,0,0
all_rejected,-1,reference_only,0.0,65,0.0,1.0,1.0,0.0,1.0,1.0,1.0,0.0,1.0,0,0
all_rejected,-1,reference_only,0.0,66,0.0,1.0,1.0,0.0,1.0,1.0,1.0,0.0,1.0,0,0
all_rejected,-1,reference_only,0.0,67,0.0,1.0,1.0,0.0,1.0,1.0,1.0,0.0,1.0,0,0
all_rejected,-1,reference_only,0.0,68,0.0,1.0,1.0,0.0,1.0,1.0,1.0,0.0,1.0,0,0
all_rejected,-1,reference_only,0.0,69,0.0,1.0,1.0,0.0,1.0,1.0,1.0,0.0,1.0,0,0
all_rejected,-1,reference_only,0.0,70,0.0,1.0,1.0,0.0,1.0,1.0,1.0,0.0,1.0,0,0
all_rejected,-1,reference_only,0.0,71,0.0,1.0,1.0,0.0,1.0,1.0,1.0,0.0,1.0,0,0
all_rejected,-1,reference_only,0.0,72,0.0,1.0,1.0,0.0,1.0,1.0,1.0,0.0,1.0,0,0
all_rejected,-1,reference_only,0.0,73,0.0,1.0,1.0,0.0,1.0,1.0,1.0,0.0,1.0,0,0
all_rejected,-1,reference_only,0.0,74,0.0,1.0,1.0,0.0,1.0,1.0,1.0,0.0,1.0,0,0
all_rejected,-1,reference_only,0.0,75,0.0,1.0,1.0,0.0,1.0,1.0,1.0,0.0,1.0,0,0
all_rejected,-1,reference_only,0.0,76,0.0,1.0,1.0,0.0,1.0,1.0,1.0,0.0,1.0,0,0
all_rejected,-1,reference_only,0.0,77,0.0,1.0,1.0,0.0,1.0,1.0,1.0,0.0,1.0,0,0
all_rejected,-1,reference_only,0.0,78,0.0,1.0,1.0,0.0,1.0,1.0,1.0,0.0,1.0,0,0
all_rejected,-1,reference_only,0.0,79,0.0,1.0,1.0,0.0,1.0,1.0,1.0,0.0,1.0,0,0
all_rejected,-1,reference_only,0.0,80,0.0,1.0,1.0,0.0,1.0,1.0,1.0,0.0,1.0,0,0
all_rejected,-1,gated,0.01,1,0.0,1.0,0.0,0.0,,0.0,0.0,1.0,0.0,1,1
all_rejected,-1,gated,0.01,2,0.0,1.0,0.0,0.0,,0.0,0.0,1.0,0.0,2,2
all_rejected,-1,gated,0.01,3,0.0,1.0,0.0,0.0,,0.0,0.0,1.0,0.0,3,3
all_rejected,-1,gated,0.01,4,0.0,1.0,0.0,0.0,,0.0,0.0,1.0,0.0,4,4
all_rejected,-1,gated,0.01,5,0.0,1.0,0.0,0.0,,0.0,0.0,1.0,0.0,5,5
all_rejected,-1,gated,0.01,6,0.0,1.0,0.0,0.0,,0.0,0.0,1.0,0.0,6,6
all_rejected,-1,gated,0.01,7,0.0,1.0,0.0,0.0,,0.0,0.0,1.0,0.0,7,7
all_rejected,-1,gated,0.01,8,0.0,1.0,0.0,0.0,,0.0,0.0,1.0,0.0,8,8
all_rejected,-1,gated,0.01,9,0.0,1.0,0.0,0.0,,0.0,0.0,1.0,0.0,9,9
all_rejected,-1,gated,0.01,10,0.0,1.0,0.0,0.0,,0.0,0.0,1.0,0.0,10,10
all_rejected,-1,gated,0.01,11,0.0,1.0,0.0,0.0,,0.0,0.0,1.0,0.0,11,11
all_rejected,-1,gated,0.01,12,0.0,1.0,0.0,0.0,,0.0,0.0,1.0,0.0,12,12
all_rejected,-1,gated,0.01,13,0.0,1.0,0.0,0.0,,0.0,0.0,1.0,0.0,13,13
all_rejected,-1,gated,0.01,14,0.0,1.0,0.0,0.0,,0.0,0.0,1.0,0.0,14,14
all_rejected,-1,gated,0.01,15,0.0,1.0,0.0,0.0,,0.0,0.0,1.0,0.0,15,15
all_rejected,-1,gated,0.01,16,0.0,1.0,0.0,0.0,,0.0,0.0,1.0,0.0,16,16
all_rejected,-1,gated,0.01,17,0.0,1.0,0.0,0.0,,0.0,0.0,1.0,0.0,17,17
all_rejected,-1,gated,0.01,18,0.0,1.0,0.0,0.0,,0.0,0.0,1.0,0.0,18,18
all_rejected,-1,gated,0.01,19,0.0,1.0,0.0,0.0,,0.0,0.0,1.0,0.0,19,19
all_rejected,-1,gated,0.01,20,0.0,1.0,0.0,0.0,,0.0,0.0,1.0,0.0,20,20
all_rejected,-1,gated,0.01,21,0.0,1.0,0.0,0.0,,0.0,0.0,1.0,0.0,21,21
all_rejected,-1,gated,0.01,22,0.0,1.0,0.0,0.0,,0.0,0.0,1.0,0.0,22,22
all_rejected,-1,gated,0.01,23,0.0,1.0,0.0,0.0,,0.0,0.0,1.0,0.0,23,23
all_rejected,-1,gated,0.01,24,0.0,1.0,0.0,0.0,,0.0,0.0,1.0,0.0,24,24
all_rejected,-1,gated,0.01,25,0.0,1.0,0.0,0.0,,0.0,0.0,1.0,0.0,25,25
all_rejected,-1,gated,0.01,26,0.0,1.0,0.0,0.0,,0.0,0.0,1.0,0.0,26,26
all_rejected,-1,gated,0.01,27,0.0,1.0,0.0,0.0,,0.0,0.0,1.0,0.0,27,27
all_rejected,-1,gated,0.01,28,0.0,1.0,0.0,0.0,,0.0,0.0,1.0,0.0,28,28
all_rejected,-1,gated,0.01,29,0.0,1.0,0.0,0.0,,0.0,0.0,1.0,0.0,29,29
all_rejected,-1,gated,0.01,30,0.0,1.0,0.0,0.0,,0.0,0.0,1.0,0.0,30,30
all_rejected,-1,gated,0.01,31,0.0,1.0,0.0,0.0,,0.0,0.0,1.0,0.0,31,31
all_rejected,-1,gated,0.01,32,0.0,1.0,0.0,0.0,,0.0,0.0,1.0,0.0,32,32
all_rejected,-1,gated,0.01,33,0.0,1.0,0.0,0.0,,0.0,0.0,1.0,0.0,33,33
all_rejected,-1,gated,0.01,34,0.0,1.0,0.0,0.0,,0.0,0.0,1.0,0.0,34,34
all_rejected,-1,gated,0.01,35,0.0,1.0,0.0,0.0,,0.0,0.0,1.0,0.0,35,35
all_rejected,-1,gated,0.01,36,0.0,1.0,0.0,0.0,,0.0,0.0,1.0,0.0,36,36
all_rejected,-1,gated,0.01,37,0.0,1.0,0.0,0.0,,0.0,0.0,1.0,0.0,37,37
all_rejected,-1,gated,0.01,38,0.0,1.0,0.0,0.0,,0.0,0.0,1.0,0.0,38,38
all_rejected,-1,gated,0.01,39,0.0,1.0,0.0,0.0,,0.0,0.0,1.0,0.0,39,39
all_rejected,-1,gated,0.01,40,0.0,1.0,0.0,0.0,,0.0,0.0,1.0,0.0,40,40
all_rejected,-1,gated,0.01,41,0.0,1.0,0.0,0.0,,0.0,0.0,1.0,0.0,41,41
all_rejected,-1,gated,0.01,42,0.0,1.0,0.0,0.0,,0.0,0.0,1.0,0.0,42,42
all_rejected,-1,gated,0.01,43,0.0,1.0,0.0,0.0,,0.0,0.0,1.0,0.0,43,43
all_rejected,-1,gated,0.01,44,0.0,1.0,0.0,0.0,,0.0,0.0,1.0,0.0,44,44
all_rejected,-1,gated,0.01,45,0.0,1.0,0.0,0.0,,0.0,0.0,1.0,0.0,45,45
all_rejected,-1,gated,0.01,46,0.0,1.0,0.0,0.0,,0.0,0.0,1.0,0.0,46,46
all_rejected,-1,gated,0.01,47,0.0,1.0,0.0,0.0,,0.0,0.0,1.0,0.0,47,47
all_rejected,-1,gated,0.01,48,0.0,1.0,0.0,0.0,,0.0,0.0,1.0,0.0,48,48
all_rejected,-1,gated,0.01,49,0.0,1.0,0.0,0.0,,0.0,0.0,1.0,0.0,49,49
all_rejected,-1,gated,0.01,50,0.0,1.0,0.0,0.0,,0.0,0.0,1.0,0.0,50,50
all_rejected,-1,gated,0.01,51,0.0,1.0,0.0,0.0,,0.0,0.0,1.0,0.0,51,51
all_rejected,-1,gated,0.01,52,0.0,1.0,0.0,0.0,,0.0,0.0,1.0,0.0,52,52
all_rejected,-1,gated,0.01,53,0.0,1.0,0.0,0.0,,0.0,0.0,1.0,0.0,53,53
all_rejected,-1,gated,0.01,54,0.0,1.0,0.0,0.0,,0.0,0.0,1.0,0.0,54,54
all_rejected,-1,gated,0.01,55,0.0,1.0,0.0,0.0,,0.0,0.0,1.0,0.0,55,55
all_rejected,-1,gated,0.01,56,0.0,1.0,0.0,0.0,,0.0,0.0,1.0,0.0,56,56
all_rejected,-1,gated,0.01,57,0.0,1.0,0.0,0.0,,0.0,0.0,1.0,0.0,57,57
all_rejected,-1,gated,0.01,58,0.0,1.0,0.0,0.0,,0.0,0.0,1.0,0.0,58,58
all_rejected,-1,gated,0.01,59,0.0,1.0,0.0,0.0,,0.0,0.0,1.0,0.0,59,59
all_rejected,-1,gated,0.01,60,0.0,1.0,0.0,0.0,,0.0,0.0,1.0,0.0,60,60
all_rejected,-1,gated,0.01,61,0.0,1.0,0.0,0.0,,0.0,0.0,1.0,0.0,61,61
all_rejected,-1,gated,0.01,62,0.0,1.0,0.0,0.0,,0.0,0.0,1.0,0.0,62,62
all_rejected,-1,gated,0.01,63,0.0,1.0,0.0,0.0,,0.0,0.0,1.0,0.0,63,63
all_rejected,-1,gated,0.01,64,0.0,1.0,0.0,0.0,,0.0,0.0,1.0,0.0,64,64
all_rejected,-1,gated,0.01,65,0.0,1.0,0.0,0.0,,0.0,0.0,1.0,0.0,65,65
all_rejected,-1,gated,0.01,66,0.0,1.0,0.0,0.0,,0.0,0.0,1.0,0.0,66,66
all_rejected,-1,gated,0.01,67,0.0,1.0,0.0,0.0,,0.0,0.0,1.0,0.0,67,67
all_rejected,-1,gated,0.01,68,0.0,1.0,0.0,0.0,,0.0,0.0,1.0,0.0,68,68
all_rejected,-1,gated,0.01,69,0.0,1.0,0.0,0.0,,0.0,0.0,1.0,0.0,69,69
all_rejected,-1,gated,0.01,70,0.0,1.0,0.0,0.0,,0.0,0.0,1.0,0.0,70,70
all_rejected,-1,gated,0.01,71,0.0,1.0,0.0,0.0,,0.0,0.0,1.0,0.0,71,71
all_rejected,-1,gated,0.01,72,0.0,1.0,0.0,0.0,,0.0,0.0,1.0,0.0,72,72
all_rejected,-1,gated,0.01,73,0.0,1.0,0.0,0.0,,0.0,0.0,1.0,0.0,73,73
all_rejected,-1,gated,0.01,74,0.0,1.0,0.0,0.0,,0.0,0.0,1.0,0.0,74,74
all_rejected,-1,gated,0.01,75,0.0,1.0,0.0,0.0,,0.0,0.0,1.0,0.0,75,75
all_rejected,-1,gated,0.01,76,0.0,1.0,0.0,0.0,,0.0,0.0,1.0,0.0,76,76
all_rejected,-1,gated,0.01,77,0.0,1.0,0.0,0.0,,0.0,0.0,1.0,0.0,77,77
all_rejected,-1,gated,0.01,78,0.0,1.0,0.0,0.0,,0.0,0.0,1.0,0.0,78,78
all_rejected,-1,gated,0.01,79,0.0,1.0,0.0,0.0,,0.0,0.0,1.0,0.0,79,79
all_rejected,-1,gated,0.01,80,0.0,1.0,0.0,0.0,,0.0,0.0,1.0,0.0,80,80
all_rejected,-1,accept_all,0.01,1,0.0,1.0,1.0,1.0,0.0,0.0,1.0,0.0,1.0,0,0
all_rejected,-1,accept_all,0.01,2,0.0,1.0,1.0,0.0,1.0,1.0,1.0,0.0,1.0,0,0
all_rejected,-1,accept_all,0.01,3,0.0,1.0,1.0,0.0,1.0,1.0,1.0,0.0,1.0,0,0
all_rejected,-1,accept_all,0.01,4,0.0,1.0,1.0,0.0,1.0,1.0,1.0,0.0,1.0,0,0
all_rejected,-1,accept_all,0.01,5,0.0,1.0,1.0,0.0,1.0,1.0,1.0,0.0,1.0,0,0
all_rejected,-1,accept_all,0.01,6,0.0,1.0,1.0,0.0,1.0,1.0,1.0,0.0,1.0,0,0
all_rejected,-1,accept_all,0.01,7,0.0,1.0,1.0,0.0,1.0,1.0,1.0,0.0,1.0,0,0
all_rejected,-1,accept_all,0.01,8,0.0,1.0,1.0,0.0,1.0,1.0,1.0,0.0,1.0,0,0
all_rejected,-1,accept_all,0.01,9,0.0,1.0,1.0,0.0,1.0,1.0,1.0,0.0,1.0,0,0
all_rejected,-1,accept_all,0.01,10,0.0,1.0,1.0,0.0,1.0,1.0,1.0,0.0,1.0,0,0
all_rejected,-1,accept_all,0.01,11,0.0,1.0,1.0,0.0,1.0,1.0,1.0,0.0,1.0,0,0
all_rejected,-1,accept_all,0.01,12,0.0,1.0,1.0,0.0,1.0,1.0,1.0,0.0,1.0,0,0
all_rejected,-1,accept_all,0.01,13,0.0,1.0,1.0,0.0,1.0,1.0,1.0,0.0,1.0,0,0
all_rejected,-1,accept_all,0.01,14,0.0,1.0,1.0,0.0,1.0,1.0,1.0,0.0,1.0,0,0
all_rejected,-1,accept_all,0.01,15,0.0,1.0,1.0,0.0,1.0,1.0,1.0,0.0,1.0,0,0
all_rejected,-1,accept_all,0.01,16,0.0,1.0,1.0,0.0,1.0,1.0,1.0,0.0,1.0,0,0
all_rejected,-1,accept_all,0.01,17,0.0,1.0,1.0,0.0,1.0,1.0,1.0,0.0,1.0,0,0
all_rejected,-1,accept_all,0.01,18,0.0,1.0,1.0,0.0,1.0,1.0,1.0,0.0,1.0,0,0
all_rejected,-1,accept_all,0.01,19,0.0,1.0,1.0,0.0,1.0,1.0,1.0,0.0,1.0,0,0
all_rejected,-1,accept_all,0.01,20,0.0,1.0,1.0,0.0,1.0,1.0,1.0,0.0,1.0,0,0
all_rejected,-1,accept_all,0.01,21,0.0,1.0,1.0,0.0,1.0,1.0,1.0,0.0,1.0,0,0
all_rejected,-1,accept_all,0.01,22,0.0,1.0,1.0,0.0,1.0,1.0,1.0,0.0,1.0,0,0
all_rejected,-1,accept_all,0.01,23,0.0,1.0,1.0,0.0,1.0,1.0,1.0,0.0,1.0,0,0
all_rejected,-1,accept_all,0.01,24,0.0,1.0,1.0,0.0,1.0,1.0,1.0,0.0,1.0,0,0
all_rejected,-1,accept_all,0.01,25,0.0,1.0,1.0,0.0,1.0,1.0,1.0,0.0,1.0,0,0
all_rejected,-1,accept_all,0.01,26,0.0,1.0,1.0,0.0,1.0,1.0,1.0,0.0,1.0,0,0
all_rejected,-1,accept_all,0.01,27,0.0,1.0,1.0,0.0,1.0,1.0,1.0,0.0,1.0,0,0
all_rejected,-1,accept_all,0.01,28,0.0,1.0,1.0,0.0,1.0,1.0,1.0,0.0,1.0,0,0
all_rejected,-1,accept_all,0.01,29,0.0,1.0,1.0,0.0,1.0,1.0,1.0,0.0,1.0,0,0
all_rejected,-1,accept_all,0.01,30,0.0,1.0,1.0,0.0,1.0,1.0,1.0,0.0,1.0,0,0
all_rejected,-1,accept_all,0.01,31,0.0,1.0,1.0,0.0,1.0,1.0,1.0,0.0,1.0,0,0
all_rejected,-1,accept_all,0.01,32,0.0,1.0,1.0,0.0,1.0,1.0,1.0,0.0,1.0,0,0
all_rejected,-1,accept_all,0.01,33,0.0,1.0,1.0,0.0,1.0,1.0,1.0,0.0,1.0,0,0
all_rejected,-1,accept_all,0.01,34,0.0,1.0,1.0,0.0,1.0,1.0,1.0,0.0,1.0,0,0
all_rejected,-1,accept_all,0.01,35,0.0,1.0,1.0,0.0,1.0,1.0,1.0,0.0,1.0,0,0
all_rejected,-1,accept_all,0.01,36,0.0,1.0,1.0,0.0,1.0,1.0,1.0,0.0,1.0,0,0
all_rejected,-1,accept_all,0.01,37,0.0,1.0,1.0,0.0,1.0,1.0,1.0,0.0,1.0,0,0
all_rejected,-1,accept_all,0.01,38,0.0,1.0,1.0,0.0,1.0,1.0,1.0,0.0,1.0,0,0
all_rejected,-1,accept_all,0.01,39,0.0,1.0,1.0,0.0,1.0,1.0,1.0,0.0,1.0,0,0
all_rejected,-1,accept_all,0.01,40,0.0,1.0,1.0,0.0,1.0,1.0,1.0,0.0,1.0,0,0
all_rejected,-1,accept_all,0.01,41,0.0,1.0,1.0,0.0,1.0,1.0,1.0,0.0,1.0,0,0
all_rejected,-1,accept_all,0.01,42,0.0,1.0,1.0,0.0,1.0,1.0,1.0,0.0,1.0,0,0
all_rejected,-1,accept_all,0.01,43,0.0,1.0,1.0,0.0,1.0,1.0,1.0,0.0,1.0,0,0
all_rejected,-1,accept_all,0.01,44,0.0,1.0,1.0,0.0,1.0,1.0,1.0,0.0,1.0,0,0
all_rejected,-1,accept_all,0.01,45,0.0,1.0,1.0,0.0,1.0,1.0,1.0,0.0,1.0,0,0
all_rejected,-1,accept_all,0.01,46,0.0,1.0,1.0,0.0,1.0,1.0,1.0,0.0,1.0,0,0
all_rejected,-1,accept_all,0.01,47,0.0,1.0,1.0,0.0,1.0,1.0,1.0,0.0,1.0,0,0
all_rejected,-1,accept_all,0.01,48,0.0,1.0,1.0,0.0,1.0,1.0,1.0,0.0,1.0,0,0
all_rejected,-1,accept_all,0.01,49,0.0,1.0,1.0,0.0,1.0,1.0,1.0,0.0,1.0,0,0
all_rejected,-1,accept_all,0.01,50,0.0,1.0,1.0,0.0,1.0,1.0,1.0,0.0,1.0,0,0
all_rejected,-1,accept_all,0.01,51,0.0,1.0,1.0,0.0,1.0,1.0,1.0,0.0,1.0,0,0
all_rejected,-1,accept_all,0.01,52,0.0,1.0,1.0,0.0,1.0,1.0,1.0,0.0,1.0,0,0
all_rejected,-1,accept_all,0.01,53,0.0,1.0,1.0,0.0,1.0,1.0,1.0,0.0,1.0,0,0
all_rejected,-1,accept_all,0.01,54,0.0,1.0,1.0,0.0,1.0,1.0,1.0,0.0,1.0,0,0
all_rejected,-1,accept_all,0.01,55,0.0,1.0,1.0,0.0,1.0,1.0,1.0,0.0,1.0,0,0
all_rejected,-1,accept_all,0.01,56,0.0,1.0,1.0,0.0,1.0,1.0,1.0,0.0,1.0,0,0
all_rejected,-1,accept_all,0.01,57,0.0,1.0,1.0,0.0,1.0,1.0,1.0,0.0,1.0,0,0
all_rejected,-1,accept_all,0.01,58,0.0,1.0,1.0,0.0,1.0,1.0,1.0,0.0,1.0,0,0
all_rejected,-1,accept_all,0.01,59,0.0,1.0,1.0,0.0,1.0,1.0,1.0,0.0,1.0,0,0
all_rejected,-1,accept_all,0.01,60,0.0,1.0,1.0,0.0,1.0,1.0,1.0,0.0,1.0,0,0
all_rejected,-1,accept_all,0.01,61,0.0,1.0,1.0,0.0,1.0,1.0,1.0,0.0,1.0,0,0
all_rejected,-1,accept_all,0.01,62,0.0,1.0,1.0,0.0,1.0,1.0,1.0,0.0,1.0,0,0
all_rejected,-1,accept_all,0.01,63,0.0,1.0,1.0,0.0,1.0,1.0,1.0,0.0,1.0,0,0
all_rejected,-1,accept_all,0.01,64,0.0,1.0,1.0,0.0,1.0,1.0,1.0,0.0,1.0,0,0
all_rejected,-1,accept_all,0.01,65,0.0,1.0,1.0,0.0,1.0,1.0,1.0,0.0,1.0,0,0
all_rejected,-1,accept_all,0.01,66,0.0,1.0,1.0,0.0,1.0,1.0,1.0,0.0,1.0,0,0
all_rejected,-1,accept_all,0.01,67,0.0,1.0,1.0,0.0,1.0,1.0,1.0,0.0,1.0,0,0
all_rejected,-1,accept_all,0.01,68,0.0,1.0,1.0,0.0,1.0,1.0,1.0,0.0,1.0,0,0
all_rejected,-1,accept_all,0.01,69,0.0,1.0,1.0,0.0,1.0,1.0,1.0,0.0,1.0,0,0
all_rejected,-1,accept_all,0.01,70,0.0,1.0,1.0,0.0,1.0,1.0,1.0,0.0,1.0,0,0
all_rejected,-1,accept_all,0.01,71,0.0,1.0,1.0,0.0,1.0,1.0,1.0,0.0,1.0,0,0
all_rejected,-1,accept_all,0.01,72,0.0,1.0,1.0,0.0,1.0,1.0,1.0,0.0,1.0,0,0
all_rejected,-1,accept_all,0.01,73,0.0,1.0,1.0,0.0,1.0,1.0,1.0,0.0,1.0,0,0
all_rejected,-1,accept_all,0.01,74,0.0,1.0,1.0,0.0,1.0,1.0,1.0,0.0,1.0,0,0
all_rejected,-1,accept_all,0.01,75,0.0,1.0,1.0,0.0,1.0,1.0,1.0,0.0,1.0,0,0
all_rejected,-1,accept_all,0.01,76,0.0,1.0,1.0,0.0,1.0,1.0,1.0,0.0,1.0,0,0
all_rejected,-1,accept_all,0.01,77,0.0,1.0,1.0,0.0,1.0,1.0,1.0,0.0,1.0,0,0
all_rejected,-1,accept_all,0.01,78,0.0,1.0,1.0,0.0,1.0,1.0,1.0,0.0,1.0,0,0
all_rejected,-1,accept_all,0.01,79,0.0,1.0,1.0,0.0,1.0,1.0,1.0,0.0,1.0,0,0
all_rejected,-1,accept_all,0.01,80,0.0,1.0,1.0,0.0,1.0,1.0,1.0,0.0,1.0,0,0
all_rejected,-1,reference_only,0.01,1,0.0,1.0,1.0,1.0,0.0,0.0,1.0,0.0,1.0,0,0
all_rejected,-1,reference_only,0.01,2,0.0,1.0,1.0,0.0,1.0,1.0,1.0,0.0,1.0,0,0
all_rejected,-1,reference_only,0.01,3,0.0,1.0,1.0,0.0,1.0,1.0,1.0,0.0,1.0,0,0
all_rejected,-1,reference_only,0.01,4,0.0,1.0,1.0,0.0,1.0,1.0,1.0,0.0,1.0,0,0
all_rejected,-1,reference_only,0.01,5,0.0,1.0,1.0,0.0,1.0,1.0,1.0,0.0,1.0,0,0
all_rejected,-1,reference_only,0.01,6,0.0,1.0,1.0,0.0,1.0,1.0,1.0,0.0,1.0,0,0
all_rejected,-1,reference_only,0.01,7,0.0,1.0,1.0,0.0,1.0,1.0,1.0,0.0,1.0,0,0
all_rejected,-1,reference_only,0.01,8,0.0,1.0,1.0,0.0,1.0,1.0,1.0,0.0,1.0,0,0
all_rejected,-1,reference_only,0.01,9,0.0,1.0,1.0,0.0,1.0,1.0,1.0,0.0,1.0,0,0
all_rejected,-1,reference_only,0.01,10,0.0,1.0,1.0,0.0,1.0,1.0,1.0,0.0,1.0,0,0
all_rejected,-1,reference_only,0.01,11,0.0,1.0,1.0,0.0,1.0,1.0,1.0,0.0,1.0,0,0
all_rejected,-1,reference_only,0.01,12,0.0,1.0,1.0,0.0,1.0,1.0,1.0,0.0,1.0,0,0
all_rejected,-1,reference_only,0.01,13,0.0,1.0,1.0,0.0,1.0,1.0,1.0,0.0,1.0,0,0
all_rejected,-1,reference_only,0.01,14,0.0,1.0,1.0,0.0,1.0,1.0,1.0,0.0,1.0,0,0
all_rejected,-1,reference_only,0.01,15,0.0,1.0,1.0,0.0,1.0,1.0,1.0,0.0,1.0,0,0
all_rejected,-1,reference_only,0.01,16,0.0,1.0,1.0,0.0,1.0,1.0,1.0,0.0,1.0,0,0
all_rejected,-1,reference_only,0.01,17,0.0,1.0,1.0,0.0,1.0,1.0,1.0,0.0,1.0,0,0
all_rejected,-1,reference_only,0.01,18,0.0,1.0,1.0,0.0,1.0,1.0,1.0,0.0,1.0,0,0
all_rejected,-1,reference_only,0.01,19,0.0,1.0,1.0,0.0,1.0,1.0,1.0,0.0,1.0,0,0
all_rejected,-1,reference_only,0.01,20,0.0,1.0,1.0,0.0,1.0,1.0,1.0,0.0,1.0,0,0
all_rejected,-1,reference_only,0.01,21,0.0,1.0,1.0,0.0,1.0,1.0,1.0,0.0,1.0,0,0
all_rejected,-1,reference_only,0.01,22,0.0,1.0,1.0,0.0,1.0,1.0,1.0,0.0,1.0,0,0
all_rejected,-1,reference_only,0.01,23,0.0,1.0,1.0,0.0,1.0,1.0,1.0,0.0,1.0,0,0
all_rejected,-1,reference_only,0.01,24,0.0,1.0,1.0,0.0,1.0,1.0,1.0,0.0,1.0,0,0
all_rejected,-1,reference_only,0.01,25,0.0,1.0,1.0,0.0,1.0,1.0,1.0,0.0,1.0,0,0
all_rejected,-1,reference_only,0.01,26,0.0,1.0,1.0,0.0,1.0,1.0,1.0,0.0,1.0,0,0
all_rejected,-1,reference_only,0.01,27,0.0,1.0,1.0,0.0,1.0,1.0,1.0,0.0,1.0,0,0
all_rejected,-1,reference_only,0.01,28,0.0,1.0,1.0,0.0,1.0,1.0,1.0,0.0,1.0,0,0
all_rejected,-1,reference_only,0.01,29,0.0,1.0,1.0,0.0,1.0,1.0,1.0,0.0,1.0,0,0
all_rejected,-1,reference_only,0.01,30,0.0,1.0,1.0,0.0,1.0,1.0,1.0,0.0,1.0,0,0
all_rejected,-1,reference_only,0.01,31,0.0,1.0,1.0,0.0,1.0,1.0,1.0,0.0,1.0,0,0
all_rejected,-1,reference_only,0.01,32,0.0,1.0,1.0,0.0,1.0,1.0,1.0,0.0,1.0,0,0
all_rejected,-1,reference_only,0.01,33,0.0,1.0,1.0,0.0,1.0,1.0,1.0,0.0,1.0,0,0
all_rejected,-1,reference_only,0.01,34,0.0,1.0,1.0,0.0,1.0,1.0,1.0,0.0,1.0,0,0
all_rejected,-1,reference_only,0.01,35,0.0,1.0,1.0,0.0,1.0,1.0,1.0,0.0,1.0,0,0
all_rejected,-1,reference_only,0.01,36,0.0,1.0,1.0,0.0,1.0,1.0,1.0,0.0,1.0,0,0
all_rejected,-1,reference_only,0.01,37,0.0,1.0,1.0,0.0,1.0,1.0,1.0,0.0,1.0,0,0
all_rejected,-1,reference_only,0.01,38,0.0,1.0,1.0,0.0,1.0,1.0,1.0,0.0,1.0,0,0
all_rejected,-1,reference_only,0.01,39,0.0,1.0,1.0,0.0,1.0,1.0,1.0,0.0,1.0,0,0
all_rejected,-1,reference_only,0.01,40,0.0,1.0,1.0,0.0,1.0,1.0,1.0,0.0,1.0,0,0
all_rejected,-1,reference_only,0.01,41,0.0,1.0,1.0,0.0,1.0,1.0,1.0,0.0,1.0,0,0
all_rejected,-1,reference_only,0.01,42,0.0,1.0,1.0,0.0,1.0,1.0,1.0,0.0,1.0,0,0
all_rejected,-1,reference_only,0.01,43,0.0,1.0,1.0,0.0,1.0,1.0,1.0,0.0,1.0,0,0
all_rejected,-1,reference_only,0.01,44,0.0,1.0,1.0,0.0,1.0,1.0,1.0,0.0,1.0,0,0
all_rejected,-1,reference_only,0.01,45,0.0,1.0,1.0,0.0,1.0,1.0,1.0,0.0,1.0,0,0
all_rejected,-1,reference_only,0.01,46,0.0,1.0,1.0,0.0,1.0,1.0,1.0,0.0,1.0,0,0
all_rejected,-1,reference_only,0.01,47,0.0,1.0,1.0,0.0,1.0,1.0,1.0,0.0,1.0,0,0
all_rejected,-1,reference_only,0.01,48,0.0,1.0,1.0,0.0,1.0,1.0,1.0,0.0,1.0,0,0
all_rejected,-1,reference_only,0.01,49,0.0,1.0,1.0,0.0,1.0,1.0,1.0,0.0,1.0,0,0
all_rejected,-1,reference_only,0.01,50,0.0,1.0,1.0,0.0,1.0,1.0,1.0,0.0,1.0,0,0
all_rejected,-1,reference_only,0.01,51,0.0,1.0,1.0,0.0,1.0,1.0,1.0,0.0,1.0,0,0
all_rejected,-1,reference_only,0.01,52,0.0,1.0,1.0,0.0,1.0,1.0,1.0,0.0,1.0,0,0
all_rejected,-1,reference_only,0.01,53,0.0,1.0,1.0,0.0,1.0,1.0,1.0,0.0,1.0,0,0
all_rejected,-1,reference_only,0.01,54,0.0,1.0,1.0,0.0,1.0,1.0,1.0,0.0,1.0,0,0
all_rejected,-1,reference_only,0.01,55,0.0,1.0,1.0,0.0,1.0,1.0,1.0,0.0,1.0,0,0
all_rejected,-1,reference_only,0.01,56,0.0,1.0,1.0,0.0,1.0,1.0,1.0,0.0,1.0,0,0
all_rejected,-1,reference_only,0.01,57,0.0,1.0,1.0,0.0,1.0,1.0,1.0,0.0,1.0,0,0
all_rejected,-1,reference_only,0.01,58,0.0,1.0,1.0,0.0,1.0,1.0,1.0,0.0,1.0,0,0
all_rejected,-1,reference_only,0.01,59,0.0,1.0,1.0,0.0,1.0,1.0,1.0,0.0,1.0,0,0
all_rejected,-1,reference_only,0.01,60,0.0,1.0,1.0,0.0,1.0,1.0,1.0,0.0,1.0,0,0
all_rejected,-1,reference_only,0.01,61,0.0,1.0,1.0,0.0,1.0,1.0,1.0,0.0,1.0,0,0
all_rejected,-1,reference_only,0.01,62,0.0,1.0,1.0,0.0,1.0,1.0,1.0,0.0,1.0,0,0
all_rejected,-1,reference_only,0.01,63,0.0,1.0,1.0,0.0,1.0,1.0,1.0,0.0,1.0,0,0
all_rejected,-1,reference_only,0.01,64,0.0,1.0,1.0,0.0,1.0,1.0,1.0,0.0,1.0,0,0
all_rejected,-1,reference_only,0.01,65,0.0,1.0,1.0,0.0,1.0,1.0,1.0,0.0,1.0,0,0
all_rejected,-1,reference_only,0.01,66,0.0,1.0,1.0,0.0,1.0,1.0,1.0,0.0,1.0,0,0
all_rejected,-1,reference_only,0.01,67,0.0,1.0,1.0,0.0,1.0,1.0,1.0,0.0,1.0,0,0
all_rejected,-1,reference_only,0.01,68,0.0,1.0,1.0,0.0,1.0,1.0,1.0,0.0,1.0,0,0
all_rejected,-1,reference_only,0.01,69,0.0,1.0,1.0,0.0,1.0,1.0,1.0,0.0,1.0,0,0
all_rejected,-1,reference_only,0.01,70,0.0,1.0,1.0,0.0,1.0,1.0,1.0,0.0,1.0,0,0
all_rejected,-1,reference_only,0.01,71,0.0,1.0,1.0,0.0,1.0,1.0,1.0,0.0,1.0,0,0
all_rejected,-1,reference_only,0.01,72,0.0,1.0,1.0,0.0,1.0,1.0,1.0,0.0,1.0,0,0
all_rejected,-1,reference_only,0.01,73,0.0,1.0,1.0,0.0,1.0,1.0,1.0,0.0,1.0,0,0
all_rejected,-1,reference_only,0.01,74,0.0,1.0,1.0,0.0,1.0,1.0,1.0,0.0,1.0,0,0
all_rejected,-1,reference_only,0.01,75,0.0,1.0,1.0,0.0,1.0,1.0,1.0,0.0,1.0,0,0
all_rejected,-1,reference_only,0.01,76,0.0,1.0,1.0,0.0,1.0,1.0,1.0,0.0,1.0,0,0
all_rejected,-1,reference_only,0.01,77,0.0,1.0,1.0,0.0,1.0,1.0,1.0,0.0,1.0,0,0
all_rejected,-1,reference_only,0.01,78,0.0,1.0,1.0,0.0,1.0,1.0,1.0,0.0,1.0,0,0
all_rejected,-1,reference_only,0.01,79,0.0,1.0,1.0,0.0,1.0,1.0,1.0,0.0,1.0,0,0
all_rejected,-1,reference_only,0.01,80,0.0,1.0,1.0,0.0,1.0,1.0,1.0,0.0,1.0,0,0
all_rejected,-1,gated,0.024,1,0.0,1.0,0.0,0.0,,0.0,0.0,1.0,0.0,1,1
all_rejected,-1,gated,0.024,2,0.0,1.0,0.0,0.0,,0.0,0.0,1.0,0.0,2,2
all_rejected,-1,gated,0.024,3,0.0,1.0,0.0,0.0,,0.0,0.0,1.0,0.0,3,3
all_rejected,-1,gated,0.024,4,0.0,1.0,0.0,0.0,,0.0,0.0,1.0,0.0,4,4
all_rejected,-1,gated,0.024,5,0.0,1.0,0.0,0.0,,0.0,0.0,1.0,0.0,5,5
all_rejected,-1,gated,0.024,6,0.0,1.0,0.0,0.0,,0.0,0.0,1.0,0.0,6,6
all_rejected,-1,gated,0.024,7,0.0,1.0,0.0,0.0,,0.0,0.0,1.0,0.0,7,7
all_rejected,-1,gated,0.024,8,0.0,1.0,0.0,0.0,,0.0,0.0,1.0,0.0,8,8
all_rejected,-1,gated,0.024,9,0.0,1.0,0.0,0.0,,0.0,0.0,1.0,0.0,9,9
all_rejected,-1,gated,0.024,10,0.0,1.0,0.0,0.0,,0.0,0.0,1.0,0.0,10,10
all_rejected,-1,gated,0.024,11,0.0,1.0,0.0,0.0,,0.0,0.0,1.0,0.0,11,11
all_rejected,-1,gated,0.024,12,0.0,1.0,0.0,0.0,,0.0,0.0,1.0,0.0,12,12
all_rejected,-1,gated,0.024,13,0.0,1.0,0.0,0.0,,0.0,0.0,1.0,0.0,13,13
all_rejected,-1,gated,0.024,14,0.0,1.0,0.0,0.0,,0.0,0.0,1.0,0.0,14,14
all_rejected,-1,gated,0.024,15,0.0,1.0,0.0,0.0,,0.0,0.0,1.0,0.0,15,15
all_rejected,-1,gated,0.024,16,0.0,1.0,0.0,0.0,,0.0,0.0,1.0,0.0,16,16
all_rejected,-1,gated,0.024,17,0.0,1.0,0.0,0.0,,0.0,0.0,1.0,0.0,17,17
all_rejected,-1,gated,0.024,18,0.0,1.0,0.0,0.0,,0.0,0.0,1.0,0.0,18,18
all_rejected,-1,gated,0.024,19,0.0,1.0,0.0,0.0,,0.0,0.0,1.0,0.0,19,19
all_rejected,-1,gated,0.024,20,0.0,1.0,0.0,0.0,,0.0,0.0,1.0,0.0,20,20
all_rejected,-1,gated,0.024,21,0.0,1.0,0.0,0.0,,0.0,0.0,1.0,0.0,21,21
all_rejected,-1,gated,0.024,22,0.0,1.0,0.0,0.0,,0.0,0.0,1.0,0.0,22,22
all_rejected,-1,gated,0.024,23,0.0,1.0,0.0,0.0,,0.0,0.0,1.0,0.0,23,23
all_rejected,-1,gated,0.024,24,0.0,1.0,0.0,0.0,,0.0,0.0,1.0,0.0,24,24
all_rejected,-1,gated,0.024,25,0.0,1.0,0.0,0.0,,0.0,0.0,1.0,0.0,25,25
all_rejected,-1,gated,0.024,26,0.0,1.0,0.0,0.0,,0.0,0.0,1.0,0.0,26,26
all_rejected,-1,gated,0.024,27,0.0,1.0,0.0,0.0,,0.0,0.0,1.0,0.0,27,27
all_rejected,-1,gated,0.024,28,0.0,1.0,0.0,0.0,,0.0,0.0,1.0,0.0,28,28
all_rejected,-1,gated,0.024,29,0.0,1.0,0.0,0.0,,0.0,0.0,1.0,0.0,29,29
all_rejected,-1,gated,0.024,30,0.0,1.0,0.0,0.0,,0.0,0.0,1.0,0.0,30,30
all_rejected,-1,gated,0.024,31,0.0,1.0,0.0,0.0,,0.0,0.0,1.0,0.0,31,31
all_rejected,-1,gated,0.024,32,0.0,1.0,0.0,0.0,,0.0,0.0,1.0,0.0,32,32
all_rejected,-1,gated,0.024,33,0.0,1.0,0.0,0.0,,0.0,0.0,1.0,0.0,33,33
all_rejected,-1,gated,0.024,34,0.0,1.0,0.0,0.0,,0.0,0.0,1.0,0.0,34,34
all_rejected,-1,gated,0.024,35,0.0,1.0,0.0,0.0,,0.0,0.0,1.0,0.0,35,35
all_rejected,-1,gated,0.024,36,0.0,1.0,0.0,0.0,,0.0,0.0,1.0,0.0,36,36
all_rejected,-1,gated,0.024,37,0.0,1.0,0.0,0.0,,0.0,0.0,1.0,0.0,37,37
all_rejected,-1,gated,0.024,38,0.0,1.0,0.0,0.0,,0.0,0.0,1.0,0.0,38,38
all_rejected,-1,gated,0.024,39,0.0,1.0,0.0,0.0,,0.0,0.0,1.0,0.0,39,39
all_rejected,-1,gated,0.024,40,0.0,1.0,0.0,0.0,,0.0,0.0,1.0,0.0,40,40
all_rejected,-1,gated,0.024,41,0.0,1.0,0.0,0.0,,0.0,0.0,1.0,0.0,41,41
all_rejected,-1,gated,0.024,42,0.0,1.0,0.0,0.0,,0.0,0.0,1.0,0.0,42,42
all_rejected,-1,gated,0.024,43,0.0,1.0,0.0,0.0,,0.0,0.0,1.0,0.0,43,43
all_rejected,-1,gated,0.024,44,0.0,1.0,0.0,0.0,,0.0,0.0,1.0,0.0,44,44
all_rejected,-1,gated,0.024,45,0.0,1.0,0.0,0.0,,0.0,0.0,1.0,0.0,45,45
all_rejected,-1,gated,0.024,46,0.0,1.0,0.0,0.0,,0.0,0.0,1.0,0.0,46,46
all_rejected,-1,gated,0.024,47,0.0,1.0,0.0,0.0,,0.0,0.0,1.0,0.0,47,47
all_rejected,-1,gated,0.024,48,0.0,1.0,0.0,0.0,,0.0,0.0,1.0,0.0,48,48
all_rejected,-1,gated,0.024,49,0.0,1.0,0.0,0.0,,0.0,0.0,1.0,0.0,49,49
all_rejected,-1,gated,0.024,50,0.0,1.0,0.0,0.0,,0.0,0.0,1.0,0.0,50,50
all_rejected,-1,gated,0.024,51,0.0,1.0,0.0,0.0,,0.0,0.0,1.0,0.0,51,51
all_rejected,-1,gated,0.024,52,0.0,1.0,0.0,0.0,,0.0,0.0,1.0,0.0,52,52
all_rejected,-1,gated,0.024,53,0.0,1.0,0.0,0.0,,0.0,0.0,1.0,0.0,53,53
all_rejected,-1,gated,0.024,54,0.0,1.0,0.0,0.0,,0.0,0.0,1.0,0.0,54,54
all_rejected,-1,gated,0.024,55,0.0,1.0,0.0,0.0,,0.0,0.0,1.0,0.0,55,55
all_rejected,-1,gated,0.024,56,0.0,1.0,0.0,0.0,,0.0,0.0,1.0,0.0,56,56
all_rejected,-1,gated,0.024,57,0.0,1.0,0.0,0.0,,0.0,0.0,1.0,0.0,57,57
all_rejected,-1,gated,0.024,58,0.0,1.0,0.0,0.0,,0.0,0.0,1.0,0.0,58,58
all_rejected,-1,gated,0.024,59,0.0,1.0,0.0,0.0,,0.0,0.0,1.0,0.0,59,59
all_rejected,-1,gated,0.024,60,0.0,1.0,0.0,0.0,,0.0,0.0,1.0,0.0,60,60
all_rejected,-1,gated,0.024,61,0.0,1.0,0.0,0.0,,0.0,0.0,1.0,0.0,61,61
all_rejected,-1,gated,0.024,62,0.0,1.0,0.0,0.0,,0.0,0.0,1.0,0.0,62,62
all_rejected,-1,gated,0.024,63,0.0,1.0,0.0,0.0,,0.0,0.0,1.0,0.0,63,63
all_rejected,-1,gated,0.024,64,0.0,1.0,0.0,0.0,,0.0,0.0,1.0,0.0,64,64
all_rejected,-1,gated,0.024,65,0.0,1.0,0.0,0.0,,0.0,0.0,1.0,0.0,65,65
all_rejected,-1,gated,0.024,66,0.0,1.0,0.0,0.0,,0.0,0.0,1.0,0.0,66,66
all_rejected,-1,gated,0.024,67,0.0,1.0,0.0,0.0,,0.0,0.0,1.0,0.0,67,67
all_rejected,-1,gated,0.024,68,0.0,1.0,0.0,0.0,,0.0,0.0,1.0,0.0,68,68
all_rejected,-1,gated,0.024,69,0.0,1.0,0.0,0.0,,0.0,0.0,1.0,0.0,69,69
all_rejected,-1,gated,0.024,70,0.0,1.0,0.0,0.0,,0.0,0.0,1.0,0.0,70,70
all_rejected,-1,gated,0.024,71,0.0,1.0,0.0,0.0,,0.0,0.0,1.0,0.0,71,71
all_rejected,-1,gated,0.024,72,0.0,1.0,0.0,0.0,,0.0,0.0,1.0,0.0,72,72
all_rejected,-1,gated,0.024,73,0.0,1.0,0.0,0.0,,0.0,0.0,1.0,0.0,73,73
all_rejected,-1,gated,0.024,74,0.0,1.0,0.0,0.0,,0.0,0.0,1.0,0.0,74,74
all_rejected,-1,gated,0.024,75,0.0,1.0,0.0,0.0,,0.0,0.0,1.0,0.0,75,75
all_rejected,-1,gated,0.024,76,0.0,1.0,0.0,0.0,,0.0,0.0,1.0,0.0,76,76
all_rejected,-1,gated,0.024,77,0.0,1.0,0.0,0.0,,0.0,0.0,1.0,0.0,77,77
all_rejected,-1,gated,0.024,78,0.0,1.0,0.0,0.0,,0.0,0.0,1.0,0.0,78,78
all_rejected,-1,gated,0.024,79,0.0,1.0,0.0,0.0,,0.0,0.0,1.0,0.0,79,79
all_rejected,-1,gated,0.024,80,0.0,1.0,0.0,0.0,,0.0,0.0,1.0,0.0,80,80
all_rejected,-1,accept_all,0.024,1,0.0,1.0,1.0,1.0,0.0,0.0,1.0,0.0,1.0,0,0
all_rejected,-1,accept_all,0.024,2,0.0,1.0,1.0,0.0,1.0,1.0,1.0,0.0,1.0,0,0
all_rejected,-1,accept_all,0.024,3,0.0,1.0,1.0,0.0,1.0,1.0,1.0,0.0,1.0,0,0
all_rejected,-1,accept_all,0.024,4,0.0,1.0,1.0,0.0,1.0,1.0,1.0,0.0,1.0,0,0
all_rejected,-1,accept_all,0.024,5,0.0,1.0,1.0,0.0,1.0,1.0,1.0,0.0,1.0,0,0
all_rejected,-1,accept_all,0.024,6,0.0,1.0,1.0,0.0,1.0,1.0,1.0,0.0,1.0,0,0
all_rejected,-1,accept_all,0.024,7,0.0,1.0,1.0,0.0,1.0,1.0,1.0,0.0,1.0,0,0
all_rejected,-1,accept_all,0.024,8,0.0,1.0,1.0,0.0,1.0,1.0,1.0,0.0,1.0,0,0
all_rejected,-1,accept_all,0.024,9,0.0,1.0,1.0,0.0,1.0,1.0,1.0,0.0,1.0,0,0
all_rejected,-1,accept_all,0.024,10,0.0,1.0,1.0,0.0,1.0,1.0,1.0,0.0,1.0,0,0
all_rejected,-1,accept_all,0.024,11,0.0,1.0,1.0,0.0,1.0,1.0,1.0,0.0,1.0,0,0
all_rejected,-1,accept_all,0.024,12,0.0,1.0,1.0,0.0,1.0,1.0,1.0,0.0,1.0,0,0
all_rejected,-1,accept_all,0.024,13,0.0,1.0,1.0,0.0,1.0,1.0,1.0,0.0,1.0,0,0
all_rejected,-1,accept_all,0.024,14,0.0,1.0,1.0,0.0,1.0,1.0,1.0,0.0,1.0,0,0
all_rejected,-1,accept_all,0.024,15,0.0,1.0,1.0,0.0,1.0,1.0,1.0,0.0,1.0,0,0
all_rejected,-1,accept_all,0.024,16,0.0,1.0,1.0,0.0,1.0,1.0,1.0,0.0,1.0,0,0
all_rejected,-1,accept_all,0.024,17,0.0,1.0,1.0,0.0,1.0,1.0,1.0,0.0,1.0,0,0
all_rejected,-1,accept_all,0.024,18,0.0,1.0,1.0,0.0,1.0,1.0,1.0,0.0,1.0,0,0
all_rejected,-1,accept_all,0.024,19,0.0,1.0,1.0,0.0,1.0,1.0,1.0,0.0,1.0,0,0
all_rejected,-1,accept_all,0.024,20,0.0,1.0,1.0,0.0,1.0,1.0,1.0,0.0,1.0,0,0
all_rejected,-1,accept_all,0.024,21,0.0,1.0,1.0,0.0,1.0,1.0,1.0,0.0,1.0,0,0
all_rejected,-1,accept_all,0.024,22,0.0,1.0,1.0,0.0,1.0,1.0,1.0,0.0,1.0,0,0
all_rejected,-1,accept_all,0.024,23,0.0,1.0,1.0,0.0,1.0,1.0,1.0,0.0,1.0,0,0
all_rejected,-1,accept_all,0.024,24,0.0,1.0,1.0,0.0,1.0,1.0,1.0,0.0,1.0,0,0
all_rejected,-1,accept_all,0.024,25,0.0,1.0,1.0,0.0,1.0,1.0,1.0,0.0,1.0,0,0
all_rejected,-1,accept_all,0.024,26,0.0,1.0,1.0,0.0,1.0,1.0,1.0,0.0,1.0,0,0
all_rejected,-1,accept_all,0.024,27,0.0,1.0,1.0,0.0,1.0,1.0,1.0,0.0,1.0,0,0
all_rejected,-1,accept_all,0.024,28,0.0,1.0,1.0,0.0,1.0,1.0,1.0,0.0,1.0,0,0
all_rejected,-1,accept_all,0.024,29,0.0,1.0,1.0,0.0,1.0,1.0,1.0,0.0,1.0,0,0
all_rejected,-1,accept_all,0.024,30,0.0,1.0,1.0,0.0,1.0,1.0,1.0,0.0,1.0,0,0
all_rejected,-1,accept_all,0.024,31,0.0,1.0,1.0,0.0,1.0,1.0,1.0,0.0,1.0,0,0
all_rejected,-1,accept_all,0.024,32,0.0,1.0,1.0,0.0,1.0,1.0,1.0,0.0,1.0,0,0
all_rejected,-1,accept_all,0.024,33,0.0,1.0,1.0,0.0,1.0,1.0,1.0,0.0,1.0,0,0
all_rejected,-1,accept_all,0.024,34,0.0,1.0,1.0,0.0,1.0,1.0,1.0,0.0,1.0,0,0
all_rejected,-1,accept_all,0.024,35,0.0,1.0,1.0,0.0,1.0,1.0,1.0,0.0,1.0,0,0
all_rejected,-1,accept_all,0.024,36,0.0,1.0,1.0,0.0,1.0,1.0,1.0,0.0,1.0,0,0
all_rejected,-1,accept_all,0.024,37,0.0,1.0,1.0,0.0,1.0,1.0,1.0,0.0,1.0,0,0
all_rejected,-1,accept_all,0.024,38,0.0,1.0,1.0,0.0,1.0,1.0,1.0,0.0,1.0,0,0
all_rejected,-1,accept_all,0.024,39,0.0,1.0,1.0,0.0,1.0,1.0,1.0,0.0,1.0,0,0
all_rejected,-1,accept_all,0.024,40,0.0,1.0,1.0,0.0,1.0,1.0,1.0,0.0,1.0,0,0
all_rejected,-1,accept_all,0.024,41,0.0,1.0,1.0,0.0,1.0,1.0,1.0,0.0,1.0,0,0
all_rejected,-1,accept_all,0.024,42,0.0,1.0,1.0,0.0,1.0,1.0,1.0,0.0,1.0,0,0
all_rejected,-1,accept_all,0.024,43,0.0,1.0,1.0,0.0,1.0,1.0,1.0,0.0,1.0,0,0
all_rejected,-1,accept_all,0.024,44,0.0,1.0,1.0,0.0,1.0,1.0,1.0,0.0,1.0,0,0
all_rejected,-1,accept_all,0.024,45,0.0,1.0,1.0,0.0,1.0,1.0,1.0,0.0,1.0,0,0
all_rejected,-1,accept_all,0.024,46,0.0,1.0,1.0,0.0,1.0,1.0,1.0,0.0,1.0,0,0
all_rejected,-1,accept_all,0.024,47,0.0,1.0,1.0,0.0,1.0,1.0,1.0,0.0,1.0,0,0
all_rejected,-1,accept_all,0.024,48,0.0,1.0,1.0,0.0,1.0,1.0,1.0,0.0,1.0,0,0
all_rejected,-1,accept_all,0.024,49,0.0,1.0,1.0,0.0,1.0,1.0,1.0,0.0,1.0,0,0
all_rejected,-1,accept_all,0.024,50,0.0,1.0,1.0,0.0,1.0,1.0,1.0,0.0,1.0,0,0
all_rejected,-1,accept_all,0.024,51,0.0,1.0,1.0,0.0,1.0,1.0,1.0,0.0,1.0,0,0
all_rejected,-1,accept_all,0.024,52,0.0,1.0,1.0,0.0,1.0,1.0,1.0,0.0,1.0,0,0
all_rejected,-1,accept_all,0.024,53,0.0,1.0,1.0,0.0,1.0,1.0,1.0,0.0,1.0,0,0
all_rejected,-1,accept_all,0.024,54,0.0,1.0,1.0,0.0,1.0,1.0,1.0,0.0,1.0,0,0
all_rejected,-1,accept_all,0.024,55,0.0,1.0,1.0,0.0,1.0,1.0,1.0,0.0,1.0,0,0
all_rejected,-1,accept_all,0.024,56,0.0,1.0,1.0,0.0,1.0,1.0,1.0,0.0,1.0,0,0
all_rejected,-1,accept_all,0.024,57,0.0,1.0,1.0,0.0,1.0,1.0,1.0,0.0,1.0,0,0
all_rejected,-1,accept_all,0.024,58,0.0,1.0,1.0,0.0,1.0,1.0,1.0,0.0,1.0,0,0
all_rejected,-1,accept_all,0.024,59,0.0,1.0,1.0,0.0,1.0,1.0,1.0,0.0,1.0,0,0
all_rejected,-1,accept_all,0.024,60,0.0,1.0,1.0,0.0,1.0,1.0,1.0,0.0,1.0,0,0
all_rejected,-1,accept_all,0.024,61,0.0,1.0,1.0,0.0,1.0,1.0,1.0,0.0,1.0,0,0
all_rejected,-1,accept_all,0.024,62,0.0,1.0,1.0,0.0,1.0,1.0,1.0,0.0,1.0,0,0
all_rejected,-1,accept_all,0.024,63,0.0,1.0,1.0,0.0,1.0,1.0,1.0,0.0,1.0,0,0
all_rejected,-1,accept_all,0.024,64,0.0,1.0,1.0,0.0,1.0,1.0,1.0,0.0,1.0,0,0
all_rejected,-1,accept_all,0.024,65,0.0,1.0,1.0,0.0,1.0,1.0,1.0,0.0,1.0,0,0
all_rejected,-1,accept_all,0.024,66,0.0,1.0,1.0,0.0,1.0,1.0,1.0,0.0,1.0,0,0
all_rejected,-1,accept_all,0.024,67,0.0,1.0,1.0,0.0,1.0,1.0,1.0,0.0,1.0,0,0
all_rejected,-1,accept_all,0.024,68,0.0,1.0,1.0,0.0,1.0,1.0,1.0,0.0,1.0,0,0
all_rejected,-1,accept_all,0.024,69,0.0,1.0,1.0,0.0,1.0,1.0,1.0,0.0,1.0,0,0
all_rejected,-1,accept_all,0.024,70,0.0,1.0,1.0,0.0,1.0,1.0,1.0,0.0,1.0,0,0
all_rejected,-1,accept_all,0.024,71,0.0,1.0,1.0,0.0,1.0,1.0,1.0,0.0,1.0,0,0
all_rejected,-1,accept_all,0.024,72,0.0,1.0,1.0,0.0,1.0,1.0,1.0,0.0,1.0,0,0
all_rejected,-1,accept_all,0.024,73,0.0,1.0,1.0,0.0,1.0,1.0,1.0,0.0,1.0,0,0
all_rejected,-1,accept_all,0.024,74,0.0,1.0,1.0,0.0,1.0,1.0,1.0,0.0,1.0,0,0
all_rejected,-1,accept_all,0.024,75,0.0,1.0,1.0,0.0,1.0,1.0,1.0,0.0,1.0,0,0
all_rejected,-1,accept_all,0.024,76,0.0,1.0,1.0,0.0,1.0,1.0,1.0,0.0,1.0,0,0
all_rejected,-1,accept_all,0.024,77,0.0,1.0,1.0,0.0,1.0,1.0,1.0,0.0,1.0,0,0
all_rejected,-1,accept_all,0.024,78,0.0,1.0,1.0,0.0,1.0,1.0,1.0,0.0,1.0,0,0
all_rejected,-1,accept_all,0.024,79,0.0,1.0,1.0,0.0,1.0,1.0,1.0,0.0,1.0,0,0
all_rejected,-1,accept_all,0.024,80,0.0,1.0,1.0,0.0,1.0,1.0,1.0,0.0,1.0,0,0
all_rejected,-1,reference_only,0.024,1,0.0,1.0,1.0,1.0,0.0,0.0,1.0,0.0,1.0,0,0
all_rejected,-1,reference_only,0.024,2,0.0,1.0,1.0,0.0,1.0,1.0,1.0,0.0,1.0,0,0
all_rejected,-1,reference_only,0.024,3,0.0,1.0,1.0,0.0,1.0,1.0,1.0,0.0,1.0,0,0
all_rejected,-1,reference_only,0.024,4,0.0,1.0,1.0,0.0,1.0,1.0,1.0,0.0,1.0,0,0
all_rejected,-1,reference_only,0.024,5,0.0,1.0,1.0,0.0,1.0,1.0,1.0,0.0,1.0,0,0
all_rejected,-1,reference_only,0.024,6,0.0,1.0,1.0,0.0,1.0,1.0,1.0,0.0,1.0,0,0
all_rejected,-1,reference_only,0.024,7,0.0,1.0,1.0,0.0,1.0,1.0,1.0,0.0,1.0,0,0
all_rejected,-1,reference_only,0.024,8,0.0,1.0,1.0,0.0,1.0,1.0,1.0,0.0,1.0,0,0
all_rejected,-1,reference_only,0.024,9,0.0,1.0,1.0,0.0,1.0,1.0,1.0,0.0,1.0,0,0
all_rejected,-1,reference_only,0.024,10,0.0,1.0,1.0,0.0,1.0,1.0,1.0,0.0,1.0,0,0
all_rejected,-1,reference_only,0.024,11,0.0,1.0,1.0,0.0,1.0,1.0,1.0,0.0,1.0,0,0
all_rejected,-1,reference_only,0.024,12,0.0,1.0,1.0,0.0,1.0,1.0,1.0,0.0,1.0,0,0
all_rejected,-1,reference_only,0.024,13,0.0,1.0,1.0,0.0,1.0,1.0,1.0,0.0,1.0,0,0
all_rejected,-1,reference_only,0.024,14,0.0,1.0,1.0,0.0,1.0,1.0,1.0,0.0,1.0,0,0
all_rejected,-1,reference_only,0.024,15,0.0,1.0,1.0,0.0,1.0,1.0,1.0,0.0,1.0,0,0
all_rejected,-1,reference_only,0.024,16,0.0,1.0,1.0,0.0,1.0,1.0,1.0,0.0,1.0,0,0
all_rejected,-1,reference_only,0.024,17,0.0,1.0,1.0,0.0,1.0,1.0,1.0,0.0,1.0,0,0
all_rejected,-1,reference_only,0.024,18,0.0,1.0,1.0,0.0,1.0,1.0,1.0,0.0,1.0,0,0
all_rejected,-1,reference_only,0.024,19,0.0,1.0,1.0,0.0,1.0,1.0,1.0,0.0,1.0,0,0
all_rejected,-1,reference_only,0.024,20,0.0,1.0,1.0,0.0,1.0,1.0,1.0,0.0,1.0,0,0
all_rejected,-1,reference_only,0.024,21,0.0,1.0,1.0,0.0,1.0,1.0,1.0,0.0,1.0,0,0
all_rejected,-1,reference_only,0.024,22,0.0,1.0,1.0,0.0,1.0,1.0,1.0,0.0,1.0,0,0
all_rejected,-1,reference_only,0.024,23,0.0,1.0,1.0,0.0,1.0,1.0,1.0,0.0,1.0,0,0
all_rejected,-1,reference_only,0.024,24,0.0,1.0,1.0,0.0,1.0,1.0,1.0,0.0,1.0,0,0
all_rejected,-1,reference_only,0.024,25,0.0,1.0,1.0,0.0,1.0,1.0,1.0,0.0,1.0,0,0
all_rejected,-1,reference_only,0.024,26,0.0,1.0,1.0,0.0,1.0,1.0,1.0,0.0,1.0,0,0
all_rejected,-1,reference_only,0.024,27,0.0,1.0,1.0,0.0,1.0,1.0,1.0,0.0,1.0,0,0
all_rejected,-1,reference_only,0.024,28,0.0,1.0,1.0,0.0,1.0,1.0,1.0,0.0,1.0,0,0
all_rejected,-1,reference_only,0.024,29,0.0,1.0,1.0,0.0,1.0,1.0,1.0,0.0,1.0,0,0
all_rejected,-1,reference_only,0.024,30,0.0,1.0,1.0,0.0,1.0,1.0,1.0,0.0,1.0,0,0
all_rejected,-1,reference_only,0.024,31,0.0,1.0,1.0,0.0,1.0,1.0,1.0,0.0,1.0,0,0
all_rejected,-1,reference_only,0.024,32,0.0,1.0,1.0,0.0,1.0,1.0,1.0,0.0,1.0,0,0
all_rejected,-1,reference_only,0.024,33,0.0,1.0,1.0,0.0,1.0,1.0,1.0,0.0,1.0,0,0
all_rejected,-1,reference_only,0.024,34,0.0,1.0,1.0,0.0,1.0,1.0,1.0,0.0,1.0,0,0
all_rejected,-1,reference_only,0.024,35,0.0,1.0,1.0,0.0,1.0,1.0,1.0,0.0,1.0,0,0
all_rejected,-1,reference_only,0.024,36,0.0,1.0,1.0,0.0,1.0,1.0,1.0,0.0,1.0,0,0
all_rejected,-1,reference_only,0.024,37,0.0,1.0,1.0,0.0,1.0,1.0,1.0,0.0,1.0,0,0
all_rejected,-1,reference_only,0.024,38,0.0,1.0,1.0,0.0,1.0,1.0,1.0,0.0,1.0,0,0
all_rejected,-1,reference_only,0.024,39,0.0,1.0,1.0,0.0,1.0,1.0,1.0,0.0,1.0,0,0
all_rejected,-1,reference_only,0.024,40,0.0,1.0,1.0,0.0,1.0,1.0,1.0,0.0,1.0,0,0
all_rejected,-1,reference_only,0.024,41,0.0,1.0,1.0,0.0,1.0,1.0,1.0,0.0,1.0,0,0
all_rejected,-1,reference_only,0.024,42,0.0,1.0,1.0,0.0,1.0,1.0,1.0,0.0,1.0,0,0
all_rejected,-1,reference_only,0.024,43,0.0,1.0,1.0,0.0,1.0,1.0,1.0,0.0,1.0,0,0
all_rejected,-1,reference_only,0.024,44,0.0,1.0,1.0,0.0,1.0,1.0,1.0,0.0,1.0,0,0
all_rejected,-1,reference_only,0.024,45,0.0,1.0,1.0,0.0,1.0,1.0,1.0,0.0,1.0,0,0
all_rejected,-1,reference_only,0.024,46,0.0,1.0,1.0,0.0,1.0,1.0,1.0,0.0,1.0,0,0
all_rejected,-1,reference_only,0.024,47,0.0,1.0,1.0,0.0,1.0,1.0,1.0,0.0,1.0,0,0
all_rejected,-1,reference_only,0.024,48,0.0,1.0,1.0,0.0,1.0,1.0,1.0,0.0,1.0,0,0
all_rejected,-1,reference_only,0.024,49,0.0,1.0,1.0,0.0,1.0,1.0,1.0,0.0,1.0,0,0
all_rejected,-1,reference_only,0.024,50,0.0,1.0,1.0,0.0,1.0,1.0,1.0,0.0,1.0,0,0
all_rejected,-1,reference_only,0.024,51,0.0,1.0,1.0,0.0,1.0,1.0,1.0,0.0,1.0,0,0
all_rejected,-1,reference_only,0.024,52,0.0,1.0,1.0,0.0,1.0,1.0,1.0,0.0,1.0,0,0
all_rejected,-1,reference_only,0.024,53,0.0,1.0,1.0,0.0,1.0,1.0,1.0,0.0,1.0,0,0
all_rejected,-1,reference_only,0.024,54,0.0,1.0,1.0,0.0,1.0,1.0,1.0,0.0,1.0,0,0
all_rejected,-1,reference_only,0.024,55,0.0,1.0,1.0,0.0,1.0,1.0,1.0,0.0,1.0,0,0
all_rejected,-1,reference_only,0.024,56,0.0,1.0,1.0,0.0,1.0,1.0,1.0,0.0,1.0,0,0
all_rejected,-1,reference_only,0.024,57,0.0,1.0,1.0,0.0,1.0,1.0,1.0,0.0,1.0,0,0
all_rejected,-1,reference_only,0.024,58,0.0,1.0,1.0,0.0,1.0,1.0,1.0,0.0,1.0,0,0
all_rejected,-1,reference_only,0.024,59,0.0,1.0,1.0,0.0,1.0,1.0,1.0,0.0,1.0,0,0
all_rejected,-1,reference_only,0.024,60,0.0,1.0,1.0,0.0,1.0,1.0,1.0,0.0,1.0,0,0
all_rejected,-1,reference_only,0.024,61,0.0,1.0,1.0,0.0,1.0,1.0,1.0,0.0,1.0,0,0
all_rejected,-1,reference_only,0.024,62,0.0,1.0,1.0,0.0,1.0,1.0,1.0,0.0,1.0,0,0
all_rejected,-1,reference_only,0.024,63,0.0,1.0,1.0,0.0,1.0,1.0,1.0,0.0,1.0,0,0
all_rejected,-1,reference_only,0.024,64,0.0,1.0,1.0,0.0,1.0,1.0,1.0,0.0,1.0,0,0
all_rejected,-1,reference_only,0.024,65,0.0,1.0,1.0,0.0,1.0,1.0,1.0,0.0,1.0,0,0
all_rejected,-1,reference_only,0.024,66,0.0,1.0,1.0,0.0,1.0,1.0,1.0,0.0,1.0,0,0
all_rejected,-1,reference_only,0.024,67,0.0,1.0,1.0,0.0,1.0,1.0,1.0,0.0,1.0,0,0
all_rejected,-1,reference_only,0.024,68,0.0,1.0,1.0,0.0,1.0,1.0,1.0,0.0,1.0,0,0
all_rejected,-1,reference_only,0.024,69,0.0,1.0,1.0,0.0,1.0,1.0,1.0,0.0,1.0,0,0
all_rejected,-1,reference_only,0.024,70,0.0,1.0,1.0,0.0,1.0,1.0,1.0,0.0,1.0,0,0
all_rejected,-1,reference_only,0.024,71,0.0,1.0,1.0,0.0,1.0,1.0,1.0,0.0,1.0,0,0
all_rejected,-1,reference_only,0.024,72,0.0,1.0,1.0,0.0,1.0,1.0,1.0,0.0,1.0,0,0
all_rejected,-1,reference_only,0.024,73,0.0,1.0,1.0,0.0,1.0,1.0,1.0,0.0,1.0,0,0
all_rejected,-1,reference_only,0.024,74,0.0,1.0,1.0,0.0,1.0,1.0,1.0,0.0,1.0,0,0
all_rejected,-1,reference_only,0.024,75,0.0,1.0,1.0,0.0,1.0,1.0,1.0,0.0,1.0,0,0
all_rejected,-1,reference_only,0.024,76,0.0,1.0,1.0,0.0,1.0,1.0,1.0,0.0,1.0,0,0
all_rejected,-1,reference_only,0.024,77,0.0,1.0,1.0,0.0,1.0,1.0,1.0,0.0,1.0,0,0
all_rejected,-1,reference_only,0.024,78,0.0,1.0,1.0,0.0,1.0,1.0,1.0,0.0,1.0,0,0
all_rejected,-1,reference_only,0.024,79,0.0,1.0,1.0,0.0,1.0,1.0,1.0,0.0,1.0,0,0
all_rejected,-1,reference_only,0.024,80,0.0,1.0,1.0,0.0,1.0,1.0,1.0,0.0,1.0,0,0
all_rejected,-1,gated,0.026,1,0.0,1.0,0.0,0.0,,0.0,0.0,1.0,0.0,1,1
all_rejected,-1,gated,0.026,2,0.0,1.0,0.0,0.0,,0.0,0.0,1.0,0.0,2,2
all_rejected,-1,gated,0.026,3,0.0,1.0,0.0,0.0,,0.0,0.0,1.0,0.0,3,3
all_rejected,-1,gated,0.026,4,0.0,1.0,0.0,0.0,,0.0,0.0,1.0,0.0,4,4
all_rejected,-1,gated,0.026,5,0.0,1.0,0.0,0.0,,0.0,0.0,1.0,0.0,5,5
all_rejected,-1,gated,0.026,6,0.0,1.0,0.0,0.0,,0.0,0.0,1.0,0.0,6,6
all_rejected,-1,gated,0.026,7,0.0,1.0,0.0,0.0,,0.0,0.0,1.0,0.0,7,7
all_rejected,-1,gated,0.026,8,0.0,1.0,0.0,0.0,,0.0,0.0,1.0,0.0,8,8
all_rejected,-1,gated,0.026,9,0.0,1.0,0.0,0.0,,0.0,0.0,1.0,0.0,9,9
all_rejected,-1,gated,0.026,10,0.0,1.0,0.0,0.0,,0.0,0.0,1.0,0.0,10,10
all_rejected,-1,gated,0.026,11,0.0,1.0,0.0,0.0,,0.0,0.0,1.0,0.0,11,11
all_rejected,-1,gated,0.026,12,0.0,1.0,0.0,0.0,,0.0,0.0,1.0,0.0,12,12
all_rejected,-1,gated,0.026,13,0.0,1.0,0.0,0.0,,0.0,0.0,1.0,0.0,13,13
all_rejected,-1,gated,0.026,14,0.0,1.0,0.0,0.0,,0.0,0.0,1.0,0.0,14,14
all_rejected,-1,gated,0.026,15,0.0,1.0,0.0,0.0,,0.0,0.0,1.0,0.0,15,15
all_rejected,-1,gated,0.026,16,0.0,1.0,0.0,0.0,,0.0,0.0,1.0,0.0,16,16
all_rejected,-1,gated,0.026,17,0.0,1.0,0.0,0.0,,0.0,0.0,1.0,0.0,17,17
all_rejected,-1,gated,0.026,18,0.0,1.0,0.0,0.0,,0.0,0.0,1.0,0.0,18,18
all_rejected,-1,gated,0.026,19,0.0,1.0,0.0,0.0,,0.0,0.0,1.0,0.0,19,19
all_rejected,-1,gated,0.026,20,0.0,1.0,0.0,0.0,,0.0,0.0,1.0,0.0,20,20
all_rejected,-1,gated,0.026,21,0.0,1.0,0.0,0.0,,0.0,0.0,1.0,0.0,21,21
all_rejected,-1,gated,0.026,22,0.0,1.0,0.0,0.0,,0.0,0.0,1.0,0.0,22,22
all_rejected,-1,gated,0.026,23,0.0,1.0,0.0,0.0,,0.0,0.0,1.0,0.0,23,23
all_rejected,-1,gated,0.026,24,0.0,1.0,0.0,0.0,,0.0,0.0,1.0,0.0,24,24
all_rejected,-1,gated,0.026,25,0.0,1.0,0.0,0.0,,0.0,0.0,1.0,0.0,25,25
all_rejected,-1,gated,0.026,26,0.0,1.0,0.0,0.0,,0.0,0.0,1.0,0.0,26,26
all_rejected,-1,gated,0.026,27,0.0,1.0,0.0,0.0,,0.0,0.0,1.0,0.0,27,27
all_rejected,-1,gated,0.026,28,0.0,1.0,0.0,0.0,,0.0,0.0,1.0,0.0,28,28
all_rejected,-1,gated,0.026,29,0.0,1.0,0.0,0.0,,0.0,0.0,1.0,0.0,29,29
all_rejected,-1,gated,0.026,30,0.0,1.0,0.0,0.0,,0.0,0.0,1.0,0.0,30,30
all_rejected,-1,gated,0.026,31,0.0,1.0,0.0,0.0,,0.0,0.0,1.0,0.0,31,31
all_rejected,-1,gated,0.026,32,0.0,1.0,0.0,0.0,,0.0,0.0,1.0,0.0,32,32
all_rejected,-1,gated,0.026,33,0.0,1.0,0.0,0.0,,0.0,0.0,1.0,0.0,33,33
all_rejected,-1,gated,0.026,34,0.0,1.0,0.0,0.0,,0.0,0.0,1.0,0.0,34,34
all_rejected,-1,gated,0.026,35,0.0,1.0,0.0,0.0,,0.0,0.0,1.0,0.0,35,35
all_rejected,-1,gated,0.026,36,0.0,1.0,0.0,0.0,,0.0,0.0,1.0,0.0,36,36
all_rejected,-1,gated,0.026,37,0.0,1.0,0.0,0.0,,0.0,0.0,1.0,0.0,37,37
all_rejected,-1,gated,0.026,38,0.0,1.0,0.0,0.0,,0.0,0.0,1.0,0.0,38,38
all_rejected,-1,gated,0.026,39,0.0,1.0,0.0,0.0,,0.0,0.0,1.0,0.0,39,39
all_rejected,-1,gated,0.026,40,0.0,1.0,0.0,0.0,,0.0,0.0,1.0,0.0,40,40
all_rejected,-1,gated,0.026,41,0.0,1.0,0.0,0.0,,0.0,0.0,1.0,0.0,41,41
all_rejected,-1,gated,0.026,42,0.0,1.0,0.0,0.0,,0.0,0.0,1.0,0.0,42,42
all_rejected,-1,gated,0.026,43,0.0,1.0,0.0,0.0,,0.0,0.0,1.0,0.0,43,43
all_rejected,-1,gated,0.026,44,0.0,1.0,0.0,0.0,,0.0,0.0,1.0,0.0,44,44
all_rejected,-1,gated,0.026,45,0.0,1.0,0.0,0.0,,0.0,0.0,1.0,0.0,45,45
all_rejected,-1,gated,0.026,46,0.0,1.0,0.0,0.0,,0.0,0.0,1.0,0.0,46,46
all_rejected,-1,gated,0.026,47,0.0,1.0,0.0,0.0,,0.0,0.0,1.0,0.0,47,47
all_rejected,-1,gated,0.026,48,0.0,1.0,0.0,0.0,,0.0,0.0,1.0,0.0,48,48
all_rejected,-1,gated,0.026,49,0.0,1.0,0.0,0.0,,0.0,0.0,1.0,0.0,49,49
all_rejected,-1,gated,0.026,50,0.0,1.0,0.0,0.0,,0.0,0.0,1.0,0.0,50,50
all_rejected,-1,gated,0.026,51,0.0,1.0,0.0,0.0,,0.0,0.0,1.0,0.0,51,51
all_rejected,-1,gated,0.026,52,0.0,1.0,0.0,0.0,,0.0,0.0,1.0,0.0,52,52
all_rejected,-1,gated,0.026,53,0.0,1.0,0.0,0.0,,0.0,0.0,1.0,0.0,53,53
all_rejected,-1,gated,0.026,54,0.0,1.0,0.0,0.0,,0.0,0.0,1.0,0.0,54,54
all_rejected,-1,gated,0.026,55,0.0,1.0,0.0,0.0,,0.0,0.0,1.0,0.0,55,55
all_rejected,-1,gated,0.026,56,0.0,1.0,0.0,0.0,,0.0,0.0,1.0,0.0,56,56
all_rejected,-1,gated,0.026,57,0.0,1.0,0.0,0.0,,0.0,0.0,1.0,0.0,57,57
all_rejected,-1,gated,0.026,58,0.0,1.0,0.0,0.0,,0.0,0.0,1.0,0.0,58,58
all_rejected,-1,gated,0.026,59,0.0,1.0,0.0,0.0,,0.0,0.0,1.0,0.0,59,59
all_rejected,-1,gated,0.026,60,0.0,1.0,0.0,0.0,,0.0,0.0,1.0,0.0,60,60
all_rejected,-1,gated,0.026,61,0.0,1.0,0.0,0.0,,0.0,0.0,1.0,0.0,61,61
all_rejected,-1,gated,0.026,62,0.0,1.0,0.0,0.0,,0.0,0.0,1.0,0.0,62,62
all_rejected,-1,gated,0.026,63,0.0,1.0,0.0,0.0,,0.0,0.0,1.0,0.0,63,63
all_rejected,-1,gated,0.026,64,0.0,1.0,0.0,0.0,,0.0,0.0,1.0,0.0,64,64
all_rejected,-1,gated,0.026,65,0.0,1.0,0.0,0.0,,0.0,0.0,1.0,0.0,65,65
all_rejected,-1,gated,0.026,66,0.0,1.0,0.0,0.0,,0.0,0.0,1.0,0.0,66,66
all_rejected,-1,gated,0.026,67,0.0,1.0,0.0,0.0,,0.0,0.0,1.0,0.0,67,67
all_rejected,-1,gated,0.026,68,0.0,1.0,0.0,0.0,,0.0,0.0,1.0,0.0,68,68
all_rejected,-1,gated,0.026,69,0.0,1.0,0.0,0.0,,0.0,0.0,1.0,0.0,69,69
all_rejected,-1,gated,0.026,70,0.0,1.0,0.0,0.0,,0.0,0.0,1.0,0.0,70,70
all_rejected,-1,gated,0.026,71,0.0,1.0,0.0,0.0,,0.0,0.0,1.0,0.0,71,71
all_rejected,-1,gated,0.026,72,0.0,1.0,0.0,0.0,,0.0,0.0,1.0,0.0,72,72
all_rejected,-1,gated,0.026,73,0.0,1.0,0.0,0.0,,0.0,0.0,1.0,0.0,73,73
all_rejected,-1,gated,0.026,74,0.0,1.0,0.0,0.0,,0.0,0.0,1.0,0.0,74,74
all_rejected,-1,gated,0.026,75,0.0,1.0,0.0,0.0,,0.0,0.0,1.0,0.0,75,75
all_rejected,-1,gated,0.026,76,0.0,1.0,0.0,0.0,,0.0,0.0,1.0,0.0,76,76
all_rejected,-1,gated,0.026,77,0.0,1.0,0.0,0.0,,0.0,0.0,1.0,0.0,77,77
all_rejected,-1,gated,0.026,78,0.0,1.0,0.0,0.0,,0.0,0.0,1.0,0.0,78,78
all_rejected,-1,gated,0.026,79,0.0,1.0,0.0,0.0,,0.0,0.0,1.0,0.0,79,79
all_rejected,-1,gated,0.026,80,0.0,1.0,0.0,0.0,,0.0,0.0,1.0,0.0,80,80
all_rejected,-1,accept_all,0.026,1,0.0,1.0,1.0,1.0,0.0,0.0,1.0,0.0,1.0,0,0
all_rejected,-1,accept_all,0.026,2,0.0,1.0,1.0,0.0,1.0,1.0,1.0,0.0,1.0,0,0
all_rejected,-1,accept_all,0.026,3,0.0,1.0,1.0,0.0,1.0,1.0,1.0,0.0,1.0,0,0
all_rejected,-1,accept_all,0.026,4,0.0,1.0,1.0,0.0,1.0,1.0,1.0,0.0,1.0,0,0
all_rejected,-1,accept_all,0.026,5,0.0,1.0,1.0,0.0,1.0,1.0,1.0,0.0,1.0,0,0
all_rejected,-1,accept_all,0.026,6,0.0,1.0,1.0,0.0,1.0,1.0,1.0,0.0,1.0,0,0
all_rejected,-1,accept_all,0.026,7,0.0,1.0,1.0,0.0,1.0,1.0,1.0,0.0,1.0,0,0
all_rejected,-1,accept_all,0.026,8,0.0,1.0,1.0,0.0,1.0,1.0,1.0,0.0,1.0,0,0
all_rejected,-1,accept_all,0.026,9,0.0,1.0,1.0,0.0,1.0,1.0,1.0,0.0,1.0,0,0
all_rejected,-1,accept_all,0.026,10,0.0,1.0,1.0,0.0,1.0,1.0,1.0,0.0,1.0,0,0
all_rejected,-1,accept_all,0.026,11,0.0,1.0,1.0,0.0,1.0,1.0,1.0,0.0,1.0,0,0
all_rejected,-1,accept_all,0.026,12,0.0,1.0,1.0,0.0,1.0,1.0,1.0,0.0,1.0,0,0
all_rejected,-1,accept_all,0.026,13,0.0,1.0,1.0,0.0,1.0,1.0,1.0,0.0,1.0,0,0
all_rejected,-1,accept_all,0.026,14,0.0,1.0,1.0,0.0,1.0,1.0,1.0,0.0,1.0,0,0
all_rejected,-1,accept_all,0.026,15,0.0,1.0,1.0,0.0,1.0,1.0,1.0,0.0,1.0,0,0
all_rejected,-1,accept_all,0.026,16,0.0,1.0,1.0,0.0,1.0,1.0,1.0,0.0,1.0,0,0
all_rejected,-1,accept_all,0.026,17,0.0,1.0,1.0,0.0,1.0,1.0,1.0,0.0,1.0,0,0
all_rejected,-1,accept_all,0.026,18,0.0,1.0,1.0,0.0,1.0,1.0,1.0,0.0,1.0,0,0
all_rejected,-1,accept_all,0.026,19,0.0,1.0,1.0,0.0,1.0,1.0,1.0,0.0,1.0,0,0
all_rejected,-1,accept_all,0.026,20,0.0,1.0,1.0,0.0,1.0,1.0,1.0,0.0,1.0,0,0
all_rejected,-1,accept_all,0.026,21,0.0,1.0,1.0,0.0,1.0,1.0,1.0,0.0,1.0,0,0
all_rejected,-1,accept_all,0.026,22,0.0,1.0,1.0,0.0,1.0,1.0,1.0,0.0,1.0,0,0
all_rejected,-1,accept_all,0.026,23,0.0,1.0,1.0,0.0,1.0,1.0,1.0,0.0,1.0,0,0
all_rejected,-1,accept_all,0.026,24,0.0,1.0,1.0,0.0,1.0,1.0,1.0,0.0,1.0,0,0
all_rejected,-1,accept_all,0.026,25,0.0,1.0,1.0,0.0,1.0,1.0,1.0,0.0,1.0,0,0
all_rejected,-1,accept_all,0.026,26,0.0,1.0,1.0,0.0,1.0,1.0,1.0,0.0,1.0,0,0
all_rejected,-1,accept_all,0.026,27,0.0,1.0,1.0,0.0,1.0,1.0,1.0,0.0,1.0,0,0
all_rejected,-1,accept_all,0.026,28,0.0,1.0,1.0,0.0,1.0,1.0,1.0,0.0,1.0,0,0
all_rejected,-1,accept_all,0.026,29,0.0,1.0,1.0,0.0,1.0,1.0,1.0,0.0,1.0,0,0
all_rejected,-1,accept_all,0.026,30,0.0,1.0,1.0,0.0,1.0,1.0,1.0,0.0,1.0,0,0
all_rejected,-1,accept_all,0.026,31,0.0,1.0,1.0,0.0,1.0,1.0,1.0,0.0,1.0,0,0
all_rejected,-1,accept_all,0.026,32,0.0,1.0,1.0,0.0,1.0,1.0,1.0,0.0,1.0,0,0
all_rejected,-1,accept_all,0.026,33,0.0,1.0,1.0,0.0,1.0,1.0,1.0,0.0,1.0,0,0
all_rejected,-1,accept_all,0.026,34,0.0,1.0,1.0,0.0,1.0,1.0,1.0,0.0,1.0,0,0
all_rejected,-1,accept_all,0.026,35,0.0,1.0,1.0,0.0,1.0,1.0,1.0,0.0,1.0,0,0
all_rejected,-1,accept_all,0.026,36,0.0,1.0,1.0,0.0,1.0,1.0,1.0,0.0,1.0,0,0
all_rejected,-1,accept_all,0.026,37,0.0,1.0,1.0,0.0,1.0,1.0,1.0,0.0,1.0,0,0
all_rejected,-1,accept_all,0.026,38,0.0,1.0,1.0,0.0,1.0,1.0,1.0,0.0,1.0,0,0
all_rejected,-1,accept_all,0.026,39,0.0,1.0,1.0,0.0,1.0,1.0,1.0,0.0,1.0,0,0
all_rejected,-1,accept_all,0.026,40,0.0,1.0,1.0,0.0,1.0,1.0,1.0,0.0,1.0,0,0
all_rejected,-1,accept_all,0.026,41,0.0,1.0,1.0,0.0,1.0,1.0,1.0,0.0,1.0,0,0
all_rejected,-1,accept_all,0.026,42,0.0,1.0,1.0,0.0,1.0,1.0,1.0,0.0,1.0,0,0
all_rejected,-1,accept_all,0.026,43,0.0,1.0,1.0,0.0,1.0,1.0,1.0,0.0,1.0,0,0
all_rejected,-1,accept_all,0.026,44,0.0,1.0,1.0,0.0,1.0,1.0,1.0,0.0,1.0,0,0
all_rejected,-1,accept_all,0.026,45,0.0,1.0,1.0,0.0,1.0,1.0,1.0,0.0,1.0,0,0
all_rejected,-1,accept_all,0.026,46,0.0,1.0,1.0,0.0,1.0,1.0,1.0,0.0,1.0,0,0
all_rejected,-1,accept_all,0.026,47,0.0,1.0,1.0,0.0,1.0,1.0,1.0,0.0,1.0,0,0
all_rejected,-1,accept_all,0.026,48,0.0,1.0,1.0,0.0,1.0,1.0,1.0,0.0,1.0,0,0
all_rejected,-1,accept_all,0.026,49,0.0,1.0,1.0,0.0,1.0,1.0,1.0,0.0,1.0,0,0
all_rejected,-1,accept_all,0.026,50,0.0,1.0,1.0,0.0,1.0,1.0,1.0,0.0,1.0,0,0
all_rejected,-1,accept_all,0.026,51,0.0,1.0,1.0,0.0,1.0,1.0,1.0,0.0,1.0,0,0
all_rejected,-1,accept_all,0.026,52,0.0,1.0,1.0,0.0,1.0,1.0,1.0,0.0,1.0,0,0
all_rejected,-1,accept_all,0.026,53,0.0,1.0,1.0,0.0,1.0,1.0,1.0,0.0,1.0,0,0
all_rejected,-1,accept_all,0.026,54,0.0,1.0,1.0,0.0,1.0,1.0,1.0,0.0,1.0,0,0
all_rejected,-1,accept_all,0.026,55,0.0,1.0,1.0,0.0,1.0,1.0,1.0,0.0,1.0,0,0
all_rejected,-1,accept_all,0.026,56,0.0,1.0,1.0,0.0,1.0,1.0,1.0,0.0,1.0,0,0
all_rejected,-1,accept_all,0.026,57,0.0,1.0,1.0,0.0,1.0,1.0,1.0,0.0,1.0,0,0
all_rejected,-1,accept_all,0.026,58,0.0,1.0,1.0,0.0,1.0,1.0,1.0,0.0,1.0,0,0
all_rejected,-1,accept_all,0.026,59,0.0,1.0,1.0,0.0,1.0,1.0,1.0,0.0,1.0,0,0
all_rejected,-1,accept_all,0.026,60,0.0,1.0,1.0,0.0,1.0,1.0,1.0,0.0,1.0,0,0
all_rejected,-1,accept_all,0.026,61,0.0,1.0,1.0,0.0,1.0,1.0,1.0,0.0,1.0,0,0
all_rejected,-1,accept_all,0.026,62,0.0,1.0,1.0,0.0,1.0,1.0,1.0,0.0,1.0,0,0
all_rejected,-1,accept_all,0.026,63,0.0,1.0,1.0,0.0,1.0,1.0,1.0,0.0,1.0,0,0
all_rejected,-1,accept_all,0.026,64,0.0,1.0,1.0,0.0,1.0,1.0,1.0,0.0,1.0,0,0
all_rejected,-1,accept_all,0.026,65,0.0,1.0,1.0,0.0,1.0,1.0,1.0,0.0,1.0,0,0
all_rejected,-1,accept_all,0.026,66,0.0,1.0,1.0,0.0,1.0,1.0,1.0,0.0,1.0,0,0
all_rejected,-1,accept_all,0.026,67,0.0,1.0,1.0,0.0,1.0,1.0,1.0,0.0,1.0,0,0
all_rejected,-1,accept_all,0.026,68,0.0,1.0,1.0,0.0,1.0,1.0,1.0,0.0,1.0,0,0
all_rejected,-1,accept_all,0.026,69,0.0,1.0,1.0,0.0,1.0,1.0,1.0,0.0,1.0,0,0
all_rejected,-1,accept_all,0.026,70,0.0,1.0,1.0,0.0,1.0,1.0,1.0,0.0,1.0,0,0
all_rejected,-1,accept_all,0.026,71,0.0,1.0,1.0,0.0,1.0,1.0,1.0,0.0,1.0,0,0
all_rejected,-1,accept_all,0.026,72,0.0,1.0,1.0,0.0,1.0,1.0,1.0,0.0,1.0,0,0
all_rejected,-1,accept_all,0.026,73,0.0,1.0,1.0,0.0,1.0,1.0,1.0,0.0,1.0,0,0
all_rejected,-1,accept_all,0.026,74,0.0,1.0,1.0,0.0,1.0,1.0,1.0,0.0,1.0,0,0
all_rejected,-1,accept_all,0.026,75,0.0,1.0,1.0,0.0,1.0,1.0,1.0,0.0,1.0,0,0
all_rejected,-1,accept_all,0.026,76,0.0,1.0,1.0,0.0,1.0,1.0,1.0,0.0,1.0,0,0
all_rejected,-1,accept_all,0.026,77,0.0,1.0,1.0,0.0,1.0,1.0,1.0,0.0,1.0,0,0
all_rejected,-1,accept_all,0.026,78,0.0,1.0,1.0,0.0,1.0,1.0,1.0,0.0,1.0,0,0
all_rejected,-1,accept_all,0.026,79,0.0,1.0,1.0,0.0,1.0,1.0,1.0,0.0,1.0,0,0
all_rejected,-1,accept_all,0.026,80,0.0,1.0,1.0,0.0,1.0,1.0,1.0,0.0,1.0,0,0
all_rejected,-1,reference_only,0.026,1,0.0,1.0,1.0,1.0,0.0,0.0,1.0,0.0,1.0,0,0
all_rejected,-1,reference_only,0.026,2,0.0,1.0,1.0,0.0,1.0,1.0,1.0,0.0,1.0,0,0
all_rejected,-1,reference_only,0.026,3,0.0,1.0,1.0,0.0,1.0,1.0,1.0,0.0,1.0,0,0
all_rejected,-1,reference_only,0.026,4,0.0,1.0,1.0,0.0,1.0,1.0,1.0,0.0,1.0,0,0
all_rejected,-1,reference_only,0.026,5,0.0,1.0,1.0,0.0,1.0,1.0,1.0,0.0,1.0,0,0
all_rejected,-1,reference_only,0.026,6,0.0,1.0,1.0,0.0,1.0,1.0,1.0,0.0,1.0,0,0
all_rejected,-1,reference_only,0.026,7,0.0,1.0,1.0,0.0,1.0,1.0,1.0,0.0,1.0,0,0
all_rejected,-1,reference_only,0.026,8,0.0,1.0,1.0,0.0,1.0,1.0,1.0,0.0,1.0,0,0
all_rejected,-1,reference_only,0.026,9,0.0,1.0,1.0,0.0,1.0,1.0,1.0,0.0,1.0,0,0
all_rejected,-1,reference_only,0.026,10,0.0,1.0,1.0,0.0,1.0,1.0,1.0,0.0,1.0,0,0
all_rejected,-1,reference_only,0.026,11,0.0,1.0,1.0,0.0,1.0,1.0,1.0,0.0,1.0,0,0
all_rejected,-1,reference_only,0.026,12,0.0,1.0,1.0,0.0,1.0,1.0,1.0,0.0,1.0,0,0
all_rejected,-1,reference_only,0.026,13,0.0,1.0,1.0,0.0,1.0,1.0,1.0,0.0,1.0,0,0
all_rejected,-1,reference_only,0.026,14,0.0,1.0,1.0,0.0,1.0,1.0,1.0,0.0,1.0,0,0
all_rejected,-1,reference_only,0.026,15,0.0,1.0,1.0,0.0,1.0,1.0,1.0,0.0,1.0,0,0
all_rejected,-1,reference_only,0.026,16,0.0,1.0,1.0,0.0,1.0,1.0,1.0,0.0,1.0,0,0
all_rejected,-1,reference_only,0.026,17,0.0,1.0,1.0,0.0,1.0,1.0,1.0,0.0,1.0,0,0
all_rejected,-1,reference_only,0.026,18,0.0,1.0,1.0,0.0,1.0,1.0,1.0,0.0,1.0,0,0
all_rejected,-1,reference_only,0.026,19,0.0,1.0,1.0,0.0,1.0,1.0,1.0,0.0,1.0,0,0
all_rejected,-1,reference_only,0.026,20,0.0,1.0,1.0,0.0,1.0,1.0,1.0,0.0,1.0,0,0
all_rejected,-1,reference_only,0.026,21,0.0,1.0,1.0,0.0,1.0,1.0,1.0,0.0,1.0,0,0
all_rejected,-1,reference_only,0.026,22,0.0,1.0,1.0,0.0,1.0,1.0,1.0,0.0,1.0,0,0
all_rejected,-1,reference_only,0.026,23,0.0,1.0,1.0,0.0,1.0,1.0,1.0,0.0,1.0,0,0
all_rejected,-1,reference_only,0.026,24,0.0,1.0,1.0,0.0,1.0,1.0,1.0,0.0,1.0,0,0
all_rejected,-1,reference_only,0.026,25,0.0,1.0,1.0,0.0,1.0,1.0,1.0,0.0,1.0,0,0
all_rejected,-1,reference_only,0.026,26,0.0,1.0,1.0,0.0,1.0,1.0,1.0,0.0,1.0,0,0
all_rejected,-1,reference_only,0.026,27,0.0,1.0,1.0,0.0,1.0,1.0,1.0,0.0,1.0,0,0
all_rejected,-1,reference_only,0.026,28,0.0,1.0,1.0,0.0,1.0,1.0,1.0,0.0,1.0,0,0
all_rejected,-1,reference_only,0.026,29,0.0,1.0,1.0,0.0,1.0,1.0,1.0,0.0,1.0,0,0
all_rejected,-1,reference_only,0.026,30,0.0,1.0,1.0,0.0,1.0,1.0,1.0,0.0,1.0,0,0
all_rejected,-1,reference_only,0.026,31,0.0,1.0,1.0,0.0,1.0,1.0,1.0,0.0,1.0,0,0
all_rejected,-1,reference_only,0.026,32,0.0,1.0,1.0,0.0,1.0,1.0,1.0,0.0,1.0,0,0
all_rejected,-1,reference_only,0.026,33,0.0,1.0,1.0,0.0,1.0,1.0,1.0,0.0,1.0,0,0
all_rejected,-1,reference_only,0.026,34,0.0,1.0,1.0,0.0,1.0,1.0,1.0,0.0,1.0,0,0
all_rejected,-1,reference_only,0.026,35,0.0,1.0,1.0,0.0,1.0,1.0,1.0,0.0,1.0,0,0
all_rejected,-1,reference_only,0.026,36,0.0,1.0,1.0,0.0,1.0,1.0,1.0,0.0,1.0,0,0
all_rejected,-1,reference_only,0.026,37,0.0,1.0,1.0,0.0,1.0,1.0,1.0,0.0,1.0,0,0
all_rejected,-1,reference_only,0.026,38,0.0,1.0,1.0,0.0,1.0,1.0,1.0,0.0,1.0,0,0
all_rejected,-1,reference_only,0.026,39,0.0,1.0,1.0,0.0,1.0,1.0,1.0,0.0,1.0,0,0
all_rejected,-1,reference_only,0.026,40,0.0,1.0,1.0,0.0,1.0,1.0,1.0,0.0,1.0,0,0
all_rejected,-1,reference_only,0.026,41,0.0,1.0,1.0,0.0,1.0,1.0,1.0,0.0,1.0,0,0
all_rejected,-1,reference_only,0.026,42,0.0,1.0,1.0,0.0,1.0,1.0,1.0,0.0,1.0,0,0
all_rejected,-1,reference_only,0.026,43,0.0,1.0,1.0,0.0,1.0,1.0,1.0,0.0,1.0,0,0
all_rejected,-1,reference_only,0.026,44,0.0,1.0,1.0,0.0,1.0,1.0,1.0,0.0,1.0,0,0
all_rejected,-1,reference_only,0.026,45,0.0,1.0,1.0,0.0,1.0,1.0,1.0,0.0,1.0,0,0
all_rejected,-1,reference_only,0.026,46,0.0,1.0,1.0,0.0,1.0,1.0,1.0,0.0,1.0,0,0
all_rejected,-1,reference_only,0.026,47,0.0,1.0,1.0,0.0,1.0,1.0,1.0,0.0,1.0,0,0
all_rejected,-1,reference_only,0.026,48,0.0,1.0,1.0,0.0,1.0,1.0,1.0,0.0,1.0,0,0
all_rejected,-1,reference_only,0.026,49,0.0,1.0,1.0,0.0,1.0,1.0,1.0,0.0,1.0,0,0
all_rejected,-1,reference_only,0.026,50,0.0,1.0,1.0,0.0,1.0,1.0,1.0,0.0,1.0,0,0
all_rejected,-1,reference_only,0.026,51,0.0,1.0,1.0,0.0,1.0,1.0,1.0,0.0,1.0,0,0
all_rejected,-1,reference_only,0.026,52,0.0,1.0,1.0,0.0,1.0,1.0,1.0,0.0,1.0,0,0
all_rejected,-1,reference_only,0.026,53,0.0,1.0,1.0,0.0,1.0,1.0,1.0,0.0,1.0,0,0
all_rejected,-1,reference_only,0.026,54,0.0,1.0,1.0,0.0,1.0,1.0,1.0,0.0,1.0,0,0
all_rejected,-1,reference_only,0.026,55,0.0,1.0,1.0,0.0,1.0,1.0,1.0,0.0,1.0,0,0
all_rejected,-1,reference_only,0.026,56,0.0,1.0,1.0,0.0,1.0,1.0,1.0,0.0,1.0,0,0
all_rejected,-1,reference_only,0.026,57,0.0,1.0,1.0,0.0,1.0,1.0,1.0,0.0,1.0,0,0
all_rejected,-1,reference_only,0.026,58,0.0,1.0,1.0,0.0,1.0,1.0,1.0,0.0,1.0,0,0
all_rejected,-1,reference_only,0.026,59,0.0,1.0,1.0,0.0,1.0,1.0,1.0,0.0,1.0,0,0
all_rejected,-1,reference_only,0.026,60,0.0,1.0,1.0,0.0,1.0,1.0,1.0,0.0,1.0,0,0
all_rejected,-1,reference_only,0.026,61,0.0,1.0,1.0,0.0,1.0,1.0,1.0,0.0,1.0,0,0
all_rejected,-1,reference_only,0.026,62,0.0,1.0,1.0,0.0,1.0,1.0,1.0,0.0,1.0,0,0
all_rejected,-1,reference_only,0.026,63,0.0,1.0,1.0,0.0,1.0,1.0,1.0,0.0,1.0,0,0
all_rejected,-1,reference_only,0.026,64,0.0,1.0,1.0,0.0,1.0,1.0,1.0,0.0,1.0,0,0
all_rejected,-1,reference_only,0.026,65,0.0,1.0,1.0,0.0,1.0,1.0,1.0,0.0,1.0,0,0
all_rejected,-1,reference_only,0.026,66,0.0,1.0,1.0,0.0,1.0,1.0,1.0,0.0,1.0,0,0
all_rejected,-1,reference_only,0.026,67,0.0,1.0,1.0,0.0,1.0,1.0,1.0,0.0,1.0,0,0
all_rejected,-1,reference_only,0.026,68,0.0,1.0,1.0,0.0,1.0,1.0,1.0,0.0,1.0,0,0
all_rejected,-1,reference_only,0.026,69,0.0,1.0,1.0,0.0,1.0,1.0,1.0,0.0,1.0,0,0
all_rejected,-1,reference_only,0.026,70,0.0,1.0,1.0,0.0,1.0,1.0,1.0,0.0,1.0,0,0
all_rejected,-1,reference_only,0.026,71,0.0,1.0,1.0,0.0,1.0,1.0,1.0,0.0,1.0,0,0
all_rejected,-1,reference_only,0.026,72,0.0,1.0,1.0,0.0,1.0,1.0,1.0,0.0,1.0,0,0
all_rejected,-1,reference_only,0.026,73,0.0,1.0,1.0,0.0,1.0,1.0,1.0,0.0,1.0,0,0
all_rejected,-1,reference_only,0.026,74,0.0,1.0,1.0,0.0,1.0,1.0,1.0,0.0,1.0,0,0
all_rejected,-1,reference_only,0.026,75,0.0,1.0,1.0,0.0,1.0,1.0,1.0,0.0,1.0,0,0
all_rejected,-1,reference_only,0.026,76,0.0,1.0,1.0,0.0,1.0,1.0,1.0,0.0,1.0,0,0
all_rejected,-1,reference_only,0.026,77,0.0,1.0,1.0,0.0,1.0,1.0,1.0,0.0,1.0,0,0
all_rejected,-1,reference_only,0.026,78,0.0,1.0,1.0,0.0,1.0,1.0,1.0,0.0,1.0,0,0
all_rejected,-1,reference_only,0.026,79,0.0,1.0,1.0,0.0,1.0,1.0,1.0,0.0,1.0,0,0
all_rejected,-1,reference_only,0.026,80,0.0,1.0,1.0,0.0,1.0,1.0,1.0,0.0,1.0,0,0
all_rejected,-1,gated,0.05,1,0.0,1.0,0.0,0.0,,0.0,0.0,1.0,0.0,1,1
all_rejected,-1,gated,0.05,2,0.0,1.0,0.0,0.0,,0.0,0.0,1.0,0.0,2,2
all_rejected,-1,gated,0.05,3,0.0,1.0,0.0,0.0,,0.0,0.0,1.0,0.0,3,3
all_rejected,-1,gated,0.05,4,0.0,1.0,0.0,0.0,,0.0,0.0,1.0,0.0,4,4
all_rejected,-1,gated,0.05,5,0.0,1.0,0.0,0.0,,0.0,0.0,1.0,0.0,5,5
all_rejected,-1,gated,0.05,6,0.0,1.0,0.0,0.0,,0.0,0.0,1.0,0.0,6,6
all_rejected,-1,gated,0.05,7,0.0,1.0,0.0,0.0,,0.0,0.0,1.0,0.0,7,7
all_rejected,-1,gated,0.05,8,0.0,1.0,0.0,0.0,,0.0,0.0,1.0,0.0,8,8
all_rejected,-1,gated,0.05,9,0.0,1.0,0.0,0.0,,0.0,0.0,1.0,0.0,9,9
all_rejected,-1,gated,0.05,10,0.0,1.0,0.0,0.0,,0.0,0.0,1.0,0.0,10,10
all_rejected,-1,gated,0.05,11,0.0,1.0,0.0,0.0,,0.0,0.0,1.0,0.0,11,11
all_rejected,-1,gated,0.05,12,0.0,1.0,0.0,0.0,,0.0,0.0,1.0,0.0,12,12
all_rejected,-1,gated,0.05,13,0.0,1.0,0.0,0.0,,0.0,0.0,1.0,0.0,13,13
all_rejected,-1,gated,0.05,14,0.0,1.0,0.0,0.0,,0.0,0.0,1.0,0.0,14,14
all_rejected,-1,gated,0.05,15,0.0,1.0,0.0,0.0,,0.0,0.0,1.0,0.0,15,15
all_rejected,-1,gated,0.05,16,0.0,1.0,0.0,0.0,,0.0,0.0,1.0,0.0,16,16
all_rejected,-1,gated,0.05,17,0.0,1.0,0.0,0.0,,0.0,0.0,1.0,0.0,17,17
all_rejected,-1,gated,0.05,18,0.0,1.0,0.0,0.0,,0.0,0.0,1.0,0.0,18,18
all_rejected,-1,gated,0.05,19,0.0,1.0,0.0,0.0,,0.0,0.0,1.0,0.0,19,19
all_rejected,-1,gated,0.05,20,0.0,1.0,0.0,0.0,,0.0,0.0,1.0,0.0,20,20
all_rejected,-1,gated,0.05,21,0.0,1.0,0.0,0.0,,0.0,0.0,1.0,0.0,21,21
all_rejected,-1,gated,0.05,22,0.0,1.0,0.0,0.0,,0.0,0.0,1.0,0.0,22,22
all_rejected,-1,gated,0.05,23,0.0,1.0,0.0,0.0,,0.0,0.0,1.0,0.0,23,23
all_rejected,-1,gated,0.05,24,0.0,1.0,0.0,0.0,,0.0,0.0,1.0,0.0,24,24
all_rejected,-1,gated,0.05,25,0.0,1.0,0.0,0.0,,0.0,0.0,1.0,0.0,25,25
all_rejected,-1,gated,0.05,26,0.0,1.0,0.0,0.0,,0.0,0.0,1.0,0.0,26,26
all_rejected,-1,gated,0.05,27,0.0,1.0,0.0,0.0,,0.0,0.0,1.0,0.0,27,27
all_rejected,-1,gated,0.05,28,0.0,1.0,0.0,0.0,,0.0,0.0,1.0,0.0,28,28
all_rejected,-1,gated,0.05,29,0.0,1.0,0.0,0.0,,0.0,0.0,1.0,0.0,29,29
all_rejected,-1,gated,0.05,30,0.0,1.0,0.0,0.0,,0.0,0.0,1.0,0.0,30,30
all_rejected,-1,gated,0.05,31,0.0,1.0,0.0,0.0,,0.0,0.0,1.0,0.0,31,31
all_rejected,-1,gated,0.05,32,0.0,1.0,0.0,0.0,,0.0,0.0,1.0,0.0,32,32
all_rejected,-1,gated,0.05,33,0.0,1.0,0.0,0.0,,0.0,0.0,1.0,0.0,33,33
all_rejected,-1,gated,0.05,34,0.0,1.0,0.0,0.0,,0.0,0.0,1.0,0.0,34,34
all_rejected,-1,gated,0.05,35,0.0,1.0,0.0,0.0,,0.0,0.0,1.0,0.0,35,35
all_rejected,-1,gated,0.05,36,0.0,1.0,0.0,0.0,,0.0,0.0,1.0,0.0,36,36
all_rejected,-1,gated,0.05,37,0.0,1.0,0.0,0.0,,0.0,0.0,1.0,0.0,37,37
all_rejected,-1,gated,0.05,38,0.0,1.0,0.0,0.0,,0.0,0.0,1.0,0.0,38,38
all_rejected,-1,gated,0.05,39,0.0,1.0,0.0,0.0,,0.0,0.0,1.0,0.0,39,39
all_rejected,-1,gated,0.05,40,0.0,1.0,0.0,0.0,,0.0,0.0,1.0,0.0,40,40
all_rejected,-1,gated,0.05,41,0.0,1.0,0.0,0.0,,0.0,0.0,1.0,0.0,41,41
all_rejected,-1,gated,0.05,42,0.0,1.0,0.0,0.0,,0.0,0.0,1.0,0.0,42,42
all_rejected,-1,gated,0.05,43,0.0,1.0,0.0,0.0,,0.0,0.0,1.0,0.0,43,43
all_rejected,-1,gated,0.05,44,0.0,1.0,0.0,0.0,,0.0,0.0,1.0,0.0,44,44
all_rejected,-1,gated,0.05,45,0.0,1.0,0.0,0.0,,0.0,0.0,1.0,0.0,45,45
all_rejected,-1,gated,0.05,46,0.0,1.0,0.0,0.0,,0.0,0.0,1.0,0.0,46,46
all_rejected,-1,gated,0.05,47,0.0,1.0,0.0,0.0,,0.0,0.0,1.0,0.0,47,47
all_rejected,-1,gated,0.05,48,0.0,1.0,0.0,0.0,,0.0,0.0,1.0,0.0,48,48
all_rejected,-1,gated,0.05,49,0.0,1.0,0.0,0.0,,0.0,0.0,1.0,0.0,49,49
all_rejected,-1,gated,0.05,50,0.0,1.0,0.0,0.0,,0.0,0.0,1.0,0.0,50,50
all_rejected,-1,gated,0.05,51,0.0,1.0,0.0,0.0,,0.0,0.0,1.0,0.0,51,51
all_rejected,-1,gated,0.05,52,0.0,1.0,0.0,0.0,,0.0,0.0,1.0,0.0,52,52
all_rejected,-1,gated,0.05,53,0.0,1.0,0.0,0.0,,0.0,0.0,1.0,0.0,53,53
all_rejected,-1,gated,0.05,54,0.0,1.0,0.0,0.0,,0.0,0.0,1.0,0.0,54,54
all_rejected,-1,gated,0.05,55,0.0,1.0,0.0,0.0,,0.0,0.0,1.0,0.0,55,55
all_rejected,-1,gated,0.05,56,0.0,1.0,0.0,0.0,,0.0,0.0,1.0,0.0,56,56
all_rejected,-1,gated,0.05,57,0.0,1.0,0.0,0.0,,0.0,0.0,1.0,0.0,57,57
all_rejected,-1,gated,0.05,58,0.0,1.0,0.0,0.0,,0.0,0.0,1.0,0.0,58,58
all_rejected,-1,gated,0.05,59,0.0,1.0,0.0,0.0,,0.0,0.0,1.0,0.0,59,59
all_rejected,-1,gated,0.05,60,0.0,1.0,0.0,0.0,,0.0,0.0,1.0,0.0,60,60
all_rejected,-1,gated,0.05,61,0.0,1.0,0.0,0.0,,0.0,0.0,1.0,0.0,61,61
all_rejected,-1,gated,0.05,62,0.0,1.0,0.0,0.0,,0.0,0.0,1.0,0.0,62,62
all_rejected,-1,gated,0.05,63,0.0,1.0,0.0,0.0,,0.0,0.0,1.0,0.0,63,63
all_rejected,-1,gated,0.05,64,0.0,1.0,0.0,0.0,,0.0,0.0,1.0,0.0,64,64
all_rejected,-1,gated,0.05,65,0.0,1.0,0.0,0.0,,0.0,0.0,1.0,0.0,65,65
all_rejected,-1,gated,0.05,66,0.0,1.0,0.0,0.0,,0.0,0.0,1.0,0.0,66,66
all_rejected,-1,gated,0.05,67,0.0,1.0,0.0,0.0,,0.0,0.0,1.0,0.0,67,67
all_rejected,-1,gated,0.05,68,0.0,1.0,0.0,0.0,,0.0,0.0,1.0,0.0,68,68
all_rejected,-1,gated,0.05,69,0.0,1.0,0.0,0.0,,0.0,0.0,1.0,0.0,69,69
all_rejected,-1,gated,0.05,70,0.0,1.0,0.0,0.0,,0.0,0.0,1.0,0.0,70,70
all_rejected,-1,gated,0.05,71,0.0,1.0,0.0,0.0,,0.0,0.0,1.0,0.0,71,71
all_rejected,-1,gated,0.05,72,0.0,1.0,0.0,0.0,,0.0,0.0,1.0,0.0,72,72
all_rejected,-1,gated,0.05,73,0.0,1.0,0.0,0.0,,0.0,0.0,1.0,0.0,73,73
all_rejected,-1,gated,0.05,74,0.0,1.0,0.0,0.0,,0.0,0.0,1.0,0.0,74,74
all_rejected,-1,gated,0.05,75,0.0,1.0,0.0,0.0,,0.0,0.0,1.0,0.0,75,75
all_rejected,-1,gated,0.05,76,0.0,1.0,0.0,0.0,,0.0,0.0,1.0,0.0,76,76
all_rejected,-1,gated,0.05,77,0.0,1.0,0.0,0.0,,0.0,0.0,1.0,0.0,77,77
all_rejected,-1,gated,0.05,78,0.0,1.0,0.0,0.0,,0.0,0.0,1.0,0.0,78,78
all_rejected,-1,gated,0.05,79,0.0,1.0,0.0,0.0,,0.0,0.0,1.0,0.0,79,79
all_rejected,-1,gated,0.05,80,0.0,1.0,0.0,0.0,,0.0,0.0,1.0,0.0,80,80
all_rejected,-1,accept_all,0.05,1,0.0,1.0,1.0,1.0,0.0,0.0,1.0,0.0,1.0,0,0
all_rejected,-1,accept_all,0.05,2,0.0,1.0,1.0,0.0,1.0,1.0,1.0,0.0,1.0,0,0
all_rejected,-1,accept_all,0.05,3,0.0,1.0,1.0,0.0,1.0,1.0,1.0,0.0,1.0,0,0
all_rejected,-1,accept_all,0.05,4,0.0,1.0,1.0,0.0,1.0,1.0,1.0,0.0,1.0,0,0
all_rejected,-1,accept_all,0.05,5,0.0,1.0,1.0,0.0,1.0,1.0,1.0,0.0,1.0,0,0
all_rejected,-1,accept_all,0.05,6,0.0,1.0,1.0,0.0,1.0,1.0,1.0,0.0,1.0,0,0
all_rejected,-1,accept_all,0.05,7,0.0,1.0,1.0,0.0,1.0,1.0,1.0,0.0,1.0,0,0
all_rejected,-1,accept_all,0.05,8,0.0,1.0,1.0,0.0,1.0,1.0,1.0,0.0,1.0,0,0
all_rejected,-1,accept_all,0.05,9,0.0,1.0,1.0,0.0,1.0,1.0,1.0,0.0,1.0,0,0
all_rejected,-1,accept_all,0.05,10,0.0,1.0,1.0,0.0,1.0,1.0,1.0,0.0,1.0,0,0
all_rejected,-1,accept_all,0.05,11,0.0,1.0,1.0,0.0,1.0,1.0,1.0,0.0,1.0,0,0
all_rejected,-1,accept_all,0.05,12,0.0,1.0,1.0,0.0,1.0,1.0,1.0,0.0,1.0,0,0
all_rejected,-1,accept_all,0.05,13,0.0,1.0,1.0,0.0,1.0,1.0,1.0,0.0,1.0,0,0
all_rejected,-1,accept_all,0.05,14,0.0,1.0,1.0,0.0,1.0,1.0,1.0,0.0,1.0,0,0
all_rejected,-1,accept_all,0.05,15,0.0,1.0,1.0,0.0,1.0,1.0,1.0,0.0,1.0,0,0
all_rejected,-1,accept_all,0.05,16,0.0,1.0,1.0,0.0,1.0,1.0,1.0,0.0,1.0,0,0
all_rejected,-1,accept_all,0.05,17,0.0,1.0,1.0,0.0,1.0,1.0,1.0,0.0,1.0,0,0
all_rejected,-1,accept_all,0.05,18,0.0,1.0,1.0,0.0,1.0,1.0,1.0,0.0,1.0,0,0
all_rejected,-1,accept_all,0.05,19,0.0,1.0,1.0,0.0,1.0,1.0,1.0,0.0,1.0,0,0
all_rejected,-1,accept_all,0.05,20,0.0,1.0,1.0,0.0,1.0,1.0,1.0,0.0,1.0,0,0
all_rejected,-1,accept_all,0.05,21,0.0,1.0,1.0,0.0,1.0,1.0,1.0,0.0,1.0,0,0
all_rejected,-1,accept_all,0.05,22,0.0,1.0,1.0,0.0,1.0,1.0,1.0,0.0,1.0,0,0
all_rejected,-1,accept_all,0.05,23,0.0,1.0,1.0,0.0,1.0,1.0,1.0,0.0,1.0,0,0
all_rejected,-1,accept_all,0.05,24,0.0,1.0,1.0,0.0,1.0,1.0,1.0,0.0,1.0,0,0
all_rejected,-1,accept_all,0.05,25,0.0,1.0,1.0,0.0,1.0,1.0,1.0,0.0,1.0,0,0
all_rejected,-1,accept_all,0.05,26,0.0,1.0,1.0,0.0,1.0,1.0,1.0,0.0,1.0,0,0
all_rejected,-1,accept_all,0.05,27,0.0,1.0,1.0,0.0,1.0,1.0,1.0,0.0,1.0,0,0
all_rejected,-1,accept_all,0.05,28,0.0,1.0,1.0,0.0,1.0,1.0,1.0,0.0,1.0,0,0
all_rejected,-1,accept_all,0.05,29,0.0,1.0,1.0,0.0,1.0,1.0,1.0,0.0,1.0,0,0
all_rejected,-1,accept_all,0.05,30,0.0,1.0,1.0,0.0,1.0,1.0,1.0,0.0,1.0,0,0
all_rejected,-1,accept_all,0.05,31,0.0,1.0,1.0,0.0,1.0,1.0,1.0,0.0,1.0,0,0
all_rejected,-1,accept_all,0.05,32,0.0,1.0,1.0,0.0,1.0,1.0,1.0,0.0,1.0,0,0
all_rejected,-1,accept_all,0.05,33,0.0,1.0,1.0,0.0,1.0,1.0,1.0,0.0,1.0,0,0
all_rejected,-1,accept_all,0.05,34,0.0,1.0,1.0,0.0,1.0,1.0,1.0,0.0,1.0,0,0
all_rejected,-1,accept_all,0.05,35,0.0,1.0,1.0,0.0,1.0,1.0,1.0,0.0,1.0,0,0
all_rejected,-1,accept_all,0.05,36,0.0,1.0,1.0,0.0,1.0,1.0,1.0,0.0,1.0,0,0
all_rejected,-1,accept_all,0.05,37,0.0,1.0,1.0,0.0,1.0,1.0,1.0,0.0,1.0,0,0
all_rejected,-1,accept_all,0.05,38,0.0,1.0,1.0,0.0,1.0,1.0,1.0,0.0,1.0,0,0
all_rejected,-1,accept_all,0.05,39,0.0,1.0,1.0,0.0,1.0,1.0,1.0,0.0,1.0,0,0
all_rejected,-1,accept_all,0.05,40,0.0,1.0,1.0,0.0,1.0,1.0,1.0,0.0,1.0,0,0
all_rejected,-1,accept_all,0.05,41,0.0,1.0,1.0,0.0,1.0,1.0,1.0,0.0,1.0,0,0
all_rejected,-1,accept_all,0.05,42,0.0,1.0,1.0,0.0,1.0,1.0,1.0,0.0,1.0,0,0
all_rejected,-1,accept_all,0.05,43,0.0,1.0,1.0,0.0,1.0,1.0,1.0,0.0,1.0,0,0
all_rejected,-1,accept_all,0.05,44,0.0,1.0,1.0,0.0,1.0,1.0,1.0,0.0,1.0,0,0
all_rejected,-1,accept_all,0.05,45,0.0,1.0,1.0,0.0,1.0,1.0,1.0,0.0,1.0,0,0
all_rejected,-1,accept_all,0.05,46,0.0,1.0,1.0,0.0,1.0,1.0,1.0,0.0,1.0,0,0
all_rejected,-1,accept_all,0.05,47,0.0,1.0,1.0,0.0,1.0,1.0,1.0,0.0,1.0,0,0
all_rejected,-1,accept_all,0.05,48,0.0,1.0,1.0,0.0,1.0,1.0,1.0,0.0,1.0,0,0
all_rejected,-1,accept_all,0.05,49,0.0,1.0,1.0,0.0,1.0,1.0,1.0,0.0,1.0,0,0
all_rejected,-1,accept_all,0.05,50,0.0,1.0,1.0,0.0,1.0,1.0,1.0,0.0,1.0,0,0
all_rejected,-1,accept_all,0.05,51,0.0,1.0,1.0,0.0,1.0,1.0,1.0,0.0,1.0,0,0
all_rejected,-1,accept_all,0.05,52,0.0,1.0,1.0,0.0,1.0,1.0,1.0,0.0,1.0,0,0
all_rejected,-1,accept_all,0.05,53,0.0,1.0,1.0,0.0,1.0,1.0,1.0,0.0,1.0,0,0
all_rejected,-1,accept_all,0.05,54,0.0,1.0,1.0,0.0,1.0,1.0,1.0,0.0,1.0,0,0
all_rejected,-1,accept_all,0.05,55,0.0,1.0,1.0,0.0,1.0,1.0,1.0,0.0,1.0,0,0
all_rejected,-1,accept_all,0.05,56,0.0,1.0,1.0,0.0,1.0,1.0,1.0,0.0,1.0,0,0
all_rejected,-1,accept_all,0.05,57,0.0,1.0,1.0,0.0,1.0,1.0,1.0,0.0,1.0,0,0
all_rejected,-1,accept_all,0.05,58,0.0,1.0,1.0,0.0,1.0,1.0,1.0,0.0,1.0,0,0
all_rejected,-1,accept_all,0.05,59,0.0,1.0,1.0,0.0,1.0,1.0,1.0,0.0,1.0,0,0
all_rejected,-1,accept_all,0.05,60,0.0,1.0,1.0,0.0,1.0,1.0,1.0,0.0,1.0,0,0
all_rejected,-1,accept_all,0.05,61,0.0,1.0,1.0,0.0,1.0,1.0,1.0,0.0,1.0,0,0
all_rejected,-1,accept_all,0.05,62,0.0,1.0,1.0,0.0,1.0,1.0,1.0,0.0,1.0,0,0
all_rejected,-1,accept_all,0.05,63,0.0,1.0,1.0,0.0,1.0,1.0,1.0,0.0,1.0,0,0
all_rejected,-1,accept_all,0.05,64,0.0,1.0,1.0,0.0,1.0,1.0,1.0,0.0,1.0,0,0
all_rejected,-1,accept_all,0.05,65,0.0,1.0,1.0,0.0,1.0,1.0,1.0,0.0,1.0,0,0
all_rejected,-1,accept_all,0.05,66,0.0,1.0,1.0,0.0,1.0,1.0,1.0,0.0,1.0,0,0
all_rejected,-1,accept_all,0.05,67,0.0,1.0,1.0,0.0,1.0,1.0,1.0,0.0,1.0,0,0
all_rejected,-1,accept_all,0.05,68,0.0,1.0,1.0,0.0,1.0,1.0,1.0,0.0,1.0,0,0
all_rejected,-1,accept_all,0.05,69,0.0,1.0,1.0,0.0,1.0,1.0,1.0,0.0,1.0,0,0
all_rejected,-1,accept_all,0.05,70,0.0,1.0,1.0,0.0,1.0,1.0,1.0,0.0,1.0,0,0
all_rejected,-1,accept_all,0.05,71,0.0,1.0,1.0,0.0,1.0,1.0,1.0,0.0,1.0,0,0
all_rejected,-1,accept_all,0.05,72,0.0,1.0,1.0,0.0,1.0,1.0,1.0,0.0,1.0,0,0
all_rejected,-1,accept_all,0.05,73,0.0,1.0,1.0,0.0,1.0,1.0,1.0,0.0,1.0,0,0
all_rejected,-1,accept_all,0.05,74,0.0,1.0,1.0,0.0,1.0,1.0,1.0,0.0,1.0,0,0
all_rejected,-1,accept_all,0.05,75,0.0,1.0,1.0,0.0,1.0,1.0,1.0,0.0,1.0,0,0
all_rejected,-1,accept_all,0.05,76,0.0,1.0,1.0,0.0,1.0,1.0,1.0,0.0,1.0,0,0
all_rejected,-1,accept_all,0.05,77,0.0,1.0,1.0,0.0,1.0,1.0,1.0,0.0,1.0,0,0
all_rejected,-1,accept_all,0.05,78,0.0,1.0,1.0,0.0,1.0,1.0,1.0,0.0,1.0,0,0
all_rejected,-1,accept_all,0.05,79,0.0,1.0,1.0,0.0,1.0,1.0,1.0,0.0,1.0,0,0
all_rejected,-1,accept_all,0.05,80,0.0,1.0,1.0,0.0,1.0,1.0,1.0,0.0,1.0,0,0
all_rejected,-1,reference_only,0.05,1,0.0,1.0,1.0,1.0,0.0,0.0,1.0,0.0,1.0,0,0
all_rejected,-1,reference_only,0.05,2,0.0,1.0,1.0,0.0,1.0,1.0,1.0,0.0,1.0,0,0
all_rejected,-1,reference_only,0.05,3,0.0,1.0,1.0,0.0,1.0,1.0,1.0,0.0,1.0,0,0
all_rejected,-1,reference_only,0.05,4,0.0,1.0,1.0,0.0,1.0,1.0,1.0,0.0,1.0,0,0
all_rejected,-1,reference_only,0.05,5,0.0,1.0,1.0,0.0,1.0,1.0,1.0,0.0,1.0,0,0
all_rejected,-1,reference_only,0.05,6,0.0,1.0,1.0,0.0,1.0,1.0,1.0,0.0,1.0,0,0
all_rejected,-1,reference_only,0.05,7,0.0,1.0,1.0,0.0,1.0,1.0,1.0,0.0,1.0,0,0
all_rejected,-1,reference_only,0.05,8,0.0,1.0,1.0,0.0,1.0,1.0,1.0,0.0,1.0,0,0
all_rejected,-1,reference_only,0.05,9,0.0,1.0,1.0,0.0,1.0,1.0,1.0,0.0,1.0,0,0
all_rejected,-1,reference_only,0.05,10,0.0,1.0,1.0,0.0,1.0,1.0,1.0,0.0,1.0,0,0
all_rejected,-1,reference_only,0.05,11,0.0,1.0,1.0,0.0,1.0,1.0,1.0,0.0,1.0,0,0
all_rejected,-1,reference_only,0.05,12,0.0,1.0,1.0,0.0,1.0,1.0,1.0,0.0,1.0,0,0
all_rejected,-1,reference_only,0.05,13,0.0,1.0,1.0,0.0,1.0,1.0,1.0,0.0,1.0,0,0
all_rejected,-1,reference_only,0.05,14,0.0,1.0,1.0,0.0,1.0,1.0,1.0,0.0,1.0,0,0
all_rejected,-1,reference_only,0.05,15,0.0,1.0,1.0,0.0,1.0,1.0,1.0,0.0,1.0,0,0
all_rejected,-1,reference_only,0.05,16,0.0,1.0,1.0,0.0,1.0,1.0,1.0,0.0,1.0,0,0
all_rejected,-1,reference_only,0.05,17,0.0,1.0,1.0,0.0,1.0,1.0,1.0,0.0,1.0,0,0
all_rejected,-1,reference_only,0.05,18,0.0,1.0,1.0,0.0,1.0,1.0,1.0,0.0,1.0,0,0
all_rejected,-1,reference_only,0.05,19,0.0,1.0,1.0,0.0,1.0,1.0,1.0,0.0,1.0,0,0
all_rejected,-1,reference_only,0.05,20,0.0,1.0,1.0,0.0,1.0,1.0,1.0,0.0,1.0,0,0
all_rejected,-1,reference_only,0.05,21,0.0,1.0,1.0,0.0,1.0,1.0,1.0,0.0,1.0,0,0
all_rejected,-1,reference_only,0.05,22,0.0,1.0,1.0,0.0,1.0,1.0,1.0,0.0,1.0,0,0
all_rejected,-1,reference_only,0.05,23,0.0,1.0,1.0,0.0,1.0,1.0,1.0,0.0,1.0,0,0
all_rejected,-1,reference_only,0.05,24,0.0,1.0,1.0,0.0,1.0,1.0,1.0,0.0,1.0,0,0
all_rejected,-1,reference_only,0.05,25,0.0,1.0,1.0,0.0,1.0,1.0,1.0,0.0,1.0,0,0
all_rejected,-1,reference_only,0.05,26,0.0,1.0,1.0,0.0,1.0,1.0,1.0,0.0,1.0,0,0
all_rejected,-1,reference_only,0.05,27,0.0,1.0,1.0,0.0,1.0,1.0,1.0,0.0,1.0,0,0
all_rejected,-1,reference_only,0.05,28,0.0,1.0,1.0,0.0,1.0,1.0,1.0,0.0,1.0,0,0
all_rejected,-1,reference_only,0.05,29,0.0,1.0,1.0,0.0,1.0,1.0,1.0,0.0,1.0,0,0
all_rejected,-1,reference_only,0.05,30,0.0,1.0,1.0,0.0,1.0,1.0,1.0,0.0,1.0,0,0
all_rejected,-1,reference_only,0.05,31,0.0,1.0,1.0,0.0,1.0,1.0,1.0,0.0,1.0,0,0
all_rejected,-1,reference_only,0.05,32,0.0,1.0,1.0,0.0,1.0,1.0,1.0,0.0,1.0,0,0
all_rejected,-1,reference_only,0.05,33,0.0,1.0,1.0,0.0,1.0,1.0,1.0,0.0,1.0,0,0
all_rejected,-1,reference_only,0.05,34,0.0,1.0,1.0,0.0,1.0,1.0,1.0,0.0,1.0,0,0
all_rejected,-1,reference_only,0.05,35,0.0,1.0,1.0,0.0,1.0,1.0,1.0,0.0,1.0,0,0
all_rejected,-1,reference_only,0.05,36,0.0,1.0,1.0,0.0,1.0,1.0,1.0,0.0,1.0,0,0
all_rejected,-1,reference_only,0.05,37,0.0,1.0,1.0,0.0,1.0,1.0,1.0,0.0,1.0,0,0
all_rejected,-1,reference_only,0.05,38,0.0,1.0,1.0,0.0,1.0,1.0,1.0,0.0,1.0,0,0
all_rejected,-1,reference_only,0.05,39,0.0,1.0,1.0,0.0,1.0,1.0,1.0,0.0,1.0,0,0
all_rejected,-1,reference_only,0.05,40,0.0,1.0,1.0,0.0,1.0,1.0,1.0,0.0,1.0,0,0
all_rejected,-1,reference_only,0.05,41,0.0,1.0,1.0,0.0,1.0,1.0,1.0,0.0,1.0,0,0
all_rejected,-1,reference_only,0.05,42,0.0,1.0,1.0,0.0,1.0,1.0,1.0,0.0,1.0,0,0
all_rejected,-1,reference_only,0.05,43,0.0,1.0,1.0,0.0,1.0,1.0,1.0,0.0,1.0,0,0
all_rejected,-1,reference_only,0.05,44,0.0,1.0,1.0,0.0,1.0,1.0,1.0,0.0,1.0,0,0
all_rejected,-1,reference_only,0.05,45,0.0,1.0,1.0,0.0,1.0,1.0,1.0,0.0,1.0,0,0
all_rejected,-1,reference_only,0.05,46,0.0,1.0,1.0,0.0,1.0,1.0,1.0,0.0,1.0,0,0
all_rejected,-1,reference_only,0.05,47,0.0,1.0,1.0,0.0,1.0,1.0,1.0,0.0,1.0,0,0
all_rejected,-1,reference_only,0.05,48,0.0,1.0,1.0,0.0,1.0,1.0,1.0,0.0,1.0,0,0
all_rejected,-1,reference_only,0.05,49,0.0,1.0,1.0,0.0,1.0,1.0,1.0,0.0,1.0,0,0
all_rejected,-1,reference_only,0.05,50,0.0,1.0,1.0,0.0,1.0,1.0,1.0,0.0,1.0,0,0
all_rejected,-1,reference_only,0.05,51,0.0,1.0,1.0,0.0,1.0,1.0,1.0,0.0,1.0,0,0
all_rejected,-1,reference_only,0.05,52,0.0,1.0,1.0,0.0,1.0,1.0,1.0,0.0,1.0,0,0
all_rejected,-1,reference_only,0.05,53,0.0,1.0,1.0,0.0,1.0,1.0,1.0,0.0,1.0,0,0
all_rejected,-1,reference_only,0.05,54,0.0,1.0,1.0,0.0,1.0,1.0,1.0,0.0,1.0,0,0
all_rejected,-1,reference_only,0.05,55,0.0,1.0,1.0,0.0,1.0,1.0,1.0,0.0,1.0,0,0
all_rejected,-1,reference_only,0.05,56,0.0,1.0,1.0,0.0,1.0,1.0,1.0,0.0,1.0,0,0
all_rejected,-1,reference_only,0.05,57,0.0,1.0,1.0,0.0,1.0,1.0,1.0,0.0,1.0,0,0
all_rejected,-1,reference_only,0.05,58,0.0,1.0,1.0,0.0,1.0,1.0,1.0,0.0,1.0,0,0
all_rejected,-1,reference_only,0.05,59,0.0,1.0,1.0,0.0,1.0,1.0,1.0,0.0,1.0,0,0
all_rejected,-1,reference_only,0.05,60,0.0,1.0,1.0,0.0,1.0,1.0,1.0,0.0,1.0,0,0
all_rejected,-1,reference_only,0.05,61,0.0,1.0,1.0,0.0,1.0,1.0,1.0,0.0,1.0,0,0
all_rejected,-1,reference_only,0.05,62,0.0,1.0,1.0,0.0,1.0,1.0,1.0,0.0,1.0,0,0
all_rejected,-1,reference_only,0.05,63,0.0,1.0,1.0,0.0,1.0,1.0,1.0,0.0,1.0,0,0
all_rejected,-1,reference_only,0.05,64,0.0,1.0,1.0,0.0,1.0,1.0,1.0,0.0,1.0,0,0
all_rejected,-1,reference_only,0.05,65,0.0,1.0,1.0,0.0,1.0,1.0,1.0,0.0,1.0,0,0
all_rejected,-1,reference_only,0.05,66,0.0,1.0,1.0,0.0,1.0,1.0,1.0,0.0,1.0,0,0
all_rejected,-1,reference_only,0.05,67,0.0,1.0,1.0,0.0,1.0,1.0,1.0,0.0,1.0,0,0
all_rejected,-1,reference_only,0.05,68,0.0,1.0,1.0,0.0,1.0,1.0,1.0,0.0,1.0,0,0
all_rejected,-1,reference_only,0.05,69,0.0,1.0,1.0,0.0,1.0,1.0,1.0,0.0,1.0,0,0
all_rejected,-1,reference_only,0.05,70,0.0,1.0,1.0,0.0,1.0,1.0,1.0,0.0,1.0,0,0
all_rejected,-1,reference_only,0.05,71,0.0,1.0,1.0,0.0,1.0,1.0,1.0,0.0,1.0,0,0
all_rejected,-1,reference_only,0.05,72,0.0,1.0,1.0,0.0,1.0,1.0,1.0,0.0,1.0,0,0
all_rejected,-1,reference_only,0.05,73,0.0,1.0,1.0,0.0,1.0,1.0,1.0,0.0,1.0,0,0
all_rejected,-1,reference_only,0.05,74,0.0,1.0,1.0,0.0,1.0,1.0,1.0,0.0,1.0,0,0
all_rejected,-1,reference_only,0.05,75,0.0,1.0,1.0,0.0,1.0,1.0,1.0,0.0,1.0,0,0
all_rejected,-1,reference_only,0.05,76,0.0,1.0,1.0,0.0,1.0,1.0,1.0,0.0,1.0,0,0
all_rejected,-1,reference_only,0.05,77,0.0,1.0,1.0,0.0,1.0,1.0,1.0,0.0,1.0,0,0
all_rejected,-1,reference_only,0.05,78,0.0,1.0,1.0,0.0,1.0,1.0,1.0,0.0,1.0,0,0
all_rejected,-1,reference_only,0.05,79,0.0,1.0,1.0,0.0,1.0,1.0,1.0,0.0,1.0,0,0
all_rejected,-1,reference_only,0.05,80,0.0,1.0,1.0,0.0,1.0,1.0,1.0,0.0,1.0,0,0
all_rejected,-1,gated,0.11,1,0.0,1.0,0.0,0.0,,0.0,0.0,1.0,0.0,1,1
all_rejected,-1,gated,0.11,2,0.0,1.0,0.0,0.0,,0.0,0.0,1.0,0.0,2,2
all_rejected,-1,gated,0.11,3,0.0,1.0,0.0,0.0,,0.0,0.0,1.0,0.0,3,3
all_rejected,-1,gated,0.11,4,0.0,1.0,0.0,0.0,,0.0,0.0,1.0,0.0,4,4
all_rejected,-1,gated,0.11,5,0.0,1.0,0.0,0.0,,0.0,0.0,1.0,0.0,5,5
all_rejected,-1,gated,0.11,6,0.0,1.0,0.0,0.0,,0.0,0.0,1.0,0.0,6,6
all_rejected,-1,gated,0.11,7,0.0,1.0,0.0,0.0,,0.0,0.0,1.0,0.0,7,7
all_rejected,-1,gated,0.11,8,0.0,1.0,0.0,0.0,,0.0,0.0,1.0,0.0,8,8
all_rejected,-1,gated,0.11,9,0.0,1.0,0.0,0.0,,0.0,0.0,1.0,0.0,9,9
all_rejected,-1,gated,0.11,10,0.0,1.0,0.0,0.0,,0.0,0.0,1.0,0.0,10,10
all_rejected,-1,gated,0.11,11,0.0,1.0,0.0,0.0,,0.0,0.0,1.0,0.0,11,11
all_rejected,-1,gated,0.11,12,0.0,1.0,0.0,0.0,,0.0,0.0,1.0,0.0,12,12
all_rejected,-1,gated,0.11,13,0.0,1.0,0.0,0.0,,0.0,0.0,1.0,0.0,13,13
all_rejected,-1,gated,0.11,14,0.0,1.0,0.0,0.0,,0.0,0.0,1.0,0.0,14,14
all_rejected,-1,gated,0.11,15,0.0,1.0,0.0,0.0,,0.0,0.0,1.0,0.0,15,15
all_rejected,-1,gated,0.11,16,0.0,1.0,0.0,0.0,,0.0,0.0,1.0,0.0,16,16
all_rejected,-1,gated,0.11,17,0.0,1.0,0.0,0.0,,0.0,0.0,1.0,0.0,17,17
all_rejected,-1,gated,0.11,18,0.0,1.0,0.0,0.0,,0.0,0.0,1.0,0.0,18,18
all_rejected,-1,gated,0.11,19,0.0,1.0,0.0,0.0,,0.0,0.0,1.0,0.0,19,19
all_rejected,-1,gated,0.11,20,0.0,1.0,0.0,0.0,,0.0,0.0,1.0,0.0,20,20
all_rejected,-1,gated,0.11,21,0.0,1.0,0.0,0.0,,0.0,0.0,1.0,0.0,21,21
all_rejected,-1,gated,0.11,22,0.0,1.0,0.0,0.0,,0.0,0.0,1.0,0.0,22,22
all_rejected,-1,gated,0.11,23,0.0,1.0,0.0,0.0,,0.0,0.0,1.0,0.0,23,23
all_rejected,-1,gated,0.11,24,0.0,1.0,0.0,0.0,,0.0,0.0,1.0,0.0,24,24
all_rejected,-1,gated,0.11,25,0.0,1.0,0.0,0.0,,0.0,0.0,1.0,0.0,25,25
all_rejected,-1,gated,0.11,26,0.0,1.0,0.0,0.0,,0.0,0.0,1.0,0.0,26,26
all_rejected,-1,gated,0.11,27,0.0,1.0,0.0,0.0,,0.0,0.0,1.0,0.0,27,27
all_rejected,-1,gated,0.11,28,0.0,1.0,0.0,0.0,,0.0,0.0,1.0,0.0,28,28
all_rejected,-1,gated,0.11,29,0.0,1.0,0.0,0.0,,0.0,0.0,1.0,0.0,29,29
all_rejected,-1,gated,0.11,30,0.0,1.0,0.0,0.0,,0.0,0.0,1.0,0.0,30,30
all_rejected,-1,gated,0.11,31,0.0,1.0,0.0,0.0,,0.0,0.0,1.0,0.0,31,31
all_rejected,-1,gated,0.11,32,0.0,1.0,0.0,0.0,,0.0,0.0,1.0,0.0,32,32
all_rejected,-1,gated,0.11,33,0.0,1.0,0.0,0.0,,0.0,0.0,1.0,0.0,33,33
all_rejected,-1,gated,0.11,34,0.0,1.0,0.0,0.0,,0.0,0.0,1.0,0.0,34,34
all_rejected,-1,gated,0.11,35,0.0,1.0,0.0,0.0,,0.0,0.0,1.0,0.0,35,35
all_rejected,-1,gated,0.11,36,0.0,1.0,0.0,0.0,,0.0,0.0,1.0,0.0,36,36
all_rejected,-1,gated,0.11,37,0.0,1.0,0.0,0.0,,0.0,0.0,1.0,0.0,37,37
all_rejected,-1,gated,0.11,38,0.0,1.0,0.0,0.0,,0.0,0.0,1.0,0.0,38,38
all_rejected,-1,gated,0.11,39,0.0,1.0,0.0,0.0,,0.0,0.0,1.0,0.0,39,39
all_rejected,-1,gated,0.11,40,0.0,1.0,0.0,0.0,,0.0,0.0,1.0,0.0,40,40
all_rejected,-1,gated,0.11,41,0.0,1.0,0.0,0.0,,0.0,0.0,1.0,0.0,41,41
all_rejected,-1,gated,0.11,42,0.0,1.0,0.0,0.0,,0.0,0.0,1.0,0.0,42,42
all_rejected,-1,gated,0.11,43,0.0,1.0,0.0,0.0,,0.0,0.0,1.0,0.0,43,43
all_rejected,-1,gated,0.11,44,0.0,1.0,0.0,0.0,,0.0,0.0,1.0,0.0,44,44
all_rejected,-1,gated,0.11,45,0.0,1.0,0.0,0.0,,0.0,0.0,1.0,0.0,45,45
all_rejected,-1,gated,0.11,46,0.0,1.0,0.0,0.0,,0.0,0.0,1.0,0.0,46,46
all_rejected,-1,gated,0.11,47,0.0,1.0,0.0,0.0,,0.0,0.0,1.0,0.0,47,47
all_rejected,-1,gated,0.11,48,0.0,1.0,0.0,0.0,,0.0,0.0,1.0,0.0,48,48
all_rejected,-1,gated,0.11,49,0.0,1.0,0.0,0.0,,0.0,0.0,1.0,0.0,49,49
all_rejected,-1,gated,0.11,50,0.0,1.0,0.0,0.0,,0.0,0.0,1.0,0.0,50,50
all_rejected,-1,gated,0.11,51,0.0,1.0,0.0,0.0,,0.0,0.0,1.0,0.0,51,51
all_rejected,-1,gated,0.11,52,0.0,1.0,0.0,0.0,,0.0,0.0,1.0,0.0,52,52
all_rejected,-1,gated,0.11,53,0.0,1.0,0.0,0.0,,0.0,0.0,1.0,0.0,53,53
all_rejected,-1,gated,0.11,54,0.0,1.0,0.0,0.0,,0.0,0.0,1.0,0.0,54,54
all_rejected,-1,gated,0.11,55,0.0,1.0,0.0,0.0,,0.0,0.0,1.0,0.0,55,55
all_rejected,-1,gated,0.11,56,0.0,1.0,0.0,0.0,,0.0,0.0,1.0,0.0,56,56
all_rejected,-1,gated,0.11,57,0.0,1.0,0.0,0.0,,0.0,0.0,1.0,0.0,57,57
all_rejected,-1,gated,0.11,58,0.0,1.0,0.0,0.0,,0.0,0.0,1.0,0.0,58,58
all_rejected,-1,gated,0.11,59,0.0,1.0,0.0,0.0,,0.0,0.0,1.0,0.0,59,59
all_rejected,-1,gated,0.11,60,0.0,1.0,0.0,0.0,,0.0,0.0,1.0,0.0,60,60
all_rejected,-1,gated,0.11,61,0.0,1.0,0.0,0.0,,0.0,0.0,1.0,0.0,61,61
all_rejected,-1,gated,0.11,62,0.0,1.0,0.0,0.0,,0.0,0.0,1.0,0.0,62,62
all_rejected,-1,gated,0.11,63,0.0,1.0,0.0,0.0,,0.0,0.0,1.0,0.0,63,63
all_rejected,-1,gated,0.11,64,0.0,1.0,0.0,0.0,,0.0,0.0,1.0,0.0,64,64
all_rejected,-1,gated,0.11,65,0.0,1.0,0.0,0.0,,0.0,0.0,1.0,0.0,65,65
all_rejected,-1,gated,0.11,66,0.0,1.0,0.0,0.0,,0.0,0.0,1.0,0.0,66,66
all_rejected,-1,gated,0.11,67,0.0,1.0,0.0,0.0,,0.0,0.0,1.0,0.0,67,67
all_rejected,-1,gated,0.11,68,0.0,1.0,0.0,0.0,,0.0,0.0,1.0,0.0,68,68
all_rejected,-1,gated,0.11,69,0.0,1.0,0.0,0.0,,0.0,0.0,1.0,0.0,69,69
all_rejected,-1,gated,0.11,70,0.0,1.0,0.0,0.0,,0.0,0.0,1.0,0.0,70,70
all_rejected,-1,gated,0.11,71,0.0,1.0,0.0,0.0,,0.0,0.0,1.0,0.0,71,71
all_rejected,-1,gated,0.11,72,0.0,1.0,0.0,0.0,,0.0,0.0,1.0,0.0,72,72
all_rejected,-1,gated,0.11,73,0.0,1.0,0.0,0.0,,0.0,0.0,1.0,0.0,73,73
all_rejected,-1,gated,0.11,74,0.0,1.0,0.0,0.0,,0.0,0.0,1.0,0.0,74,74
all_rejected,-1,gated,0.11,75,0.0,1.0,0.0,0.0,,0.0,0.0,1.0,0.0,75,75
all_rejected,-1,gated,0.11,76,0.0,1.0,0.0,0.0,,0.0,0.0,1.0,0.0,76,76
all_rejected,-1,gated,0.11,77,0.0,1.0,0.0,0.0,,0.0,0.0,1.0,0.0,77,77
all_rejected,-1,gated,0.11,78,0.0,1.0,0.0,0.0,,0.0,0.0,1.0,0.0,78,78
all_rejected,-1,gated,0.11,79,0.0,1.0,0.0,0.0,,0.0,0.0,1.0,0.0,79,79
all_rejected,-1,gated,0.11,80,0.0,1.0,0.0,0.0,,0.0,0.0,1.0,0.0,80,80
all_rejected,-1,accept_all,0.11,1,0.0,1.0,1.0,1.0,0.0,0.0,1.0,0.0,1.0,0,0
all_rejected,-1,accept_all,0.11,2,0.0,1.0,1.0,0.0,1.0,1.0,1.0,0.0,1.0,0,0
all_rejected,-1,accept_all,0.11,3,0.0,1.0,1.0,0.0,1.0,1.0,1.0,0.0,1.0,0,0
all_rejected,-1,accept_all,0.11,4,0.0,1.0,1.0,0.0,1.0,1.0,1.0,0.0,1.0,0,0
all_rejected,-1,accept_all,0.11,5,0.0,1.0,1.0,0.0,1.0,1.0,1.0,0.0,1.0,0,0
all_rejected,-1,accept_all,0.11,6,0.0,1.0,1.0,0.0,1.0,1.0,1.0,0.0,1.0,0,0
all_rejected,-1,accept_all,0.11,7,0.0,1.0,1.0,0.0,1.0,1.0,1.0,0.0,1.0,0,0
all_rejected,-1,accept_all,0.11,8,0.0,1.0,1.0,0.0,1.0,1.0,1.0,0.0,1.0,0,0
all_rejected,-1,accept_all,0.11,9,0.0,1.0,1.0,0.0,1.0,1.0,1.0,0.0,1.0,0,0
all_rejected,-1,accept_all,0.11,10,0.0,1.0,1.0,0.0,1.0,1.0,1.0,0.0,1.0,0,0
all_rejected,-1,accept_all,0.11,11,0.0,1.0,1.0,0.0,1.0,1.0,1.0,0.0,1.0,0,0
all_rejected,-1,accept_all,0.11,12,0.0,1.0,1.0,0.0,1.0,1.0,1.0,0.0,1.0,0,0
all_rejected,-1,accept_all,0.11,13,0.0,1.0,1.0,0.0,1.0,1.0,1.0,0.0,1.0,0,0
all_rejected,-1,accept_all,0.11,14,0.0,1.0,1.0,0.0,1.0,1.0,1.0,0.0,1.0,0,0
all_rejected,-1,accept_all,0.11,15,0.0,1.0,1.0,0.0,1.0,1.0,1.0,0.0,1.0,0,0
all_rejected,-1,accept_all,0.11,16,0.0,1.0,1.0,0.0,1.0,1.0,1.0,0.0,1.0,0,0
all_rejected,-1,accept_all,0.11,17,0.0,1.0,1.0,0.0,1.0,1.0,1.0,0.0,1.0,0,0
all_rejected,-1,accept_all,0.11,18,0.0,1.0,1.0,0.0,1.0,1.0,1.0,0.0,1.0,0,0
all_rejected,-1,accept_all,0.11,19,0.0,1.0,1.0,0.0,1.0,1.0,1.0,0.0,1.0,0,0
all_rejected,-1,accept_all,0.11,20,0.0,1.0,1.0,0.0,1.0,1.0,1.0,0.0,1.0,0,0
all_rejected,-1,accept_all,0.11,21,0.0,1.0,1.0,0.0,1.0,1.0,1.0,0.0,1.0,0,0
all_rejected,-1,accept_all,0.11,22,0.0,1.0,1.0,0.0,1.0,1.0,1.0,0.0,1.0,0,0
all_rejected,-1,accept_all,0.11,23,0.0,1.0,1.0,0.0,1.0,1.0,1.0,0.0,1.0,0,0
all_rejected,-1,accept_all,0.11,24,0.0,1.0,1.0,0.0,1.0,1.0,1.0,0.0,1.0,0,0
all_rejected,-1,accept_all,0.11,25,0.0,1.0,1.0,0.0,1.0,1.0,1.0,0.0,1.0,0,0
all_rejected,-1,accept_all,0.11,26,0.0,1.0,1.0,0.0,1.0,1.0,1.0,0.0,1.0,0,0
all_rejected,-1,accept_all,0.11,27,0.0,1.0,1.0,0.0,1.0,1.0,1.0,0.0,1.0,0,0
all_rejected,-1,accept_all,0.11,28,0.0,1.0,1.0,0.0,1.0,1.0,1.0,0.0,1.0,0,0
all_rejected,-1,accept_all,0.11,29,0.0,1.0,1.0,0.0,1.0,1.0,1.0,0.0,1.0,0,0
all_rejected,-1,accept_all,0.11,30,0.0,1.0,1.0,0.0,1.0,1.0,1.0,0.0,1.0,0,0
all_rejected,-1,accept_all,0.11,31,0.0,1.0,1.0,0.0,1.0,1.0,1.0,0.0,1.0,0,0
all_rejected,-1,accept_all,0.11,32,0.0,1.0,1.0,0.0,1.0,1.0,1.0,0.0,1.0,0,0
all_rejected,-1,accept_all,0.11,33,0.0,1.0,1.0,0.0,1.0,1.0,1.0,0.0,1.0,0,0
all_rejected,-1,accept_all,0.11,34,0.0,1.0,1.0,0.0,1.0,1.0,1.0,0.0,1.0,0,0
all_rejected,-1,accept_all,0.11,35,0.0,1.0,1.0,0.0,1.0,1.0,1.0,0.0,1.0,0,0
all_rejected,-1,accept_all,0.11,36,0.0,1.0,1.0,0.0,1.0,1.0,1.0,0.0,1.0,0,0
all_rejected,-1,accept_all,0.11,37,0.0,1.0,1.0,0.0,1.0,1.0,1.0,0.0,1.0,0,0
all_rejected,-1,accept_all,0.11,38,0.0,1.0,1.0,0.0,1.0,1.0,1.0,0.0,1.0,0,0
all_rejected,-1,accept_all,0.11,39,0.0,1.0,1.0,0.0,1.0,1.0,1.0,0.0,1.0,0,0
all_rejected,-1,accept_all,0.11,40,0.0,1.0,1.0,0.0,1.0,1.0,1.0,0.0,1.0,0,0
all_rejected,-1,accept_all,0.11,41,0.0,1.0,1.0,0.0,1.0,1.0,1.0,0.0,1.0,0,0
all_rejected,-1,accept_all,0.11,42,0.0,1.0,1.0,0.0,1.0,1.0,1.0,0.0,1.0,0,0
all_rejected,-1,accept_all,0.11,43,0.0,1.0,1.0,0.0,1.0,1.0,1.0,0.0,1.0,0,0
all_rejected,-1,accept_all,0.11,44,0.0,1.0,1.0,0.0,1.0,1.0,1.0,0.0,1.0,0,0
all_rejected,-1,accept_all,0.11,45,0.0,1.0,1.0,0.0,1.0,1.0,1.0,0.0,1.0,0,0
all_rejected,-1,accept_all,0.11,46,0.0,1.0,1.0,0.0,1.0,1.0,1.0,0.0,1.0,0,0
all_rejected,-1,accept_all,0.11,47,0.0,1.0,1.0,0.0,1.0,1.0,1.0,0.0,1.0,0,0
all_rejected,-1,accept_all,0.11,48,0.0,1.0,1.0,0.0,1.0,1.0,1.0,0.0,1.0,0,0
all_rejected,-1,accept_all,0.11,49,0.0,1.0,1.0,0.0,1.0,1.0,1.0,0.0,1.0,0,0
all_rejected,-1,accept_all,0.11,50,0.0,1.0,1.0,0.0,1.0,1.0,1.0,0.0,1.0,0,0
all_rejected,-1,accept_all,0.11,51,0.0,1.0,1.0,0.0,1.0,1.0,1.0,0.0,1.0,0,0
all_rejected,-1,accept_all,0.11,52,0.0,1.0,1.0,0.0,1.0,1.0,1.0,0.0,1.0,0,0
all_rejected,-1,accept_all,0.11,53,0.0,1.0,1.0,0.0,1.0,1.0,1.0,0.0,1.0,0,0
all_rejected,-1,accept_all,0.11,54,0.0,1.0,1.0,0.0,1.0,1.0,1.0,0.0,1.0,0,0
all_rejected,-1,accept_all,0.11,55,0.0,1.0,1.0,0.0,1.0,1.0,1.0,0.0,1.0,0,0
all_rejected,-1,accept_all,0.11,56,0.0,1.0,1.0,0.0,1.0,1.0,1.0,0.0,1.0,0,0
all_rejected,-1,accept_all,0.11,57,0.0,1.0,1.0,0.0,1.0,1.0,1.0,0.0,1.0,0,0
all_rejected,-1,accept_all,0.11,58,0.0,1.0,1.0,0.0,1.0,1.0,1.0,0.0,1.0,0,0
all_rejected,-1,accept_all,0.11,59,0.0,1.0,1.0,0.0,1.0,1.0,1.0,0.0,1.0,0,0
all_rejected,-1,accept_all,0.11,60,0.0,1.0,1.0,0.0,1.0,1.0,1.0,0.0,1.0,0,0
all_rejected,-1,accept_all,0.11,61,0.0,1.0,1.0,0.0,1.0,1.0,1.0,0.0,1.0,0,0
all_rejected,-1,accept_all,0.11,62,0.0,1.0,1.0,0.0,1.0,1.0,1.0,0.0,1.0,0,0
all_rejected,-1,accept_all,0.11,63,0.0,1.0,1.0,0.0,1.0,1.0,1.0,0.0,1.0,0,0
all_rejected,-1,accept_all,0.11,64,0.0,1.0,1.0,0.0,1.0,1.0,1.0,0.0,1.0,0,0
all_rejected,-1,accept_all,0.11,65,0.0,1.0,1.0,0.0,1.0,1.0,1.0,0.0,1.0,0,0
all_rejected,-1,accept_all,0.11,66,0.0,1.0,1.0,0.0,1.0,1.0,1.0,0.0,1.0,0,0
all_rejected,-1,accept_all,0.11,67,0.0,1.0,1.0,0.0,1.0,1.0,1.0,0.0,1.0,0,0
all_rejected,-1,accept_all,0.11,68,0.0,1.0,1.0,0.0,1.0,1.0,1.0,0.0,1.0,0,0
all_rejected,-1,accept_all,0.11,69,0.0,1.0,1.0,0.0,1.0,1.0,1.0,0.0,1.0,0,0
all_rejected,-1,accept_all,0.11,70,0.0,1.0,1.0,0.0,1.0,1.0,1.0,0.0,1.0,0,0
all_rejected,-1,accept_all,0.11,71,0.0,1.0,1.0,0.0,1.0,1.0,1.0,0.0,1.0,0,0
all_rejected,-1,accept_all,0.11,72,0.0,1.0,1.0,0.0,1.0,1.0,1.0,0.0,1.0,0,0
all_rejected,-1,accept_all,0.11,73,0.0,1.0,1.0,0.0,1.0,1.0,1.0,0.0,1.0,0,0
all_rejected,-1,accept_all,0.11,74,0.0,1.0,1.0,0.0,1.0,1.0,1.0,0.0,1.0,0,0
all_rejected,-1,accept_all,0.11,75,0.0,1.0,1.0,0.0,1.0,1.0,1.0,0.0,1.0,0,0
all_rejected,-1,accept_all,0.11,76,0.0,1.0,1.0,0.0,1.0,1.0,1.0,0.0,1.0,0,0
all_rejected,-1,accept_all,0.11,77,0.0,1.0,1.0,0.0,1.0,1.0,1.0,0.0,1.0,0,0
all_rejected,-1,accept_all,0.11,78,0.0,1.0,1.0,0.0,1.0,1.0,1.0,0.0,1.0,0,0
all_rejected,-1,accept_all,0.11,79,0.0,1.0,1.0,0.0,1.0,1.0,1.0,0.0,1.0,0,0
all_rejected,-1,accept_all,0.11,80,0.0,1.0,1.0,0.0,1.0,1.0,1.0,0.0,1.0,0,0
all_rejected,-1,reference_only,0.11,1,0.0,1.0,1.0,1.0,0.0,0.0,1.0,0.0,1.0,0,0
all_rejected,-1,reference_only,0.11,2,0.0,1.0,1.0,0.0,1.0,1.0,1.0,0.0,1.0,0,0
all_rejected,-1,reference_only,0.11,3,0.0,1.0,1.0,0.0,1.0,1.0,1.0,0.0,1.0,0,0
all_rejected,-1,reference_only,0.11,4,0.0,1.0,1.0,0.0,1.0,1.0,1.0,0.0,1.0,0,0
all_rejected,-1,reference_only,0.11,5,0.0,1.0,1.0,0.0,1.0,1.0,1.0,0.0,1.0,0,0
all_rejected,-1,reference_only,0.11,6,0.0,1.0,1.0,0.0,1.0,1.0,1.0,0.0,1.0,0,0
all_rejected,-1,reference_only,0.11,7,0.0,1.0,1.0,0.0,1.0,1.0,1.0,0.0,1.0,0,0
all_rejected,-1,reference_only,0.11,8,0.0,1.0,1.0,0.0,1.0,1.0,1.0,0.0,1.0,0,0
all_rejected,-1,reference_only,0.11,9,0.0,1.0,1.0,0.0,1.0,1.0,1.0,0.0,1.0,0,0
all_rejected,-1,reference_only,0.11,10,0.0,1.0,1.0,0.0,1.0,1.0,1.0,0.0,1.0,0,0
all_rejected,-1,reference_only,0.11,11,0.0,1.0,1.0,0.0,1.0,1.0,1.0,0.0,1.0,0,0
all_rejected,-1,reference_only,0.11,12,0.0,1.0,1.0,0.0,1.0,1.0,1.0,0.0,1.0,0,0
all_rejected,-1,reference_only,0.11,13,0.0,1.0,1.0,0.0,1.0,1.0,1.0,0.0,1.0,0,0
all_rejected,-1,reference_only,0.11,14,0.0,1.0,1.0,0.0,1.0,1.0,1.0,0.0,1.0,0,0
all_rejected,-1,reference_only,0.11,15,0.0,1.0,1.0,0.0,1.0,1.0,1.0,0.0,1.0,0,0
all_rejected,-1,reference_only,0.11,16,0.0,1.0,1.0,0.0,1.0,1.0,1.0,0.0,1.0,0,0
all_rejected,-1,reference_only,0.11,17,0.0,1.0,1.0,0.0,1.0,1.0,1.0,0.0,1.0,0,0
all_rejected,-1,reference_only,0.11,18,0.0,1.0,1.0,0.0,1.0,1.0,1.0,0.0,1.0,0,0
all_rejected,-1,reference_only,0.11,19,0.0,1.0,1.0,0.0,1.0,1.0,1.0,0.0,1.0,0,0
all_rejected,-1,reference_only,0.11,20,0.0,1.0,1.0,0.0,1.0,1.0,1.0,0.0,1.0,0,0
all_rejected,-1,reference_only,0.11,21,0.0,1.0,1.0,0.0,1.0,1.0,1.0,0.0,1.0,0,0
all_rejected,-1,reference_only,0.11,22,0.0,1.0,1.0,0.0,1.0,1.0,1.0,0.0,1.0,0,0
all_rejected,-1,reference_only,0.11,23,0.0,1.0,1.0,0.0,1.0,1.0,1.0,0.0,1.0,0,0
all_rejected,-1,reference_only,0.11,24,0.0,1.0,1.0,0.0,1.0,1.0,1.0,0.0,1.0,0,0
all_rejected,-1,reference_only,0.11,25,0.0,1.0,1.0,0.0,1.0,1.0,1.0,0.0,1.0,0,0
all_rejected,-1,reference_only,0.11,26,0.0,1.0,1.0,0.0,1.0,1.0,1.0,0.0,1.0,0,0
all_rejected,-1,reference_only,0.11,27,0.0,1.0,1.0,0.0,1.0,1.0,1.0,0.0,1.0,0,0
all_rejected,-1,reference_only,0.11,28,0.0,1.0,1.0,0.0,1.0,1.0,1.0,0.0,1.0,0,0
all_rejected,-1,reference_only,0.11,29,0.0,1.0,1.0,0.0,1.0,1.0,1.0,0.0,1.0,0,0
all_rejected,-1,reference_only,0.11,30,0.0,1.0,1.0,0.0,1.0,1.0,1.0,0.0,1.0,0,0
all_rejected,-1,reference_only,0.11,31,0.0,1.0,1.0,0.0,1.0,1.0,1.0,0.0,1.0,0,0
all_rejected,-1,reference_only,0.11,32,0.0,1.0,1.0,0.0,1.0,1.0,1.0,0.0,1.0,0,0
all_rejected,-1,reference_only,0.11,33,0.0,1.0,1.0,0.0,1.0,1.0,1.0,0.0,1.0,0,0
all_rejected,-1,reference_only,0.11,34,0.0,1.0,1.0,0.0,1.0,1.0,1.0,0.0,1.0,0,0
all_rejected,-1,reference_only,0.11,35,0.0,1.0,1.0,0.0,1.0,1.0,1.0,0.0,1.0,0,0
all_rejected,-1,reference_only,0.11,36,0.0,1.0,1.0,0.0,1.0,1.0,1.0,0.0,1.0,0,0
all_rejected,-1,reference_only,0.11,37,0.0,1.0,1.0,0.0,1.0,1.0,1.0,0.0,1.0,0,0
all_rejected,-1,reference_only,0.11,38,0.0,1.0,1.0,0.0,1.0,1.0,1.0,0.0,1.0,0,0
all_rejected,-1,reference_only,0.11,39,0.0,1.0,1.0,0.0,1.0,1.0,1.0,0.0,1.0,0,0
all_rejected,-1,reference_only,0.11,40,0.0,1.0,1.0,0.0,1.0,1.0,1.0,0.0,1.0,0,0
all_rejected,-1,reference_only,0.11,41,0.0,1.0,1.0,0.0,1.0,1.0,1.0,0.0,1.0,0,0
all_rejected,-1,reference_only,0.11,42,0.0,1.0,1.0,0.0,1.0,1.0,1.0,0.0,1.0,0,0
all_rejected,-1,reference_only,0.11,43,0.0,1.0,1.0,0.0,1.0,1.0,1.0,0.0,1.0,0,0
all_rejected,-1,reference_only,0.11,44,0.0,1.0,1.0,0.0,1.0,1.0,1.0,0.0,1.0,0,0
all_rejected,-1,reference_only,0.11,45,0.0,1.0,1.0,0.0,1.0,1.0,1.0,0.0,1.0,0,0
all_rejected,-1,reference_only,0.11,46,0.0,1.0,1.0,0.0,1.0,1.0,1.0,0.0,1.0,0,0
all_rejected,-1,reference_only,0.11,47,0.0,1.0,1.0,0.0,1.0,1.0,1.0,0.0,1.0,0,0
all_rejected,-1,reference_only,0.11,48,0.0,1.0,1.0,0.0,1.0,1.0,1.0,0.0,1.0,0,0
all_rejected,-1,reference_only,0.11,49,0.0,1.0,1.0,0.0,1.0,1.0,1.0,0.0,1.0,0,0
all_rejected,-1,reference_only,0.11,50,0.0,1.0,1.0,0.0,1.0,1.0,1.0,0.0,1.0,0,0
all_rejected,-1,reference_only,0.11,51,0.0,1.0,1.0,0.0,1.0,1.0,1.0,0.0,1.0,0,0
all_rejected,-1,reference_only,0.11,52,0.0,1.0,1.0,0.0,1.0,1.0,1.0,0.0,1.0,0,0
all_rejected,-1,reference_only,0.11,53,0.0,1.0,1.0,0.0,1.0,1.0,1.0,0.0,1.0,0,0
all_rejected,-1,reference_only,0.11,54,0.0,1.0,1.0,0.0,1.0,1.0,1.0,0.0,1.0,0,0
all_rejected,-1,reference_only,0.11,55,0.0,1.0,1.0,0.0,1.0,1.0,1.0,0.0,1.0,0,0
all_rejected,-1,reference_only,0.11,56,0.0,1.0,1.0,0.0,1.0,1.0,1.0,0.0,1.0,0,0
all_rejected,-1,reference_only,0.11,57,0.0,1.0,1.0,0.0,1.0,1.0,1.0,0.0,1.0,0,0
all_rejected,-1,reference_only,0.11,58,0.0,1.0,1.0,0.0,1.0,1.0,1.0,0.0,1.0,0,0
all_rejected,-1,reference_only,0.11,59,0.0,1.0,1.0,0.0,1.0,1.0,1.0,0.0,1.0,0,0
all_rejected,-1,reference_only,0.11,60,0.0,1.0,1.0,0.0,1.0,1.0,1.0,0.0,1.0,0,0
all_rejected,-1,reference_only,0.11,61,0.0,1.0,1.0,0.0,1.0,1.0,1.0,0.0,1.0,0,0
all_rejected,-1,reference_only,0.11,62,0.0,1.0,1.0,0.0,1.0,1.0,1.0,0.0,1.0,0,0
all_rejected,-1,reference_only,0.11,63,0.0,1.0,1.0,0.0,1.0,1.0,1.0,0.0,1.0,0,0
all_rejected,-1,reference_only,0.11,64,0.0,1.0,1.0,0.0,1.0,1.0,1.0,0.0,1.0,0,0
all_rejected,-1,reference_only,0.11,65,0.0,1.0,1.0,0.0,1.0,1.0,1.0,0.0,1.0,0,0
all_rejected,-1,reference_only,0.11,66,0.0,1.0,1.0,0.0,1.0,1.0,1.0,0.0,1.0,0,0
all_rejected,-1,reference_only,0.11,67,0.0,1.0,1.0,0.0,1.0,1.0,1.0,0.0,1.0,0,0
all_rejected,-1,reference_only,0.11,68,0.0,1.0,1.0,0.0,1.0,1.0,1.0,0.0,1.0,0,0
all_rejected,-1,reference_only,0.11,69,0.0,1.0,1.0,0.0,1.0,1.0,1.0,0.0,1.0,0,0
all_rejected,-1,reference_only,0.11,70,0.0,1.0,1.0,0.0,1.0,1.0,1.0,0.0,1.0,0,0
all_rejected,-1,reference_only,0.11,71,0.0,1.0,1.0,0.0,1.0,1.0,1.0,0.0,1.0,0,0
all_rejected,-1,reference_only,0.11,72,0.0,1.0,1.0,0.0,1.0,1.0,1.0,0.0,1.0,0,0
all_rejected,-1,reference_only,0.11,73,0.0,1.0,1.0,0.0,1.0,1.0,1.0,0.0,1.0,0,0
all_rejected,-1,reference_only,0.11,74,0.0,1.0,1.0,0.0,1.0,1.0,1.0,0.0,1.0,0,0
all_rejected,-1,reference_only,0.11,75,0.0,1.0,1.0,0.0,1.0,1.0,1.0,0.0,1.0,0,0
all_rejected,-1,reference_only,0.11,76,0.0,1.0,1.0,0.0,1.0,1.0,1.0,0.0,1.0,0,0
all_rejected,-1,reference_only,0.11,77,0.0,1.0,1.0,0.0,1.0,1.0,1.0,0.0,1.0,0,0
all_rejected,-1,reference_only,0.11,78,0.0,1.0,1.0,0.0,1.0,1.0,1.0,0.0,1.0,0,0
all_rejected,-1,reference_only,0.11,79,0.0,1.0,1.0,0.0,1.0,1.0,1.0,0.0,1.0,0,0
all_rejected,-1,reference_only,0.11,80,0.0,1.0,1.0,0.0,1.0,1.0,1.0,0.0,1.0,0,0
all_rejected,-1,gated,0.25,1,0.0,1.0,0.0,0.0,,0.0,0.0,1.0,0.0,1,1
all_rejected,-1,gated,0.25,2,0.0,1.0,0.0,0.0,,0.0,0.0,1.0,0.0,2,2
all_rejected,-1,gated,0.25,3,0.0,1.0,0.0,0.0,,0.0,0.0,1.0,0.0,3,3
all_rejected,-1,gated,0.25,4,0.0,1.0,0.0,0.0,,0.0,0.0,1.0,0.0,4,4
all_rejected,-1,gated,0.25,5,0.0,1.0,0.0,0.0,,0.0,0.0,1.0,0.0,5,5
all_rejected,-1,gated,0.25,6,0.0,1.0,0.0,0.0,,0.0,0.0,1.0,0.0,6,6
all_rejected,-1,gated,0.25,7,0.0,1.0,0.0,0.0,,0.0,0.0,1.0,0.0,7,7
all_rejected,-1,gated,0.25,8,0.0,1.0,0.0,0.0,,0.0,0.0,1.0,0.0,8,8
all_rejected,-1,gated,0.25,9,0.0,1.0,0.0,0.0,,0.0,0.0,1.0,0.0,9,9
all_rejected,-1,gated,0.25,10,0.0,1.0,0.0,0.0,,0.0,0.0,1.0,0.0,10,10
all_rejected,-1,gated,0.25,11,0.0,1.0,0.0,0.0,,0.0,0.0,1.0,0.0,11,11
all_rejected,-1,gated,0.25,12,0.0,1.0,0.0,0.0,,0.0,0.0,1.0,0.0,12,12
all_rejected,-1,gated,0.25,13,0.0,1.0,0.0,0.0,,0.0,0.0,1.0,0.0,13,13
all_rejected,-1,gated,0.25,14,0.0,1.0,0.0,0.0,,0.0,0.0,1.0,0.0,14,14
all_rejected,-1,gated,0.25,15,0.0,1.0,0.0,0.0,,0.0,0.0,1.0,0.0,15,15
all_rejected,-1,gated,0.25,16,0.0,1.0,0.0,0.0,,0.0,0.0,1.0,0.0,16,16
all_rejected,-1,gated,0.25,17,0.0,1.0,0.0,0.0,,0.0,0.0,1.0,0.0,17,17
all_rejected,-1,gated,0.25,18,0.0,1.0,0.0,0.0,,0.0,0.0,1.0,0.0,18,18
all_rejected,-1,gated,0.25,19,0.0,1.0,0.0,0.0,,0.0,0.0,1.0,0.0,19,19
all_rejected,-1,gated,0.25,20,0.0,1.0,0.0,0.0,,0.0,0.0,1.0,0.0,20,20
all_rejected,-1,gated,0.25,21,0.0,1.0,0.0,0.0,,0.0,0.0,1.0,0.0,21,21
all_rejected,-1,gated,0.25,22,0.0,1.0,0.0,0.0,,0.0,0.0,1.0,0.0,22,22
all_rejected,-1,gated,0.25,23,0.0,1.0,0.0,0.0,,0.0,0.0,1.0,0.0,23,23
all_rejected,-1,gated,0.25,24,0.0,1.0,0.0,0.0,,0.0,0.0,1.0,0.0,24,24
all_rejected,-1,gated,0.25,25,0.0,1.0,0.0,0.0,,0.0,0.0,1.0,0.0,25,25
all_rejected,-1,gated,0.25,26,0.0,1.0,0.0,0.0,,0.0,0.0,1.0,0.0,26,26
all_rejected,-1,gated,0.25,27,0.0,1.0,0.0,0.0,,0.0,0.0,1.0,0.0,27,27
all_rejected,-1,gated,0.25,28,0.0,1.0,0.0,0.0,,0.0,0.0,1.0,0.0,28,28
all_rejected,-1,gated,0.25,29,0.0,1.0,0.0,0.0,,0.0,0.0,1.0,0.0,29,29
all_rejected,-1,gated,0.25,30,0.0,1.0,0.0,0.0,,0.0,0.0,1.0,0.0,30,30
all_rejected,-1,gated,0.25,31,0.0,1.0,0.0,0.0,,0.0,0.0,1.0,0.0,31,31
all_rejected,-1,gated,0.25,32,0.0,1.0,0.0,0.0,,0.0,0.0,1.0,0.0,32,32
all_rejected,-1,gated,0.25,33,0.0,1.0,0.0,0.0,,0.0,0.0,1.0,0.0,33,33
all_rejected,-1,gated,0.25,34,0.0,1.0,0.0,0.0,,0.0,0.0,1.0,0.0,34,34
all_rejected,-1,gated,0.25,35,0.0,1.0,0.0,0.0,,0.0,0.0,1.0,0.0,35,35
all_rejected,-1,gated,0.25,36,0.0,1.0,0.0,0.0,,0.0,0.0,1.0,0.0,36,36
all_rejected,-1,gated,0.25,37,0.0,1.0,0.0,0.0,,0.0,0.0,1.0,0.0,37,37
all_rejected,-1,gated,0.25,38,0.0,1.0,0.0,0.0,,0.0,0.0,1.0,0.0,38,38
all_rejected,-1,gated,0.25,39,0.0,1.0,0.0,0.0,,0.0,0.0,1.0,0.0,39,39
all_rejected,-1,gated,0.25,40,0.0,1.0,0.0,0.0,,0.0,0.0,1.0,0.0,40,40
all_rejected,-1,gated,0.25,41,0.0,1.0,0.0,0.0,,0.0,0.0,1.0,0.0,41,41
all_rejected,-1,gated,0.25,42,0.0,1.0,0.0,0.0,,0.0,0.0,1.0,0.0,42,42
all_rejected,-1,gated,0.25,43,0.0,1.0,0.0,0.0,,0.0,0.0,1.0,0.0,43,43
all_rejected,-1,gated,0.25,44,0.0,1.0,0.0,0.0,,0.0,0.0,1.0,0.0,44,44
all_rejected,-1,gated,0.25,45,0.0,1.0,0.0,0.0,,0.0,0.0,1.0,0.0,45,45
all_rejected,-1,gated,0.25,46,0.0,1.0,0.0,0.0,,0.0,0.0,1.0,0.0,46,46
all_rejected,-1,gated,0.25,47,0.0,1.0,0.0,0.0,,0.0,0.0,1.0,0.0,47,47
all_rejected,-1,gated,0.25,48,0.0,1.0,0.0,0.0,,0.0,0.0,1.0,0.0,48,48
all_rejected,-1,gated,0.25,49,0.0,1.0,0.0,0.0,,0.0,0.0,1.0,0.0,49,49
all_rejected,-1,gated,0.25,50,0.0,1.0,0.0,0.0,,0.0,0.0,1.0,0.0,50,50
all_rejected,-1,gated,0.25,51,0.0,1.0,0.0,0.0,,0.0,0.0,1.0,0.0,51,51
all_rejected,-1,gated,0.25,52,0.0,1.0,0.0,0.0,,0.0,0.0,1.0,0.0,52,52
all_rejected,-1,gated,0.25,53,0.0,1.0,0.0,0.0,,0.0,0.0,1.0,0.0,53,53
all_rejected,-1,gated,0.25,54,0.0,1.0,0.0,0.0,,0.0,0.0,1.0,0.0,54,54
all_rejected,-1,gated,0.25,55,0.0,1.0,0.0,0.0,,0.0,0.0,1.0,0.0,55,55
all_rejected,-1,gated,0.25,56,0.0,1.0,0.0,0.0,,0.0,0.0,1.0,0.0,56,56
all_rejected,-1,gated,0.25,57,0.0,1.0,0.0,0.0,,0.0,0.0,1.0,0.0,57,57
all_rejected,-1,gated,0.25,58,0.0,1.0,0.0,0.0,,0.0,0.0,1.0,0.0,58,58
all_rejected,-1,gated,0.25,59,0.0,1.0,0.0,0.0,,0.0,0.0,1.0,0.0,59,59
all_rejected,-1,gated,0.25,60,0.0,1.0,0.0,0.0,,0.0,0.0,1.0,0.0,60,60
all_rejected,-1,gated,0.25,61,0.0,1.0,0.0,0.0,,0.0,0.0,1.0,0.0,61,61
all_rejected,-1,gated,0.25,62,0.0,1.0,0.0,0.0,,0.0,0.0,1.0,0.0,62,62
all_rejected,-1,gated,0.25,63,0.0,1.0,0.0,0.0,,0.0,0.0,1.0,0.0,63,63
all_rejected,-1,gated,0.25,64,0.0,1.0,0.0,0.0,,0.0,0.0,1.0,0.0,64,64
all_rejected,-1,gated,0.25,65,0.0,1.0,0.0,0.0,,0.0,0.0,1.0,0.0,65,65
all_rejected,-1,gated,0.25,66,0.0,1.0,0.0,0.0,,0.0,0.0,1.0,0.0,66,66
all_rejected,-1,gated,0.25,67,0.0,1.0,0.0,0.0,,0.0,0.0,1.0,0.0,67,67
all_rejected,-1,gated,0.25,68,0.0,1.0,0.0,0.0,,0.0,0.0,1.0,0.0,68,68
all_rejected,-1,gated,0.25,69,0.0,1.0,0.0,0.0,,0.0,0.0,1.0,0.0,69,69
all_rejected,-1,gated,0.25,70,0.0,1.0,0.0,0.0,,0.0,0.0,1.0,0.0,70,70
all_rejected,-1,gated,0.25,71,0.0,1.0,0.0,0.0,,0.0,0.0,1.0,0.0,71,71
all_rejected,-1,gated,0.25,72,0.0,1.0,0.0,0.0,,0.0,0.0,1.0,0.0,72,72
all_rejected,-1,gated,0.25,73,0.0,1.0,0.0,0.0,,0.0,0.0,1.0,0.0,73,73
all_rejected,-1,gated,0.25,74,0.0,1.0,0.0,0.0,,0.0,0.0,1.0,0.0,74,74
all_rejected,-1,gated,0.25,75,0.0,1.0,0.0,0.0,,0.0,0.0,1.0,0.0,75,75
all_rejected,-1,gated,0.25,76,0.0,1.0,0.0,0.0,,0.0,0.0,1.0,0.0,76,76
all_rejected,-1,gated,0.25,77,0.0,1.0,0.0,0.0,,0.0,0.0,1.0,0.0,77,77
all_rejected,-1,gated,0.25,78,0.0,1.0,0.0,0.0,,0.0,0.0,1.0,0.0,78,78
all_rejected,-1,gated,0.25,79,0.0,1.0,0.0,0.0,,0.0,0.0,1.0,0.0,79,79
all_rejected,-1,gated,0.25,80,0.0,1.0,0.0,0.0,,0.0,0.0,1.0,0.0,80,80
all_rejected,-1,accept_all,0.25,1,0.0,1.0,1.0,1.0,0.0,0.0,1.0,0.0,1.0,0,0
all_rejected,-1,accept_all,0.25,2,0.0,1.0,1.0,0.0,1.0,1.0,1.0,0.0,1.0,0,0
all_rejected,-1,accept_all,0.25,3,0.0,1.0,1.0,0.0,1.0,1.0,1.0,0.0,1.0,0,0
all_rejected,-1,accept_all,0.25,4,0.0,1.0,1.0,0.0,1.0,1.0,1.0,0.0,1.0,0,0
all_rejected,-1,accept_all,0.25,5,0.0,1.0,1.0,0.0,1.0,1.0,1.0,0.0,1.0,0,0
all_rejected,-1,accept_all,0.25,6,0.0,1.0,1.0,0.0,1.0,1.0,1.0,0.0,1.0,0,0
all_rejected,-1,accept_all,0.25,7,0.0,1.0,1.0,0.0,1.0,1.0,1.0,0.0,1.0,0,0
all_rejected,-1,accept_all,0.25,8,0.0,1.0,1.0,0.0,1.0,1.0,1.0,0.0,1.0,0,0
all_rejected,-1,accept_all,0.25,9,0.0,1.0,1.0,0.0,1.0,1.0,1.0,0.0,1.0,0,0
all_rejected,-1,accept_all,0.25,10,0.0,1.0,1.0,0.0,1.0,1.0,1.0,0.0,1.0,0,0
all_rejected,-1,accept_all,0.25,11,0.0,1.0,1.0,0.0,1.0,1.0,1.0,0.0,1.0,0,0
all_rejected,-1,accept_all,0.25,12,0.0,1.0,1.0,0.0,1.0,1.0,1.0,0.0,1.0,0,0
all_rejected,-1,accept_all,0.25,13,0.0,1.0,1.0,0.0,1.0,1.0,1.0,0.0,1.0,0,0
all_rejected,-1,accept_all,0.25,14,0.0,1.0,1.0,0.0,1.0,1.0,1.0,0.0,1.0,0,0
all_rejected,-1,accept_all,0.25,15,0.0,1.0,1.0,0.0,1.0,1.0,1.0,0.0,1.0,0,0
all_rejected,-1,accept_all,0.25,16,0.0,1.0,1.0,0.0,1.0,1.0,1.0,0.0,1.0,0,0
all_rejected,-1,accept_all,0.25,17,0.0,1.0,1.0,0.0,1.0,1.0,1.0,0.0,1.0,0,0
all_rejected,-1,accept_all,0.25,18,0.0,1.0,1.0,0.0,1.0,1.0,1.0,0.0,1.0,0,0
all_rejected,-1,accept_all,0.25,19,0.0,1.0,1.0,0.0,1.0,1.0,1.0,0.0,1.0,0,0
all_rejected,-1,accept_all,0.25,20,0.0,1.0,1.0,0.0,1.0,1.0,1.0,0.0,1.0,0,0
all_rejected,-1,accept_all,0.25,21,0.0,1.0,1.0,0.0,1.0,1.0,1.0,0.0,1.0,0,0
all_rejected,-1,accept_all,0.25,22,0.0,1.0,1.0,0.0,1.0,1.0,1.0,0.0,1.0,0,0
all_rejected,-1,accept_all,0.25,23,0.0,1.0,1.0,0.0,1.0,1.0,1.0,0.0,1.0,0,0
all_rejected,-1,accept_all,0.25,24,0.0,1.0,1.0,0.0,1.0,1.0,1.0,0.0,1.0,0,0
all_rejected,-1,accept_all,0.25,25,0.0,1.0,1.0,0.0,1.0,1.0,1.0,0.0,1.0,0,0
all_rejected,-1,accept_all,0.25,26,0.0,1.0,1.0,0.0,1.0,1.0,1.0,0.0,1.0,0,0
all_rejected,-1,accept_all,0.25,27,0.0,1.0,1.0,0.0,1.0,1.0,1.0,0.0,1.0,0,0
all_rejected,-1,accept_all,0.25,28,0.0,1.0,1.0,0.0,1.0,1.0,1.0,0.0,1.0,0,0
all_rejected,-1,accept_all,0.25,29,0.0,1.0,1.0,0.0,1.0,1.0,1.0,0.0,1.0,0,0
all_rejected,-1,accept_all,0.25,30,0.0,1.0,1.0,0.0,1.0,1.0,1.0,0.0,1.0,0,0
all_rejected,-1,accept_all,0.25,31,0.0,1.0,1.0,0.0,1.0,1.0,1.0,0.0,1.0,0,0
all_rejected,-1,accept_all,0.25,32,0.0,1.0,1.0,0.0,1.0,1.0,1.0,0.0,1.0,0,0
all_rejected,-1,accept_all,0.25,33,0.0,1.0,1.0,0.0,1.0,1.0,1.0,0.0,1.0,0,0
all_rejected,-1,accept_all,0.25,34,0.0,1.0,1.0,0.0,1.0,1.0,1.0,0.0,1.0,0,0
all_rejected,-1,accept_all,0.25,35,0.0,1.0,1.0,0.0,1.0,1.0,1.0,0.0,1.0,0,0
all_rejected,-1,accept_all,0.25,36,0.0,1.0,1.0,0.0,1.0,1.0,1.0,0.0,1.0,0,0
all_rejected,-1,accept_all,0.25,37,0.0,1.0,1.0,0.0,1.0,1.0,1.0,0.0,1.0,0,0
all_rejected,-1,accept_all,0.25,38,0.0,1.0,1.0,0.0,1.0,1.0,1.0,0.0,1.0,0,0
all_rejected,-1,accept_all,0.25,39,0.0,1.0,1.0,0.0,1.0,1.0,1.0,0.0,1.0,0,0
all_rejected,-1,accept_all,0.25,40,0.0,1.0,1.0,0.0,1.0,1.0,1.0,0.0,1.0,0,0
all_rejected,-1,accept_all,0.25,41,0.0,1.0,1.0,0.0,1.0,1.0,1.0,0.0,1.0,0,0
all_rejected,-1,accept_all,0.25,42,0.0,1.0,1.0,0.0,1.0,1.0,1.0,0.0,1.0,0,0
all_rejected,-1,accept_all,0.25,43,0.0,1.0,1.0,0.0,1.0,1.0,1.0,0.0,1.0,0,0
all_rejected,-1,accept_all,0.25,44,0.0,1.0,1.0,0.0,1.0,1.0,1.0,0.0,1.0,0,0
all_rejected,-1,accept_all,0.25,45,0.0,1.0,1.0,0.0,1.0,1.0,1.0,0.0,1.0,0,0
all_rejected,-1,accept_all,0.25,46,0.0,1.0,1.0,0.0,1.0,1.0,1.0,0.0,1.0,0,0
all_rejected,-1,accept_all,0.25,47,0.0,1.0,1.0,0.0,1.0,1.0,1.0,0.0,1.0,0,0
all_rejected,-1,accept_all,0.25,48,0.0,1.0,1.0,0.0,1.0,1.0,1.0,0.0,1.0,0,0
all_rejected,-1,accept_all,0.25,49,0.0,1.0,1.0,0.0,1.0,1.0,1.0,0.0,1.0,0,0
all_rejected,-1,accept_all,0.25,50,0.0,1.0,1.0,0.0,1.0,1.0,1.0,0.0,1.0,0,0
all_rejected,-1,accept_all,0.25,51,0.0,1.0,1.0,0.0,1.0,1.0,1.0,0.0,1.0,0,0
all_rejected,-1,accept_all,0.25,52,0.0,1.0,1.0,0.0,1.0,1.0,1.0,0.0,1.0,0,0
all_rejected,-1,accept_all,0.25,53,0.0,1.0,1.0,0.0,1.0,1.0,1.0,0.0,1.0,0,0
all_rejected,-1,accept_all,0.25,54,0.0,1.0,1.0,0.0,1.0,1.0,1.0,0.0,1.0,0,0
all_rejected,-1,accept_all,0.25,55,0.0,1.0,1.0,0.0,1.0,1.0,1.0,0.0,1.0,0,0
all_rejected,-1,accept_all,0.25,56,0.0,1.0,1.0,0.0,1.0,1.0,1.0,0.0,1.0,0,0
all_rejected,-1,accept_all,0.25,57,0.0,1.0,1.0,0.0,1.0,1.0,1.0,0.0,1.0,0,0
all_rejected,-1,accept_all,0.25,58,0.0,1.0,1.0,0.0,1.0,1.0,1.0,0.0,1.0,0,0
all_rejected,-1,accept_all,0.25,59,0.0,1.0,1.0,0.0,1.0,1.0,1.0,0.0,1.0,0,0
all_rejected,-1,accept_all,0.25,60,0.0,1.0,1.0,0.0,1.0,1.0,1.0,0.0,1.0,0,0
all_rejected,-1,accept_all,0.25,61,0.0,1.0,1.0,0.0,1.0,1.0,1.0,0.0,1.0,0,0
all_rejected,-1,accept_all,0.25,62,0.0,1.0,1.0,0.0,1.0,1.0,1.0,0.0,1.0,0,0
all_rejected,-1,accept_all,0.25,63,0.0,1.0,1.0,0.0,1.0,1.0,1.0,0.0,1.0,0,0
all_rejected,-1,accept_all,0.25,64,0.0,1.0,1.0,0.0,1.0,1.0,1.0,0.0,1.0,0,0
all_rejected,-1,accept_all,0.25,65,0.0,1.0,1.0,0.0,1.0,1.0,1.0,0.0,1.0,0,0
all_rejected,-1,accept_all,0.25,66,0.0,1.0,1.0,0.0,1.0,1.0,1.0,0.0,1.0,0,0
all_rejected,-1,accept_all,0.25,67,0.0,1.0,1.0,0.0,1.0,1.0,1.0,0.0,1.0,0,0
all_rejected,-1,accept_all,0.25,68,0.0,1.0,1.0,0.0,1.0,1.0,1.0,0.0,1.0,0,0
all_rejected,-1,accept_all,0.25,69,0.0,1.0,1.0,0.0,1.0,1.0,1.0,0.0,1.0,0,0
all_rejected,-1,accept_all,0.25,70,0.0,1.0,1.0,0.0,1.0,1.0,1.0,0.0,1.0,0,0
all_rejected,-1,accept_all,0.25,71,0.0,1.0,1.0,0.0,1.0,1.0,1.0,0.0,1.0,0,0
all_rejected,-1,accept_all,0.25,72,0.0,1.0,1.0,0.0,1.0,1.0,1.0,0.0,1.0,0,0
all_rejected,-1,accept_all,0.25,73,0.0,1.0,1.0,0.0,1.0,1.0,1.0,0.0,1.0,0,0
all_rejected,-1,accept_all,0.25,74,0.0,1.0,1.0,0.0,1.0,1.0,1.0,0.0,1.0,0,0
all_rejected,-1,accept_all,0.25,75,0.0,1.0,1.0,0.0,1.0,1.0,1.0,0.0,1.0,0,0
all_rejected,-1,accept_all,0.25,76,0.0,1.0,1.0,0.0,1.0,1.0,1.0,0.0,1.0,0,0
all_rejected,-1,accept_all,0.25,77,0.0,1.0,1.0,0.0,1.0,1.0,1.0,0.0,1.0,0,0
all_rejected,-1,accept_all,0.25,78,0.0,1.0,1.0,0.0,1.0,1.0,1.0,0.0,1.0,0,0
all_rejected,-1,accept_all,0.25,79,0.0,1.0,1.0,0.0,1.0,1.0,1.0,0.0,1.0,0,0
all_rejected,-1,accept_all,0.25,80,0.0,1.0,1.0,0.0,1.0,1.0,1.0,0.0,1.0,0,0
all_rejected,-1,reference_only,0.25,1,0.0,1.0,1.0,1.0,0.0,0.0,1.0,0.0,1.0,0,0
all_rejected,-1,reference_only,0.25,2,0.0,1.0,1.0,0.0,1.0,1.0,1.0,0.0,1.0,0,0
all_rejected,-1,reference_only,0.25,3,0.0,1.0,1.0,0.0,1.0,1.0,1.0,0.0,1.0,0,0
all_rejected,-1,reference_only,0.25,4,0.0,1.0,1.0,0.0,1.0,1.0,1.0,0.0,1.0,0,0
all_rejected,-1,reference_only,0.25,5,0.0,1.0,1.0,0.0,1.0,1.0,1.0,0.0,1.0,0,0
all_rejected,-1,reference_only,0.25,6,0.0,1.0,1.0,0.0,1.0,1.0,1.0,0.0,1.0,0,0
all_rejected,-1,reference_only,0.25,7,0.0,1.0,1.0,0.0,1.0,1.0,1.0,0.0,1.0,0,0
all_rejected,-1,reference_only,0.25,8,0.0,1.0,1.0,0.0,1.0,1.0,1.0,0.0,1.0,0,0
all_rejected,-1,reference_only,0.25,9,0.0,1.0,1.0,0.0,1.0,1.0,1.0,0.0,1.0,0,0
all_rejected,-1,reference_only,0.25,10,0.0,1.0,1.0,0.0,1.0,1.0,1.0,0.0,1.0,0,0
all_rejected,-1,reference_only,0.25,11,0.0,1.0,1.0,0.0,1.0,1.0,1.0,0.0,1.0,0,0
all_rejected,-1,reference_only,0.25,12,0.0,1.0,1.0,0.0,1.0,1.0,1.0,0.0,1.0,0,0
all_rejected,-1,reference_only,0.25,13,0.0,1.0,1.0,0.0,1.0,1.0,1.0,0.0,1.0,0,0
all_rejected,-1,reference_only,0.25,14,0.0,1.0,1.0,0.0,1.0,1.0,1.0,0.0,1.0,0,0
all_rejected,-1,reference_only,0.25,15,0.0,1.0,1.0,0.0,1.0,1.0,1.0,0.0,1.0,0,0
all_rejected,-1,reference_only,0.25,16,0.0,1.0,1.0,0.0,1.0,1.0,1.0,0.0,1.0,0,0
all_rejected,-1,reference_only,0.25,17,0.0,1.0,1.0,0.0,1.0,1.0,1.0,0.0,1.0,0,0
all_rejected,-1,reference_only,0.25,18,0.0,1.0,1.0,0.0,1.0,1.0,1.0,0.0,1.0,0,0
all_rejected,-1,reference_only,0.25,19,0.0,1.0,1.0,0.0,1.0,1.0,1.0,0.0,1.0,0,0
all_rejected,-1,reference_only,0.25,20,0.0,1.0,1.0,0.0,1.0,1.0,1.0,0.0,1.0,0,0
all_rejected,-1,reference_only,0.25,21,0.0,1.0,1.0,0.0,1.0,1.0,1.0,0.0,1.0,0,0
all_rejected,-1,reference_only,0.25,22,0.0,1.0,1.0,0.0,1.0,1.0,1.0,0.0,1.0,0,0
all_rejected,-1,reference_only,0.25,23,0.0,1.0,1.0,0.0,1.0,1.0,1.0,0.0,1.0,0,0
all_rejected,-1,reference_only,0.25,24,0.0,1.0,1.0,0.0,1.0,1.0,1.0,0.0,1.0,0,0
all_rejected,-1,reference_only,0.25,25,0.0,1.0,1.0,0.0,1.0,1.0,1.0,0.0,1.0,0,0
all_rejected,-1,reference_only,0.25,26,0.0,1.0,1.0,0.0,1.0,1.0,1.0,0.0,1.0,0,0
all_rejected,-1,reference_only,0.25,27,0.0,1.0,1.0,0.0,1.0,1.0,1.0,0.0,1.0,0,0
all_rejected,-1,reference_only,0.25,28,0.0,1.0,1.0,0.0,1.0,1.0,1.0,0.0,1.0,0,0
all_rejected,-1,reference_only,0.25,29,0.0,1.0,1.0,0.0,1.0,1.0,1.0,0.0,1.0,0,0
all_rejected,-1,reference_only,0.25,30,0.0,1.0,1.0,0.0,1.0,1.0,1.0,0.0,1.0,0,0
all_rejected,-1,reference_only,0.25,31,0.0,1.0,1.0,0.0,1.0,1.0,1.0,0.0,1.0,0,0
all_rejected,-1,reference_only,0.25,32,0.0,1.0,1.0,0.0,1.0,1.0,1.0,0.0,1.0,0,0
all_rejected,-1,reference_only,0.25,33,0.0,1.0,1.0,0.0,1.0,1.0,1.0,0.0,1.0,0,0
all_rejected,-1,reference_only,0.25,34,0.0,1.0,1.0,0.0,1.0,1.0,1.0,0.0,1.0,0,0
all_rejected,-1,reference_only,0.25,35,0.0,1.0,1.0,0.0,1.0,1.0,1.0,0.0,1.0,0,0
all_rejected,-1,reference_only,0.25,36,0.0,1.0,1.0,0.0,1.0,1.0,1.0,0.0,1.0,0,0
all_rejected,-1,reference_only,0.25,37,0.0,1.0,1.0,0.0,1.0,1.0,1.0,0.0,1.0,0,0
all_rejected,-1,reference_only,0.25,38,0.0,1.0,1.0,0.0,1.0,1.0,1.0,0.0,1.0,0,0
all_rejected,-1,reference_only,0.25,39,0.0,1.0,1.0,0.0,1.0,1.0,1.0,0.0,1.0,0,0
all_rejected,-1,reference_only,0.25,40,0.0,1.0,1.0,0.0,1.0,1.0,1.0,0.0,1.0,0,0
all_rejected,-1,reference_only,0.25,41,0.0,1.0,1.0,0.0,1.0,1.0,1.0,0.0,1.0,0,0
all_rejected,-1,reference_only,0.25,42,0.0,1.0,1.0,0.0,1.0,1.0,1.0,0.0,1.0,0,0
all_rejected,-1,reference_only,0.25,43,0.0,1.0,1.0,0.0,1.0,1.0,1.0,0.0,1.0,0,0
all_rejected,-1,reference_only,0.25,44,0.0,1.0,1.0,0.0,1.0,1.0,1.0,0.0,1.0,0,0
all_rejected,-1,reference_only,0.25,45,0.0,1.0,1.0,0.0,1.0,1.0,1.0,0.0,1.0,0,0
all_rejected,-1,reference_only,0.25,46,0.0,1.0,1.0,0.0,1.0,1.0,1.0,0.0,1.0,0,0
all_rejected,-1,reference_only,0.25,47,0.0,1.0,1.0,0.0,1.0,1.0,1.0,0.0,1.0,0,0
all_rejected,-1,reference_only,0.25,48,0.0,1.0,1.0,0.0,1.0,1.0,1.0,0.0,1.0,0,0
all_rejected,-1,reference_only,0.25,49,0.0,1.0,1.0,0.0,1.0,1.0,1.0,0.0,1.0,0,0
all_rejected,-1,reference_only,0.25,50,0.0,1.0,1.0,0.0,1.0,1.0,1.0,0.0,1.0,0,0
all_rejected,-1,reference_only,0.25,51,0.0,1.0,1.0,0.0,1.0,1.0,1.0,0.0,1.0,0,0
all_rejected,-1,reference_only,0.25,52,0.0,1.0,1.0,0.0,1.0,1.0,1.0,0.0,1.0,0,0
all_rejected,-1,reference_only,0.25,53,0.0,1.0,1.0,0.0,1.0,1.0,1.0,0.0,1.0,0,0
all_rejected,-1,reference_only,0.25,54,0.0,1.0,1.0,0.0,1.0,1.0,1.0,0.0,1.0,0,0
all_rejected,-1,reference_only,0.25,55,0.0,1.0,1.0,0.0,1.0,1.0,1.0,0.0,1.0,0,0
all_rejected,-1,reference_only,0.25,56,0.0,1.0,1.0,0.0,1.0,1.0,1.0,0.0,1.0,0,0
all_rejected,-1,reference_only,0.25,57,0.0,1.0,1.0,0.0,1.0,1.0,1.0,0.0,1.0,0,0
all_rejected,-1,reference_only,0.25,58,0.0,1.0,1.0,0.0,1.0,1.0,1.0,0.0,1.0,0,0
all_rejected,-1,reference_only,0.25,59,0.0,1.0,1.0,0.0,1.0,1.0,1.0,0.0,1.0,0,0
all_rejected,-1,reference_only,0.25,60,0.0,1.0,1.0,0.0,1.0,1.0,1.0,0.0,1.0,0,0
all_rejected,-1,reference_only,0.25,61,0.0,1.0,1.0,0.0,1.0,1.0,1.0,0.0,1.0,0,0
all_rejected,-1,reference_only,0.25,62,0.0,1.0,1.0,0.0,1.0,1.0,1.0,0.0,1.0,0,0
all_rejected,-1,reference_only,0.25,63,0.0,1.0,1.0,0.0,1.0,1.0,1.0,0.0,1.0,0,0
all_rejected,-1,reference_only,0.25,64,0.0,1.0,1.0,0.0,1.0,1.0,1.0,0.0,1.0,0,0
all_rejected,-1,reference_only,0.25,65,0.0,1.0,1.0,0.0,1.0,1.0,1.0,0.0,1.0,0,0
all_rejected,-1,reference_only,0.25,66,0.0,1.0,1.0,0.0,1.0,1.0,1.0,0.0,1.0,0,0
all_rejected,-1,reference_only,0.25,67,0.0,1.0,1.0,0.0,1.0,1.0,1.0,0.0,1.0,0,0
all_rejected,-1,reference_only,0.25,68,0.0,1.0,1.0,0.0,1.0,1.0,1.0,0.0,1.0,0,0
all_rejected,-1,reference_only,0.25,69,0.0,1.0,1.0,0.0,1.0,1.0,1.0,0.0,1.0,0,0
all_rejected,-1,reference_only,0.25,70,0.0,1.0,1.0,0.0,1.0,1.0,1.0,0.0,1.0,0,0
all_rejected,-1,reference_only,0.25,71,0.0,1.0,1.0,0.0,1.0,1.0,1.0,0.0,1.0,0,0
all_rejected,-1,reference_only,0.25,72,0.0,1.0,1.0,0.0,1.0,1.0,1.0,0.0,1.0,0,0
all_rejected,-1,reference_only,0.25,73,0.0,1.0,1.0,0.0,1.0,1.0,1.0,0.0,1.0,0,0
all_rejected,-1,reference_only,0.25,74,0.0,1.0,1.0,0.0,1.0,1.0,1.0,0.0,1.0,0,0
all_rejected,-1,reference_only,0.25,75,0.0,1.0,1.0,0.0,1.0,1.0,1.0,0.0,1.0,0,0
all_rejected,-1,reference_only,0.25,76,0.0,1.0,1.0,0.0,1.0,1.0,1.0,0.0,1.0,0,0
all_rejected,-1,reference_only,0.25,77,0.0,1.0,1.0,0.0,1.0,1.0,1.0,0.0,1.0,0,0
all_rejected,-1,reference_only,0.25,78,0.0,1.0,1.0,0.0,1.0,1.0,1.0,0.0,1.0,0,0
all_rejected,-1,reference_only,0.25,79,0.0,1.0,1.0,0.0,1.0,1.0,1.0,0.0,1.0,0,0
all_rejected,-1,reference_only,0.25,80,0.0,1.0,1.0,0.0,1.0,1.0,1.0,0.0,1.0,0,0
all_rejected,-1,gated,1.0,1,0.0,1.0,1.0,1.0,0.0,0.0,1.0,0.0,1.0,0,0
all_rejected,-1,gated,1.0,2,0.0,1.0,1.0,0.0,1.0,1.0,1.0,0.0,1.0,0,0
all_rejected,-1,gated,1.0,3,0.0,1.0,1.0,0.0,1.0,1.0,1.0,0.0,1.0,0,0
all_rejected,-1,gated,1.0,4,0.0,1.0,1.0,0.0,1.0,1.0,1.0,0.0,1.0,0,0
all_rejected,-1,gated,1.0,5,0.0,1.0,1.0,0.0,1.0,1.0,1.0,0.0,1.0,0,0
all_rejected,-1,gated,1.0,6,0.0,1.0,1.0,0.0,1.0,1.0,1.0,0.0,1.0,0,0
all_rejected,-1,gated,1.0,7,0.0,1.0,1.0,0.0,1.0,1.0,1.0,0.0,1.0,0,0
all_rejected,-1,gated,1.0,8,0.0,1.0,1.0,0.0,1.0,1.0,1.0,0.0,1.0,0,0
all_rejected,-1,gated,1.0,9,0.0,1.0,1.0,0.0,1.0,1.0,1.0,0.0,1.0,0,0
all_rejected,-1,gated,1.0,10,0.0,1.0,1.0,0.0,1.0,1.0,1.0,0.0,1.0,0,0
all_rejected,-1,gated,1.0,11,0.0,1.0,1.0,0.0,1.0,1.0,1.0,0.0,1.0,0,0
all_rejected,-1,gated,1.0,12,0.0,1.0,1.0,0.0,1.0,1.0,1.0,0.0,1.0,0,0
all_rejected,-1,gated,1.0,13,0.0,1.0,1.0,0.0,1.0,1.0,1.0,0.0,1.0,0,0
all_rejected,-1,gated,1.0,14,0.0,1.0,1.0,0.0,1.0,1.0,1.0,0.0,1.0,0,0
all_rejected,-1,gated,1.0,15,0.0,1.0,1.0,0.0,1.0,1.0,1.0,0.0,1.0,0,0
all_rejected,-1,gated,1.0,16,0.0,1.0,1.0,0.0,1.0,1.0,1.0,0.0,1.0,0,0
all_rejected,-1,gated,1.0,17,0.0,1.0,1.0,0.0,1.0,1.0,1.0,0.0,1.0,0,0
all_rejected,-1,gated,1.0,18,0.0,1.0,1.0,0.0,1.0,1.0,1.0,0.0,1.0,0,0
all_rejected,-1,gated,1.0,19,0.0,1.0,1.0,0.0,1.0,1.0,1.0,0.0,1.0,0,0
all_rejected,-1,gated,1.0,20,0.0,1.0,1.0,0.0,1.0,1.0,1.0,0.0,1.0,0,0
all_rejected,-1,gated,1.0,21,0.0,1.0,1.0,0.0,1.0,1.0,1.0,0.0,1.0,0,0
all_rejected,-1,gated,1.0,22,0.0,1.0,1.0,0.0,1.0,1.0,1.0,0.0,1.0,0,0
all_rejected,-1,gated,1.0,23,0.0,1.0,1.0,0.0,1.0,1.0,1.0,0.0,1.0,0,0
all_rejected,-1,gated,1.0,24,0.0,1.0,1.0,0.0,1.0,1.0,1.0,0.0,1.0,0,0
all_rejected,-1,gated,1.0,25,0.0,1.0,1.0,0.0,1.0,1.0,1.0,0.0,1.0,0,0
all_rejected,-1,gated,1.0,26,0.0,1.0,1.0,0.0,1.0,1.0,1.0,0.0,1.0,0,0
all_rejected,-1,gated,1.0,27,0.0,1.0,1.0,0.0,1.0,1.0,1.0,0.0,1.0,0,0
all_rejected,-1,gated,1.0,28,0.0,1.0,1.0,0.0,1.0,1.0,1.0,0.0,1.0,0,0
all_rejected,-1,gated,1.0,29,0.0,1.0,1.0,0.0,1.0,1.0,1.0,0.0,1.0,0,0
all_rejected,-1,gated,1.0,30,0.0,1.0,1.0,0.0,1.0,1.0,1.0,0.0,1.0,0,0
all_rejected,-1,gated,1.0,31,0.0,1.0,1.0,0.0,1.0,1.0,1.0,0.0,1.0,0,0
all_rejected,-1,gated,1.0,32,0.0,1.0,1.0,0.0,1.0,1.0,1.0,0.0,1.0,0,0
all_rejected,-1,gated,1.0,33,0.0,1.0,1.0,0.0,1.0,1.0,1.0,0.0,1.0,0,0
all_rejected,-1,gated,1.0,34,0.0,1.0,1.0,0.0,1.0,1.0,1.0,0.0,1.0,0,0
all_rejected,-1,gated,1.0,35,0.0,1.0,1.0,0.0,1.0,1.0,1.0,0.0,1.0,0,0
all_rejected,-1,gated,1.0,36,0.0,1.0,1.0,0.0,1.0,1.0,1.0,0.0,1.0,0,0
all_rejected,-1,gated,1.0,37,0.0,1.0,1.0,0.0,1.0,1.0,1.0,0.0,1.0,0,0
all_rejected,-1,gated,1.0,38,0.0,1.0,1.0,0.0,1.0,1.0,1.0,0.0,1.0,0,0
all_rejected,-1,gated,1.0,39,0.0,1.0,1.0,0.0,1.0,1.0,1.0,0.0,1.0,0,0
all_rejected,-1,gated,1.0,40,0.0,1.0,1.0,0.0,1.0,1.0,1.0,0.0,1.0,0,0
all_rejected,-1,gated,1.0,41,0.0,1.0,1.0,0.0,1.0,1.0,1.0,0.0,1.0,0,0
all_rejected,-1,gated,1.0,42,0.0,1.0,1.0,0.0,1.0,1.0,1.0,0.0,1.0,0,0
all_rejected,-1,gated,1.0,43,0.0,1.0,1.0,0.0,1.0,1.0,1.0,0.0,1.0,0,0
all_rejected,-1,gated,1.0,44,0.0,1.0,1.0,0.0,1.0,1.0,1.0,0.0,1.0,0,0
all_rejected,-1,gated,1.0,45,0.0,1.0,1.0,0.0,1.0,1.0,1.0,0.0,1.0,0,0
all_rejected,-1,gated,1.0,46,0.0,1.0,1.0,0.0,1.0,1.0,1.0,0.0,1.0,0,0
all_rejected,-1,gated,1.0,47,0.0,1.0,1.0,0.0,1.0,1.0,1.0,0.0,1.0,0,0
all_rejected,-1,gated,1.0,48,0.0,1.0,1.0,0.0,1.0,1.0,1.0,0.0,1.0,0,0
all_rejected,-1,gated,1.0,49,0.0,1.0,1.0,0.0,1.0,1.0,1.0,0.0,1.0,0,0
all_rejected,-1,gated,1.0,50,0.0,1.0,1.0,0.0,1.0,1.0,1.0,0.0,1.0,0,0
all_rejected,-1,gated,1.0,51,0.0,1.0,1.0,0.0,1.0,1.0,1.0,0.0,1.0,0,0
all_rejected,-1,gated,1.0,52,0.0,1.0,1.0,0.0,1.0,1.0,1.0,0.0,1.0,0,0
all_rejected,-1,gated,1.0,53,0.0,1.0,1.0,0.0,1.0,1.0,1.0,0.0,1.0,0,0
all_rejected,-1,gated,1.0,54,0.0,1.0,1.0,0.0,1.0,1.0,1.0,0.0,1.0,0,0
all_rejected,-1,gated,1.0,55,0.0,1.0,1.0,0.0,1.0,1.0,1.0,0.0,1.0,0,0
all_rejected,-1,gated,1.0,56,0.0,1.0,1.0,0.0,1.0,1.0,1.0,0.0,1.0,0,0
all_rejected,-1,gated,1.0,57,0.0,1.0,1.0,0.0,1.0,1.0,1.0,0.0,1.0,0,0
all_rejected,-1,gated,1.0,58,0.0,1.0,1.0,0.0,1.0,1.0,1.0,0.0,1.0,0,0
all_rejected,-1,gated,1.0,59,0.0,1.0,1.0,0.0,1.0,1.0,1.0,0.0,1.0,0,0
all_rejected,-1,gated,1.0,60,0.0,1.0,1.0,0.0,1.0,1.0,1.0,0.0,1.0,0,0
all_rejected,-1,gated,1.0,61,0.0,1.0,1.0,0.0,1.0,1.0,1.0,0.0,1.0,0,0
all_rejected,-1,gated,1.0,62,0.0,1.0,1.0,0.0,1.0,1.0,1.0,0.0,1.0,0,0
all_rejected,-1,gated,1.0,63,0.0,1.0,1.0,0.0,1.0,1.0,1.0,0.0,1.0,0,0
all_rejected,-1,gated,1.0,64,0.0,1.0,1.0,0.0,1.0,1.0,1.0,0.0,1.0,0,0
all_rejected,-1,gated,1.0,65,0.0,1.0,1.0,0.0,1.0,1.0,1.0,0.0,1.0,0,0
all_rejected,-1,gated,1.0,66,0.0,1.0,1.0,0.0,1.0,1.0,1.0,0.0,1.0,0,0
all_rejected,-1,gated,1.0,67,0.0,1.0,1.0,0.0,1.0,1.0,1.0,0.0,1.0,0,0
all_rejected,-1,gated,1.0,68,0.0,1.0,1.0,0.0,1.0,1.0,1.0,0.0,1.0,0,0
all_rejected,-1,gated,1.0,69,0.0,1.0,1.0,0.0,1.0,1.0,1.0,0.0,1.0,0,0
all_rejected,-1,gated,1.0,70,0.0,1.0,1.0,0.0,1.0,1.0,1.0,0.0,1.0,0,0
all_rejected,-1,gated,1.0,71,0.0,1.0,1.0,0.0,1.0,1.0,1.0,0.0,1.0,0,0
all_rejected,-1,gated,1.0,72,0.0,1.0,1.0,0.0,1.0,1.0,1.0,0.0,1.0,0,0
all_rejected,-1,gated,1.0,73,0.0,1.0,1.0,0.0,1.0,1.0,1.0,0.0,1.0,0,0
all_rejected,-1,gated,1.0,74,0.0,1.0,1.0,0.0,1.0,1.0,1.0,0.0,1.0,0,0
all_rejected,-1,gated,1.0,75,0.0,1.0,1.0,0.0,1.0,1.0,1.0,0.0,1.0,0,0
all_rejected,-1,gated,1.0,76,0.0,1.0,1.0,0.0,1.0,1.0,1.0,0.0,1.0,0,0
all_rejected,-1,gated,1.0,77,0.0,1.0,1.0,0.0,1.0,1.0,1.0,0.0,1.0,0,0
all_rejected,-1,gated,1.0,78,0.0,1.0,1.0,0.0,1.0,1.0,1.0,0.0,1.0,0,0
all_rejected,-1,gated,1.0,79,0.0,1.0,1.0,0.0,1.0,1.0,1.0,0.0,1.0,0,0
all_rejected,-1,gated,1.0,80,0.0,1.0,1.0,0.0,1.0,1.0,1.0,0.0,1.0,0,0
all_rejected,-1,accept_all,1.0,1,0.0,1.0,1.0,1.0,0.0,0.0,1.0,0.0,1.0,0,0
all_rejected,-1,accept_all,1.0,2,0.0,1.0,1.0,0.0,1.0,1.0,1.0,0.0,1.0,0,0
all_rejected,-1,accept_all,1.0,3,0.0,1.0,1.0,0.0,1.0,1.0,1.0,0.0,1.0,0,0
all_rejected,-1,accept_all,1.0,4,0.0,1.0,1.0,0.0,1.0,1.0,1.0,0.0,1.0,0,0
all_rejected,-1,accept_all,1.0,5,0.0,1.0,1.0,0.0,1.0,1.0,1.0,0.0,1.0,0,0
all_rejected,-1,accept_all,1.0,6,0.0,1.0,1.0,0.0,1.0,1.0,1.0,0.0,1.0,0,0
all_rejected,-1,accept_all,1.0,7,0.0,1.0,1.0,0.0,1.0,1.0,1.0,0.0,1.0,0,0
all_rejected,-1,accept_all,1.0,8,0.0,1.0,1.0,0.0,1.0,1.0,1.0,0.0,1.0,0,0
all_rejected,-1,accept_all,1.0,9,0.0,1.0,1.0,0.0,1.0,1.0,1.0,0.0,1.0,0,0
all_rejected,-1,accept_all,1.0,10,0.0,1.0,1.0,0.0,1.0,1.0,1.0,0.0,1.0,0,0
all_rejected,-1,accept_all,1.0,11,0.0,1.0,1.0,0.0,1.0,1.0,1.0,0.0,1.0,0,0
all_rejected,-1,accept_all,1.0,12,0.0,1.0,1.0,0.0,1.0,1.0,1.0,0.0,1.0,0,0
all_rejected,-1,accept_all,1.0,13,0.0,1.0,1.0,0.0,1.0,1.0,1.0,0.0,1.0,0,0
all_rejected,-1,accept_all,1.0,14,0.0,1.0,1.0,0.0,1.0,1.0,1.0,0.0,1.0,0,0
all_rejected,-1,accept_all,1.0,15,0.0,1.0,1.0,0.0,1.0,1.0,1.0,0.0,1.0,0,0
all_rejected,-1,accept_all,1.0,16,0.0,1.0,1.0,0.0,1.0,1.0,1.0,0.0,1.0,0,0
all_rejected,-1,accept_all,1.0,17,0.0,1.0,1.0,0.0,1.0,1.0,1.0,0.0,1.0,0,0
all_rejected,-1,accept_all,1.0,18,0.0,1.0,1.0,0.0,1.0,1.0,1.0,0.0,1.0,0,0
all_rejected,-1,accept_all,1.0,19,0.0,1.0,1.0,0.0,1.0,1.0,1.0,0.0,1.0,0,0
all_rejected,-1,accept_all,1.0,20,0.0,1.0,1.0,0.0,1.0,1.0,1.0,0.0,1.0,0,0
all_rejected,-1,accept_all,1.0,21,0.0,1.0,1.0,0.0,1.0,1.0,1.0,0.0,1.0,0,0
all_rejected,-1,accept_all,1.0,22,0.0,1.0,1.0,0.0,1.0,1.0,1.0,0.0,1.0,0,0
all_rejected,-1,accept_all,1.0,23,0.0,1.0,1.0,0.0,1.0,1.0,1.0,0.0,1.0,0,0
all_rejected,-1,accept_all,1.0,24,0.0,1.0,1.0,0.0,1.0,1.0,1.0,0.0,1.0,0,0
all_rejected,-1,accept_all,1.0,25,0.0,1.0,1.0,0.0,1.0,1.0,1.0,0.0,1.0,0,0
all_rejected,-1,accept_all,1.0,26,0.0,1.0,1.0,0.0,1.0,1.0,1.0,0.0,1.0,0,0
all_rejected,-1,accept_all,1.0,27,0.0,1.0,1.0,0.0,1.0,1.0,1.0,0.0,1.0,0,0
all_rejected,-1,accept_all,1.0,28,0.0,1.0,1.0,0.0,1.0,1.0,1.0,0.0,1.0,0,0
all_rejected,-1,accept_all,1.0,29,0.0,1.0,1.0,0.0,1.0,1.0,1.0,0.0,1.0,0,0
all_rejected,-1,accept_all,1.0,30,0.0,1.0,1.0,0.0,1.0,1.0,1.0,0.0,1.0,0,0
all_rejected,-1,accept_all,1.0,31,0.0,1.0,1.0,0.0,1.0,1.0,1.0,0.0,1.0,0,0
all_rejected,-1,accept_all,1.0,32,0.0,1.0,1.0,0.0,1.0,1.0,1.0,0.0,1.0,0,0
all_rejected,-1,accept_all,1.0,33,0.0,1.0,1.0,0.0,1.0,1.0,1.0,0.0,1.0,0,0
all_rejected,-1,accept_all,1.0,34,0.0,1.0,1.0,0.0,1.0,1.0,1.0,0.0,1.0,0,0
all_rejected,-1,accept_all,1.0,35,0.0,1.0,1.0,0.0,1.0,1.0,1.0,0.0,1.0,0,0
all_rejected,-1,accept_all,1.0,36,0.0,1.0,1.0,0.0,1.0,1.0,1.0,0.0,1.0,0,0
all_rejected,-1,accept_all,1.0,37,0.0,1.0,1.0,0.0,1.0,1.0,1.0,0.0,1.0,0,0
all_rejected,-1,accept_all,1.0,38,0.0,1.0,1.0,0.0,1.0,1.0,1.0,0.0,1.0,0,0
all_rejected,-1,accept_all,1.0,39,0.0,1.0,1.0,0.0,1.0,1.0,1.0,0.0,1.0,0,0
all_rejected,-1,accept_all,1.0,40,0.0,1.0,1.0,0.0,1.0,1.0,1.0,0.0,1.0,0,0
all_rejected,-1,accept_all,1.0,41,0.0,1.0,1.0,0.0,1.0,1.0,1.0,0.0,1.0,0,0
all_rejected,-1,accept_all,1.0,42,0.0,1.0,1.0,0.0,1.0,1.0,1.0,0.0,1.0,0,0
all_rejected,-1,accept_all,1.0,43,0.0,1.0,1.0,0.0,1.0,1.0,1.0,0.0,1.0,0,0
all_rejected,-1,accept_all,1.0,44,0.0,1.0,1.0,0.0,1.0,1.0,1.0,0.0,1.0,0,0
all_rejected,-1,accept_all,1.0,45,0.0,1.0,1.0,0.0,1.0,1.0,1.0,0.0,1.0,0,0
all_rejected,-1,accept_all,1.0,46,0.0,1.0,1.0,0.0,1.0,1.0,1.0,0.0,1.0,0,0
all_rejected,-1,accept_all,1.0,47,0.0,1.0,1.0,0.0,1.0,1.0,1.0,0.0,1.0,0,0
all_rejected,-1,accept_all,1.0,48,0.0,1.0,1.0,0.0,1.0,1.0,1.0,0.0,1.0,0,0
all_rejected,-1,accept_all,1.0,49,0.0,1.0,1.0,0.0,1.0,1.0,1.0,0.0,1.0,0,0
all_rejected,-1,accept_all,1.0,50,0.0,1.0,1.0,0.0,1.0,1.0,1.0,0.0,1.0,0,0
all_rejected,-1,accept_all,1.0,51,0.0,1.0,1.0,0.0,1.0,1.0,1.0,0.0,1.0,0,0
all_rejected,-1,accept_all,1.0,52,0.0,1.0,1.0,0.0,1.0,1.0,1.0,0.0,1.0,0,0
all_rejected,-1,accept_all,1.0,53,0.0,1.0,1.0,0.0,1.0,1.0,1.0,0.0,1.0,0,0
all_rejected,-1,accept_all,1.0,54,0.0,1.0,1.0,0.0,1.0,1.0,1.0,0.0,1.0,0,0
all_rejected,-1,accept_all,1.0,55,0.0,1.0,1.0,0.0,1.0,1.0,1.0,0.0,1.0,0,0
all_rejected,-1,accept_all,1.0,56,0.0,1.0,1.0,0.0,1.0,1.0,1.0,0.0,1.0,0,0
all_rejected,-1,accept_all,1.0,57,0.0,1.0,1.0,0.0,1.0,1.0,1.0,0.0,1.0,0,0
all_rejected,-1,accept_all,1.0,58,0.0,1.0,1.0,0.0,1.0,1.0,1.0,0.0,1.0,0,0
all_rejected,-1,accept_all,1.0,59,0.0,1.0,1.0,0.0,1.0,1.0,1.0,0.0,1.0,0,0
all_rejected,-1,accept_all,1.0,60,0.0,1.0,1.0,0.0,1.0,1.0,1.0,0.0,1.0,0,0
all_rejected,-1,accept_all,1.0,61,0.0,1.0,1.0,0.0,1.0,1.0,1.0,0.0,1.0,0,0
all_rejected,-1,accept_all,1.0,62,0.0,1.0,1.0,0.0,1.0,1.0,1.0,0.0,1.0,0,0
all_rejected,-1,accept_all,1.0,63,0.0,1.0,1.0,0.0,1.0,1.0,1.0,0.0,1.0,0,0
all_rejected,-1,accept_all,1.0,64,0.0,1.0,1.0,0.0,1.0,1.0,1.0,0.0,1.0,0,0
all_rejected,-1,accept_all,1.0,65,0.0,1.0,1.0,0.0,1.0,1.0,1.0,0.0,1.0,0,0
all_rejected,-1,accept_all,1.0,66,0.0,1.0,1.0,0.0,1.0,1.0,1.0,0.0,1.0,0,0
all_rejected,-1,accept_all,1.0,67,0.0,1.0,1.0,0.0,1.0,1.0,1.0,0.0,1.0,0,0
all_rejected,-1,accept_all,1.0,68,0.0,1.0,1.0,0.0,1.0,1.0,1.0,0.0,1.0,0,0
all_rejected,-1,accept_all,1.0,69,0.0,1.0,1.0,0.0,1.0,1.0,1.0,0.0,1.0,0,0
all_rejected,-1,accept_all,1.0,70,0.0,1.0,1.0,0.0,1.0,1.0,1.0,0.0,1.0,0,0
all_rejected,-1,accept_all,1.0,71,0.0,1.0,1.0,0.0,1.0,1.0,1.0,0.0,1.0,0,0
all_rejected,-1,accept_all,1.0,72,0.0,1.0,1.0,0.0,1.0,1.0,1.0,0.0,1.0,0,0
all_rejected,-1,accept_all,1.0,73,0.0,1.0,1.0,0.0,1.0,1.0,1.0,0.0,1.0,0,0
all_rejected,-1,accept_all,1.0,74,0.0,1.0,1.0,0.0,1.0,1.0,1.0,0.0,1.0,0,0
all_rejected,-1,accept_all,1.0,75,0.0,1.0,1.0,0.0,1.0,1.0,1.0,0.0,1.0,0,0
all_rejected,-1,accept_all,1.0,76,0.0,1.0,1.0,0.0,1.0,1.0,1.0,0.0,1.0,0,0
all_rejected,-1,accept_all,1.0,77,0.0,1.0,1.0,0.0,1.0,1.0,1.0,0.0,1.0,0,0
all_rejected,-1,accept_all,1.0,78,0.0,1.0,1.0,0.0,1.0,1.0,1.0,0.0,1.0,0,0
all_rejected,-1,accept_all,1.0,79,0.0,1.0,1.0,0.0,1.0,1.0,1.0,0.0,1.0,0,0
all_rejected,-1,accept_all,1.0,80,0.0,1.0,1.0,0.0,1.0,1.0,1.0,0.0,1.0,0,0
all_rejected,-1,reference_only,1.0,1,0.0,1.0,1.0,1.0,0.0,0.0,1.0,0.0,1.0,0,0
all_rejected,-1,reference_only,1.0,2,0.0,1.0,1.0,0.0,1.0,1.0,1.0,0.0,1.0,0,0
all_rejected,-1,reference_only,1.0,3,0.0,1.0,1.0,0.0,1.0,1.0,1.0,0.0,1.0,0,0
all_rejected,-1,reference_only,1.0,4,0.0,1.0,1.0,0.0,1.0,1.0,1.0,0.0,1.0,0,0
all_rejected,-1,reference_only,1.0,5,0.0,1.0,1.0,0.0,1.0,1.0,1.0,0.0,1.0,0,0
all_rejected,-1,reference_only,1.0,6,0.0,1.0,1.0,0.0,1.0,1.0,1.0,0.0,1.0,0,0
all_rejected,-1,reference_only,1.0,7,0.0,1.0,1.0,0.0,1.0,1.0,1.0,0.0,1.0,0,0
all_rejected,-1,reference_only,1.0,8,0.0,1.0,1.0,0.0,1.0,1.0,1.0,0.0,1.0,0,0
all_rejected,-1,reference_only,1.0,9,0.0,1.0,1.0,0.0,1.0,1.0,1.0,0.0,1.0,0,0
all_rejected,-1,reference_only,1.0,10,0.0,1.0,1.0,0.0,1.0,1.0,1.0,0.0,1.0,0,0
all_rejected,-1,reference_only,1.0,11,0.0,1.0,1.0,0.0,1.0,1.0,1.0,0.0,1.0,0,0
all_rejected,-1,reference_only,1.0,12,0.0,1.0,1.0,0.0,1.0,1.0,1.0,0.0,1.0,0,0
all_rejected,-1,reference_only,1.0,13,0.0,1.0,1.0,0.0,1.0,1.0,1.0,0.0,1.0,0,0
all_rejected,-1,reference_only,1.0,14,0.0,1.0,1.0,0.0,1.0,1.0,1.0,0.0,1.0,0,0
all_rejected,-1,reference_only,1.0,15,0.0,1.0,1.0,0.0,1.0,1.0,1.0,0.0,1.0,0,0
all_rejected,-1,reference_only,1.0,16,0.0,1.0,1.0,0.0,1.0,1.0,1.0,0.0,1.0,0,0
all_rejected,-1,reference_only,1.0,17,0.0,1.0,1.0,0.0,1.0,1.0,1.0,0.0,1.0,0,0
all_rejected,-1,reference_only,1.0,18,0.0,1.0,1.0,0.0,1.0,1.0,1.0,0.0,1.0,0,0
all_rejected,-1,reference_only,1.0,19,0.0,1.0,1.0,0.0,1.0,1.0,1.0,0.0,1.0,0,0
all_rejected,-1,reference_only,1.0,20,0.0,1.0,1.0,0.0,1.0,1.0,1.0,0.0,1.0,0,0
all_rejected,-1,reference_only,1.0,21,0.0,1.0,1.0,0.0,1.0,1.0,1.0,0.0,1.0,0,0
all_rejected,-1,reference_only,1.0,22,0.0,1.0,1.0,0.0,1.0,1.0,1.0,0.0,1.0,0,0
all_rejected,-1,reference_only,1.0,23,0.0,1.0,1.0,0.0,1.0,1.0,1.0,0.0,1.0,0,0
all_rejected,-1,reference_only,1.0,24,0.0,1.0,1.0,0.0,1.0,1.0,1.0,0.0,1.0,0,0
all_rejected,-1,reference_only,1.0,25,0.0,1.0,1.0,0.0,1.0,1.0,1.0,0.0,1.0,0,0
all_rejected,-1,reference_only,1.0,26,0.0,1.0,1.0,0.0,1.0,1.0,1.0,0.0,1.0,0,0
all_rejected,-1,reference_only,1.0,27,0.0,1.0,1.0,0.0,1.0,1.0,1.0,0.0,1.0,0,0
all_rejected,-1,reference_only,1.0,28,0.0,1.0,1.0,0.0,1.0,1.0,1.0,0.0,1.0,0,0
all_rejected,-1,reference_only,1.0,29,0.0,1.0,1.0,0.0,1.0,1.0,1.0,0.0,1.0,0,0
all_rejected,-1,reference_only,1.0,30,0.0,1.0,1.0,0.0,1.0,1.0,1.0,0.0,1.0,0,0
all_rejected,-1,reference_only,1.0,31,0.0,1.0,1.0,0.0,1.0,1.0,1.0,0.0,1.0,0,0
all_rejected,-1,reference_only,1.0,32,0.0,1.0,1.0,0.0,1.0,1.0,1.0,0.0,1.0,0,0
all_rejected,-1,reference_only,1.0,33,0.0,1.0,1.0,0.0,1.0,1.0,1.0,0.0,1.0,0,0
all_rejected,-1,reference_only,1.0,34,0.0,1.0,1.0,0.0,1.0,1.0,1.0,0.0,1.0,0,0
all_rejected,-1,reference_only,1.0,35,0.0,1.0,1.0,0.0,1.0,1.0,1.0,0.0,1.0,0,0
all_rejected,-1,reference_only,1.0,36,0.0,1.0,1.0,0.0,1.0,1.0,1.0,0.0,1.0,0,0
all_rejected,-1,reference_only,1.0,37,0.0,1.0,1.0,0.0,1.0,1.0,1.0,0.0,1.0,0,0
all_rejected,-1,reference_only,1.0,38,0.0,1.0,1.0,0.0,1.0,1.0,1.0,0.0,1.0,0,0
all_rejected,-1,reference_only,1.0,39,0.0,1.0,1.0,0.0,1.0,1.0,1.0,0.0,1.0,0,0
all_rejected,-1,reference_only,1.0,40,0.0,1.0,1.0,0.0,1.0,1.0,1.0,0.0,1.0,0,0
all_rejected,-1,reference_only,1.0,41,0.0,1.0,1.0,0.0,1.0,1.0,1.0,0.0,1.0,0,0
all_rejected,-1,reference_only,1.0,42,0.0,1.0,1.0,0.0,1.0,1.0,1.0,0.0,1.0,0,0
all_rejected,-1,reference_only,1.0,43,0.0,1.0,1.0,0.0,1.0,1.0,1.0,0.0,1.0,0,0
all_rejected,-1,reference_only,1.0,44,0.0,1.0,1.0,0.0,1.0,1.0,1.0,0.0,1.0,0,0
all_rejected,-1,reference_only,1.0,45,0.0,1.0,1.0,0.0,1.0,1.0,1.0,0.0,1.0,0,0
all_rejected,-1,reference_only,1.0,46,0.0,1.0,1.0,0.0,1.0,1.0,1.0,0.0,1.0,0,0
all_rejected,-1,reference_only,1.0,47,0.0,1.0,1.0,0.0,1.0,1.0,1.0,0.0,1.0,0,0
all_rejected,-1,reference_only,1.0,48,0.0,1.0,1.0,0.0,1.0,1.0,1.0,0.0,1.0,0,0
all_rejected,-1,reference_only,1.0,49,0.0,1.0,1.0,0.0,1.0,1.0,1.0,0.0,1.0,0,0
all_rejected,-1,reference_only,1.0,50,0.0,1.0,1.0,0.0,1.0,1.0,1.0,0.0,1.0,0,0
all_rejected,-1,reference_only,1.0,51,0.0,1.0,1.0,0.0,1.0,1.0,1.0,0.0,1.0,0,0
all_rejected,-1,reference_only,1.0,52,0.0,1.0,1.0,0.0,1.0,1.0,1.0,0.0,1.0,0,0
all_rejected,-1,reference_only,1.0,53,0.0,1.0,1.0,0.0,1.0,1.0,1.0,0.0,1.0,0,0
all_rejected,-1,reference_only,1.0,54,0.0,1.0,1.0,0.0,1.0,1.0,1.0,0.0,1.0,0,0
all_rejected,-1,reference_only,1.0,55,0.0,1.0,1.0,0.0,1.0,1.0,1.0,0.0,1.0,0,0
all_rejected,-1,reference_only,1.0,56,0.0,1.0,1.0,0.0,1.0,1.0,1.0,0.0,1.0,0,0
all_rejected,-1,reference_only,1.0,57,0.0,1.0,1.0,0.0,1.0,1.0,1.0,0.0,1.0,0,0
all_rejected,-1,reference_only,1.0,58,0.0,1.0,1.0,0.0,1.0,1.0,1.0,0.0,1.0,0,0
all_rejected,-1,reference_only,1.0,59,0.0,1.0,1.0,0.0,1.0,1.0,1.0,0.0,1.0,0,0
all_rejected,-1,reference_only,1.0,60,0.0,1.0,1.0,0.0,1.0,1.0,1.0,0.0,1.0,0,0
all_rejected,-1,reference_only,1.0,61,0.0,1.0,1.0,0.0,1.0,1.0,1.0,0.0,1.0,0,0
all_rejected,-1,reference_only,1.0,62,0.0,1.0,1.0,0.0,1.0,1.0,1.0,0.0,1.0,0,0
all_rejected,-1,reference_only,1.0,63,0.0,1.0,1.0,0.0,1.0,1.0,1.0,0.0,1.0,0,0
all_rejected,-1,reference_only,1.0,64,0.0,1.0,1.0,0.0,1.0,1.0,1.0,0.0,1.0,0,0
all_rejected,-1,reference_only,1.0,65,0.0,1.0,1.0,0.0,1.0,1.0,1.0,0.0,1.0,0,0
all_rejected,-1,reference_only,1.0,66,0.0,1.0,1.0,0.0,1.0,1.0,1.0,0.0,1.0,0,0
all_rejected,-1,reference_only,1.0,67,0.0,1.0,1.0,0.0,1.0,1.0,1.0,0.0,1.0,0,0
all_rejected,-1,reference_only,1.0,68,0.0,1.0,1.0,0.0,1.0,1.0,1.0,0.0,1.0,0,0
all_rejected,-1,reference_only,1.0,69,0.0,1.0,1.0,0.0,1.0,1.0,1.0,0.0,1.0,0,0
all_rejected,-1,reference_only,1.0,70,0.0,1.0,1.0,0.0,1.0,1.0,1.0,0.0,1.0,0,0
all_rejected,-1,reference_only,1.0,71,0.0,1.0,1.0,0.0,1.0,1.0,1.0,0.0,1.0,0,0
all_rejected,-1,reference_only,1.0,72,0.0,1.0,1.0,0.0,1.0,1.0,1.0,0.0,1.0,0,0
all_rejected,-1,reference_only,1.0,73,0.0,1.0,1.0,0.0,1.0,1.0,1.0,0.0,1.0,0,0
all_rejected,-1,reference_only,1.0,74,0.0,1.0,1.0,0.0,1.0,1.0,1.0,0.0,1.0,0,0
all_rejected,-1,reference_only,1.0,75,0.0,1.0,1.0,0.0,1.0,1.0,1.0,0.0,1.0,0,0
all_rejected,-1,reference_only,1.0,76,0.0,1.0,1.0,0.0,1.0,1.0,1.0,0.0,1.0,0,0
all_rejected,-1,reference_only,1.0,77,0.0,1.0,1.0,0.0,1.0,1.0,1.0,0.0,1.0,0,0
all_rejected,-1,reference_only,1.0,78,0.0,1.0,1.0,0.0,1.0,1.0,1.0,0.0,1.0,0,0
all_rejected,-1,reference_only,1.0,79,0.0,1.0,1.0,0.0,1.0,1.0,1.0,0.0,1.0,0,0
all_rejected,-1,reference_only,1.0,80,0.0,1.0,1.0,0.0,1.0,1.0,1.0,0.0,1.0,0,0
