seed,run_a,run_b,order_a,order_b,token,input_value,step_a,step_b,belief_before_a,belief_before_b,accepted_a,accepted_b,gap_a,gap_b
7,control_E_gradual_seed7,order_ascending_seed7,descending,ascending,1,0.95,2,119,0.975,1.0,True,False,0.025000000000000022,0.050000000000000044
7,control_E_gradual_seed7,order_ascending_seed7,descending,ascending,2,0.925,3,118,0.95,1.0,True,False,0.02499999999999991,0.07499999999999996
7,control_E_gradual_seed7,order_ascending_seed7,descending,ascending,3,0.9,4,117,0.925,1.0,True,False,0.025000000000000022,0.09999999999999998
7,control_E_gradual_seed7,order_ascending_seed7,descending,ascending,4,0.875,5,116,0.9,1.0,True,False,0.025000000000000022,0.125
7,control_E_gradual_seed7,order_ascending_seed7,descending,ascending,5,0.85,6,115,0.875,1.0,True,False,0.025000000000000022,0.15000000000000002
7,control_E_gradual_seed7,order_ascending_seed7,descending,ascending,6,0.825,7,114,0.85,1.0,True,False,0.025000000000000022,0.17500000000000004
7,control_E_gradual_seed7,order_ascending_seed7,descending,ascending,7,0.8,8,113,0.825,1.0,True,False,0.02499999999999991,0.19999999999999996
7,control_E_gradual_seed7,order_ascending_seed7,descending,ascending,8,0.775,9,112,0.8,1.0,True,False,0.025000000000000022,0.22499999999999998
7,control_E_gradual_seed7,order_ascending_seed7,descending,ascending,9,0.75,10,111,0.775,1.0,True,False,0.025000000000000022,0.25
7,control_E_gradual_seed7,order_ascending_seed7,descending,ascending,10,0.725,11,110,0.75,1.0,True,False,0.025000000000000022,0.275
7,control_E_gradual_seed7,order_ascending_seed7,descending,ascending,11,0.7,12,109,0.725,1.0,True,False,0.025000000000000022,0.30000000000000004
7,control_E_gradual_seed7,order_ascending_seed7,descending,ascending,12,0.675,13,108,0.7,1.0,True,False,0.02499999999999991,0.32499999999999996
7,control_E_gradual_seed7,order_ascending_seed7,descending,ascending,13,0.6499999999999999,14,107,0.675,1.0,True,False,0.025000000000000133,0.3500000000000001
7,control_E_gradual_seed7,order_ascending_seed7,descending,ascending,14,0.625,15,106,0.6499999999999999,1.0,True,False,0.02499999999999991,0.375
7,control_E_gradual_seed7,order_ascending_seed7,descending,ascending,15,0.6,16,105,0.625,1.0,True,False,0.025000000000000022,0.4
7,control_E_gradual_seed7,order_ascending_seed7,descending,ascending,16,0.575,17,104,0.6,1.0,True,False,0.025000000000000022,0.42500000000000004
7,control_E_gradual_seed7,order_ascending_seed7,descending,ascending,17,0.55,18,103,0.575,1.0,True,False,0.02499999999999991,0.44999999999999996
7,control_E_gradual_seed7,order_ascending_seed7,descending,ascending,18,0.5249999999999999,19,102,0.55,1.0,True,False,0.025000000000000133,0.4750000000000001
7,control_E_gradual_seed7,order_ascending_seed7,descending,ascending,19,0.5,20,101,0.5249999999999999,1.0,True,False,0.02499999999999991,0.5
7,control_E_gradual_seed7,order_ascending_seed7,descending,ascending,20,0.475,21,100,0.5,1.0,True,False,0.025000000000000022,0.525
7,control_E_gradual_seed7,order_ascending_seed7,descending,ascending,21,0.44999999999999996,22,99,0.475,1.0,True,False,0.025000000000000022,0.55
7,control_E_gradual_seed7,order_ascending_seed7,descending,ascending,22,0.42499999999999993,23,98,0.44999999999999996,1.0,True,False,0.025000000000000022,0.5750000000000001
7,control_E_gradual_seed7,order_ascending_seed7,descending,ascending,23,0.3999999999999999,24,97,0.42499999999999993,1.0,True,False,0.025000000000000022,0.6000000000000001
7,control_E_gradual_seed7,order_ascending_seed7,descending,ascending,24,0.375,25,96,0.3999999999999999,1.0,True,False,0.02499999999999991,0.625
7,control_E_gradual_seed7,order_ascending_seed7,descending,ascending,25,0.35,26,95,0.375,1.0,True,False,0.025000000000000022,0.65
7,control_E_gradual_seed7,order_ascending_seed7,descending,ascending,26,0.32499999999999996,27,94,0.35,1.0,True,False,0.025000000000000022,0.675
7,control_E_gradual_seed7,order_ascending_seed7,descending,ascending,27,0.29999999999999993,28,93,0.32499999999999996,1.0,True,False,0.025000000000000022,0.7000000000000001
7,control_E_gradual_seed7,order_ascending_seed7,descending,ascending,28,0.2749999999999999,29,92,0.29999999999999993,1.0,True,False,0.025000000000000022,0.7250000000000001
7,control_E_gradual_seed7,order_ascending_seed7,descending,ascending,29,0.25,30,91,0.2749999999999999,1.0,True,False,0.02499999999999991,0.75
7,control_E_gradual_seed7,order_ascending_seed7,descending,ascending,30,0.22499999999999998,31,90,0.25,1.0,True,False,0.025000000000000022,0.775
7,control_E_gradual_seed7,order_ascending_seed7,descending,ascending,31,0.19999999999999996,32,89,0.22499999999999998,1.0,True,False,0.025000000000000022,0.8
7,control_E_gradual_seed7,order_ascending_seed7,descending,ascending,32,0.17499999999999993,33,88,0.19999999999999996,1.0,True,False,0.025000000000000022,0.8250000000000001
7,control_E_gradual_seed7,order_ascending_seed7,descending,ascending,33,0.1499999999999999,34,87,0.17499999999999993,1.0,True,False,0.025000000000000022,0.8500000000000001
7,control_E_gradual_seed7,order_ascending_seed7,descending,ascending,34,0.125,35,86,0.1499999999999999,1.0,True,False,0.02499999999999991,0.875
7,control_E_gradual_seed7,order_ascending_seed7,descending,ascending,35,0.09999999999999998,36,85,0.125,1.0,True,False,0.025000000000000022,0.9
7,control_E_gradual_seed7,order_ascending_seed7,descending,ascending,36,0.07499999999999996,37,84,0.09999999999999998,1.0,True,False,0.025000000000000022,0.925
7,control_E_gradual_seed7,order_ascending_seed7,descending,ascending,37,0.04999999999999993,38,83,0.07499999999999996,1.0,True,False,0.025000000000000022,0.9500000000000001
7,control_E_gradual_seed7,order_ascending_seed7,descending,ascending,38,0.02499999999999991,39,82,0.04999999999999993,1.0,True,False,0.025000000000000022,0.9750000000000001
7,control_E_gradual_seed7,order_ascending_seed7,descending,ascending,39,0.0,40,1,0.02499999999999991,1.0,True,False,0.02499999999999991,1.0
7,control_E_gradual_seed7,order_ascending_seed7,descending,ascending,40,0.0,41,2,0.0,1.0,True,False,0.0,1.0
7,control_E_gradual_seed7,order_ascending_seed7,descending,ascending,41,0.0,42,3,0.0,1.0,True,False,0.0,1.0
7,control_E_gradual_seed7,order_ascending_seed7,descending,ascending,42,0.0,43,4,0.0,1.0,True,False,0.0,1.0
7,control_E_gradual_seed7,order_ascending_seed7,descending,ascending,43,0.0,44,5,0.0,1.0,True,False,0.0,1.0
7,control_E_gradual_seed7,order_ascending_seed7,descending,ascending,44,0.0,45,6,0.0,1.0,True,False,0.0,1.0
7,control_E_gradual_seed7,order_ascending_seed7,descending,ascending,45,0.0,46,7,0.0,1.0,True,False,0.0,1.0
7,control_E_gradual_seed7,order_ascending_seed7,descending,ascending,46,0.0,47,8,0.0,1.0,True,False,0.0,1.0
7,control_E_gradual_seed7,order_ascending_seed7,descending,ascending,47,0.0,48,9,0.0,1.0,True,False,0.0,1.0
7,control_E_gradual_seed7,order_ascending_seed7,descending,ascending,48,0.0,49,10,0.0,1.0,True,False,0.0,1.0
7,control_E_gradual_seed7,order_ascending_seed7,descending,ascending,49,0.0,50,11,0.0,1.0,True,False,0.0,1.0
7,control_E_gradual_seed7,order_ascending_seed7,descending,ascending,50,0.0,51,12,0.0,1.0,True,False,0.0,1.0
7,control_E_gradual_seed7,order_ascending_seed7,descending,ascending,51,0.0,52,13,0.0,1.0,True,False,0.0,1.0
7,control_E_gradual_seed7,order_ascending_seed7,descending,ascending,52,0.0,53,14,0.0,1.0,True,False,0.0,1.0
7,control_E_gradual_seed7,order_ascending_seed7,descending,ascending,53,0.0,54,15,0.0,1.0,True,False,0.0,1.0
7,control_E_gradual_seed7,order_ascending_seed7,descending,ascending,54,0.0,55,16,0.0,1.0,True,False,0.0,1.0
7,control_E_gradual_seed7,order_ascending_seed7,descending,ascending,55,0.0,56,17,0.0,1.0,True,False,0.0,1.0
7,control_E_gradual_seed7,order_ascending_seed7,descending,ascending,56,0.0,57,18,0.0,1.0,True,False,0.0,1.0
7,control_E_gradual_seed7,order_ascending_seed7,descending,ascending,57,0.0,58,19,0.0,1.0,True,False,0.0,1.0
7,control_E_gradual_seed7,order_ascending_seed7,descending,ascending,58,0.0,59,20,0.0,1.0,True,False,0.0,1.0
7,control_E_gradual_seed7,order_ascending_seed7,descending,ascending,59,0.0,60,21,0.0,1.0,True,False,0.0,1.0
7,control_E_gradual_seed7,order_ascending_seed7,descending,ascending,60,0.0,61,22,0.0,1.0,True,False,0.0,1.0
7,control_E_gradual_seed7,order_ascending_seed7,descending,ascending,61,0.0,62,23,0.0,1.0,True,False,0.0,1.0
7,control_E_gradual_seed7,order_ascending_seed7,descending,ascending,62,0.0,63,24,0.0,1.0,True,False,0.0,1.0
7,control_E_gradual_seed7,order_ascending_seed7,descending,ascending,63,0.0,64,25,0.0,1.0,True,False,0.0,1.0
7,control_E_gradual_seed7,order_ascending_seed7,descending,ascending,64,0.0,65,26,0.0,1.0,True,False,0.0,1.0
7,control_E_gradual_seed7,order_ascending_seed7,descending,ascending,65,0.0,66,27,0.0,1.0,True,False,0.0,1.0
7,control_E_gradual_seed7,order_ascending_seed7,descending,ascending,66,0.0,67,28,0.0,1.0,True,False,0.0,1.0
7,control_E_gradual_seed7,order_ascending_seed7,descending,ascending,67,0.0,68,29,0.0,1.0,True,False,0.0,1.0
7,control_E_gradual_seed7,order_ascending_seed7,descending,ascending,68,0.0,69,30,0.0,1.0,True,False,0.0,1.0
7,control_E_gradual_seed7,order_ascending_seed7,descending,ascending,69,0.0,70,31,0.0,1.0,True,False,0.0,1.0
7,control_E_gradual_seed7,order_ascending_seed7,descending,ascending,70,0.0,71,32,0.0,1.0,True,False,0.0,1.0
7,control_E_gradual_seed7,order_ascending_seed7,descending,ascending,71,0.0,72,33,0.0,1.0,True,False,0.0,1.0
7,control_E_gradual_seed7,order_ascending_seed7,descending,ascending,72,0.0,73,34,0.0,1.0,True,False,0.0,1.0
7,control_E_gradual_seed7,order_ascending_seed7,descending,ascending,73,0.0,74,35,0.0,1.0,True,False,0.0,1.0
7,control_E_gradual_seed7,order_ascending_seed7,descending,ascending,74,0.0,75,36,0.0,1.0,True,False,0.0,1.0
7,control_E_gradual_seed7,order_ascending_seed7,descending,ascending,75,0.0,76,37,0.0,1.0,True,False,0.0,1.0
7,control_E_gradual_seed7,order_ascending_seed7,descending,ascending,76,0.0,77,38,0.0,1.0,True,False,0.0,1.0
7,control_E_gradual_seed7,order_ascending_seed7,descending,ascending,77,0.0,78,39,0.0,1.0,True,False,0.0,1.0
7,control_E_gradual_seed7,order_ascending_seed7,descending,ascending,78,0.0,79,40,0.0,1.0,True,False,0.0,1.0
7,control_E_gradual_seed7,order_ascending_seed7,descending,ascending,79,0.0,80,41,0.0,1.0,True,False,0.0,1.0
7,control_E_gradual_seed7,order_ascending_seed7,descending,ascending,80,0.0,81,42,0.0,1.0,True,False,0.0,1.0
7,control_E_gradual_seed7,order_ascending_seed7,descending,ascending,81,0.0,82,43,0.0,1.0,True,False,0.0,1.0
7,control_E_gradual_seed7,order_ascending_seed7,descending,ascending,82,0.0,83,44,0.0,1.0,True,False,0.0,1.0
7,control_E_gradual_seed7,order_ascending_seed7,descending,ascending,83,0.0,84,45,0.0,1.0,True,False,0.0,1.0
7,control_E_gradual_seed7,order_ascending_seed7,descending,ascending,84,0.0,85,46,0.0,1.0,True,False,0.0,1.0
7,control_E_gradual_seed7,order_ascending_seed7,descending,ascending,85,0.0,86,47,0.0,1.0,True,False,0.0,1.0
7,control_E_gradual_seed7,order_ascending_seed7,descending,ascending,86,0.0,87,48,0.0,1.0,True,False,0.0,1.0
7,control_E_gradual_seed7,order_ascending_seed7,descending,ascending,87,0.0,88,49,0.0,1.0,True,False,0.0,1.0
7,control_E_gradual_seed7,order_ascending_seed7,descending,ascending,88,0.0,89,50,0.0,1.0,True,False,0.0,1.0
7,control_E_gradual_seed7,order_ascending_seed7,descending,ascending,89,0.0,90,51,0.0,1.0,True,False,0.0,1.0
7,control_E_gradual_seed7,order_ascending_seed7,descending,ascending,90,0.0,91,52,0.0,1.0,True,False,0.0,1.0
7,control_E_gradual_seed7,order_ascending_seed7,descending,ascending,91,0.0,92,53,0.0,1.0,True,False,0.0,1.0
7,control_E_gradual_seed7,order_ascending_seed7,descending,ascending,92,0.0,93,54,0.0,1.0,True,False,0.0,1.0
7,control_E_gradual_seed7,order_ascending_seed7,descending,ascending,93,0.0,94,55,0.0,1.0,True,False,0.0,1.0
7,control_E_gradual_seed7,order_ascending_seed7,descending,ascending,94,0.0,95,56,0.0,1.0,True,False,0.0,1.0
7,control_E_gradual_seed7,order_ascending_seed7,descending,ascending,95,0.0,96,57,0.0,1.0,True,False,0.0,1.0
7,control_E_gradual_seed7,order_ascending_seed7,descending,ascending,96,0.0,97,58,0.0,1.0,True,False,0.0,1.0
7,control_E_gradual_seed7,order_ascending_seed7,descending,ascending,97,0.0,98,59,0.0,1.0,True,False,0.0,1.0
7,control_E_gradual_seed7,order_ascending_seed7,descending,ascending,98,0.0,99,60,0.0,1.0,True,False,0.0,1.0
7,control_E_gradual_seed7,order_ascending_seed7,descending,ascending,99,0.0,100,61,0.0,1.0,True,False,0.0,1.0
7,control_E_gradual_seed7,order_ascending_seed7,descending,ascending,100,0.0,101,62,0.0,1.0,True,False,0.0,1.0
7,control_E_gradual_seed7,order_ascending_seed7,descending,ascending,101,0.0,102,63,0.0,1.0,True,False,0.0,1.0
7,control_E_gradual_seed7,order_ascending_seed7,descending,ascending,102,0.0,103,64,0.0,1.0,True,False,0.0,1.0
7,control_E_gradual_seed7,order_ascending_seed7,descending,ascending,103,0.0,104,65,0.0,1.0,True,False,0.0,1.0
7,control_E_gradual_seed7,order_ascending_seed7,descending,ascending,104,0.0,105,66,0.0,1.0,True,False,0.0,1.0
7,control_E_gradual_seed7,order_ascending_seed7,descending,ascending,105,0.0,106,67,0.0,1.0,True,False,0.0,1.0
7,control_E_gradual_seed7,order_ascending_seed7,descending,ascending,106,0.0,107,68,0.0,1.0,True,False,0.0,1.0
7,control_E_gradual_seed7,order_ascending_seed7,descending,ascending,107,0.0,108,69,0.0,1.0,True,False,0.0,1.0
7,control_E_gradual_seed7,order_ascending_seed7,descending,ascending,108,0.0,109,70,0.0,1.0,True,False,0.0,1.0
7,control_E_gradual_seed7,order_ascending_seed7,descending,ascending,109,0.0,110,71,0.0,1.0,True,False,0.0,1.0
7,control_E_gradual_seed7,order_ascending_seed7,descending,ascending,110,0.0,111,72,0.0,1.0,True,False,0.0,1.0
7,control_E_gradual_seed7,order_ascending_seed7,descending,ascending,111,0.0,112,73,0.0,1.0,True,False,0.0,1.0
7,control_E_gradual_seed7,order_ascending_seed7,descending,ascending,112,0.0,113,74,0.0,1.0,True,False,0.0,1.0
7,control_E_gradual_seed7,order_ascending_seed7,descending,ascending,113,0.0,114,75,0.0,1.0,True,False,0.0,1.0
7,control_E_gradual_seed7,order_ascending_seed7,descending,ascending,114,0.0,115,76,0.0,1.0,True,False,0.0,1.0
7,control_E_gradual_seed7,order_ascending_seed7,descending,ascending,115,0.0,116,77,0.0,1.0,True,False,0.0,1.0
7,control_E_gradual_seed7,order_ascending_seed7,descending,ascending,116,0.0,117,78,0.0,1.0,True,False,0.0,1.0
7,control_E_gradual_seed7,order_ascending_seed7,descending,ascending,117,0.0,118,79,0.0,1.0,True,False,0.0,1.0
7,control_E_gradual_seed7,order_ascending_seed7,descending,ascending,118,0.0,119,80,0.0,1.0,True,False,0.0,1.0
7,control_E_gradual_seed7,order_ascending_seed7,descending,ascending,119,0.0,120,81,0.0,1.0,True,False,0.0,1.0
7,control_E_gradual_seed7,order_alternating_seed7,descending,alternating,39,0.0,40,2,0.02499999999999991,0.975,True,False,0.02499999999999991,0.975
7,control_E_gradual_seed7,order_alternating_seed7,descending,alternating,40,0.0,41,4,0.0,0.95,True,False,0.0,0.95
7,control_E_gradual_seed7,order_alternating_seed7,descending,alternating,41,0.0,42,6,0.0,0.925,True,False,0.0,0.925
7,control_E_gradual_seed7,order_alternating_seed7,descending,alternating,42,0.0,43,8,0.0,0.9,True,False,0.0,0.9
7,control_E_gradual_seed7,order_alternating_seed7,descending,alternating,43,0.0,44,10,0.0,0.875,True,False,0.0,0.875
7,control_E_gradual_seed7,order_alternating_seed7,descending,alternating,44,0.0,45,12,0.0,0.85,True,False,0.0,0.85
7,control_E_gradual_seed7,order_alternating_seed7,descending,alternating,45,0.0,46,14,0.0,0.825,True,False,0.0,0.825
7,control_E_gradual_seed7,order_alternating_seed7,descending,alternating,46,0.0,47,16,0.0,0.8,True,False,0.0,0.8
7,control_E_gradual_seed7,order_alternating_seed7,descending,alternating,47,0.0,48,18,0.0,0.775,True,False,0.0,0.775
7,control_E_gradual_seed7,order_alternating_seed7,descending,alternating,48,0.0,49,20,0.0,0.75,True,False,0.0,0.75
7,control_E_gradual_seed7,order_alternating_seed7,descending,alternating,49,0.0,50,22,0.0,0.725,True,False,0.0,0.725
7,control_E_gradual_seed7,order_alternating_seed7,descending,alternating,50,0.0,51,24,0.0,0.7,True,False,0.0,0.7
7,control_E_gradual_seed7,order_alternating_seed7,descending,alternating,51,0.0,52,26,0.0,0.675,True,False,0.0,0.675
7,control_E_gradual_seed7,order_alternating_seed7,descending,alternating,52,0.0,53,28,0.0,0.6499999999999999,True,False,0.0,0.6499999999999999
7,control_E_gradual_seed7,order_alternating_seed7,descending,alternating,53,0.0,54,30,0.0,0.625,True,False,0.0,0.625
7,control_E_gradual_seed7,order_alternating_seed7,descending,alternating,54,0.0,55,32,0.0,0.6,True,False,0.0,0.6
7,control_E_gradual_seed7,order_alternating_seed7,descending,alternating,55,0.0,56,34,0.0,0.575,True,False,0.0,0.575
7,control_E_gradual_seed7,order_alternating_seed7,descending,alternating,56,0.0,57,36,0.0,0.55,True,False,0.0,0.55
7,control_E_gradual_seed7,order_alternating_seed7,descending,alternating,57,0.0,58,38,0.0,0.5249999999999999,True,False,0.0,0.5249999999999999
7,control_E_gradual_seed7,order_alternating_seed7,descending,alternating,58,0.0,59,40,0.0,0.5,True,False,0.0,0.5
7,control_E_gradual_seed7,order_alternating_seed7,descending,alternating,59,0.0,60,42,0.0,0.475,True,False,0.0,0.475
7,control_E_gradual_seed7,order_alternating_seed7,descending,alternating,60,0.0,61,44,0.0,0.44999999999999996,True,False,0.0,0.44999999999999996
7,control_E_gradual_seed7,order_alternating_seed7,descending,alternating,61,0.0,62,46,0.0,0.42499999999999993,True,False,0.0,0.42499999999999993
7,control_E_gradual_seed7,order_alternating_seed7,descending,alternating,62,0.0,63,48,0.0,0.3999999999999999,True,False,0.0,0.3999999999999999
7,control_E_gradual_seed7,order_alternating_seed7,descending,alternating,63,0.0,64,50,0.0,0.375,True,False,0.0,0.375
7,control_E_gradual_seed7,order_alternating_seed7,descending,alternating,64,0.0,65,52,0.0,0.35,True,False,0.0,0.35
7,control_E_gradual_seed7,order_alternating_seed7,descending,alternating,65,0.0,66,54,0.0,0.32499999999999996,True,False,0.0,0.32499999999999996
7,control_E_gradual_seed7,order_alternating_seed7,descending,alternating,66,0.0,67,56,0.0,0.29999999999999993,True,False,0.0,0.29999999999999993
7,control_E_gradual_seed7,order_alternating_seed7,descending,alternating,67,0.0,68,58,0.0,0.2749999999999999,True,False,0.0,0.2749999999999999
7,control_E_gradual_seed7,order_alternating_seed7,descending,alternating,68,0.0,69,60,0.0,0.25,True,False,0.0,0.25
7,control_E_gradual_seed7,order_alternating_seed7,descending,alternating,69,0.0,70,62,0.0,0.22499999999999998,True,False,0.0,0.22499999999999998
7,control_E_gradual_seed7,order_alternating_seed7,descending,alternating,70,0.0,71,64,0.0,0.19999999999999996,True,False,0.0,0.19999999999999996
7,control_E_gradual_seed7,order_alternating_seed7,descending,alternating,71,0.0,72,66,0.0,0.17499999999999993,True,False,0.0,0.17499999999999993
7,control_E_gradual_seed7,order_alternating_seed7,descending,alternating,72,0.0,73,68,0.0,0.1499999999999999,True,False,0.0,0.1499999999999999
7,control_E_gradual_seed7,order_alternating_seed7,descending,alternating,73,0.0,74,70,0.0,0.125,True,False,0.0,0.125
7,control_E_gradual_seed7,order_alternating_seed7,descending,alternating,74,0.0,75,72,0.0,0.09999999999999998,True,False,0.0,0.09999999999999998
7,control_E_gradual_seed7,order_alternating_seed7,descending,alternating,75,0.0,76,74,0.0,0.07499999999999996,True,False,0.0,0.07499999999999996
7,control_E_gradual_seed7,order_shuffled_seed7,descending,shuffled,1,0.95,2,18,0.975,1.0,True,False,0.025000000000000022,0.050000000000000044
7,control_E_gradual_seed7,order_shuffled_seed7,descending,shuffled,2,0.925,3,4,0.95,1.0,True,False,0.02499999999999991,0.07499999999999996
7,control_E_gradual_seed7,order_shuffled_seed7,descending,shuffled,3,0.9,4,102,0.925,0.975,True,False,0.025000000000000022,0.07499999999999996
7,control_E_gradual_seed7,order_shuffled_seed7,descending,shuffled,4,0.875,5,101,0.9,0.975,True,False,0.025000000000000022,0.09999999999999998
7,control_E_gradual_seed7,order_shuffled_seed7,descending,shuffled,5,0.85,6,112,0.875,0.975,True,False,0.025000000000000022,0.125
7,control_E_gradual_seed7,order_shuffled_seed7,descending,shuffled,6,0.825,7,92,0.85,0.975,True,False,0.025000000000000022,0.15000000000000002
7,control_E_gradual_seed7,order_shuffled_seed7,descending,shuffled,7,0.8,8,25,0.825,1.0,True,False,0.02499999999999991,0.19999999999999996
7,control_E_gradual_seed7,order_shuffled_seed7,descending,shuffled,8,0.775,9,76,0.8,0.975,True,False,0.025000000000000022,0.19999999999999996
7,control_E_gradual_seed7,order_shuffled_seed7,descending,shuffled,9,0.75,10,9,0.775,1.0,True,False,0.025000000000000022,0.25
7,control_E_gradual_seed7,order_shuffled_seed7,descending,shuffled,10,0.725,11,89,0.75,0.975,True,False,0.025000000000000022,0.25
7,control_E_gradual_seed7,order_shuffled_seed7,descending,shuffled,11,0.7,12,27,0.725,1.0,True,False,0.025000000000000022,0.30000000000000004
7,control_E_gradual_seed7,order_shuffled_seed7,descending,shuffled,12,0.675,13,75,0.7,0.975,True,False,0.02499999999999991,0.29999999999999993
7,control_E_gradual_seed7,order_shuffled_seed7,descending,shuffled,13,0.6499999999999999,14,51,0.675,1.0,True,False,0.025000000000000133,0.3500000000000001
7,control_E_gradual_seed7,order_shuffled_seed7,descending,shuffled,14,0.625,15,15,0.6499999999999999,1.0,True,False,0.02499999999999991,0.375
7,control_E_gradual_seed7,order_shuffled_seed7,descending,shuffled,15,0.6,16,110,0.625,0.975,True,False,0.025000000000000022,0.375
7,control_E_gradual_seed7,order_shuffled_seed7,descending,shuffled,16,0.575,17,111,0.6,0.975,True,False,0.025000000000000022,0.4
7,control_E_gradual_seed7,order_shuffled_seed7,descending,shuffled,17,0.55,18,22,0.575,1.0,True,False,0.02499999999999991,0.44999999999999996
7,control_E_gradual_seed7,order_shuffled_seed7,descending,shuffled,18,0.5249999999999999,19,48,0.55,1.0,True,False,0.025000000000000133,0.4750000000000001
7,control_E_gradual_seed7,order_shuffled_seed7,descending,shuffled,19,0.5,20,39,0.5249999999999999,1.0,True,False,0.02499999999999991,0.5
7,control_E_gradual_seed7,order_shuffled_seed7,descending,shuffled,20,0.475,21,99,0.5,0.975,True,False,0.025000000000000022,0.5
7,control_E_gradual_seed7,order_shuffled_seed7,descending,shuffled,21,0.44999999999999996,22,44,0.475,1.0,True,False,0.025000000000000022,0.55
7,control_E_gradual_seed7,order_shuffled_seed7,descending,shuffled,22,0.42499999999999993,23,6,0.44999999999999996,1.0,True,False,0.025000000000000022,0.5750000000000001
7,control_E_gradual_seed7,order_shuffled_seed7,descending,shuffled,23,0.3999999999999999,24,28,0.42499999999999993,1.0,True,False,0.025000000000000022,0.6000000000000001
7,control_E_gradual_seed7,order_shuffled_seed7,descending,shuffled,24,0.375,25,118,0.3999999999999999,0.975,True,False,0.02499999999999991,0.6
7,control_E_gradual_seed7,order_shuffled_seed7,descending,shuffled,25,0.35,26,100,0.375,0.975,True,False,0.025000000000000022,0.625
7,control_E_gradual_seed7,order_shuffled_seed7,descending,shuffled,26,0.32499999999999996,27,53,0.35,1.0,True,False,0.025000000000000022,0.675
7,control_E_gradual_seed7,order_shuffled_seed7,descending,shuffled,27,0.29999999999999993,28,97,0.32499999999999996,0.975,True,False,0.025000000000000022,0.675
7,control_E_gradual_seed7,order_shuffled_seed7,descending,shuffled,28,0.2749999999999999,29,113,0.29999999999999993,0.975,True,False,0.025000000000000022,0.7000000000000001
7,control_E_gradual_seed7,order_shuffled_seed7,descending,shuffled,29,0.25,30,11,0.2749999999999999,1.0,True,False,0.02499999999999991,0.75
7,control_E_gradual_seed7,order_shuffled_seed7,descending,shuffled,30,0.22499999999999998,31,68,0.25,1.0,True,False,0.025000000000000022,0.775
7,control_E_gradual_seed7,order_shuffled_seed7,descending,shuffled,31,0.19999999999999996,32,46,0.22499999999999998,1.0,True,False,0.025000000000000022,0.8
7,control_E_gradual_seed7,order_shuffled_seed7,descending,shuffled,32,0.17499999999999993,33,93,0.19999999999999996,0.975,True,False,0.025000000000000022,0.8
7,control_E_gradual_seed7,order_shuffled_seed7,descending,shuffled,33,0.1499999999999999,34,116,0.17499999999999993,0.975,True,False,0.025000000000000022,0.8250000000000001
7,control_E_gradual_seed7,order_shuffled_seed7,descending,shuffled,34,0.125,35,96,0.1499999999999999,0.975,True,False,0.02499999999999991,0.85
7,control_E_gradual_seed7,order_shuffled_seed7,descending,shuffled,35,0.09999999999999998,36,108,0.125,0.975,True,False,0.025000000000000022,0.875
7,control_E_gradual_seed7,order_shuffled_seed7,descending,shuffled,36,0.07499999999999996,37,10,0.09999999999999998,1.0,True,False,0.025000000000000022,0.925
7,control_E_gradual_seed7,order_shuffled_seed7,descending,shuffled,37,0.04999999999999993,38,13,0.07499999999999996,1.0,True,False,0.025000000000000022,0.9500000000000001
7,control_E_gradual_seed7,order_shuffled_seed7,descending,shuffled,38,0.02499999999999991,39,119,0.04999999999999993,0.975,True,False,0.025000000000000022,0.9500000000000001
7,control_E_gradual_seed7,order_shuffled_seed7,descending,shuffled,39,0.0,40,1,0.02499999999999991,1.0,True,False,0.02499999999999991,1.0
7,control_E_gradual_seed7,order_shuffled_seed7,descending,shuffled,40,0.0,41,17,0.0,1.0,True,False,0.0,1.0
7,control_E_gradual_seed7,order_shuffled_seed7,descending,shuffled,41,0.0,42,30,0.0,1.0,True,False,0.0,1.0
7,control_E_gradual_seed7,order_shuffled_seed7,descending,shuffled,42,0.0,43,86,0.0,0.975,True,False,0.0,0.975
7,control_E_gradual_seed7,order_shuffled_seed7,descending,shuffled,43,0.0,44,14,0.0,1.0,True,False,0.0,1.0
7,control_E_gradual_seed7,order_shuffled_seed7,descending,shuffled,44,0.0,45,2,0.0,1.0,True,False,0.0,1.0
7,control_E_gradual_seed7,order_shuffled_seed7,descending,shuffled,45,0.0,46,106,0.0,0.975,True,False,0.0,0.975
7,control_E_gradual_seed7,order_shuffled_seed7,descending,shuffled,46,0.0,47,41,0.0,1.0,True,False,0.0,1.0
7,control_E_gradual_seed7,order_shuffled_seed7,descending,shuffled,47,0.0,48,20,0.0,1.0,True,False,0.0,1.0
7,control_E_gradual_seed7,order_shuffled_seed7,descending,shuffled,48,0.0,49,65,0.0,1.0,True,False,0.0,1.0
7,control_E_gradual_seed7,order_shuffled_seed7,descending,shuffled,49,0.0,50,63,0.0,1.0,True,False,0.0,1.0
7,control_E_gradual_seed7,order_shuffled_seed7,descending,shuffled,50,0.0,51,107,0.0,0.975,True,False,0.0,0.975
7,control_E_gradual_seed7,order_shuffled_seed7,descending,shuffled,51,0.0,52,81,0.0,0.975,True,False,0.0,0.975
7,control_E_gradual_seed7,order_shuffled_seed7,descending,shuffled,52,0.0,53,109,0.0,0.975,True,False,0.0,0.975
7,control_E_gradual_seed7,order_shuffled_seed7,descending,shuffled,53,0.0,54,12,0.0,1.0,True,False,0.0,1.0
7,control_E_gradual_seed7,order_shuffled_seed7,descending,shuffled,54,0.0,55,88,0.0,0.975,True,False,0.0,0.975
7,control_E_gradual_seed7,order_shuffled_seed7,descending,shuffled,55,0.0,56,80,0.0,0.975,True,False,0.0,0.975
7,control_E_gradual_seed7,order_shuffled_seed7,descending,shuffled,56,0.0,57,24,0.0,1.0,True,False,0.0,1.0
7,control_E_gradual_seed7,order_shuffled_seed7,descending,shuffled,57,0.0,58,105,0.0,0.975,True,False,0.0,0.975
7,control_E_gradual_seed7,order_shuffled_seed7,descending,shuffled,58,0.0,59,98,0.0,0.975,True,False,0.0,0.975
7,control_E_gradual_seed7,order_shuffled_seed7,descending,shuffled,59,0.0,60,77,0.0,0.975,True,False,0.0,0.975
7,control_E_gradual_seed7,order_shuffled_seed7,descending,shuffled,60,0.0,61,85,0.0,0.975,True,False,0.0,0.975
7,control_E_gradual_seed7,order_shuffled_seed7,descending,shuffled,61,0.0,62,82,0.0,0.975,True,False,0.0,0.975
7,control_E_gradual_seed7,order_shuffled_seed7,descending,shuffled,62,0.0,63,73,0.0,0.975,True,False,0.0,0.975
7,control_E_gradual_seed7,order_shuffled_seed7,descending,shuffled,63,0.0,64,74,0.0,0.975,True,False,0.0,0.975
7,control_E_gradual_seed7,order_shuffled_seed7,descending,shuffled,64,0.0,65,26,0.0,1.0,True,False,0.0,1.0
7,control_E_gradual_seed7,order_shuffled_seed7,descending,shuffled,65,0.0,66,103,0.0,0.975,True,False,0.0,0.975
7,control_E_gradual_seed7,order_shuffled_seed7,descending,shuffled,66,0.0,67,5,0.0,1.0,True,False,0.0,1.0
7,control_E_gradual_seed7,order_shuffled_seed7,descending,shuffled,67,0.0,68,32,0.0,1.0,True,False,0.0,1.0
7,control_E_gradual_seed7,order_shuffled_seed7,descending,shuffled,68,0.0,69,40,0.0,1.0,True,False,0.0,1.0
7,control_E_gradual_seed7,order_shuffled_seed7,descending,shuffled,69,0.0,70,21,0.0,1.0,True,False,0.0,1.0
7,control_E_gradual_seed7,order_shuffled_seed7,descending,shuffled,70,0.0,71,3,0.0,1.0,True,False,0.0,1.0
7,control_E_gradual_seed7,order_shuffled_seed7,descending,shuffled,71,0.0,72,38,0.0,1.0,True,False,0.0,1.0
7,control_E_gradual_seed7,order_shuffled_seed7,descending,shuffled,72,0.0,73,8,0.0,1.0,True,False,0.0,1.0
7,control_E_gradual_seed7,order_shuffled_seed7,descending,shuffled,73,0.0,74,117,0.0,0.975,True,False,0.0,0.975
7,control_E_gradual_seed7,order_shuffled_seed7,descending,shuffled,74,0.0,75,64,0.0,1.0,True,False,0.0,1.0
7,control_E_gradual_seed7,order_shuffled_seed7,descending,shuffled,75,0.0,76,55,0.0,1.0,True,False,0.0,1.0
7,control_E_gradual_seed7,order_shuffled_seed7,descending,shuffled,76,0.0,77,31,0.0,1.0,True,False,0.0,1.0
7,control_E_gradual_seed7,order_shuffled_seed7,descending,shuffled,77,0.0,78,104,0.0,0.975,True,False,0.0,0.975
7,control_E_gradual_seed7,order_shuffled_seed7,descending,shuffled,78,0.0,79,62,0.0,1.0,True,False,0.0,1.0
7,control_E_gradual_seed7,order_shuffled_seed7,descending,shuffled,79,0.0,80,78,0.0,0.975,True,False,0.0,0.975
7,control_E_gradual_seed7,order_shuffled_seed7,descending,shuffled,80,0.0,81,56,0.0,1.0,True,False,0.0,1.0
7,control_E_gradual_seed7,order_shuffled_seed7,descending,shuffled,81,0.0,82,115,0.0,0.975,True,False,0.0,0.975
7,control_E_gradual_seed7,order_shuffled_seed7,descending,shuffled,82,0.0,83,33,0.0,1.0,True,False,0.0,1.0
7,control_E_gradual_seed7,order_shuffled_seed7,descending,shuffled,83,0.0,84,50,0.0,1.0,True,False,0.0,1.0
7,control_E_gradual_seed7,order_shuffled_seed7,descending,shuffled,84,0.0,85,19,0.0,1.0,True,False,0.0,1.0
7,control_E_gradual_seed7,order_shuffled_seed7,descending,shuffled,85,0.0,86,67,0.0,1.0,True,False,0.0,1.0
7,control_E_gradual_seed7,order_shuffled_seed7,descending,shuffled,86,0.0,87,45,0.0,1.0,True,False,0.0,1.0
7,control_E_gradual_seed7,order_shuffled_seed7,descending,shuffled,87,0.0,88,23,0.0,1.0,True,False,0.0,1.0
7,control_E_gradual_seed7,order_shuffled_seed7,descending,shuffled,88,0.0,89,61,0.0,1.0,True,False,0.0,1.0
7,control_E_gradual_seed7,order_shuffled_seed7,descending,shuffled,89,0.0,90,79,0.0,0.975,True,False,0.0,0.975
7,control_E_gradual_seed7,order_shuffled_seed7,descending,shuffled,90,0.0,91,34,0.0,1.0,True,False,0.0,1.0
7,control_E_gradual_seed7,order_shuffled_seed7,descending,shuffled,91,0.0,92,70,0.0,1.0,True,False,0.0,1.0
7,control_E_gradual_seed7,order_shuffled_seed7,descending,shuffled,92,0.0,93,87,0.0,0.975,True,False,0.0,0.975
7,control_E_gradual_seed7,order_shuffled_seed7,descending,shuffled,93,0.0,94,37,0.0,1.0,True,False,0.0,1.0
7,control_E_gradual_seed7,order_shuffled_seed7,descending,shuffled,94,0.0,95,94,0.0,0.975,True,False,0.0,0.975
7,control_E_gradual_seed7,order_shuffled_seed7,descending,shuffled,95,0.0,96,16,0.0,1.0,True,False,0.0,1.0
7,control_E_gradual_seed7,order_shuffled_seed7,descending,shuffled,96,0.0,97,60,0.0,1.0,True,False,0.0,1.0
7,control_E_gradual_seed7,order_shuffled_seed7,descending,shuffled,97,0.0,98,29,0.0,1.0,True,False,0.0,1.0
7,control_E_gradual_seed7,order_shuffled_seed7,descending,shuffled,98,0.0,99,95,0.0,0.975,True,False,0.0,0.975
7,control_E_gradual_seed7,order_shuffled_seed7,descending,shuffled,99,0.0,100,69,0.0,1.0,True,False,0.0,1.0
7,control_E_gradual_seed7,order_shuffled_seed7,descending,shuffled,100,0.0,101,120,0.0,0.975,True,False,0.0,0.975
7,control_E_gradual_seed7,order_shuffled_seed7,descending,shuffled,101,0.0,102,42,0.0,1.0,True,False,0.0,1.0
7,control_E_gradual_seed7,order_shuffled_seed7,descending,shuffled,102,0.0,103,35,0.0,1.0,True,False,0.0,1.0
7,control_E_gradual_seed7,order_shuffled_seed7,descending,shuffled,103,0.0,104,83,0.0,0.975,True,False,0.0,0.975
7,control_E_gradual_seed7,order_shuffled_seed7,descending,shuffled,104,0.0,105,54,0.0,1.0,True,False,0.0,1.0
7,control_E_gradual_seed7,order_shuffled_seed7,descending,shuffled,105,0.0,106,90,0.0,0.975,True,False,0.0,0.975
7,control_E_gradual_seed7,order_shuffled_seed7,descending,shuffled,106,0.0,107,36,0.0,1.0,True,False,0.0,1.0
7,control_E_gradual_seed7,order_shuffled_seed7,descending,shuffled,107,0.0,108,47,0.0,1.0,True,False,0.0,1.0
7,control_E_gradual_seed7,order_shuffled_seed7,descending,shuffled,108,0.0,109,57,0.0,1.0,True,False,0.0,1.0
7,control_E_gradual_seed7,order_shuffled_seed7,descending,shuffled,109,0.0,110,49,0.0,1.0,True,False,0.0,1.0
7,control_E_gradual_seed7,order_shuffled_seed7,descending,shuffled,110,0.0,111,59,0.0,1.0,True,False,0.0,1.0
7,control_E_gradual_seed7,order_shuffled_seed7,descending,shuffled,111,0.0,112,114,0.0,0.975,True,False,0.0,0.975
7,control_E_gradual_seed7,order_shuffled_seed7,descending,shuffled,112,0.0,113,91,0.0,0.975,True,False,0.0,0.975
7,control_E_gradual_seed7,order_shuffled_seed7,descending,shuffled,113,0.0,114,52,0.0,1.0,True,False,0.0,1.0
7,control_E_gradual_seed7,order_shuffled_seed7,descending,shuffled,114,0.0,115,84,0.0,0.975,True,False,0.0,0.975
7,control_E_gradual_seed7,order_shuffled_seed7,descending,shuffled,115,0.0,116,58,0.0,1.0,True,False,0.0,1.0
7,control_E_gradual_seed7,order_shuffled_seed7,descending,shuffled,116,0.0,117,71,0.0,1.0,True,False,0.0,1.0
7,control_E_gradual_seed7,order_shuffled_seed7,descending,shuffled,117,0.0,118,66,0.0,1.0,True,False,0.0,1.0
7,control_E_gradual_seed7,order_shuffled_seed7,descending,shuffled,118,0.0,119,43,0.0,1.0,True,False,0.0,1.0
7,control_E_gradual_seed7,order_shuffled_seed7,descending,shuffled,119,0.0,120,7,0.0,1.0,True,False,0.0,1.0
7,order_ascending_seed7,order_alternating_seed7,ascending,alternating,76,0.0,38,76,1.0,0.04999999999999993,False,True,1.0,0.04999999999999993
7,order_ascending_seed7,order_alternating_seed7,ascending,alternating,77,0.0,39,78,1.0,0.02499999999999991,False,True,1.0,0.02499999999999991
7,order_ascending_seed7,order_alternating_seed7,ascending,alternating,78,0.0,40,80,1.0,0.0,False,True,1.0,0.0
7,order_ascending_seed7,order_alternating_seed7,ascending,alternating,79,0.0,41,82,1.0,0.0,False,True,1.0,0.0
7,order_ascending_seed7,order_alternating_seed7,ascending,alternating,80,0.0,42,84,1.0,0.0,False,True,1.0,0.0
7,order_ascending_seed7,order_alternating_seed7,ascending,alternating,81,0.0,43,86,1.0,0.0,False,True,1.0,0.0
7,order_ascending_seed7,order_alternating_seed7,ascending,alternating,82,0.0,44,88,1.0,0.0,False,True,1.0,0.0
7,order_ascending_seed7,order_alternating_seed7,ascending,alternating,83,0.0,45,90,1.0,0.0,False,True,1.0,0.0
7,order_ascending_seed7,order_alternating_seed7,ascending,alternating,84,0.0,46,92,1.0,0.0,False,True,1.0,0.0
7,order_ascending_seed7,order_alternating_seed7,ascending,alternating,85,0.0,47,94,1.0,0.0,False,True,1.0,0.0
7,order_ascending_seed7,order_alternating_seed7,ascending,alternating,86,0.0,48,96,1.0,0.0,False,True,1.0,0.0
7,order_ascending_seed7,order_alternating_seed7,ascending,alternating,87,0.0,49,98,1.0,0.0,False,True,1.0,0.0
7,order_ascending_seed7,order_alternating_seed7,ascending,alternating,88,0.0,50,100,1.0,0.0,False,True,1.0,0.0
7,order_ascending_seed7,order_alternating_seed7,ascending,alternating,89,0.0,51,102,1.0,0.0,False,True,1.0,0.0
7,order_ascending_seed7,order_alternating_seed7,ascending,alternating,90,0.0,52,104,1.0,0.0,False,True,1.0,0.0
7,order_ascending_seed7,order_alternating_seed7,ascending,alternating,91,0.0,53,106,1.0,0.0,False,True,1.0,0.0
7,order_ascending_seed7,order_alternating_seed7,ascending,alternating,92,0.0,54,108,1.0,0.0,False,True,1.0,0.0
7,order_ascending_seed7,order_alternating_seed7,ascending,alternating,93,0.0,55,110,1.0,0.0,False,True,1.0,0.0
7,order_ascending_seed7,order_alternating_seed7,ascending,alternating,94,0.0,56,112,1.0,0.0,False,True,1.0,0.0
7,order_ascending_seed7,order_alternating_seed7,ascending,alternating,95,0.0,57,114,1.0,0.0,False,True,1.0,0.0
7,order_ascending_seed7,order_alternating_seed7,ascending,alternating,96,0.0,58,116,1.0,0.0,False,True,1.0,0.0
7,order_ascending_seed7,order_alternating_seed7,ascending,alternating,97,0.0,59,118,1.0,0.0,False,True,1.0,0.0
7,order_ascending_seed7,order_alternating_seed7,ascending,alternating,98,0.0,60,120,1.0,0.0,False,True,1.0,0.0
7,order_ascending_seed7,order_alternating_seed7,ascending,alternating,99,0.0,61,119,1.0,0.0,False,True,1.0,0.0
7,order_ascending_seed7,order_alternating_seed7,ascending,alternating,100,0.0,62,117,1.0,0.0,False,True,1.0,0.0
7,order_ascending_seed7,order_alternating_seed7,ascending,alternating,101,0.0,63,115,1.0,0.0,False,True,1.0,0.0
7,order_ascending_seed7,order_alternating_seed7,ascending,alternating,102,0.0,64,113,1.0,0.0,False,True,1.0,0.0
7,order_ascending_seed7,order_alternating_seed7,ascending,alternating,103,0.0,65,111,1.0,0.0,False,True,1.0,0.0
7,order_ascending_seed7,order_alternating_seed7,ascending,alternating,104,0.0,66,109,1.0,0.0,False,True,1.0,0.0
7,order_ascending_seed7,order_alternating_seed7,ascending,alternating,105,0.0,67,107,1.0,0.0,False,True,1.0,0.0
7,order_ascending_seed7,order_alternating_seed7,ascending,alternating,106,0.0,68,105,1.0,0.0,False,True,1.0,0.0
7,order_ascending_seed7,order_alternating_seed7,ascending,alternating,107,0.0,69,103,1.0,0.0,False,True,1.0,0.0
7,order_ascending_seed7,order_alternating_seed7,ascending,alternating,108,0.0,70,101,1.0,0.0,False,True,1.0,0.0
7,order_ascending_seed7,order_alternating_seed7,ascending,alternating,109,0.0,71,99,1.0,0.0,False,True,1.0,0.0
7,order_ascending_seed7,order_alternating_seed7,ascending,alternating,110,0.0,72,97,1.0,0.0,False,True,1.0,0.0
7,order_ascending_seed7,order_alternating_seed7,ascending,alternating,111,0.0,73,95,1.0,0.0,False,True,1.0,0.0
7,order_ascending_seed7,order_alternating_seed7,ascending,alternating,112,0.0,74,93,1.0,0.0,False,True,1.0,0.0
7,order_ascending_seed7,order_alternating_seed7,ascending,alternating,113,0.0,75,91,1.0,0.0,False,True,1.0,0.0
7,order_ascending_seed7,order_alternating_seed7,ascending,alternating,114,0.0,76,89,1.0,0.0,False,True,1.0,0.0
7,order_ascending_seed7,order_alternating_seed7,ascending,alternating,115,0.0,77,87,1.0,0.0,False,True,1.0,0.0
7,order_ascending_seed7,order_alternating_seed7,ascending,alternating,116,0.0,78,85,1.0,0.0,False,True,1.0,0.0
7,order_ascending_seed7,order_alternating_seed7,ascending,alternating,117,0.0,79,83,1.0,0.0,False,True,1.0,0.0
7,order_ascending_seed7,order_alternating_seed7,ascending,alternating,118,0.0,80,81,1.0,0.0,False,True,1.0,0.0
7,order_ascending_seed7,order_alternating_seed7,ascending,alternating,119,0.0,81,79,1.0,0.0,False,True,1.0,0.0
7,order_ascending_seed7,order_alternating_seed7,ascending,alternating,38,0.02499999999999991,82,77,1.0,0.0,False,True,0.9750000000000001,0.02499999999999991
7,order_ascending_seed7,order_alternating_seed7,ascending,alternating,37,0.04999999999999993,83,75,1.0,0.07499999999999996,False,True,0.9500000000000001,0.025000000000000022
7,order_ascending_seed7,order_alternating_seed7,ascending,alternating,36,0.07499999999999996,84,73,1.0,0.09999999999999998,False,True,0.925,0.025000000000000022
7,order_ascending_seed7,order_alternating_seed7,ascending,alternating,35,0.09999999999999998,85,71,1.0,0.125,False,True,0.9,0.025000000000000022
7,order_ascending_seed7,order_alternating_seed7,ascending,alternating,34,0.125,86,69,1.0,0.1499999999999999,False,True,0.875,0.02499999999999991
7,order_ascending_seed7,order_alternating_seed7,ascending,alternating,33,0.1499999999999999,87,67,1.0,0.17499999999999993,False,True,0.8500000000000001,0.025000000000000022
7,order_ascending_seed7,order_alternating_seed7,ascending,alternating,32,0.17499999999999993,88,65,1.0,0.19999999999999996,False,True,0.8250000000000001,0.025000000000000022
7,order_ascending_seed7,order_alternating_seed7,ascending,alternating,31,0.19999999999999996,89,63,1.0,0.22499999999999998,False,True,0.8,0.025000000000000022
7,order_ascending_seed7,order_alternating_seed7,ascending,alternating,30,0.22499999999999998,90,61,1.0,0.25,False,True,0.775,0.025000000000000022
7,order_ascending_seed7,order_alternating_seed7,ascending,alternating,29,0.25,91,59,1.0,0.2749999999999999,False,True,0.75,0.02499999999999991
7,order_ascending_seed7,order_alternating_seed7,ascending,alternating,28,0.2749999999999999,92,57,1.0,0.29999999999999993,False,True,0.7250000000000001,0.025000000000000022
7,order_ascending_seed7,order_alternating_seed7,ascending,alternating,27,0.29999999999999993,93,55,1.0,0.32499999999999996,False,True,0.7000000000000001,0.025000000000000022
7,order_ascending_seed7,order_alternating_seed7,ascending,alternating,26,0.32499999999999996,94,53,1.0,0.35,False,True,0.675,0.025000000000000022
7,order_ascending_seed7,order_alternating_seed7,ascending,alternating,25,0.35,95,51,1.0,0.375,False,True,0.65,0.025000000000000022
7,order_ascending_seed7,order_alternating_seed7,ascending,alternating,24,0.375,96,49,1.0,0.3999999999999999,False,True,0.625,0.02499999999999991
7,order_ascending_seed7,order_alternating_seed7,ascending,alternating,23,0.3999999999999999,97,47,1.0,0.42499999999999993,False,True,0.6000000000000001,0.025000000000000022
7,order_ascending_seed7,order_alternating_seed7,ascending,alternating,22,0.42499999999999993,98,45,1.0,0.44999999999999996,False,True,0.5750000000000001,0.025000000000000022
7,order_ascending_seed7,order_alternating_seed7,ascending,alternating,21,0.44999999999999996,99,43,1.0,0.475,False,True,0.55,0.025000000000000022
7,order_ascending_seed7,order_alternating_seed7,ascending,alternating,20,0.475,100,41,1.0,0.5,False,True,0.525,0.025000000000000022
7,order_ascending_seed7,order_alternating_seed7,ascending,alternating,19,0.5,101,39,1.0,0.5249999999999999,False,True,0.5,0.02499999999999991
7,order_ascending_seed7,order_alternating_seed7,ascending,alternating,18,0.5249999999999999,102,37,1.0,0.55,False,True,0.4750000000000001,0.025000000000000133
7,order_ascending_seed7,order_alternating_seed7,ascending,alternating,17,0.55,103,35,1.0,0.575,False,True,0.44999999999999996,0.02499999999999991
7,order_ascending_seed7,order_alternating_seed7,ascending,alternating,16,0.575,104,33,1.0,0.6,False,True,0.42500000000000004,0.025000000000000022
7,order_ascending_seed7,order_alternating_seed7,ascending,alternating,15,0.6,105,31,1.0,0.625,False,True,0.4,0.025000000000000022
7,order_ascending_seed7,order_alternating_seed7,ascending,alternating,14,0.625,106,29,1.0,0.6499999999999999,False,True,0.375,0.02499999999999991
7,order_ascending_seed7,order_alternating_seed7,ascending,alternating,13,0.6499999999999999,107,27,1.0,0.675,False,True,0.3500000000000001,0.025000000000000133
7,order_ascending_seed7,order_alternating_seed7,ascending,alternating,12,0.675,108,25,1.0,0.7,False,True,0.32499999999999996,0.02499999999999991
7,order_ascending_seed7,order_alternating_seed7,ascending,alternating,11,0.7,109,23,1.0,0.725,False,True,0.30000000000000004,0.025000000000000022
7,order_ascending_seed7,order_alternating_seed7,ascending,alternating,10,0.725,110,21,1.0,0.75,False,True,0.275,0.025000000000000022
7,order_ascending_seed7,order_alternating_seed7,ascending,alternating,9,0.75,111,19,1.0,0.775,False,True,0.25,0.025000000000000022
7,order_ascending_seed7,order_alternating_seed7,ascending,alternating,8,0.775,112,17,1.0,0.8,False,True,0.22499999999999998,0.025000000000000022
7,order_ascending_seed7,order_alternating_seed7,ascending,alternating,7,0.8,113,15,1.0,0.825,False,True,0.19999999999999996,0.02499999999999991
7,order_ascending_seed7,order_alternating_seed7,ascending,alternating,6,0.825,114,13,1.0,0.85,False,True,0.17500000000000004,0.025000000000000022
7,order_ascending_seed7,order_alternating_seed7,ascending,alternating,5,0.85,115,11,1.0,0.875,False,True,0.15000000000000002,0.025000000000000022
7,order_ascending_seed7,order_alternating_seed7,ascending,alternating,4,0.875,116,9,1.0,0.9,False,True,0.125,0.025000000000000022
7,order_ascending_seed7,order_alternating_seed7,ascending,alternating,3,0.9,117,7,1.0,0.925,False,True,0.09999999999999998,0.025000000000000022
7,order_ascending_seed7,order_alternating_seed7,ascending,alternating,2,0.925,118,5,1.0,0.95,False,True,0.07499999999999996,0.02499999999999991
7,order_ascending_seed7,order_alternating_seed7,ascending,alternating,1,0.95,119,3,1.0,0.975,False,True,0.050000000000000044,0.025000000000000022
7,order_alternating_seed7,order_shuffled_seed7,alternating,shuffled,1,0.95,3,18,0.975,1.0,True,False,0.025000000000000022,0.050000000000000044
7,order_alternating_seed7,order_shuffled_seed7,alternating,shuffled,2,0.925,5,4,0.95,1.0,True,False,0.02499999999999991,0.07499999999999996
7,order_alternating_seed7,order_shuffled_seed7,alternating,shuffled,3,0.9,7,102,0.925,0.975,True,False,0.025000000000000022,0.07499999999999996
7,order_alternating_seed7,order_shuffled_seed7,alternating,shuffled,4,0.875,9,101,0.9,0.975,True,False,0.025000000000000022,0.09999999999999998
7,order_alternating_seed7,order_shuffled_seed7,alternating,shuffled,5,0.85,11,112,0.875,0.975,True,False,0.025000000000000022,0.125
7,order_alternating_seed7,order_shuffled_seed7,alternating,shuffled,6,0.825,13,92,0.85,0.975,True,False,0.025000000000000022,0.15000000000000002
7,order_alternating_seed7,order_shuffled_seed7,alternating,shuffled,7,0.8,15,25,0.825,1.0,True,False,0.02499999999999991,0.19999999999999996
7,order_alternating_seed7,order_shuffled_seed7,alternating,shuffled,8,0.775,17,76,0.8,0.975,True,False,0.025000000000000022,0.19999999999999996
7,order_alternating_seed7,order_shuffled_seed7,alternating,shuffled,9,0.75,19,9,0.775,1.0,True,False,0.025000000000000022,0.25
7,order_alternating_seed7,order_shuffled_seed7,alternating,shuffled,10,0.725,21,89,0.75,0.975,True,False,0.025000000000000022,0.25
7,order_alternating_seed7,order_shuffled_seed7,alternating,shuffled,11,0.7,23,27,0.725,1.0,True,False,0.025000000000000022,0.30000000000000004
7,order_alternating_seed7,order_shuffled_seed7,alternating,shuffled,12,0.675,25,75,0.7,0.975,True,False,0.02499999999999991,0.29999999999999993
7,order_alternating_seed7,order_shuffled_seed7,alternating,shuffled,13,0.6499999999999999,27,51,0.675,1.0,True,False,0.025000000000000133,0.3500000000000001
7,order_alternating_seed7,order_shuffled_seed7,alternating,shuffled,14,0.625,29,15,0.6499999999999999,1.0,True,False,0.02499999999999991,0.375
7,order_alternating_seed7,order_shuffled_seed7,alternating,shuffled,15,0.6,31,110,0.625,0.975,True,False,0.025000000000000022,0.375
7,order_alternating_seed7,order_shuffled_seed7,alternating,shuffled,16,0.575,33,111,0.6,0.975,True,False,0.025000000000000022,0.4
7,order_alternating_seed7,order_shuffled_seed7,alternating,shuffled,17,0.55,35,22,0.575,1.0,True,False,0.02499999999999991,0.44999999999999996
7,order_alternating_seed7,order_shuffled_seed7,alternating,shuffled,18,0.5249999999999999,37,48,0.55,1.0,True,False,0.025000000000000133,0.4750000000000001
7,order_alternating_seed7,order_shuffled_seed7,alternating,shuffled,19,0.5,39,39,0.5249999999999999,1.0,True,False,0.02499999999999991,0.5
7,order_alternating_seed7,order_shuffled_seed7,alternating,shuffled,20,0.475,41,99,0.5,0.975,True,False,0.025000000000000022,0.5
7,order_alternating_seed7,order_shuffled_seed7,alternating,shuffled,21,0.44999999999999996,43,44,0.475,1.0,True,False,0.025000000000000022,0.55
7,order_alternating_seed7,order_shuffled_seed7,alternating,shuffled,22,0.42499999999999993,45,6,0.44999999999999996,1.0,True,False,0.025000000000000022,0.5750000000000001
7,order_alternating_seed7,order_shuffled_seed7,alternating,shuffled,23,0.3999999999999999,47,28,0.42499999999999993,1.0,True,False,0.025000000000000022,0.6000000000000001
7,order_alternating_seed7,order_shuffled_seed7,alternating,shuffled,24,0.375,49,118,0.3999999999999999,0.975,True,False,0.02499999999999991,0.6
7,order_alternating_seed7,order_shuffled_seed7,alternating,shuffled,25,0.35,51,100,0.375,0.975,True,False,0.025000000000000022,0.625
7,order_alternating_seed7,order_shuffled_seed7,alternating,shuffled,26,0.32499999999999996,53,53,0.35,1.0,True,False,0.025000000000000022,0.675
7,order_alternating_seed7,order_shuffled_seed7,alternating,shuffled,27,0.29999999999999993,55,97,0.32499999999999996,0.975,True,False,0.025000000000000022,0.675
7,order_alternating_seed7,order_shuffled_seed7,alternating,shuffled,28,0.2749999999999999,57,113,0.29999999999999993,0.975,True,False,0.025000000000000022,0.7000000000000001
7,order_alternating_seed7,order_shuffled_seed7,alternating,shuffled,29,0.25,59,11,0.2749999999999999,1.0,True,False,0.02499999999999991,0.75
7,order_alternating_seed7,order_shuffled_seed7,alternating,shuffled,30,0.22499999999999998,61,68,0.25,1.0,True,False,0.025000000000000022,0.775
7,order_alternating_seed7,order_shuffled_seed7,alternating,shuffled,31,0.19999999999999996,63,46,0.22499999999999998,1.0,True,False,0.025000000000000022,0.8
7,order_alternating_seed7,order_shuffled_seed7,alternating,shuffled,32,0.17499999999999993,65,93,0.19999999999999996,0.975,True,False,0.025000000000000022,0.8
7,order_alternating_seed7,order_shuffled_seed7,alternating,shuffled,33,0.1499999999999999,67,116,0.17499999999999993,0.975,True,False,0.025000000000000022,0.8250000000000001
7,order_alternating_seed7,order_shuffled_seed7,alternating,shuffled,34,0.125,69,96,0.1499999999999999,0.975,True,False,0.02499999999999991,0.85
7,order_alternating_seed7,order_shuffled_seed7,alternating,shuffled,35,0.09999999999999998,71,108,0.125,0.975,True,False,0.025000000000000022,0.875
7,order_alternating_seed7,order_shuffled_seed7,alternating,shuffled,36,0.07499999999999996,73,10,0.09999999999999998,1.0,True,False,0.025000000000000022,0.925
7,order_alternating_seed7,order_shuffled_seed7,alternating,shuffled,37,0.04999999999999993,75,13,0.07499999999999996,1.0,True,False,0.025000000000000022,0.9500000000000001
7,order_alternating_seed7,order_shuffled_seed7,alternating,shuffled,76,0.0,76,31,0.04999999999999993,1.0,True,False,0.04999999999999993,1.0
7,order_alternating_seed7,order_shuffled_seed7,alternating,shuffled,38,0.02499999999999991,77,119,0.0,0.975,True,False,0.02499999999999991,0.9500000000000001
7,order_alternating_seed7,order_shuffled_seed7,alternating,shuffled,77,0.0,78,104,0.02499999999999991,0.975,True,False,0.02499999999999991,0.975
7,order_alternating_seed7,order_shuffled_seed7,alternating,shuffled,119,0.0,79,7,0.0,1.0,True,False,0.0,1.0
7,order_alternating_seed7,order_shuffled_seed7,alternating,shuffled,78,0.0,80,62,0.0,1.0,True,False,0.0,1.0
7,order_alternating_seed7,order_shuffled_seed7,alternating,shuffled,118,0.0,81,43,0.0,1.0,True,False,0.0,1.0
7,order_alternating_seed7,order_shuffled_seed7,alternating,shuffled,79,0.0,82,78,0.0,0.975,True,False,0.0,0.975
7,order_alternating_seed7,order_shuffled_seed7,alternating,shuffled,117,0.0,83,66,0.0,1.0,True,False,0.0,1.0
7,order_alternating_seed7,order_shuffled_seed7,alternating,shuffled,80,0.0,84,56,0.0,1.0,True,False,0.0,1.0
7,order_alternating_seed7,order_shuffled_seed7,alternating,shuffled,116,0.0,85,71,0.0,1.0,True,False,0.0,1.0
7,order_alternating_seed7,order_shuffled_seed7,alternating,shuffled,81,0.0,86,115,0.0,0.975,True,False,0.0,0.975
7,order_alternating_seed7,order_shuffled_seed7,alternating,shuffled,115,0.0,87,58,0.0,1.0,True,False,0.0,1.0
7,order_alternating_seed7,order_shuffled_seed7,alternating,shuffled,82,0.0,88,33,0.0,1.0,True,False,0.0,1.0
7,order_alternating_seed7,order_shuffled_seed7,alternating,shuffled,114,0.0,89,84,0.0,0.975,True,False,0.0,0.975
7,order_alternating_seed7,order_shuffled_seed7,alternating,shuffled,83,0.0,90,50,0.0,1.0,True,False,0.0,1.0
7,order_alternating_seed7,order_shuffled_seed7,alternating,shuffled,113,0.0,91,52,0.0,1.0,True,False,0.0,1.0
7,order_alternating_seed7,order_shuffled_seed7,alternating,shuffled,84,0.0,92,19,0.0,1.0,True,False,0.0,1.0
7,order_alternating_seed7,order_shuffled_seed7,alternating,shuffled,112,0.0,93,91,0.0,0.975,True,False,0.0,0.975
7,order_alternating_seed7,order_shuffled_seed7,alternating,shuffled,85,0.0,94,67,0.0,1.0,True,False,0.0,1.0
7,order_alternating_seed7,order_shuffled_seed7,alternating,shuffled,111,0.0,95,114,0.0,0.975,True,False,0.0,0.975
7,order_alternating_seed7,order_shuffled_seed7,alternating,shuffled,86,0.0,96,45,0.0,1.0,True,False,0.0,1.0
7,order_alternating_seed7,order_shuffled_seed7,alternating,shuffled,110,0.0,97,59,0.0,1.0,True,False,0.0,1.0
7,order_alternating_seed7,order_shuffled_seed7,alternating,shuffled,87,0.0,98,23,0.0,1.0,True,False,0.0,1.0
7,order_alternating_seed7,order_shuffled_seed7,alternating,shuffled,109,0.0,99,49,0.0,1.0,True,False,0.0,1.0
7,order_alternating_seed7,order_shuffled_seed7,alternating,shuffled,88,0.0,100,61,0.0,1.0,True,False,0.0,1.0
7,order_alternating_seed7,order_shuffled_seed7,alternating,shuffled,108,0.0,101,57,0.0,1.0,True,False,0.0,1.0
7,order_alternating_seed7,order_shuffled_seed7,alternating,shuffled,89,0.0,102,79,0.0,0.975,True,False,0.0,0.975
7,order_alternating_seed7,order_shuffled_seed7,alternating,shuffled,107,0.0,103,47,0.0,1.0,True,False,0.0,1.0
7,order_alternating_seed7,order_shuffled_seed7,alternating,shuffled,90,0.0,104,34,0.0,1.0,True,False,0.0,1.0
7,order_alternating_seed7,order_shuffled_seed7,alternating,shuffled,106,0.0,105,36,0.0,1.0,True,False,0.0,1.0
7,order_alternating_seed7,order_shuffled_seed7,alternating,shuffled,91,0.0,106,70,0.0,1.0,True,False,0.0,1.0
7,order_alternating_seed7,order_shuffled_seed7,alternating,shuffled,105,0.0,107,90,0.0,0.975,True,False,0.0,0.975
7,order_alternating_seed7,order_shuffled_seed7,alternating,shuffled,92,0.0,108,87,0.0,0.975,True,False,0.0,0.975
7,order_alternating_seed7,order_shuffled_seed7,alternating,shuffled,104,0.0,109,54,0.0,1.0,True,False,0.0,1.0
7,order_alternating_seed7,order_shuffled_seed7,alternating,shuffled,93,0.0,110,37,0.0,1.0,True,False,0.0,1.0
7,order_alternating_seed7,order_shuffled_seed7,alternating,shuffled,103,0.0,111,83,0.0,0.975,True,False,0.0,0.975
7,order_alternating_seed7,order_shuffled_seed7,alternating,shuffled,94,0.0,112,94,0.0,0.975,True,False,0.0,0.975
7,order_alternating_seed7,order_shuffled_seed7,alternating,shuffled,102,0.0,113,35,0.0,1.0,True,False,0.0,1.0
7,order_alternating_seed7,order_shuffled_seed7,alternating,shuffled,95,0.0,114,16,0.0,1.0,True,False,0.0,1.0
7,order_alternating_seed7,order_shuffled_seed7,alternating,shuffled,101,0.0,115,42,0.0,1.0,True,False,0.0,1.0
7,order_alternating_seed7,order_shuffled_seed7,alternating,shuffled,96,0.0,116,60,0.0,1.0,True,False,0.0,1.0
7,order_alternating_seed7,order_shuffled_seed7,alternating,shuffled,100,0.0,117,120,0.0,0.975,True,False,0.0,0.975
7,order_alternating_seed7,order_shuffled_seed7,alternating,shuffled,97,0.0,118,29,0.0,1.0,True,False,0.0,1.0
7,order_alternating_seed7,order_shuffled_seed7,alternating,shuffled,99,0.0,119,69,0.0,1.0,True,False,0.0,1.0
7,order_alternating_seed7,order_shuffled_seed7,alternating,shuffled,98,0.0,120,95,0.0,0.975,True,False,0.0,0.975
17,control_E_gradual_seed17,order_ascending_seed17,descending,ascending,1,0.95,2,119,0.975,1.0,True,False,0.025000000000000022,0.050000000000000044
17,control_E_gradual_seed17,order_ascending_seed17,descending,ascending,2,0.925,3,118,0.95,1.0,True,False,0.02499999999999991,0.07499999999999996
17,control_E_gradual_seed17,order_ascending_seed17,descending,ascending,3,0.9,4,117,0.925,1.0,True,False,0.025000000000000022,0.09999999999999998
17,control_E_gradual_seed17,order_ascending_seed17,descending,ascending,4,0.875,5,116,0.9,1.0,True,False,0.025000000000000022,0.125
17,control_E_gradual_seed17,order_ascending_seed17,descending,ascending,5,0.85,6,115,0.875,1.0,True,False,0.025000000000000022,0.15000000000000002
17,control_E_gradual_seed17,order_ascending_seed17,descending,ascending,6,0.825,7,114,0.85,1.0,True,False,0.025000000000000022,0.17500000000000004
17,control_E_gradual_seed17,order_ascending_seed17,descending,ascending,7,0.8,8,113,0.825,1.0,True,False,0.02499999999999991,0.19999999999999996
17,control_E_gradual_seed17,order_ascending_seed17,descending,ascending,8,0.775,9,112,0.8,1.0,True,False,0.025000000000000022,0.22499999999999998
17,control_E_gradual_seed17,order_ascending_seed17,descending,ascending,9,0.75,10,111,0.775,1.0,True,False,0.025000000000000022,0.25
17,control_E_gradual_seed17,order_ascending_seed17,descending,ascending,10,0.725,11,110,0.75,1.0,True,False,0.025000000000000022,0.275
17,control_E_gradual_seed17,order_ascending_seed17,descending,ascending,11,0.7,12,109,0.725,1.0,True,False,0.025000000000000022,0.30000000000000004
17,control_E_gradual_seed17,order_ascending_seed17,descending,ascending,12,0.675,13,108,0.7,1.0,True,False,0.02499999999999991,0.32499999999999996
17,control_E_gradual_seed17,order_ascending_seed17,descending,ascending,13,0.6499999999999999,14,107,0.675,1.0,True,False,0.025000000000000133,0.3500000000000001
17,control_E_gradual_seed17,order_ascending_seed17,descending,ascending,14,0.625,15,106,0.6499999999999999,1.0,True,False,0.02499999999999991,0.375
17,control_E_gradual_seed17,order_ascending_seed17,descending,ascending,15,0.6,16,105,0.625,1.0,True,False,0.025000000000000022,0.4
17,control_E_gradual_seed17,order_ascending_seed17,descending,ascending,16,0.575,17,104,0.6,1.0,True,False,0.025000000000000022,0.42500000000000004
17,control_E_gradual_seed17,order_ascending_seed17,descending,ascending,17,0.55,18,103,0.575,1.0,True,False,0.02499999999999991,0.44999999999999996
17,control_E_gradual_seed17,order_ascending_seed17,descending,ascending,18,0.5249999999999999,19,102,0.55,1.0,True,False,0.025000000000000133,0.4750000000000001
17,control_E_gradual_seed17,order_ascending_seed17,descending,ascending,19,0.5,20,101,0.5249999999999999,1.0,True,False,0.02499999999999991,0.5
17,control_E_gradual_seed17,order_ascending_seed17,descending,ascending,20,0.475,21,100,0.5,1.0,True,False,0.025000000000000022,0.525
17,control_E_gradual_seed17,order_ascending_seed17,descending,ascending,21,0.44999999999999996,22,99,0.475,1.0,True,False,0.025000000000000022,0.55
17,control_E_gradual_seed17,order_ascending_seed17,descending,ascending,22,0.42499999999999993,23,98,0.44999999999999996,1.0,True,False,0.025000000000000022,0.5750000000000001
17,control_E_gradual_seed17,order_ascending_seed17,descending,ascending,23,0.3999999999999999,24,97,0.42499999999999993,1.0,True,False,0.025000000000000022,0.6000000000000001
17,control_E_gradual_seed17,order_ascending_seed17,descending,ascending,24,0.375,25,96,0.3999999999999999,1.0,True,False,0.02499999999999991,0.625
17,control_E_gradual_seed17,order_ascending_seed17,descending,ascending,25,0.35,26,95,0.375,1.0,True,False,0.025000000000000022,0.65
17,control_E_gradual_seed17,order_ascending_seed17,descending,ascending,26,0.32499999999999996,27,94,0.35,1.0,True,False,0.025000000000000022,0.675
17,control_E_gradual_seed17,order_ascending_seed17,descending,ascending,27,0.29999999999999993,28,93,0.32499999999999996,1.0,True,False,0.025000000000000022,0.7000000000000001
17,control_E_gradual_seed17,order_ascending_seed17,descending,ascending,28,0.2749999999999999,29,92,0.29999999999999993,1.0,True,False,0.025000000000000022,0.7250000000000001
17,control_E_gradual_seed17,order_ascending_seed17,descending,ascending,29,0.25,30,91,0.2749999999999999,1.0,True,False,0.02499999999999991,0.75
17,control_E_gradual_seed17,order_ascending_seed17,descending,ascending,30,0.22499999999999998,31,90,0.25,1.0,True,False,0.025000000000000022,0.775
17,control_E_gradual_seed17,order_ascending_seed17,descending,ascending,31,0.19999999999999996,32,89,0.22499999999999998,1.0,True,False,0.025000000000000022,0.8
17,control_E_gradual_seed17,order_ascending_seed17,descending,ascending,32,0.17499999999999993,33,88,0.19999999999999996,1.0,True,False,0.025000000000000022,0.8250000000000001
17,control_E_gradual_seed17,order_ascending_seed17,descending,ascending,33,0.1499999999999999,34,87,0.17499999999999993,1.0,True,False,0.025000000000000022,0.8500000000000001
17,control_E_gradual_seed17,order_ascending_seed17,descending,ascending,34,0.125,35,86,0.1499999999999999,1.0,True,False,0.02499999999999991,0.875
17,control_E_gradual_seed17,order_ascending_seed17,descending,ascending,35,0.09999999999999998,36,85,0.125,1.0,True,False,0.025000000000000022,0.9
17,control_E_gradual_seed17,order_ascending_seed17,descending,ascending,36,0.07499999999999996,37,84,0.09999999999999998,1.0,True,False,0.025000000000000022,0.925
17,control_E_gradual_seed17,order_ascending_seed17,descending,ascending,37,0.04999999999999993,38,83,0.07499999999999996,1.0,True,False,0.025000000000000022,0.9500000000000001
17,control_E_gradual_seed17,order_ascending_seed17,descending,ascending,38,0.02499999999999991,39,82,0.04999999999999993,1.0,True,False,0.025000000000000022,0.9750000000000001
17,control_E_gradual_seed17,order_ascending_seed17,descending,ascending,39,0.0,40,1,0.02499999999999991,1.0,True,False,0.02499999999999991,1.0
17,control_E_gradual_seed17,order_ascending_seed17,descending,ascending,40,0.0,41,2,0.0,1.0,True,False,0.0,1.0
17,control_E_gradual_seed17,order_ascending_seed17,descending,ascending,41,0.0,42,3,0.0,1.0,True,False,0.0,1.0
17,control_E_gradual_seed17,order_ascending_seed17,descending,ascending,42,0.0,43,4,0.0,1.0,True,False,0.0,1.0
17,control_E_gradual_seed17,order_ascending_seed17,descending,ascending,43,0.0,44,5,0.0,1.0,True,False,0.0,1.0
17,control_E_gradual_seed17,order_ascending_seed17,descending,ascending,44,0.0,45,6,0.0,1.0,True,False,0.0,1.0
17,control_E_gradual_seed17,order_ascending_seed17,descending,ascending,45,0.0,46,7,0.0,1.0,True,False,0.0,1.0
17,control_E_gradual_seed17,order_ascending_seed17,descending,ascending,46,0.0,47,8,0.0,1.0,True,False,0.0,1.0
17,control_E_gradual_seed17,order_ascending_seed17,descending,ascending,47,0.0,48,9,0.0,1.0,True,False,0.0,1.0
17,control_E_gradual_seed17,order_ascending_seed17,descending,ascending,48,0.0,49,10,0.0,1.0,True,False,0.0,1.0
17,control_E_gradual_seed17,order_ascending_seed17,descending,ascending,49,0.0,50,11,0.0,1.0,True,False,0.0,1.0
17,control_E_gradual_seed17,order_ascending_seed17,descending,ascending,50,0.0,51,12,0.0,1.0,True,False,0.0,1.0
17,control_E_gradual_seed17,order_ascending_seed17,descending,ascending,51,0.0,52,13,0.0,1.0,True,False,0.0,1.0
17,control_E_gradual_seed17,order_ascending_seed17,descending,ascending,52,0.0,53,14,0.0,1.0,True,False,0.0,1.0
17,control_E_gradual_seed17,order_ascending_seed17,descending,ascending,53,0.0,54,15,0.0,1.0,True,False,0.0,1.0
17,control_E_gradual_seed17,order_ascending_seed17,descending,ascending,54,0.0,55,16,0.0,1.0,True,False,0.0,1.0
17,control_E_gradual_seed17,order_ascending_seed17,descending,ascending,55,0.0,56,17,0.0,1.0,True,False,0.0,1.0
17,control_E_gradual_seed17,order_ascending_seed17,descending,ascending,56,0.0,57,18,0.0,1.0,True,False,0.0,1.0
17,control_E_gradual_seed17,order_ascending_seed17,descending,ascending,57,0.0,58,19,0.0,1.0,True,False,0.0,1.0
17,control_E_gradual_seed17,order_ascending_seed17,descending,ascending,58,0.0,59,20,0.0,1.0,True,False,0.0,1.0
17,control_E_gradual_seed17,order_ascending_seed17,descending,ascending,59,0.0,60,21,0.0,1.0,True,False,0.0,1.0
17,control_E_gradual_seed17,order_ascending_seed17,descending,ascending,60,0.0,61,22,0.0,1.0,True,False,0.0,1.0
17,control_E_gradual_seed17,order_ascending_seed17,descending,ascending,61,0.0,62,23,0.0,1.0,True,False,0.0,1.0
17,control_E_gradual_seed17,order_ascending_seed17,descending,ascending,62,0.0,63,24,0.0,1.0,True,False,0.0,1.0
17,control_E_gradual_seed17,order_ascending_seed17,descending,ascending,63,0.0,64,25,0.0,1.0,True,False,0.0,1.0
17,control_E_gradual_seed17,order_ascending_seed17,descending,ascending,64,0.0,65,26,0.0,1.0,True,False,0.0,1.0
17,control_E_gradual_seed17,order_ascending_seed17,descending,ascending,65,0.0,66,27,0.0,1.0,True,False,0.0,1.0
17,control_E_gradual_seed17,order_ascending_seed17,descending,ascending,66,0.0,67,28,0.0,1.0,True,False,0.0,1.0
17,control_E_gradual_seed17,order_ascending_seed17,descending,ascending,67,0.0,68,29,0.0,1.0,True,False,0.0,1.0
17,control_E_gradual_seed17,order_ascending_seed17,descending,ascending,68,0.0,69,30,0.0,1.0,True,False,0.0,1.0
17,control_E_gradual_seed17,order_ascending_seed17,descending,ascending,69,0.0,70,31,0.0,1.0,True,False,0.0,1.0
17,control_E_gradual_seed17,order_ascending_seed17,descending,ascending,70,0.0,71,32,0.0,1.0,True,False,0.0,1.0
17,control_E_gradual_seed17,order_ascending_seed17,descending,ascending,71,0.0,72,33,0.0,1.0,True,False,0.0,1.0
17,control_E_gradual_seed17,order_ascending_seed17,descending,ascending,72,0.0,73,34,0.0,1.0,True,False,0.0,1.0
17,control_E_gradual_seed17,order_ascending_seed17,descending,ascending,73,0.0,74,35,0.0,1.0,True,False,0.0,1.0
17,control_E_gradual_seed17,order_ascending_seed17,descending,ascending,74,0.0,75,36,0.0,1.0,True,False,0.0,1.0
17,control_E_gradual_seed17,order_ascending_seed17,descending,ascending,75,0.0,76,37,0.0,1.0,True,False,0.0,1.0
17,control_E_gradual_seed17,order_ascending_seed17,descending,ascending,76,0.0,77,38,0.0,1.0,True,False,0.0,1.0
17,control_E_gradual_seed17,order_ascending_seed17,descending,ascending,77,0.0,78,39,0.0,1.0,True,False,0.0,1.0
17,control_E_gradual_seed17,order_ascending_seed17,descending,ascending,78,0.0,79,40,0.0,1.0,True,False,0.0,1.0
17,control_E_gradual_seed17,order_ascending_seed17,descending,ascending,79,0.0,80,41,0.0,1.0,True,False,0.0,1.0
17,control_E_gradual_seed17,order_ascending_seed17,descending,ascending,80,0.0,81,42,0.0,1.0,True,False,0.0,1.0
17,control_E_gradual_seed17,order_ascending_seed17,descending,ascending,81,0.0,82,43,0.0,1.0,True,False,0.0,1.0
17,control_E_gradual_seed17,order_ascending_seed17,descending,ascending,82,0.0,83,44,0.0,1.0,True,False,0.0,1.0
17,control_E_gradual_seed17,order_ascending_seed17,descending,ascending,83,0.0,84,45,0.0,1.0,True,False,0.0,1.0
17,control_E_gradual_seed17,order_ascending_seed17,descending,ascending,84,0.0,85,46,0.0,1.0,True,False,0.0,1.0
17,control_E_gradual_seed17,order_ascending_seed17,descending,ascending,85,0.0,86,47,0.0,1.0,True,False,0.0,1.0
17,control_E_gradual_seed17,order_ascending_seed17,descending,ascending,86,0.0,87,48,0.0,1.0,True,False,0.0,1.0
17,control_E_gradual_seed17,order_ascending_seed17,descending,ascending,87,0.0,88,49,0.0,1.0,True,False,0.0,1.0
17,control_E_gradual_seed17,order_ascending_seed17,descending,ascending,88,0.0,89,50,0.0,1.0,True,False,0.0,1.0
17,control_E_gradual_seed17,order_ascending_seed17,descending,ascending,89,0.0,90,51,0.0,1.0,True,False,0.0,1.0
17,control_E_gradual_seed17,order_ascending_seed17,descending,ascending,90,0.0,91,52,0.0,1.0,True,False,0.0,1.0
17,control_E_gradual_seed17,order_ascending_seed17,descending,ascending,91,0.0,92,53,0.0,1.0,True,False,0.0,1.0
17,control_E_gradual_seed17,order_ascending_seed17,descending,ascending,92,0.0,93,54,0.0,1.0,True,False,0.0,1.0
17,control_E_gradual_seed17,order_ascending_seed17,descending,ascending,93,0.0,94,55,0.0,1.0,True,False,0.0,1.0
17,control_E_gradual_seed17,order_ascending_seed17,descending,ascending,94,0.0,95,56,0.0,1.0,True,False,0.0,1.0
17,control_E_gradual_seed17,order_ascending_seed17,descending,ascending,95,0.0,96,57,0.0,1.0,True,False,0.0,1.0
17,control_E_gradual_seed17,order_ascending_seed17,descending,ascending,96,0.0,97,58,0.0,1.0,True,False,0.0,1.0
17,control_E_gradual_seed17,order_ascending_seed17,descending,ascending,97,0.0,98,59,0.0,1.0,True,False,0.0,1.0
17,control_E_gradual_seed17,order_ascending_seed17,descending,ascending,98,0.0,99,60,0.0,1.0,True,False,0.0,1.0
17,control_E_gradual_seed17,order_ascending_seed17,descending,ascending,99,0.0,100,61,0.0,1.0,True,False,0.0,1.0
17,control_E_gradual_seed17,order_ascending_seed17,descending,ascending,100,0.0,101,62,0.0,1.0,True,False,0.0,1.0
17,control_E_gradual_seed17,order_ascending_seed17,descending,ascending,101,0.0,102,63,0.0,1.0,True,False,0.0,1.0
17,control_E_gradual_seed17,order_ascending_seed17,descending,ascending,102,0.0,103,64,0.0,1.0,True,False,0.0,1.0
17,control_E_gradual_seed17,order_ascending_seed17,descending,ascending,103,0.0,104,65,0.0,1.0,True,False,0.0,1.0
17,control_E_gradual_seed17,order_ascending_seed17,descending,ascending,104,0.0,105,66,0.0,1.0,True,False,0.0,1.0
17,control_E_gradual_seed17,order_ascending_seed17,descending,ascending,105,0.0,106,67,0.0,1.0,True,False,0.0,1.0
17,control_E_gradual_seed17,order_ascending_seed17,descending,ascending,106,0.0,107,68,0.0,1.0,True,False,0.0,1.0
17,control_E_gradual_seed17,order_ascending_seed17,descending,ascending,107,0.0,108,69,0.0,1.0,True,False,0.0,1.0
17,control_E_gradual_seed17,order_ascending_seed17,descending,ascending,108,0.0,109,70,0.0,1.0,True,False,0.0,1.0
17,control_E_gradual_seed17,order_ascending_seed17,descending,ascending,109,0.0,110,71,0.0,1.0,True,False,0.0,1.0
17,control_E_gradual_seed17,order_ascending_seed17,descending,ascending,110,0.0,111,72,0.0,1.0,True,False,0.0,1.0
17,control_E_gradual_seed17,order_ascending_seed17,descending,ascending,111,0.0,112,73,0.0,1.0,True,False,0.0,1.0
17,control_E_gradual_seed17,order_ascending_seed17,descending,ascending,112,0.0,113,74,0.0,1.0,True,False,0.0,1.0
17,control_E_gradual_seed17,order_ascending_seed17,descending,ascending,113,0.0,114,75,0.0,1.0,True,False,0.0,1.0
17,control_E_gradual_seed17,order_ascending_seed17,descending,ascending,114,0.0,115,76,0.0,1.0,True,False,0.0,1.0
17,control_E_gradual_seed17,order_ascending_seed17,descending,ascending,115,0.0,116,77,0.0,1.0,True,False,0.0,1.0
17,control_E_gradual_seed17,order_ascending_seed17,descending,ascending,116,0.0,117,78,0.0,1.0,True,False,0.0,1.0
17,control_E_gradual_seed17,order_ascending_seed17,descending,ascending,117,0.0,118,79,0.0,1.0,True,False,0.0,1.0
17,control_E_gradual_seed17,order_ascending_seed17,descending,ascending,118,0.0,119,80,0.0,1.0,True,False,0.0,1.0
17,control_E_gradual_seed17,order_ascending_seed17,descending,ascending,119,0.0,120,81,0.0,1.0,True,False,0.0,1.0
17,control_E_gradual_seed17,order_alternating_seed17,descending,alternating,39,0.0,40,2,0.02499999999999991,0.975,True,False,0.02499999999999991,0.975
17,control_E_gradual_seed17,order_alternating_seed17,descending,alternating,40,0.0,41,4,0.0,0.95,True,False,0.0,0.95
17,control_E_gradual_seed17,order_alternating_seed17,descending,alternating,41,0.0,42,6,0.0,0.925,True,False,0.0,0.925
17,control_E_gradual_seed17,order_alternating_seed17,descending,alternating,42,0.0,43,8,0.0,0.9,True,False,0.0,0.9
17,control_E_gradual_seed17,order_alternating_seed17,descending,alternating,43,0.0,44,10,0.0,0.875,True,False,0.0,0.875
17,control_E_gradual_seed17,order_alternating_seed17,descending,alternating,44,0.0,45,12,0.0,0.85,True,False,0.0,0.85
17,control_E_gradual_seed17,order_alternating_seed17,descending,alternating,45,0.0,46,14,0.0,0.825,True,False,0.0,0.825
17,control_E_gradual_seed17,order_alternating_seed17,descending,alternating,46,0.0,47,16,0.0,0.8,True,False,0.0,0.8
17,control_E_gradual_seed17,order_alternating_seed17,descending,alternating,47,0.0,48,18,0.0,0.775,True,False,0.0,0.775
17,control_E_gradual_seed17,order_alternating_seed17,descending,alternating,48,0.0,49,20,0.0,0.75,True,False,0.0,0.75
17,control_E_gradual_seed17,order_alternating_seed17,descending,alternating,49,0.0,50,22,0.0,0.725,True,False,0.0,0.725
17,control_E_gradual_seed17,order_alternating_seed17,descending,alternating,50,0.0,51,24,0.0,0.7,True,False,0.0,0.7
17,control_E_gradual_seed17,order_alternating_seed17,descending,alternating,51,0.0,52,26,0.0,0.675,True,False,0.0,0.675
17,control_E_gradual_seed17,order_alternating_seed17,descending,alternating,52,0.0,53,28,0.0,0.6499999999999999,True,False,0.0,0.6499999999999999
17,control_E_gradual_seed17,order_alternating_seed17,descending,alternating,53,0.0,54,30,0.0,0.625,True,False,0.0,0.625
17,control_E_gradual_seed17,order_alternating_seed17,descending,alternating,54,0.0,55,32,0.0,0.6,True,False,0.0,0.6
17,control_E_gradual_seed17,order_alternating_seed17,descending,alternating,55,0.0,56,34,0.0,0.575,True,False,0.0,0.575
17,control_E_gradual_seed17,order_alternating_seed17,descending,alternating,56,0.0,57,36,0.0,0.55,True,False,0.0,0.55
17,control_E_gradual_seed17,order_alternating_seed17,descending,alternating,57,0.0,58,38,0.0,0.5249999999999999,True,False,0.0,0.5249999999999999
17,control_E_gradual_seed17,order_alternating_seed17,descending,alternating,58,0.0,59,40,0.0,0.5,True,False,0.0,0.5
17,control_E_gradual_seed17,order_alternating_seed17,descending,alternating,59,0.0,60,42,0.0,0.475,True,False,0.0,0.475
17,control_E_gradual_seed17,order_alternating_seed17,descending,alternating,60,0.0,61,44,0.0,0.44999999999999996,True,False,0.0,0.44999999999999996
17,control_E_gradual_seed17,order_alternating_seed17,descending,alternating,61,0.0,62,46,0.0,0.42499999999999993,True,False,0.0,0.42499999999999993
17,control_E_gradual_seed17,order_alternating_seed17,descending,alternating,62,0.0,63,48,0.0,0.3999999999999999,True,False,0.0,0.3999999999999999
17,control_E_gradual_seed17,order_alternating_seed17,descending,alternating,63,0.0,64,50,0.0,0.375,True,False,0.0,0.375
17,control_E_gradual_seed17,order_alternating_seed17,descending,alternating,64,0.0,65,52,0.0,0.35,True,False,0.0,0.35
17,control_E_gradual_seed17,order_alternating_seed17,descending,alternating,65,0.0,66,54,0.0,0.32499999999999996,True,False,0.0,0.32499999999999996
17,control_E_gradual_seed17,order_alternating_seed17,descending,alternating,66,0.0,67,56,0.0,0.29999999999999993,True,False,0.0,0.29999999999999993
17,control_E_gradual_seed17,order_alternating_seed17,descending,alternating,67,0.0,68,58,0.0,0.2749999999999999,True,False,0.0,0.2749999999999999
17,control_E_gradual_seed17,order_alternating_seed17,descending,alternating,68,0.0,69,60,0.0,0.25,True,False,0.0,0.25
17,control_E_gradual_seed17,order_alternating_seed17,descending,alternating,69,0.0,70,62,0.0,0.22499999999999998,True,False,0.0,0.22499999999999998
17,control_E_gradual_seed17,order_alternating_seed17,descending,alternating,70,0.0,71,64,0.0,0.19999999999999996,True,False,0.0,0.19999999999999996
17,control_E_gradual_seed17,order_alternating_seed17,descending,alternating,71,0.0,72,66,0.0,0.17499999999999993,True,False,0.0,0.17499999999999993
17,control_E_gradual_seed17,order_alternating_seed17,descending,alternating,72,0.0,73,68,0.0,0.1499999999999999,True,False,0.0,0.1499999999999999
17,control_E_gradual_seed17,order_alternating_seed17,descending,alternating,73,0.0,74,70,0.0,0.125,True,False,0.0,0.125
17,control_E_gradual_seed17,order_alternating_seed17,descending,alternating,74,0.0,75,72,0.0,0.09999999999999998,True,False,0.0,0.09999999999999998
17,control_E_gradual_seed17,order_alternating_seed17,descending,alternating,75,0.0,76,74,0.0,0.07499999999999996,True,False,0.0,0.07499999999999996
17,control_E_gradual_seed17,order_shuffled_seed17,descending,shuffled,4,0.875,5,94,0.9,0.925,True,False,0.025000000000000022,0.050000000000000044
17,control_E_gradual_seed17,order_shuffled_seed17,descending,shuffled,5,0.85,6,48,0.875,1.0,True,False,0.025000000000000022,0.15000000000000002
17,control_E_gradual_seed17,order_shuffled_seed17,descending,shuffled,6,0.825,7,44,0.85,1.0,True,False,0.025000000000000022,0.17500000000000004
17,control_E_gradual_seed17,order_shuffled_seed17,descending,shuffled,7,0.8,8,36,0.825,1.0,True,False,0.02499999999999991,0.19999999999999996
17,control_E_gradual_seed17,order_shuffled_seed17,descending,shuffled,8,0.775,9,105,0.8,0.9,True,False,0.025000000000000022,0.125
17,control_E_gradual_seed17,order_shuffled_seed17,descending,shuffled,9,0.75,10,101,0.775,0.9,True,False,0.025000000000000022,0.15000000000000002
17,control_E_gradual_seed17,order_shuffled_seed17,descending,shuffled,10,0.725,11,93,0.75,0.925,True,False,0.025000000000000022,0.20000000000000007
17,control_E_gradual_seed17,order_shuffled_seed17,descending,shuffled,11,0.7,12,4,0.725,1.0,True,False,0.025000000000000022,0.30000000000000004
17,control_E_gradual_seed17,order_shuffled_seed17,descending,shuffled,12,0.675,13,29,0.7,1.0,True,False,0.02499999999999991,0.32499999999999996
17,control_E_gradual_seed17,order_shuffled_seed17,descending,shuffled,13,0.6499999999999999,14,75,0.675,0.975,True,False,0.025000000000000133,0.32500000000000007
17,control_E_gradual_seed17,order_shuffled_seed17,descending,shuffled,14,0.625,15,79,0.6499999999999999,0.95,True,False,0.02499999999999991,0.32499999999999996
17,control_E_gradual_seed17,order_shuffled_seed17,descending,shuffled,15,0.6,16,65,0.625,1.0,True,False,0.025000000000000022,0.4
17,control_E_gradual_seed17,order_shuffled_seed17,descending,shuffled,16,0.575,17,8,0.6,1.0,True,False,0.025000000000000022,0.42500000000000004
17,control_E_gradual_seed17,order_shuffled_seed17,descending,shuffled,17,0.55,18,52,0.575,1.0,True,False,0.02499999999999991,0.44999999999999996
17,control_E_gradual_seed17,order_shuffled_seed17,descending,shuffled,18,0.5249999999999999,19,116,0.55,0.9,True,False,0.025000000000000133,0.3750000000000001
17,control_E_gradual_seed17,order_shuffled_seed17,descending,shuffled,19,0.5,20,57,0.5249999999999999,1.0,True,False,0.02499999999999991,0.5
17,control_E_gradual_seed17,order_shuffled_seed17,descending,shuffled,20,0.475,21,90,0.5,0.95,True,False,0.025000000000000022,0.475
17,control_E_gradual_seed17,order_shuffled_seed17,descending,shuffled,21,0.44999999999999996,22,92,0.475,0.925,True,False,0.025000000000000022,0.4750000000000001
17,control_E_gradual_seed17,order_shuffled_seed17,descending,shuffled,22,0.42499999999999993,23,53,0.44999999999999996,1.0,True,False,0.025000000000000022,0.5750000000000001
17,control_E_gradual_seed17,order_shuffled_seed17,descending,shuffled,23,0.3999999999999999,24,3,0.42499999999999993,1.0,True,False,0.025000000000000022,0.6000000000000001
17,control_E_gradual_seed17,order_shuffled_seed17,descending,shuffled,24,0.375,25,51,0.3999999999999999,1.0,True,False,0.02499999999999991,0.625
17,control_E_gradual_seed17,order_shuffled_seed17,descending,shuffled,25,0.35,26,31,0.375,1.0,True,False,0.025000000000000022,0.65
17,control_E_gradual_seed17,order_shuffled_seed17,descending,shuffled,26,0.32499999999999996,27,23,0.35,1.0,True,False,0.025000000000000022,0.675
17,control_E_gradual_seed17,order_shuffled_seed17,descending,shuffled,27,0.29999999999999993,28,87,0.32499999999999996,0.95,True,False,0.025000000000000022,0.65
17,control_E_gradual_seed17,order_shuffled_seed17,descending,shuffled,28,0.2749999999999999,29,17,0.29999999999999993,1.0,True,False,0.025000000000000022,0.7250000000000001
17,control_E_gradual_seed17,order_shuffled_seed17,descending,shuffled,29,0.25,30,96,0.2749999999999999,0.9,True,False,0.02499999999999991,0.65
17,control_E_gradual_seed17,order_shuffled_seed17,descending,shuffled,30,0.22499999999999998,31,76,0.25,0.975,True,False,0.025000000000000022,0.75
17,control_E_gradual_seed17,order_shuffled_seed17,descending,shuffled,31,0.19999999999999996,32,49,0.22499999999999998,1.0,True,False,0.025000000000000022,0.8
17,control_E_gradual_seed17,order_shuffled_seed17,descending,shuffled,32,0.17499999999999993,33,32,0.19999999999999996,1.0,True,False,0.025000000000000022,0.8250000000000001
17,control_E_gradual_seed17,order_shuffled_seed17,descending,shuffled,33,0.1499999999999999,34,85,0.17499999999999993,0.95,True,False,0.025000000000000022,0.8
17,control_E_gradual_seed17,order_shuffled_seed17,descending,shuffled,34,0.125,35,70,0.1499999999999999,1.0,True,False,0.02499999999999991,0.875
17,control_E_gradual_seed17,order_shuffled_seed17,descending,shuffled,35,0.09999999999999998,36,62,0.125,1.0,True,False,0.025000000000000022,0.9
17,control_E_gradual_seed17,order_shuffled_seed17,descending,shuffled,36,0.07499999999999996,37,112,0.09999999999999998,0.9,True,False,0.025000000000000022,0.8250000000000001
17,control_E_gradual_seed17,order_shuffled_seed17,descending,shuffled,37,0.04999999999999993,38,63,0.07499999999999996,1.0,True,False,0.025000000000000022,0.9500000000000001
17,control_E_gradual_seed17,order_shuffled_seed17,descending,shuffled,38,0.02499999999999991,39,26,0.04999999999999993,1.0,True,False,0.025000000000000022,0.9750000000000001
17,control_E_gradual_seed17,order_shuffled_seed17,descending,shuffled,39,0.0,40,56,0.02499999999999991,1.0,True,False,0.02499999999999991,1.0
17,control_E_gradual_seed17,order_shuffled_seed17,descending,shuffled,40,0.0,41,106,0.0,0.9,True,False,0.0,0.9
17,control_E_gradual_seed17,order_shuffled_seed17,descending,shuffled,41,0.0,42,86,0.0,0.95,True,False,0.0,0.95
17,control_E_gradual_seed17,order_shuffled_seed17,descending,shuffled,42,0.0,43,68,0.0,1.0,True,False,0.0,1.0
17,control_E_gradual_seed17,order_shuffled_seed17,descending,shuffled,43,0.0,44,72,0.0,0.975,True,False,0.0,0.975
17,control_E_gradual_seed17,order_shuffled_seed17,descending,shuffled,44,0.0,45,99,0.0,0.9,True,False,0.0,0.9
17,control_E_gradual_seed17,order_shuffled_seed17,descending,shuffled,45,0.0,46,27,0.0,1.0,True,False,0.0,1.0
17,control_E_gradual_seed17,order_shuffled_seed17,descending,shuffled,46,0.0,47,80,0.0,0.95,True,False,0.0,0.95
17,control_E_gradual_seed17,order_shuffled_seed17,descending,shuffled,47,0.0,48,43,0.0,1.0,True,False,0.0,1.0
17,control_E_gradual_seed17,order_shuffled_seed17,descending,shuffled,48,0.0,49,5,0.0,1.0,True,False,0.0,1.0
17,control_E_gradual_seed17,order_shuffled_seed17,descending,shuffled,49,0.0,50,108,0.0,0.9,True,False,0.0,0.9
17,control_E_gradual_seed17,order_shuffled_seed17,descending,shuffled,50,0.0,51,38,0.0,1.0,True,False,0.0,1.0
17,control_E_gradual_seed17,order_shuffled_seed17,descending,shuffled,51,0.0,52,41,0.0,1.0,True,False,0.0,1.0
17,control_E_gradual_seed17,order_shuffled_seed17,descending,shuffled,52,0.0,53,25,0.0,1.0,True,False,0.0,1.0
17,control_E_gradual_seed17,order_shuffled_seed17,descending,shuffled,53,0.0,54,60,0.0,1.0,True,False,0.0,1.0
17,control_E_gradual_seed17,order_shuffled_seed17,descending,shuffled,54,0.0,55,6,0.0,1.0,True,False,0.0,1.0
17,control_E_gradual_seed17,order_shuffled_seed17,descending,shuffled,55,0.0,56,77,0.0,0.975,True,False,0.0,0.975
17,control_E_gradual_seed17,order_shuffled_seed17,descending,shuffled,56,0.0,57,61,0.0,1.0,True,False,0.0,1.0
17,control_E_gradual_seed17,order_shuffled_seed17,descending,shuffled,57,0.0,58,34,0.0,1.0,True,False,0.0,1.0
17,control_E_gradual_seed17,order_shuffled_seed17,descending,shuffled,58,0.0,59,20,0.0,1.0,True,False,0.0,1.0
17,control_E_gradual_seed17,order_shuffled_seed17,descending,shuffled,59,0.0,60,84,0.0,0.95,True,False,0.0,0.95
17,control_E_gradual_seed17,order_shuffled_seed17,descending,shuffled,60,0.0,61,82,0.0,0.95,True,False,0.0,0.95
17,control_E_gradual_seed17,order_shuffled_seed17,descending,shuffled,61,0.0,62,120,0.0,0.9,True,False,0.0,0.9
17,control_E_gradual_seed17,order_shuffled_seed17,descending,shuffled,62,0.0,63,110,0.0,0.9,True,False,0.0,0.9
17,control_E_gradual_seed17,order_shuffled_seed17,descending,shuffled,63,0.0,64,73,0.0,0.975,True,False,0.0,0.975
17,control_E_gradual_seed17,order_shuffled_seed17,descending,shuffled,64,0.0,65,46,0.0,1.0,True,False,0.0,1.0
17,control_E_gradual_seed17,order_shuffled_seed17,descending,shuffled,65,0.0,66,67,0.0,1.0,True,False,0.0,1.0
17,control_E_gradual_seed17,order_shuffled_seed17,descending,shuffled,66,0.0,67,33,0.0,1.0,True,False,0.0,1.0
17,control_E_gradual_seed17,order_shuffled_seed17,descending,shuffled,67,0.0,68,22,0.0,1.0,True,False,0.0,1.0
17,control_E_gradual_seed17,order_shuffled_seed17,descending,shuffled,68,0.0,69,69,0.0,1.0,True,False,0.0,1.0
17,control_E_gradual_seed17,order_shuffled_seed17,descending,shuffled,69,0.0,70,107,0.0,0.9,True,False,0.0,0.9
17,control_E_gradual_seed17,order_shuffled_seed17,descending,shuffled,70,0.0,71,58,0.0,1.0,True,False,0.0,1.0
17,control_E_gradual_seed17,order_shuffled_seed17,descending,shuffled,71,0.0,72,19,0.0,1.0,True,False,0.0,1.0
17,control_E_gradual_seed17,order_shuffled_seed17,descending,shuffled,72,0.0,73,74,0.0,0.975,True,False,0.0,0.975
17,control_E_gradual_seed17,order_shuffled_seed17,descending,shuffled,73,0.0,74,83,0.0,0.95,True,False,0.0,0.95
17,control_E_gradual_seed17,order_shuffled_seed17,descending,shuffled,74,0.0,75,59,0.0,1.0,True,False,0.0,1.0
17,control_E_gradual_seed17,order_shuffled_seed17,descending,shuffled,75,0.0,76,47,0.0,1.0,True,False,0.0,1.0
17,control_E_gradual_seed17,order_shuffled_seed17,descending,shuffled,76,0.0,77,102,0.0,0.9,True,False,0.0,0.9
17,control_E_gradual_seed17,order_shuffled_seed17,descending,shuffled,77,0.0,78,54,0.0,1.0,True,False,0.0,1.0
17,control_E_gradual_seed17,order_shuffled_seed17,descending,shuffled,78,0.0,79,115,0.0,0.9,True,False,0.0,0.9
17,control_E_gradual_seed17,order_shuffled_seed17,descending,shuffled,79,0.0,80,119,0.0,0.9,True,False,0.0,0.9
17,control_E_gradual_seed17,order_shuffled_seed17,descending,shuffled,80,0.0,81,24,0.0,1.0,True,False,0.0,1.0
17,control_E_gradual_seed17,order_shuffled_seed17,descending,shuffled,81,0.0,82,35,0.0,1.0,True,False,0.0,1.0
17,control_E_gradual_seed17,order_shuffled_seed17,descending,shuffled,82,0.0,83,118,0.0,0.9,True,False,0.0,0.9
17,control_E_gradual_seed17,order_shuffled_seed17,descending,shuffled,83,0.0,84,18,0.0,1.0,True,False,0.0,1.0
17,control_E_gradual_seed17,order_shuffled_seed17,descending,shuffled,84,0.0,85,28,0.0,1.0,True,False,0.0,1.0
17,control_E_gradual_seed17,order_shuffled_seed17,descending,shuffled,85,0.0,86,45,0.0,1.0,True,False,0.0,1.0
17,control_E_gradual_seed17,order_shuffled_seed17,descending,shuffled,86,0.0,87,13,0.0,1.0,True,False,0.0,1.0
17,control_E_gradual_seed17,order_shuffled_seed17,descending,shuffled,87,0.0,88,39,0.0,1.0,True,False,0.0,1.0
17,control_E_gradual_seed17,order_shuffled_seed17,descending,shuffled,88,0.0,89,109,0.0,0.9,True,False,0.0,0.9
17,control_E_gradual_seed17,order_shuffled_seed17,descending,shuffled,89,0.0,90,98,0.0,0.9,True,False,0.0,0.9
17,control_E_gradual_seed17,order_shuffled_seed17,descending,shuffled,90,0.0,91,81,0.0,0.95,True,False,0.0,0.95
17,control_E_gradual_seed17,order_shuffled_seed17,descending,shuffled,91,0.0,92,40,0.0,1.0,True,False,0.0,1.0
17,control_E_gradual_seed17,order_shuffled_seed17,descending,shuffled,92,0.0,93,37,0.0,1.0,True,False,0.0,1.0
17,control_E_gradual_seed17,order_shuffled_seed17,descending,shuffled,93,0.0,94,114,0.0,0.9,True,False,0.0,0.9
17,control_E_gradual_seed17,order_shuffled_seed17,descending,shuffled,94,0.0,95,66,0.0,1.0,True,False,0.0,1.0
17,control_E_gradual_seed17,order_shuffled_seed17,descending,shuffled,95,0.0,96,55,0.0,1.0,True,False,0.0,1.0
17,control_E_gradual_seed17,order_shuffled_seed17,descending,shuffled,96,0.0,97,64,0.0,1.0,True,False,0.0,1.0
17,control_E_gradual_seed17,order_shuffled_seed17,descending,shuffled,97,0.0,98,12,0.0,1.0,True,False,0.0,1.0
17,control_E_gradual_seed17,order_shuffled_seed17,descending,shuffled,98,0.0,99,42,0.0,1.0,True,False,0.0,1.0
17,control_E_gradual_seed17,order_shuffled_seed17,descending,shuffled,99,0.0,100,104,0.0,0.9,True,False,0.0,0.9
17,control_E_gradual_seed17,order_shuffled_seed17,descending,shuffled,100,0.0,101,1,0.0,1.0,True,False,0.0,1.0
17,control_E_gradual_seed17,order_shuffled_seed17,descending,shuffled,101,0.0,102,88,0.0,0.95,True,False,0.0,0.95
17,control_E_gradual_seed17,order_shuffled_seed17,descending,shuffled,102,0.0,103,9,0.0,1.0,True,False,0.0,1.0
17,control_E_gradual_seed17,order_shuffled_seed17,descending,shuffled,103,0.0,104,16,0.0,1.0,True,False,0.0,1.0
17,control_E_gradual_seed17,order_shuffled_seed17,descending,shuffled,104,0.0,105,103,0.0,0.9,True,False,0.0,0.9
17,control_E_gradual_seed17,order_shuffled_seed17,descending,shuffled,105,0.0,106,97,0.0,0.9,True,False,0.0,0.9
17,control_E_gradual_seed17,order_shuffled_seed17,descending,shuffled,106,0.0,107,100,0.0,0.9,True,False,0.0,0.9
17,control_E_gradual_seed17,order_shuffled_seed17,descending,shuffled,107,0.0,108,11,0.0,1.0,True,False,0.0,1.0
17,control_E_gradual_seed17,order_shuffled_seed17,descending,shuffled,108,0.0,109,21,0.0,1.0,True,False,0.0,1.0
17,control_E_gradual_seed17,order_shuffled_seed17,descending,shuffled,109,0.0,110,15,0.0,1.0,True,False,0.0,1.0
17,control_E_gradual_seed17,order_shuffled_seed17,descending,shuffled,110,0.0,111,30,0.0,1.0,True,False,0.0,1.0
17,control_E_gradual_seed17,order_shuffled_seed17,descending,shuffled,111,0.0,112,113,0.0,0.9,True,False,0.0,0.9
17,control_E_gradual_seed17,order_shuffled_seed17,descending,shuffled,112,0.0,113,117,0.0,0.9,True,False,0.0,0.9
17,control_E_gradual_seed17,order_shuffled_seed17,descending,shuffled,113,0.0,114,14,0.0,1.0,True,False,0.0,1.0
17,control_E_gradual_seed17,order_shuffled_seed17,descending,shuffled,114,0.0,115,2,0.0,1.0,True,False,0.0,1.0
17,control_E_gradual_seed17,order_shuffled_seed17,descending,shuffled,115,0.0,116,89,0.0,0.95,True,False,0.0,0.95
17,control_E_gradual_seed17,order_shuffled_seed17,descending,shuffled,116,0.0,117,10,0.0,1.0,True,False,0.0,1.0
17,control_E_gradual_seed17,order_shuffled_seed17,descending,shuffled,117,0.0,118,111,0.0,0.9,True,False,0.0,0.9
17,control_E_gradual_seed17,order_shuffled_seed17,descending,shuffled,118,0.0,119,50,0.0,1.0,True,False,0.0,1.0
17,control_E_gradual_seed17,order_shuffled_seed17,descending,shuffled,119,0.0,120,7,0.0,1.0,True,False,0.0,1.0
17,order_ascending_seed17,order_alternating_seed17,ascending,alternating,76,0.0,38,76,1.0,0.04999999999999993,False,True,1.0,0.04999999999999993
17,order_ascending_seed17,order_alternating_seed17,ascending,alternating,77,0.0,39,78,1.0,0.02499999999999991,False,True,1.0,0.02499999999999991
17,order_ascending_seed17,order_alternating_seed17,ascending,alternating,78,0.0,40,80,1.0,0.0,False,True,1.0,0.0
17,order_ascending_seed17,order_alternating_seed17,ascending,alternating,79,0.0,41,82,1.0,0.0,False,True,1.0,0.0
17,order_ascending_seed17,order_alternating_seed17,ascending,alternating,80,0.0,42,84,1.0,0.0,False,True,1.0,0.0
17,order_ascending_seed17,order_alternating_seed17,ascending,alternating,81,0.0,43,86,1.0,0.0,False,True,1.0,0.0
17,order_ascending_seed17,order_alternating_seed17,ascending,alternating,82,0.0,44,88,1.0,0.0,False,True,1.0,0.0
17,order_ascending_seed17,order_alternating_seed17,ascending,alternating,83,0.0,45,90,1.0,0.0,False,True,1.0,0.0
17,order_ascending_seed17,order_alternating_seed17,ascending,alternating,84,0.0,46,92,1.0,0.0,False,True,1.0,0.0
17,order_ascending_seed17,order_alternating_seed17,ascending,alternating,85,0.0,47,94,1.0,0.0,False,True,1.0,0.0
17,order_ascending_seed17,order_alternating_seed17,ascending,alternating,86,0.0,48,96,1.0,0.0,False,True,1.0,0.0
17,order_ascending_seed17,order_alternating_seed17,ascending,alternating,87,0.0,49,98,1.0,0.0,False,True,1.0,0.0
17,order_ascending_seed17,order_alternating_seed17,ascending,alternating,88,0.0,50,100,1.0,0.0,False,True,1.0,0.0
17,order_ascending_seed17,order_alternating_seed17,ascending,alternating,89,0.0,51,102,1.0,0.0,False,True,1.0,0.0
17,order_ascending_seed17,order_alternating_seed17,ascending,alternating,90,0.0,52,104,1.0,0.0,False,True,1.0,0.0
17,order_ascending_seed17,order_alternating_seed17,ascending,alternating,91,0.0,53,106,1.0,0.0,False,True,1.0,0.0
17,order_ascending_seed17,order_alternating_seed17,ascending,alternating,92,0.0,54,108,1.0,0.0,False,True,1.0,0.0
17,order_ascending_seed17,order_alternating_seed17,ascending,alternating,93,0.0,55,110,1.0,0.0,False,True,1.0,0.0
17,order_ascending_seed17,order_alternating_seed17,ascending,alternating,94,0.0,56,112,1.0,0.0,False,True,1.0,0.0
17,order_ascending_seed17,order_alternating_seed17,ascending,alternating,95,0.0,57,114,1.0,0.0,False,True,1.0,0.0
17,order_ascending_seed17,order_alternating_seed17,ascending,alternating,96,0.0,58,116,1.0,0.0,False,True,1.0,0.0
17,order_ascending_seed17,order_alternating_seed17,ascending,alternating,97,0.0,59,118,1.0,0.0,False,True,1.0,0.0
17,order_ascending_seed17,order_alternating_seed17,ascending,alternating,98,0.0,60,120,1.0,0.0,False,True,1.0,0.0
17,order_ascending_seed17,order_alternating_seed17,ascending,alternating,99,0.0,61,119,1.0,0.0,False,True,1.0,0.0
17,order_ascending_seed17,order_alternating_seed17,ascending,alternating,100,0.0,62,117,1.0,0.0,False,True,1.0,0.0
17,order_ascending_seed17,order_alternating_seed17,ascending,alternating,101,0.0,63,115,1.0,0.0,False,True,1.0,0.0
17,order_ascending_seed17,order_alternating_seed17,ascending,alternating,102,0.0,64,113,1.0,0.0,False,True,1.0,0.0
17,order_ascending_seed17,order_alternating_seed17,ascending,alternating,103,0.0,65,111,1.0,0.0,False,True,1.0,0.0
17,order_ascending_seed17,order_alternating_seed17,ascending,alternating,104,0.0,66,109,1.0,0.0,False,True,1.0,0.0
17,order_ascending_seed17,order_alternating_seed17,ascending,alternating,105,0.0,67,107,1.0,0.0,False,True,1.0,0.0
17,order_ascending_seed17,order_alternating_seed17,ascending,alternating,106,0.0,68,105,1.0,0.0,False,True,1.0,0.0
17,order_ascending_seed17,order_alternating_seed17,ascending,alternating,107,0.0,69,103,1.0,0.0,False,True,1.0,0.0
17,order_ascending_seed17,order_alternating_seed17,ascending,alternating,108,0.0,70,101,1.0,0.0,False,True,1.0,0.0
17,order_ascending_seed17,order_alternating_seed17,ascending,alternating,109,0.0,71,99,1.0,0.0,False,True,1.0,0.0
17,order_ascending_seed17,order_alternating_seed17,ascending,alternating,110,0.0,72,97,1.0,0.0,False,True,1.0,0.0
17,order_ascending_seed17,order_alternating_seed17,ascending,alternating,111,0.0,73,95,1.0,0.0,False,True,1.0,0.0
17,order_ascending_seed17,order_alternating_seed17,ascending,alternating,112,0.0,74,93,1.0,0.0,False,True,1.0,0.0
17,order_ascending_seed17,order_alternating_seed17,ascending,alternating,113,0.0,75,91,1.0,0.0,False,True,1.0,0.0
17,order_ascending_seed17,order_alternating_seed17,ascending,alternating,114,0.0,76,89,1.0,0.0,False,True,1.0,0.0
17,order_ascending_seed17,order_alternating_seed17,ascending,alternating,115,0.0,77,87,1.0,0.0,False,True,1.0,0.0
17,order_ascending_seed17,order_alternating_seed17,ascending,alternating,116,0.0,78,85,1.0,0.0,False,True,1.0,0.0
17,order_ascending_seed17,order_alternating_seed17,ascending,alternating,117,0.0,79,83,1.0,0.0,False,True,1.0,0.0
17,order_ascending_seed17,order_alternating_seed17,ascending,alternating,118,0.0,80,81,1.0,0.0,False,True,1.0,0.0
17,order_ascending_seed17,order_alternating_seed17,ascending,alternating,119,0.0,81,79,1.0,0.0,False,True,1.0,0.0
17,order_ascending_seed17,order_alternating_seed17,ascending,alternating,38,0.02499999999999991,82,77,1.0,0.0,False,True,0.9750000000000001,0.02499999999999991
17,order_ascending_seed17,order_alternating_seed17,ascending,alternating,37,0.04999999999999993,83,75,1.0,0.07499999999999996,False,True,0.9500000000000001,0.025000000000000022
17,order_ascending_seed17,order_alternating_seed17,ascending,alternating,36,0.07499999999999996,84,73,1.0,0.09999999999999998,False,True,0.925,0.025000000000000022
17,order_ascending_seed17,order_alternating_seed17,ascending,alternating,35,0.09999999999999998,85,71,1.0,0.125,False,True,0.9,0.025000000000000022
17,order_ascending_seed17,order_alternating_seed17,ascending,alternating,34,0.125,86,69,1.0,0.1499999999999999,False,True,0.875,0.02499999999999991
17,order_ascending_seed17,order_alternating_seed17,ascending,alternating,33,0.1499999999999999,87,67,1.0,0.17499999999999993,False,True,0.8500000000000001,0.025000000000000022
17,order_ascending_seed17,order_alternating_seed17,ascending,alternating,32,0.17499999999999993,88,65,1.0,0.19999999999999996,False,True,0.8250000000000001,0.025000000000000022
17,order_ascending_seed17,order_alternating_seed17,ascending,alternating,31,0.19999999999999996,89,63,1.0,0.22499999999999998,False,True,0.8,0.025000000000000022
17,order_ascending_seed17,order_alternating_seed17,ascending,alternating,30,0.22499999999999998,90,61,1.0,0.25,False,True,0.775,0.025000000000000022
17,order_ascending_seed17,order_alternating_seed17,ascending,alternating,29,0.25,91,59,1.0,0.2749999999999999,False,True,0.75,0.02499999999999991
17,order_ascending_seed17,order_alternating_seed17,ascending,alternating,28,0.2749999999999999,92,57,1.0,0.29999999999999993,False,True,0.7250000000000001,0.025000000000000022
17,order_ascending_seed17,order_alternating_seed17,ascending,alternating,27,0.29999999999999993,93,55,1.0,0.32499999999999996,False,True,0.7000000000000001,0.025000000000000022
17,order_ascending_seed17,order_alternating_seed17,ascending,alternating,26,0.32499999999999996,94,53,1.0,0.35,False,True,0.675,0.025000000000000022
17,order_ascending_seed17,order_alternating_seed17,ascending,alternating,25,0.35,95,51,1.0,0.375,False,True,0.65,0.025000000000000022
17,order_ascending_seed17,order_alternating_seed17,ascending,alternating,24,0.375,96,49,1.0,0.3999999999999999,False,True,0.625,0.02499999999999991
17,order_ascending_seed17,order_alternating_seed17,ascending,alternating,23,0.3999999999999999,97,47,1.0,0.42499999999999993,False,True,0.6000000000000001,0.025000000000000022
17,order_ascending_seed17,order_alternating_seed17,ascending,alternating,22,0.42499999999999993,98,45,1.0,0.44999999999999996,False,True,0.5750000000000001,0.025000000000000022
17,order_ascending_seed17,order_alternating_seed17,ascending,alternating,21,0.44999999999999996,99,43,1.0,0.475,False,True,0.55,0.025000000000000022
17,order_ascending_seed17,order_alternating_seed17,ascending,alternating,20,0.475,100,41,1.0,0.5,False,True,0.525,0.025000000000000022
17,order_ascending_seed17,order_alternating_seed17,ascending,alternating,19,0.5,101,39,1.0,0.5249999999999999,False,True,0.5,0.02499999999999991
17,order_ascending_seed17,order_alternating_seed17,ascending,alternating,18,0.5249999999999999,102,37,1.0,0.55,False,True,0.4750000000000001,0.025000000000000133
17,order_ascending_seed17,order_alternating_seed17,ascending,alternating,17,0.55,103,35,1.0,0.575,False,True,0.44999999999999996,0.02499999999999991
17,order_ascending_seed17,order_alternating_seed17,ascending,alternating,16,0.575,104,33,1.0,0.6,False,True,0.42500000000000004,0.025000000000000022
17,order_ascending_seed17,order_alternating_seed17,ascending,alternating,15,0.6,105,31,1.0,0.625,False,True,0.4,0.025000000000000022
17,order_ascending_seed17,order_alternating_seed17,ascending,alternating,14,0.625,106,29,1.0,0.6499999999999999,False,True,0.375,0.02499999999999991
17,order_ascending_seed17,order_alternating_seed17,ascending,alternating,13,0.6499999999999999,107,27,1.0,0.675,False,True,0.3500000000000001,0.025000000000000133
17,order_ascending_seed17,order_alternating_seed17,ascending,alternating,12,0.675,108,25,1.0,0.7,False,True,0.32499999999999996,0.02499999999999991
17,order_ascending_seed17,order_alternating_seed17,ascending,alternating,11,0.7,109,23,1.0,0.725,False,True,0.30000000000000004,0.025000000000000022
17,order_ascending_seed17,order_alternating_seed17,ascending,alternating,10,0.725,110,21,1.0,0.75,False,True,0.275,0.025000000000000022
17,order_ascending_seed17,order_alternating_seed17,ascending,alternating,9,0.75,111,19,1.0,0.775,False,True,0.25,0.025000000000000022
17,order_ascending_seed17,order_alternating_seed17,ascending,alternating,8,0.775,112,17,1.0,0.8,False,True,0.22499999999999998,0.025000000000000022
17,order_ascending_seed17,order_alternating_seed17,ascending,alternating,7,0.8,113,15,1.0,0.825,False,True,0.19999999999999996,0.02499999999999991
17,order_ascending_seed17,order_alternating_seed17,ascending,alternating,6,0.825,114,13,1.0,0.85,False,True,0.17500000000000004,0.025000000000000022
17,order_ascending_seed17,order_alternating_seed17,ascending,alternating,5,0.85,115,11,1.0,0.875,False,True,0.15000000000000002,0.025000000000000022
17,order_ascending_seed17,order_alternating_seed17,ascending,alternating,4,0.875,116,9,1.0,0.9,False,True,0.125,0.025000000000000022
17,order_ascending_seed17,order_alternating_seed17,ascending,alternating,3,0.9,117,7,1.0,0.925,False,True,0.09999999999999998,0.025000000000000022
17,order_ascending_seed17,order_alternating_seed17,ascending,alternating,2,0.925,118,5,1.0,0.95,False,True,0.07499999999999996,0.02499999999999991
17,order_ascending_seed17,order_alternating_seed17,ascending,alternating,1,0.95,119,3,1.0,0.975,False,True,0.050000000000000044,0.025000000000000022
17,order_ascending_seed17,order_shuffled_seed17,ascending,shuffled,3,0.9,117,95,1.0,0.925,False,True,0.09999999999999998,0.025000000000000022
17,order_ascending_seed17,order_shuffled_seed17,ascending,shuffled,2,0.925,118,91,1.0,0.95,False,True,0.07499999999999996,0.02499999999999991
17,order_ascending_seed17,order_shuffled_seed17,ascending,shuffled,1,0.95,119,78,1.0,0.975,False,True,0.050000000000000044,0.025000000000000022
17,order_alternating_seed17,order_shuffled_seed17,alternating,shuffled,4,0.875,9,94,0.9,0.925,True,False,0.025000000000000022,0.050000000000000044
17,order_alternating_seed17,order_shuffled_seed17,alternating,shuffled,5,0.85,11,48,0.875,1.0,True,False,0.025000000000000022,0.15000000000000002
17,order_alternating_seed17,order_shuffled_seed17,alternating,shuffled,6,0.825,13,44,0.85,1.0,True,False,0.025000000000000022,0.17500000000000004
17,order_alternating_seed17,order_shuffled_seed17,alternating,shuffled,7,0.8,15,36,0.825,1.0,True,False,0.02499999999999991,0.19999999999999996
17,order_alternating_seed17,order_shuffled_seed17,alternating,shuffled,8,0.775,17,105,0.8,0.9,True,False,0.025000000000000022,0.125
17,order_alternating_seed17,order_shuffled_seed17,alternating,shuffled,9,0.75,19,101,0.775,0.9,True,False,0.025000000000000022,0.15000000000000002
17,order_alternating_seed17,order_shuffled_seed17,alternating,shuffled,10,0.725,21,93,0.75,0.925,True,False,0.025000000000000022,0.20000000000000007
17,order_alternating_seed17,order_shuffled_seed17,alternating,shuffled,11,0.7,23,4,0.725,1.0,True,False,0.025000000000000022,0.30000000000000004
17,order_alternating_seed17,order_shuffled_seed17,alternating,shuffled,12,0.675,25,29,0.7,1.0,True,False,0.02499999999999991,0.32499999999999996
17,order_alternating_seed17,order_shuffled_seed17,alternating,shuffled,13,0.6499999999999999,27,75,0.675,0.975,True,False,0.025000000000000133,0.32500000000000007
17,order_alternating_seed17,order_shuffled_seed17,alternating,shuffled,14,0.625,29,79,0.6499999999999999,0.95,True,False,0.02499999999999991,0.32499999999999996
17,order_alternating_seed17,order_shuffled_seed17,alternating,shuffled,15,0.6,31,65,0.625,1.0,True,False,0.025000000000000022,0.4
17,order_alternating_seed17,order_shuffled_seed17,alternating,shuffled,16,0.575,33,8,0.6,1.0,True,False,0.025000000000000022,0.42500000000000004
17,order_alternating_seed17,order_shuffled_seed17,alternating,shuffled,17,0.55,35,52,0.575,1.0,True,False,0.02499999999999991,0.44999999999999996
17,order_alternating_seed17,order_shuffled_seed17,alternating,shuffled,18,0.5249999999999999,37,116,0.55,0.9,True,False,0.025000000000000133,0.3750000000000001
17,order_alternating_seed17,order_shuffled_seed17,alternating,shuffled,19,0.5,39,57,0.5249999999999999,1.0,True,False,0.02499999999999991,0.5
17,order_alternating_seed17,order_shuffled_seed17,alternating,shuffled,20,0.475,41,90,0.5,0.95,True,False,0.025000000000000022,0.475
17,order_alternating_seed17,order_shuffled_seed17,alternating,shuffled,21,0.44999999999999996,43,92,0.475,0.925,True,False,0.025000000000000022,0.4750000000000001
17,order_alternating_seed17,order_shuffled_seed17,alternating,shuffled,22,0.42499999999999993,45,53,0.44999999999999996,1.0,True,False,0.025000000000000022,0.5750000000000001
17,order_alternating_seed17,order_shuffled_seed17,alternating,shuffled,23,0.3999999999999999,47,3,0.42499999999999993,1.0,True,False,0.025000000000000022,0.6000000000000001
17,order_alternating_seed17,order_shuffled_seed17,alternating,shuffled,24,0.375,49,51,0.3999999999999999,1.0,True,False,0.02499999999999991,0.625
17,order_alternating_seed17,order_shuffled_seed17,alternating,shuffled,25,0.35,51,31,0.375,1.0,True,False,0.025000000000000022,0.65
17,order_alternating_seed17,order_shuffled_seed17,alternating,shuffled,26,0.32499999999999996,53,23,0.35,1.0,True,False,0.025000000000000022,0.675
17,order_alternating_seed17,order_shuffled_seed17,alternating,shuffled,27,0.29999999999999993,55,87,0.32499999999999996,0.95,True,False,0.025000000000000022,0.65
17,order_alternating_seed17,order_shuffled_seed17,alternating,shuffled,28,0.2749999999999999,57,17,0.29999999999999993,1.0,True,False,0.025000000000000022,0.7250000000000001
17,order_alternating_seed17,order_shuffled_seed17,alternating,shuffled,29,0.25,59,96,0.2749999999999999,0.9,True,False,0.02499999999999991,0.65
17,order_alternating_seed17,order_shuffled_seed17,alternating,shuffled,30,0.22499999999999998,61,76,0.25,0.975,True,False,0.025000000000000022,0.75
17,order_alternating_seed17,order_shuffled_seed17,alternating,shuffled,31,0.19999999999999996,63,49,0.22499999999999998,1.0,True,False,0.025000000000000022,0.8
17,order_alternating_seed17,order_shuffled_seed17,alternating,shuffled,32,0.17499999999999993,65,32,0.19999999999999996,1.0,True,False,0.025000000000000022,0.8250000000000001
17,order_alternating_seed17,order_shuffled_seed17,alternating,shuffled,33,0.1499999999999999,67,85,0.17499999999999993,0.95,True,False,0.025000000000000022,0.8
17,order_alternating_seed17,order_shuffled_seed17,alternating,shuffled,34,0.125,69,70,0.1499999999999999,1.0,True,False,0.02499999999999991,0.875
17,order_alternating_seed17,order_shuffled_seed17,alternating,shuffled,35,0.09999999999999998,71,62,0.125,1.0,True,False,0.025000000000000022,0.9
17,order_alternating_seed17,order_shuffled_seed17,alternating,shuffled,36,0.07499999999999996,73,112,0.09999999999999998,0.9,True,False,0.025000000000000022,0.8250000000000001
17,order_alternating_seed17,order_shuffled_seed17,alternating,shuffled,37,0.04999999999999993,75,63,0.07499999999999996,1.0,True,False,0.025000000000000022,0.9500000000000001
17,order_alternating_seed17,order_shuffled_seed17,alternating,shuffled,76,0.0,76,102,0.04999999999999993,0.9,True,False,0.04999999999999993,0.9
17,order_alternating_seed17,order_shuffled_seed17,alternating,shuffled,38,0.02499999999999991,77,26,0.0,1.0,True,False,0.02499999999999991,0.9750000000000001
17,order_alternating_seed17,order_shuffled_seed17,alternating,shuffled,77,0.0,78,54,0.02499999999999991,1.0,True,False,0.02499999999999991,1.0
17,order_alternating_seed17,order_shuffled_seed17,alternating,shuffled,119,0.0,79,7,0.0,1.0,True,False,0.0,1.0
17,order_alternating_seed17,order_shuffled_seed17,alternating,shuffled,78,0.0,80,115,0.0,0.9,True,False,0.0,0.9
17,order_alternating_seed17,order_shuffled_seed17,alternating,shuffled,118,0.0,81,50,0.0,1.0,True,False,0.0,1.0
17,order_alternating_seed17,order_shuffled_seed17,alternating,shuffled,79,0.0,82,119,0.0,0.9,True,False,0.0,0.9
17,order_alternating_seed17,order_shuffled_seed17,alternating,shuffled,117,0.0,83,111,0.0,0.9,True,False,0.0,0.9
17,order_alternating_seed17,order_shuffled_seed17,alternating,shuffled,80,0.0,84,24,0.0,1.0,True,False,0.0,1.0
17,order_alternating_seed17,order_shuffled_seed17,alternating,shuffled,116,0.0,85,10,0.0,1.0,True,False,0.0,1.0
17,order_alternating_seed17,order_shuffled_seed17,alternating,shuffled,81,0.0,86,35,0.0,1.0,True,False,0.0,1.0
17,order_alternating_seed17,order_shuffled_seed17,alternating,shuffled,115,0.0,87,89,0.0,0.95,True,False,0.0,0.95
17,order_alternating_seed17,order_shuffled_seed17,alternating,shuffled,82,0.0,88,118,0.0,0.9,True,False,0.0,0.9
17,order_alternating_seed17,order_shuffled_seed17,alternating,shuffled,114,0.0,89,2,0.0,1.0,True,False,0.0,1.0
17,order_alternating_seed17,order_shuffled_seed17,alternating,shuffled,83,0.0,90,18,0.0,1.0,True,False,0.0,1.0
17,order_alternating_seed17,order_shuffled_seed17,alternating,shuffled,113,0.0,91,14,0.0,1.0,True,False,0.0,1.0
17,order_alternating_seed17,order_shuffled_seed17,alternating,shuffled,84,0.0,92,28,0.0,1.0,True,False,0.0,1.0
17,order_alternating_seed17,order_shuffled_seed17,alternating,shuffled,112,0.0,93,117,0.0,0.9,True,False,0.0,0.9
17,order_alternating_seed17,order_shuffled_seed17,alternating,shuffled,85,0.0,94,45,0.0,1.0,True,False,0.0,1.0
17,order_alternating_seed17,order_shuffled_seed17,alternating,shuffled,111,0.0,95,113,0.0,0.9,True,False,0.0,0.9
17,order_alternating_seed17,order_shuffled_seed17,alternating,shuffled,86,0.0,96,13,0.0,1.0,True,False,0.0,1.0
17,order_alternating_seed17,order_shuffled_seed17,alternating,shuffled,110,0.0,97,30,0.0,1.0,True,False,0.0,1.0
17,order_alternating_seed17,order_shuffled_seed17,alternating,shuffled,87,0.0,98,39,0.0,1.0,True,False,0.0,1.0
17,order_alternating_seed17,order_shuffled_seed17,alternating,shuffled,109,0.0,99,15,0.0,1.0,True,False,0.0,1.0
17,order_alternating_seed17,order_shuffled_seed17,alternating,shuffled,88,0.0,100,109,0.0,0.9,True,False,0.0,0.9
17,order_alternating_seed17,order_shuffled_seed17,alternating,shuffled,108,0.0,101,21,0.0,1.0,True,False,0.0,1.0
17,order_alternating_seed17,order_shuffled_seed17,alternating,shuffled,89,0.0,102,98,0.0,0.9,True,False,0.0,0.9
17,order_alternating_seed17,order_shuffled_seed17,alternating,shuffled,107,0.0,103,11,0.0,1.0,True,False,0.0,1.0
17,order_alternating_seed17,order_shuffled_seed17,alternating,shuffled,90,0.0,104,81,0.0,0.95,True,False,0.0,0.95
17,order_alternating_seed17,order_shuffled_seed17,alternating,shuffled,106,0.0,105,100,0.0,0.9,True,False,0.0,0.9
17,order_alternating_seed17,order_shuffled_seed17,alternating,shuffled,91,0.0,106,40,0.0,1.0,True,False,0.0,1.0
17,order_alternating_seed17,order_shuffled_seed17,alternating,shuffled,105,0.0,107,97,0.0,0.9,True,False,0.0,0.9
17,order_alternating_seed17,order_shuffled_seed17,alternating,shuffled,92,0.0,108,37,0.0,1.0,True,False,0.0,1.0
17,order_alternating_seed17,order_shuffled_seed17,alternating,shuffled,104,0.0,109,103,0.0,0.9,True,False,0.0,0.9
17,order_alternating_seed17,order_shuffled_seed17,alternating,shuffled,93,0.0,110,114,0.0,0.9,True,False,0.0,0.9
17,order_alternating_seed17,order_shuffled_seed17,alternating,shuffled,103,0.0,111,16,0.0,1.0,True,False,0.0,1.0
17,order_alternating_seed17,order_shuffled_seed17,alternating,shuffled,94,0.0,112,66,0.0,1.0,True,False,0.0,1.0
17,order_alternating_seed17,order_shuffled_seed17,alternating,shuffled,102,0.0,113,9,0.0,1.0,True,False,0.0,1.0
17,order_alternating_seed17,order_shuffled_seed17,alternating,shuffled,95,0.0,114,55,0.0,1.0,True,False,0.0,1.0
17,order_alternating_seed17,order_shuffled_seed17,alternating,shuffled,101,0.0,115,88,0.0,0.95,True,False,0.0,0.95
17,order_alternating_seed17,order_shuffled_seed17,alternating,shuffled,96,0.0,116,64,0.0,1.0,True,False,0.0,1.0
17,order_alternating_seed17,order_shuffled_seed17,alternating,shuffled,100,0.0,117,1,0.0,1.0,True,False,0.0,1.0
17,order_alternating_seed17,order_shuffled_seed17,alternating,shuffled,97,0.0,118,12,0.0,1.0,True,False,0.0,1.0
17,order_alternating_seed17,order_shuffled_seed17,alternating,shuffled,99,0.0,119,104,0.0,0.9,True,False,0.0,0.9
17,order_alternating_seed17,order_shuffled_seed17,alternating,shuffled,98,0.0,120,42,0.0,1.0,True,False,0.0,1.0
29,control_E_gradual_seed29,order_ascending_seed29,descending,ascending,1,0.95,2,119,0.975,1.0,True,False,0.025000000000000022,0.050000000000000044
29,control_E_gradual_seed29,order_ascending_seed29,descending,ascending,2,0.925,3,118,0.95,1.0,True,False,0.02499999999999991,0.07499999999999996
29,control_E_gradual_seed29,order_ascending_seed29,descending,ascending,3,0.9,4,117,0.925,1.0,True,False,0.025000000000000022,0.09999999999999998
29,control_E_gradual_seed29,order_ascending_seed29,descending,ascending,4,0.875,5,116,0.9,1.0,True,False,0.025000000000000022,0.125
29,control_E_gradual_seed29,order_ascending_seed29,descending,ascending,5,0.85,6,115,0.875,1.0,True,False,0.025000000000000022,0.15000000000000002
29,control_E_gradual_seed29,order_ascending_seed29,descending,ascending,6,0.825,7,114,0.85,1.0,True,False,0.025000000000000022,0.17500000000000004
29,control_E_gradual_seed29,order_ascending_seed29,descending,ascending,7,0.8,8,113,0.825,1.0,True,False,0.02499999999999991,0.19999999999999996
29,control_E_gradual_seed29,order_ascending_seed29,descending,ascending,8,0.775,9,112,0.8,1.0,True,False,0.025000000000000022,0.22499999999999998
29,control_E_gradual_seed29,order_ascending_seed29,descending,ascending,9,0.75,10,111,0.775,1.0,True,False,0.025000000000000022,0.25
29,control_E_gradual_seed29,order_ascending_seed29,descending,ascending,10,0.725,11,110,0.75,1.0,True,False,0.025000000000000022,0.275
29,control_E_gradual_seed29,order_ascending_seed29,descending,ascending,11,0.7,12,109,0.725,1.0,True,False,0.025000000000000022,0.30000000000000004
29,control_E_gradual_seed29,order_ascending_seed29,descending,ascending,12,0.675,13,108,0.7,1.0,True,False,0.02499999999999991,0.32499999999999996
29,control_E_gradual_seed29,order_ascending_seed29,descending,ascending,13,0.6499999999999999,14,107,0.675,1.0,True,False,0.025000000000000133,0.3500000000000001
29,control_E_gradual_seed29,order_ascending_seed29,descending,ascending,14,0.625,15,106,0.6499999999999999,1.0,True,False,0.02499999999999991,0.375
29,control_E_gradual_seed29,order_ascending_seed29,descending,ascending,15,0.6,16,105,0.625,1.0,True,False,0.025000000000000022,0.4
29,control_E_gradual_seed29,order_ascending_seed29,descending,ascending,16,0.575,17,104,0.6,1.0,True,False,0.025000000000000022,0.42500000000000004
29,control_E_gradual_seed29,order_ascending_seed29,descending,ascending,17,0.55,18,103,0.575,1.0,True,False,0.02499999999999991,0.44999999999999996
29,control_E_gradual_seed29,order_ascending_seed29,descending,ascending,18,0.5249999999999999,19,102,0.55,1.0,True,False,0.025000000000000133,0.4750000000000001
29,control_E_gradual_seed29,order_ascending_seed29,descending,ascending,19,0.5,20,101,0.5249999999999999,1.0,True,False,0.02499999999999991,0.5
29,control_E_gradual_seed29,order_ascending_seed29,descending,ascending,20,0.475,21,100,0.5,1.0,True,False,0.025000000000000022,0.525
29,control_E_gradual_seed29,order_ascending_seed29,descending,ascending,21,0.44999999999999996,22,99,0.475,1.0,True,False,0.025000000000000022,0.55
29,control_E_gradual_seed29,order_ascending_seed29,descending,ascending,22,0.42499999999999993,23,98,0.44999999999999996,1.0,True,False,0.025000000000000022,0.5750000000000001
29,control_E_gradual_seed29,order_ascending_seed29,descending,ascending,23,0.3999999999999999,24,97,0.42499999999999993,1.0,True,False,0.025000000000000022,0.6000000000000001
29,control_E_gradual_seed29,order_ascending_seed29,descending,ascending,24,0.375,25,96,0.3999999999999999,1.0,True,False,0.02499999999999991,0.625
29,control_E_gradual_seed29,order_ascending_seed29,descending,ascending,25,0.35,26,95,0.375,1.0,True,False,0.025000000000000022,0.65
29,control_E_gradual_seed29,order_ascending_seed29,descending,ascending,26,0.32499999999999996,27,94,0.35,1.0,True,False,0.025000000000000022,0.675
29,control_E_gradual_seed29,order_ascending_seed29,descending,ascending,27,0.29999999999999993,28,93,0.32499999999999996,1.0,True,False,0.025000000000000022,0.7000000000000001
29,control_E_gradual_seed29,order_ascending_seed29,descending,ascending,28,0.2749999999999999,29,92,0.29999999999999993,1.0,True,False,0.025000000000000022,0.7250000000000001
29,control_E_gradual_seed29,order_ascending_seed29,descending,ascending,29,0.25,30,91,0.2749999999999999,1.0,True,False,0.02499999999999991,0.75
29,control_E_gradual_seed29,order_ascending_seed29,descending,ascending,30,0.22499999999999998,31,90,0.25,1.0,True,False,0.025000000000000022,0.775
29,control_E_gradual_seed29,order_ascending_seed29,descending,ascending,31,0.19999999999999996,32,89,0.22499999999999998,1.0,True,False,0.025000000000000022,0.8
29,control_E_gradual_seed29,order_ascending_seed29,descending,ascending,32,0.17499999999999993,33,88,0.19999999999999996,1.0,True,False,0.025000000000000022,0.8250000000000001
29,control_E_gradual_seed29,order_ascending_seed29,descending,ascending,33,0.1499999999999999,34,87,0.17499999999999993,1.0,True,False,0.025000000000000022,0.8500000000000001
29,control_E_gradual_seed29,order_ascending_seed29,descending,ascending,34,0.125,35,86,0.1499999999999999,1.0,True,False,0.02499999999999991,0.875
29,control_E_gradual_seed29,order_ascending_seed29,descending,ascending,35,0.09999999999999998,36,85,0.125,1.0,True,False,0.025000000000000022,0.9
29,control_E_gradual_seed29,order_ascending_seed29,descending,ascending,36,0.07499999999999996,37,84,0.09999999999999998,1.0,True,False,0.025000000000000022,0.925
29,control_E_gradual_seed29,order_ascending_seed29,descending,ascending,37,0.04999999999999993,38,83,0.07499999999999996,1.0,True,False,0.025000000000000022,0.9500000000000001
29,control_E_gradual_seed29,order_ascending_seed29,descending,ascending,38,0.02499999999999991,39,82,0.04999999999999993,1.0,True,False,0.025000000000000022,0.9750000000000001
29,control_E_gradual_seed29,order_ascending_seed29,descending,ascending,39,0.0,40,1,0.02499999999999991,1.0,True,False,0.02499999999999991,1.0
29,control_E_gradual_seed29,order_ascending_seed29,descending,ascending,40,0.0,41,2,0.0,1.0,True,False,0.0,1.0
29,control_E_gradual_seed29,order_ascending_seed29,descending,ascending,41,0.0,42,3,0.0,1.0,True,False,0.0,1.0
29,control_E_gradual_seed29,order_ascending_seed29,descending,ascending,42,0.0,43,4,0.0,1.0,True,False,0.0,1.0
29,control_E_gradual_seed29,order_ascending_seed29,descending,ascending,43,0.0,44,5,0.0,1.0,True,False,0.0,1.0
29,control_E_gradual_seed29,order_ascending_seed29,descending,ascending,44,0.0,45,6,0.0,1.0,True,False,0.0,1.0
29,control_E_gradual_seed29,order_ascending_seed29,descending,ascending,45,0.0,46,7,0.0,1.0,True,False,0.0,1.0
29,control_E_gradual_seed29,order_ascending_seed29,descending,ascending,46,0.0,47,8,0.0,1.0,True,False,0.0,1.0
29,control_E_gradual_seed29,order_ascending_seed29,descending,ascending,47,0.0,48,9,0.0,1.0,True,False,0.0,1.0
29,control_E_gradual_seed29,order_ascending_seed29,descending,ascending,48,0.0,49,10,0.0,1.0,True,False,0.0,1.0
29,control_E_gradual_seed29,order_ascending_seed29,descending,ascending,49,0.0,50,11,0.0,1.0,True,False,0.0,1.0
29,control_E_gradual_seed29,order_ascending_seed29,descending,ascending,50,0.0,51,12,0.0,1.0,True,False,0.0,1.0
29,control_E_gradual_seed29,order_ascending_seed29,descending,ascending,51,0.0,52,13,0.0,1.0,True,False,0.0,1.0
29,control_E_gradual_seed29,order_ascending_seed29,descending,ascending,52,0.0,53,14,0.0,1.0,True,False,0.0,1.0
29,control_E_gradual_seed29,order_ascending_seed29,descending,ascending,53,0.0,54,15,0.0,1.0,True,False,0.0,1.0
29,control_E_gradual_seed29,order_ascending_seed29,descending,ascending,54,0.0,55,16,0.0,1.0,True,False,0.0,1.0
29,control_E_gradual_seed29,order_ascending_seed29,descending,ascending,55,0.0,56,17,0.0,1.0,True,False,0.0,1.0
29,control_E_gradual_seed29,order_ascending_seed29,descending,ascending,56,0.0,57,18,0.0,1.0,True,False,0.0,1.0
29,control_E_gradual_seed29,order_ascending_seed29,descending,ascending,57,0.0,58,19,0.0,1.0,True,False,0.0,1.0
29,control_E_gradual_seed29,order_ascending_seed29,descending,ascending,58,0.0,59,20,0.0,1.0,True,False,0.0,1.0
29,control_E_gradual_seed29,order_ascending_seed29,descending,ascending,59,0.0,60,21,0.0,1.0,True,False,0.0,1.0
29,control_E_gradual_seed29,order_ascending_seed29,descending,ascending,60,0.0,61,22,0.0,1.0,True,False,0.0,1.0
29,control_E_gradual_seed29,order_ascending_seed29,descending,ascending,61,0.0,62,23,0.0,1.0,True,False,0.0,1.0
29,control_E_gradual_seed29,order_ascending_seed29,descending,ascending,62,0.0,63,24,0.0,1.0,True,False,0.0,1.0
29,control_E_gradual_seed29,order_ascending_seed29,descending,ascending,63,0.0,64,25,0.0,1.0,True,False,0.0,1.0
29,control_E_gradual_seed29,order_ascending_seed29,descending,ascending,64,0.0,65,26,0.0,1.0,True,False,0.0,1.0
29,control_E_gradual_seed29,order_ascending_seed29,descending,ascending,65,0.0,66,27,0.0,1.0,True,False,0.0,1.0
29,control_E_gradual_seed29,order_ascending_seed29,descending,ascending,66,0.0,67,28,0.0,1.0,True,False,0.0,1.0
29,control_E_gradual_seed29,order_ascending_seed29,descending,ascending,67,0.0,68,29,0.0,1.0,True,False,0.0,1.0
29,control_E_gradual_seed29,order_ascending_seed29,descending,ascending,68,0.0,69,30,0.0,1.0,True,False,0.0,1.0
29,control_E_gradual_seed29,order_ascending_seed29,descending,ascending,69,0.0,70,31,0.0,1.0,True,False,0.0,1.0
29,control_E_gradual_seed29,order_ascending_seed29,descending,ascending,70,0.0,71,32,0.0,1.0,True,False,0.0,1.0
29,control_E_gradual_seed29,order_ascending_seed29,descending,ascending,71,0.0,72,33,0.0,1.0,True,False,0.0,1.0
29,control_E_gradual_seed29,order_ascending_seed29,descending,ascending,72,0.0,73,34,0.0,1.0,True,False,0.0,1.0
29,control_E_gradual_seed29,order_ascending_seed29,descending,ascending,73,0.0,74,35,0.0,1.0,True,False,0.0,1.0
29,control_E_gradual_seed29,order_ascending_seed29,descending,ascending,74,0.0,75,36,0.0,1.0,True,False,0.0,1.0
29,control_E_gradual_seed29,order_ascending_seed29,descending,ascending,75,0.0,76,37,0.0,1.0,True,False,0.0,1.0
29,control_E_gradual_seed29,order_ascending_seed29,descending,ascending,76,0.0,77,38,0.0,1.0,True,False,0.0,1.0
29,control_E_gradual_seed29,order_ascending_seed29,descending,ascending,77,0.0,78,39,0.0,1.0,True,False,0.0,1.0
29,control_E_gradual_seed29,order_ascending_seed29,descending,ascending,78,0.0,79,40,0.0,1.0,True,False,0.0,1.0
29,control_E_gradual_seed29,order_ascending_seed29,descending,ascending,79,0.0,80,41,0.0,1.0,True,False,0.0,1.0
29,control_E_gradual_seed29,order_ascending_seed29,descending,ascending,80,0.0,81,42,0.0,1.0,True,False,0.0,1.0
29,control_E_gradual_seed29,order_ascending_seed29,descending,ascending,81,0.0,82,43,0.0,1.0,True,False,0.0,1.0
29,control_E_gradual_seed29,order_ascending_seed29,descending,ascending,82,0.0,83,44,0.0,1.0,True,False,0.0,1.0
29,control_E_gradual_seed29,order_ascending_seed29,descending,ascending,83,0.0,84,45,0.0,1.0,True,False,0.0,1.0
29,control_E_gradual_seed29,order_ascending_seed29,descending,ascending,84,0.0,85,46,0.0,1.0,True,False,0.0,1.0
29,control_E_gradual_seed29,order_ascending_seed29,descending,ascending,85,0.0,86,47,0.0,1.0,True,False,0.0,1.0
29,control_E_gradual_seed29,order_ascending_seed29,descending,ascending,86,0.0,87,48,0.0,1.0,True,False,0.0,1.0
29,control_E_gradual_seed29,order_ascending_seed29,descending,ascending,87,0.0,88,49,0.0,1.0,True,False,0.0,1.0
29,control_E_gradual_seed29,order_ascending_seed29,descending,ascending,88,0.0,89,50,0.0,1.0,True,False,0.0,1.0
29,control_E_gradual_seed29,order_ascending_seed29,descending,ascending,89,0.0,90,51,0.0,1.0,True,False,0.0,1.0
29,control_E_gradual_seed29,order_ascending_seed29,descending,ascending,90,0.0,91,52,0.0,1.0,True,False,0.0,1.0
29,control_E_gradual_seed29,order_ascending_seed29,descending,ascending,91,0.0,92,53,0.0,1.0,True,False,0.0,1.0
29,control_E_gradual_seed29,order_ascending_seed29,descending,ascending,92,0.0,93,54,0.0,1.0,True,False,0.0,1.0
29,control_E_gradual_seed29,order_ascending_seed29,descending,ascending,93,0.0,94,55,0.0,1.0,True,False,0.0,1.0
29,control_E_gradual_seed29,order_ascending_seed29,descending,ascending,94,0.0,95,56,0.0,1.0,True,False,0.0,1.0
29,control_E_gradual_seed29,order_ascending_seed29,descending,ascending,95,0.0,96,57,0.0,1.0,True,False,0.0,1.0
29,control_E_gradual_seed29,order_ascending_seed29,descending,ascending,96,0.0,97,58,0.0,1.0,True,False,0.0,1.0
29,control_E_gradual_seed29,order_ascending_seed29,descending,ascending,97,0.0,98,59,0.0,1.0,True,False,0.0,1.0
29,control_E_gradual_seed29,order_ascending_seed29,descending,ascending,98,0.0,99,60,0.0,1.0,True,False,0.0,1.0
29,control_E_gradual_seed29,order_ascending_seed29,descending,ascending,99,0.0,100,61,0.0,1.0,True,False,0.0,1.0
29,control_E_gradual_seed29,order_ascending_seed29,descending,ascending,100,0.0,101,62,0.0,1.0,True,False,0.0,1.0
29,control_E_gradual_seed29,order_ascending_seed29,descending,ascending,101,0.0,102,63,0.0,1.0,True,False,0.0,1.0
29,control_E_gradual_seed29,order_ascending_seed29,descending,ascending,102,0.0,103,64,0.0,1.0,True,False,0.0,1.0
29,control_E_gradual_seed29,order_ascending_seed29,descending,ascending,103,0.0,104,65,0.0,1.0,True,False,0.0,1.0
29,control_E_gradual_seed29,order_ascending_seed29,descending,ascending,104,0.0,105,66,0.0,1.0,True,False,0.0,1.0
29,control_E_gradual_seed29,order_ascending_seed29,descending,ascending,105,0.0,106,67,0.0,1.0,True,False,0.0,1.0
29,control_E_gradual_seed29,order_ascending_seed29,descending,ascending,106,0.0,107,68,0.0,1.0,True,False,0.0,1.0
29,control_E_gradual_seed29,order_ascending_seed29,descending,ascending,107,0.0,108,69,0.0,1.0,True,False,0.0,1.0
29,control_E_gradual_seed29,order_ascending_seed29,descending,ascending,108,0.0,109,70,0.0,1.0,True,False,0.0,1.0
29,control_E_gradual_seed29,order_ascending_seed29,descending,ascending,109,0.0,110,71,0.0,1.0,True,False,0.0,1.0
29,control_E_gradual_seed29,order_ascending_seed29,descending,ascending,110,0.0,111,72,0.0,1.0,True,False,0.0,1.0
29,control_E_gradual_seed29,order_ascending_seed29,descending,ascending,111,0.0,112,73,0.0,1.0,True,False,0.0,1.0
29,control_E_gradual_seed29,order_ascending_seed29,descending,ascending,112,0.0,113,74,0.0,1.0,True,False,0.0,1.0
29,control_E_gradual_seed29,order_ascending_seed29,descending,ascending,113,0.0,114,75,0.0,1.0,True,False,0.0,1.0
29,control_E_gradual_seed29,order_ascending_seed29,descending,ascending,114,0.0,115,76,0.0,1.0,True,False,0.0,1.0
29,control_E_gradual_seed29,order_ascending_seed29,descending,ascending,115,0.0,116,77,0.0,1.0,True,False,0.0,1.0
29,control_E_gradual_seed29,order_ascending_seed29,descending,ascending,116,0.0,117,78,0.0,1.0,True,False,0.0,1.0
29,control_E_gradual_seed29,order_ascending_seed29,descending,ascending,117,0.0,118,79,0.0,1.0,True,False,0.0,1.0
29,control_E_gradual_seed29,order_ascending_seed29,descending,ascending,118,0.0,119,80,0.0,1.0,True,False,0.0,1.0
29,control_E_gradual_seed29,order_ascending_seed29,descending,ascending,119,0.0,120,81,0.0,1.0,True,False,0.0,1.0
29,control_E_gradual_seed29,order_alternating_seed29,descending,alternating,39,0.0,40,2,0.02499999999999991,0.975,True,False,0.02499999999999991,0.975
29,control_E_gradual_seed29,order_alternating_seed29,descending,alternating,40,0.0,41,4,0.0,0.95,True,False,0.0,0.95
29,control_E_gradual_seed29,order_alternating_seed29,descending,alternating,41,0.0,42,6,0.0,0.925,True,False,0.0,0.925
29,control_E_gradual_seed29,order_alternating_seed29,descending,alternating,42,0.0,43,8,0.0,0.9,True,False,0.0,0.9
29,control_E_gradual_seed29,order_alternating_seed29,descending,alternating,43,0.0,44,10,0.0,0.875,True,False,0.0,0.875
29,control_E_gradual_seed29,order_alternating_seed29,descending,alternating,44,0.0,45,12,0.0,0.85,True,False,0.0,0.85
29,control_E_gradual_seed29,order_alternating_seed29,descending,alternating,45,0.0,46,14,0.0,0.825,True,False,0.0,0.825
29,control_E_gradual_seed29,order_alternating_seed29,descending,alternating,46,0.0,47,16,0.0,0.8,True,False,0.0,0.8
29,control_E_gradual_seed29,order_alternating_seed29,descending,alternating,47,0.0,48,18,0.0,0.775,True,False,0.0,0.775
29,control_E_gradual_seed29,order_alternating_seed29,descending,alternating,48,0.0,49,20,0.0,0.75,True,False,0.0,0.75
29,control_E_gradual_seed29,order_alternating_seed29,descending,alternating,49,0.0,50,22,0.0,0.725,True,False,0.0,0.725
29,control_E_gradual_seed29,order_alternating_seed29,descending,alternating,50,0.0,51,24,0.0,0.7,True,False,0.0,0.7
29,control_E_gradual_seed29,order_alternating_seed29,descending,alternating,51,0.0,52,26,0.0,0.675,True,False,0.0,0.675
29,control_E_gradual_seed29,order_alternating_seed29,descending,alternating,52,0.0,53,28,0.0,0.6499999999999999,True,False,0.0,0.6499999999999999
29,control_E_gradual_seed29,order_alternating_seed29,descending,alternating,53,0.0,54,30,0.0,0.625,True,False,0.0,0.625
29,control_E_gradual_seed29,order_alternating_seed29,descending,alternating,54,0.0,55,32,0.0,0.6,True,False,0.0,0.6
29,control_E_gradual_seed29,order_alternating_seed29,descending,alternating,55,0.0,56,34,0.0,0.575,True,False,0.0,0.575
29,control_E_gradual_seed29,order_alternating_seed29,descending,alternating,56,0.0,57,36,0.0,0.55,True,False,0.0,0.55
29,control_E_gradual_seed29,order_alternating_seed29,descending,alternating,57,0.0,58,38,0.0,0.5249999999999999,True,False,0.0,0.5249999999999999
29,control_E_gradual_seed29,order_alternating_seed29,descending,alternating,58,0.0,59,40,0.0,0.5,True,False,0.0,0.5
29,control_E_gradual_seed29,order_alternating_seed29,descending,alternating,59,0.0,60,42,0.0,0.475,True,False,0.0,0.475
29,control_E_gradual_seed29,order_alternating_seed29,descending,alternating,60,0.0,61,44,0.0,0.44999999999999996,True,False,0.0,0.44999999999999996
29,control_E_gradual_seed29,order_alternating_seed29,descending,alternating,61,0.0,62,46,0.0,0.42499999999999993,True,False,0.0,0.42499999999999993
29,control_E_gradual_seed29,order_alternating_seed29,descending,alternating,62,0.0,63,48,0.0,0.3999999999999999,True,False,0.0,0.3999999999999999
29,control_E_gradual_seed29,order_alternating_seed29,descending,alternating,63,0.0,64,50,0.0,0.375,True,False,0.0,0.375
29,control_E_gradual_seed29,order_alternating_seed29,descending,alternating,64,0.0,65,52,0.0,0.35,True,False,0.0,0.35
29,control_E_gradual_seed29,order_alternating_seed29,descending,alternating,65,0.0,66,54,0.0,0.32499999999999996,True,False,0.0,0.32499999999999996
29,control_E_gradual_seed29,order_alternating_seed29,descending,alternating,66,0.0,67,56,0.0,0.29999999999999993,True,False,0.0,0.29999999999999993
29,control_E_gradual_seed29,order_alternating_seed29,descending,alternating,67,0.0,68,58,0.0,0.2749999999999999,True,False,0.0,0.2749999999999999
29,control_E_gradual_seed29,order_alternating_seed29,descending,alternating,68,0.0,69,60,0.0,0.25,True,False,0.0,0.25
29,control_E_gradual_seed29,order_alternating_seed29,descending,alternating,69,0.0,70,62,0.0,0.22499999999999998,True,False,0.0,0.22499999999999998
29,control_E_gradual_seed29,order_alternating_seed29,descending,alternating,70,0.0,71,64,0.0,0.19999999999999996,True,False,0.0,0.19999999999999996
29,control_E_gradual_seed29,order_alternating_seed29,descending,alternating,71,0.0,72,66,0.0,0.17499999999999993,True,False,0.0,0.17499999999999993
29,control_E_gradual_seed29,order_alternating_seed29,descending,alternating,72,0.0,73,68,0.0,0.1499999999999999,True,False,0.0,0.1499999999999999
29,control_E_gradual_seed29,order_alternating_seed29,descending,alternating,73,0.0,74,70,0.0,0.125,True,False,0.0,0.125
29,control_E_gradual_seed29,order_alternating_seed29,descending,alternating,74,0.0,75,72,0.0,0.09999999999999998,True,False,0.0,0.09999999999999998
29,control_E_gradual_seed29,order_alternating_seed29,descending,alternating,75,0.0,76,74,0.0,0.07499999999999996,True,False,0.0,0.07499999999999996
29,control_E_gradual_seed29,order_shuffled_seed29,descending,shuffled,1,0.95,2,28,0.975,1.0,True,False,0.025000000000000022,0.050000000000000044
29,control_E_gradual_seed29,order_shuffled_seed29,descending,shuffled,2,0.925,3,19,0.95,1.0,True,False,0.02499999999999991,0.07499999999999996
29,control_E_gradual_seed29,order_shuffled_seed29,descending,shuffled,3,0.9,4,8,0.925,1.0,True,False,0.025000000000000022,0.09999999999999998
29,control_E_gradual_seed29,order_shuffled_seed29,descending,shuffled,4,0.875,5,10,0.9,1.0,True,False,0.025000000000000022,0.125
29,control_E_gradual_seed29,order_shuffled_seed29,descending,shuffled,5,0.85,6,24,0.875,1.0,True,False,0.025000000000000022,0.15000000000000002
29,control_E_gradual_seed29,order_shuffled_seed29,descending,shuffled,6,0.825,7,65,0.85,0.975,True,False,0.025000000000000022,0.15000000000000002
29,control_E_gradual_seed29,order_shuffled_seed29,descending,shuffled,7,0.8,8,34,0.825,1.0,True,False,0.02499999999999991,0.19999999999999996
29,control_E_gradual_seed29,order_shuffled_seed29,descending,shuffled,8,0.775,9,115,0.8,0.975,True,False,0.025000000000000022,0.19999999999999996
29,control_E_gradual_seed29,order_shuffled_seed29,descending,shuffled,9,0.75,10,20,0.775,1.0,True,False,0.025000000000000022,0.25
29,control_E_gradual_seed29,order_shuffled_seed29,descending,shuffled,10,0.725,11,58,0.75,0.975,True,False,0.025000000000000022,0.25
29,control_E_gradual_seed29,order_shuffled_seed29,descending,shuffled,11,0.7,12,66,0.725,0.975,True,False,0.025000000000000022,0.275
29,control_E_gradual_seed29,order_shuffled_seed29,descending,shuffled,12,0.675,13,25,0.7,1.0,True,False,0.02499999999999991,0.32499999999999996
29,control_E_gradual_seed29,order_shuffled_seed29,descending,shuffled,13,0.6499999999999999,14,101,0.675,0.975,True,False,0.025000000000000133,0.32500000000000007
29,control_E_gradual_seed29,order_shuffled_seed29,descending,shuffled,14,0.625,15,33,0.6499999999999999,1.0,True,False,0.02499999999999991,0.375
29,control_E_gradual_seed29,order_shuffled_seed29,descending,shuffled,15,0.6,16,74,0.625,0.975,True,False,0.025000000000000022,0.375
29,control_E_gradual_seed29,order_shuffled_seed29,descending,shuffled,16,0.575,17,9,0.6,1.0,True,False,0.025000000000000022,0.42500000000000004
29,control_E_gradual_seed29,order_shuffled_seed29,descending,shuffled,17,0.55,18,22,0.575,1.0,True,False,0.02499999999999991,0.44999999999999996
29,control_E_gradual_seed29,order_shuffled_seed29,descending,shuffled,18,0.5249999999999999,19,95,0.55,0.975,True,False,0.025000000000000133,0.45000000000000007
29,control_E_gradual_seed29,order_shuffled_seed29,descending,shuffled,19,0.5,20,99,0.5249999999999999,0.975,True,False,0.02499999999999991,0.475
29,control_E_gradual_seed29,order_shuffled_seed29,descending,shuffled,20,0.475,21,2,0.5,1.0,True,False,0.025000000000000022,0.525
29,control_E_gradual_seed29,order_shuffled_seed29,descending,shuffled,21,0.44999999999999996,22,84,0.475,0.975,True,False,0.025000000000000022,0.525
29,control_E_gradual_seed29,order_shuffled_seed29,descending,shuffled,22,0.42499999999999993,23,69,0.44999999999999996,0.975,True,False,0.025000000000000022,0.55
29,control_E_gradual_seed29,order_shuffled_seed29,descending,shuffled,23,0.3999999999999999,24,4,0.42499999999999993,1.0,True,False,0.025000000000000022,0.6000000000000001
29,control_E_gradual_seed29,order_shuffled_seed29,descending,shuffled,24,0.375,25,11,0.3999999999999999,1.0,True,False,0.02499999999999991,0.625
29,control_E_gradual_seed29,order_shuffled_seed29,descending,shuffled,25,0.35,26,75,0.375,0.975,True,False,0.025000000000000022,0.625
29,control_E_gradual_seed29,order_shuffled_seed29,descending,shuffled,26,0.32499999999999996,27,67,0.35,0.975,True,False,0.025000000000000022,0.65
29,control_E_gradual_seed29,order_shuffled_seed29,descending,shuffled,27,0.29999999999999993,28,45,0.32499999999999996,1.0,True,False,0.025000000000000022,0.7000000000000001
29,control_E_gradual_seed29,order_shuffled_seed29,descending,shuffled,28,0.2749999999999999,29,39,0.29999999999999993,1.0,True,False,0.025000000000000022,0.7250000000000001
29,control_E_gradual_seed29,order_shuffled_seed29,descending,shuffled,29,0.25,30,37,0.2749999999999999,1.0,True,False,0.02499999999999991,0.75
29,control_E_gradual_seed29,order_shuffled_seed29,descending,shuffled,30,0.22499999999999998,31,92,0.25,0.975,True,False,0.025000000000000022,0.75
29,control_E_gradual_seed29,order_shuffled_seed29,descending,shuffled,31,0.19999999999999996,32,106,0.22499999999999998,0.975,True,False,0.025000000000000022,0.775
29,control_E_gradual_seed29,order_shuffled_seed29,descending,shuffled,32,0.17499999999999993,33,46,0.19999999999999996,1.0,True,False,0.025000000000000022,0.8250000000000001
29,control_E_gradual_seed29,order_shuffled_seed29,descending,shuffled,33,0.1499999999999999,34,23,0.17499999999999993,1.0,True,False,0.025000000000000022,0.8500000000000001
29,control_E_gradual_seed29,order_shuffled_seed29,descending,shuffled,34,0.125,35,120,0.1499999999999999,0.975,True,False,0.02499999999999991,0.85
29,control_E_gradual_seed29,order_shuffled_seed29,descending,shuffled,35,0.09999999999999998,36,94,0.125,0.975,True,False,0.025000000000000022,0.875
29,control_E_gradual_seed29,order_shuffled_seed29,descending,shuffled,36,0.07499999999999996,37,36,0.09999999999999998,1.0,True,False,0.025000000000000022,0.925
29,control_E_gradual_seed29,order_shuffled_seed29,descending,shuffled,37,0.04999999999999993,38,97,0.07499999999999996,0.975,True,False,0.025000000000000022,0.925
29,control_E_gradual_seed29,order_shuffled_seed29,descending,shuffled,38,0.02499999999999991,39,56,0.04999999999999993,0.975,True,False,0.025000000000000022,0.9500000000000001
29,control_E_gradual_seed29,order_shuffled_seed29,descending,shuffled,39,0.0,40,61,0.02499999999999991,0.975,True,False,0.02499999999999991,0.975
29,control_E_gradual_seed29,order_shuffled_seed29,descending,shuffled,40,0.0,41,71,0.0,0.975,True,False,0.0,0.975
29,control_E_gradual_seed29,order_shuffled_seed29,descending,shuffled,41,0.0,42,76,0.0,0.975,True,False,0.0,0.975
29,control_E_gradual_seed29,order_shuffled_seed29,descending,shuffled,42,0.0,43,1,0.0,1.0,True,False,0.0,1.0
29,control_E_gradual_seed29,order_shuffled_seed29,descending,shuffled,43,0.0,44,70,0.0,0.975,True,False,0.0,0.975
29,control_E_gradual_seed29,order_shuffled_seed29,descending,shuffled,44,0.0,45,88,0.0,0.975,True,False,0.0,0.975
29,control_E_gradual_seed29,order_shuffled_seed29,descending,shuffled,45,0.0,46,27,0.0,1.0,True,False,0.0,1.0
29,control_E_gradual_seed29,order_shuffled_seed29,descending,shuffled,46,0.0,47,103,0.0,0.975,True,False,0.0,0.975
29,control_E_gradual_seed29,order_shuffled_seed29,descending,shuffled,47,0.0,48,93,0.0,0.975,True,False,0.0,0.975
29,control_E_gradual_seed29,order_shuffled_seed29,descending,shuffled,48,0.0,49,12,0.0,1.0,True,False,0.0,1.0
29,control_E_gradual_seed29,order_shuffled_seed29,descending,shuffled,49,0.0,50,17,0.0,1.0,True,False,0.0,1.0
29,control_E_gradual_seed29,order_shuffled_seed29,descending,shuffled,50,0.0,51,85,0.0,0.975,True,False,0.0,0.975
29,control_E_gradual_seed29,order_shuffled_seed29,descending,shuffled,51,0.0,52,62,0.0,0.975,True,False,0.0,0.975
29,control_E_gradual_seed29,order_shuffled_seed29,descending,shuffled,52,0.0,53,38,0.0,1.0,True,False,0.0,1.0
29,control_E_gradual_seed29,order_shuffled_seed29,descending,shuffled,53,0.0,54,44,0.0,1.0,True,False,0.0,1.0
29,control_E_gradual_seed29,order_shuffled_seed29,descending,shuffled,54,0.0,55,6,0.0,1.0,True,False,0.0,1.0
29,control_E_gradual_seed29,order_shuffled_seed29,descending,shuffled,55,0.0,56,72,0.0,0.975,True,False,0.0,0.975
29,control_E_gradual_seed29,order_shuffled_seed29,descending,shuffled,56,0.0,57,118,0.0,0.975,True,False,0.0,0.975
29,control_E_gradual_seed29,order_shuffled_seed29,descending,shuffled,57,0.0,58,48,0.0,1.0,True,False,0.0,1.0
29,control_E_gradual_seed29,order_shuffled_seed29,descending,shuffled,58,0.0,59,73,0.0,0.975,True,False,0.0,0.975
29,control_E_gradual_seed29,order_shuffled_seed29,descending,shuffled,59,0.0,60,82,0.0,0.975,True,False,0.0,0.975
29,control_E_gradual_seed29,order_shuffled_seed29,descending,shuffled,60,0.0,61,79,0.0,0.975,True,False,0.0,0.975
29,control_E_gradual_seed29,order_shuffled_seed29,descending,shuffled,61,0.0,62,63,0.0,0.975,True,False,0.0,0.975
29,control_E_gradual_seed29,order_shuffled_seed29,descending,shuffled,62,0.0,63,81,0.0,0.975,True,False,0.0,0.975
29,control_E_gradual_seed29,order_shuffled_seed29,descending,shuffled,63,0.0,64,110,0.0,0.975,True,False,0.0,0.975
29,control_E_gradual_seed29,order_shuffled_seed29,descending,shuffled,64,0.0,65,107,0.0,0.975,True,False,0.0,0.975
29,control_E_gradual_seed29,order_shuffled_seed29,descending,shuffled,65,0.0,66,68,0.0,0.975,True,False,0.0,0.975
29,control_E_gradual_seed29,order_shuffled_seed29,descending,shuffled,66,0.0,67,114,0.0,0.975,True,False,0.0,0.975
29,control_E_gradual_seed29,order_shuffled_seed29,descending,shuffled,67,0.0,68,18,0.0,1.0,True,False,0.0,1.0
29,control_E_gradual_seed29,order_shuffled_seed29,descending,shuffled,68,0.0,69,96,0.0,0.975,True,False,0.0,0.975
29,control_E_gradual_seed29,order_shuffled_seed29,descending,shuffled,69,0.0,70,47,0.0,1.0,True,False,0.0,1.0
29,control_E_gradual_seed29,order_shuffled_seed29,descending,shuffled,70,0.0,71,60,0.0,0.975,True,False,0.0,0.975
29,control_E_gradual_seed29,order_shuffled_seed29,descending,shuffled,71,0.0,72,16,0.0,1.0,True,False,0.0,1.0
29,control_E_gradual_seed29,order_shuffled_seed29,descending,shuffled,72,0.0,73,112,0.0,0.975,True,False,0.0,0.975
29,control_E_gradual_seed29,order_shuffled_seed29,descending,shuffled,73,0.0,74,64,0.0,0.975,True,False,0.0,0.975
29,control_E_gradual_seed29,order_shuffled_seed29,descending,shuffled,74,0.0,75,80,0.0,0.975,True,False,0.0,0.975
29,control_E_gradual_seed29,order_shuffled_seed29,descending,shuffled,75,0.0,76,98,0.0,0.975,True,False,0.0,0.975
29,control_E_gradual_seed29,order_shuffled_seed29,descending,shuffled,76,0.0,77,116,0.0,0.975,True,False,0.0,0.975
29,control_E_gradual_seed29,order_shuffled_seed29,descending,shuffled,77,0.0,78,14,0.0,1.0,True,False,0.0,1.0
29,control_E_gradual_seed29,order_shuffled_seed29,descending,shuffled,78,0.0,79,35,0.0,1.0,True,False,0.0,1.0
29,control_E_gradual_seed29,order_shuffled_seed29,descending,shuffled,79,0.0,80,86,0.0,0.975,True,False,0.0,0.975
29,control_E_gradual_seed29,order_shuffled_seed29,descending,shuffled,80,0.0,81,77,0.0,0.975,True,False,0.0,0.975
29,control_E_gradual_seed29,order_shuffled_seed29,descending,shuffled,81,0.0,82,111,0.0,0.975,True,False,0.0,0.975
29,control_E_gradual_seed29,order_shuffled_seed29,descending,shuffled,82,0.0,83,29,0.0,1.0,True,False,0.0,1.0
29,control_E_gradual_seed29,order_shuffled_seed29,descending,shuffled,83,0.0,84,3,0.0,1.0,True,False,0.0,1.0
29,control_E_gradual_seed29,order_shuffled_seed29,descending,shuffled,84,0.0,85,119,0.0,0.975,True,False,0.0,0.975
29,control_E_gradual_seed29,order_shuffled_seed29,descending,shuffled,85,0.0,86,21,0.0,1.0,True,False,0.0,1.0
29,control_E_gradual_seed29,order_shuffled_seed29,descending,shuffled,86,0.0,87,102,0.0,0.975,True,False,0.0,0.975
29,control_E_gradual_seed29,order_shuffled_seed29,descending,shuffled,87,0.0,88,83,0.0,0.975,True,False,0.0,0.975
29,control_E_gradual_seed29,order_shuffled_seed29,descending,shuffled,88,0.0,89,57,0.0,0.975,True,False,0.0,0.975
29,control_E_gradual_seed29,order_shuffled_seed29,descending,shuffled,89,0.0,90,87,0.0,0.975,True,False,0.0,0.975
29,control_E_gradual_seed29,order_shuffled_seed29,descending,shuffled,90,0.0,91,59,0.0,0.975,True,False,0.0,0.975
29,control_E_gradual_seed29,order_shuffled_seed29,descending,shuffled,91,0.0,92,30,0.0,1.0,True,False,0.0,1.0
29,control_E_gradual_seed29,order_shuffled_seed29,descending,shuffled,92,0.0,93,52,0.0,0.975,True,False,0.0,0.975
29,control_E_gradual_seed29,order_shuffled_seed29,descending,shuffled,93,0.0,94,113,0.0,0.975,True,False,0.0,0.975
29,control_E_gradual_seed29,order_shuffled_seed29,descending,shuffled,94,0.0,95,91,0.0,0.975,True,False,0.0,0.975
29,control_E_gradual_seed29,order_shuffled_seed29,descending,shuffled,95,0.0,96,109,0.0,0.975,True,False,0.0,0.975
29,control_E_gradual_seed29,order_shuffled_seed29,descending,shuffled,96,0.0,97,13,0.0,1.0,True,False,0.0,1.0
29,control_E_gradual_seed29,order_shuffled_seed29,descending,shuffled,97,0.0,98,15,0.0,1.0,True,False,0.0,1.0
29,control_E_gradual_seed29,order_shuffled_seed29,descending,shuffled,98,0.0,99,26,0.0,1.0,True,False,0.0,1.0
29,control_E_gradual_seed29,order_shuffled_seed29,descending,shuffled,99,0.0,100,117,0.0,0.975,True,False,0.0,0.975
29,control_E_gradual_seed29,order_shuffled_seed29,descending,shuffled,100,0.0,101,31,0.0,1.0,True,False,0.0,1.0
29,control_E_gradual_seed29,order_shuffled_seed29,descending,shuffled,101,0.0,102,89,0.0,0.975,True,False,0.0,0.975
29,control_E_gradual_seed29,order_shuffled_seed29,descending,shuffled,102,0.0,103,105,0.0,0.975,True,False,0.0,0.975
29,control_E_gradual_seed29,order_shuffled_seed29,descending,shuffled,103,0.0,104,49,0.0,1.0,True,False,0.0,1.0
29,control_E_gradual_seed29,order_shuffled_seed29,descending,shuffled,104,0.0,105,104,0.0,0.975,True,False,0.0,0.975
29,control_E_gradual_seed29,order_shuffled_seed29,descending,shuffled,105,0.0,106,40,0.0,1.0,True,False,0.0,1.0
29,control_E_gradual_seed29,order_shuffled_seed29,descending,shuffled,106,0.0,107,90,0.0,0.975,True,False,0.0,0.975
29,control_E_gradual_seed29,order_shuffled_seed29,descending,shuffled,107,0.0,108,53,0.0,0.975,True,False,0.0,0.975
29,control_E_gradual_seed29,order_shuffled_seed29,descending,shuffled,108,0.0,109,42,0.0,1.0,True,False,0.0,1.0
29,control_E_gradual_seed29,order_shuffled_seed29,descending,shuffled,109,0.0,110,43,0.0,1.0,True,False,0.0,1.0
29,control_E_gradual_seed29,order_shuffled_seed29,descending,shuffled,110,0.0,111,100,0.0,0.975,True,False,0.0,0.975
29,control_E_gradual_seed29,order_shuffled_seed29,descending,shuffled,111,0.0,112,32,0.0,1.0,True,False,0.0,1.0
29,control_E_gradual_seed29,order_shuffled_seed29,descending,shuffled,112,0.0,113,41,0.0,1.0,True,False,0.0,1.0
29,control_E_gradual_seed29,order_shuffled_seed29,descending,shuffled,113,0.0,114,54,0.0,0.975,True,False,0.0,0.975
29,control_E_gradual_seed29,order_shuffled_seed29,descending,shuffled,114,0.0,115,5,0.0,1.0,True,False,0.0,1.0
29,control_E_gradual_seed29,order_shuffled_seed29,descending,shuffled,115,0.0,116,78,0.0,0.975,True,False,0.0,0.975
29,control_E_gradual_seed29,order_shuffled_seed29,descending,shuffled,116,0.0,117,55,0.0,0.975,True,False,0.0,0.975
29,control_E_gradual_seed29,order_shuffled_seed29,descending,shuffled,117,0.0,118,108,0.0,0.975,True,False,0.0,0.975
29,control_E_gradual_seed29,order_shuffled_seed29,descending,shuffled,118,0.0,119,51,0.0,0.975,True,False,0.0,0.975
29,control_E_gradual_seed29,order_shuffled_seed29,descending,shuffled,119,0.0,120,7,0.0,1.0,True,False,0.0,1.0
29,order_ascending_seed29,order_alternating_seed29,ascending,alternating,76,0.0,38,76,1.0,0.04999999999999993,False,True,1.0,0.04999999999999993
29,order_ascending_seed29,order_alternating_seed29,ascending,alternating,77,0.0,39,78,1.0,0.02499999999999991,False,True,1.0,0.02499999999999991
29,order_ascending_seed29,order_alternating_seed29,ascending,alternating,78,0.0,40,80,1.0,0.0,False,True,1.0,0.0
29,order_ascending_seed29,order_alternating_seed29,ascending,alternating,79,0.0,41,82,1.0,0.0,False,True,1.0,0.0
29,order_ascending_seed29,order_alternating_seed29,ascending,alternating,80,0.0,42,84,1.0,0.0,False,True,1.0,0.0
29,order_ascending_seed29,order_alternating_seed29,ascending,alternating,81,0.0,43,86,1.0,0.0,False,True,1.0,0.0
29,order_ascending_seed29,order_alternating_seed29,ascending,alternating,82,0.0,44,88,1.0,0.0,False,True,1.0,0.0
29,order_ascending_seed29,order_alternating_seed29,ascending,alternating,83,0.0,45,90,1.0,0.0,False,True,1.0,0.0
29,order_ascending_seed29,order_alternating_seed29,ascending,alternating,84,0.0,46,92,1.0,0.0,False,True,1.0,0.0
29,order_ascending_seed29,order_alternating_seed29,ascending,alternating,85,0.0,47,94,1.0,0.0,False,True,1.0,0.0
29,order_ascending_seed29,order_alternating_seed29,ascending,alternating,86,0.0,48,96,1.0,0.0,False,True,1.0,0.0
29,order_ascending_seed29,order_alternating_seed29,ascending,alternating,87,0.0,49,98,1.0,0.0,False,True,1.0,0.0
29,order_ascending_seed29,order_alternating_seed29,ascending,alternating,88,0.0,50,100,1.0,0.0,False,True,1.0,0.0
29,order_ascending_seed29,order_alternating_seed29,ascending,alternating,89,0.0,51,102,1.0,0.0,False,True,1.0,0.0
29,order_ascending_seed29,order_alternating_seed29,ascending,alternating,90,0.0,52,104,1.0,0.0,False,True,1.0,0.0
29,order_ascending_seed29,order_alternating_seed29,ascending,alternating,91,0.0,53,106,1.0,0.0,False,True,1.0,0.0
29,order_ascending_seed29,order_alternating_seed29,ascending,alternating,92,0.0,54,108,1.0,0.0,False,True,1.0,0.0
29,order_ascending_seed29,order_alternating_seed29,ascending,alternating,93,0.0,55,110,1.0,0.0,False,True,1.0,0.0
29,order_ascending_seed29,order_alternating_seed29,ascending,alternating,94,0.0,56,112,1.0,0.0,False,True,1.0,0.0
29,order_ascending_seed29,order_alternating_seed29,ascending,alternating,95,0.0,57,114,1.0,0.0,False,True,1.0,0.0
29,order_ascending_seed29,order_alternating_seed29,ascending,alternating,96,0.0,58,116,1.0,0.0,False,True,1.0,0.0
29,order_ascending_seed29,order_alternating_seed29,ascending,alternating,97,0.0,59,118,1.0,0.0,False,True,1.0,0.0
29,order_ascending_seed29,order_alternating_seed29,ascending,alternating,98,0.0,60,120,1.0,0.0,False,True,1.0,0.0
29,order_ascending_seed29,order_alternating_seed29,ascending,alternating,99,0.0,61,119,1.0,0.0,False,True,1.0,0.0
29,order_ascending_seed29,order_alternating_seed29,ascending,alternating,100,0.0,62,117,1.0,0.0,False,True,1.0,0.0
29,order_ascending_seed29,order_alternating_seed29,ascending,alternating,101,0.0,63,115,1.0,0.0,False,True,1.0,0.0
29,order_ascending_seed29,order_alternating_seed29,ascending,alternating,102,0.0,64,113,1.0,0.0,False,True,1.0,0.0
29,order_ascending_seed29,order_alternating_seed29,ascending,alternating,103,0.0,65,111,1.0,0.0,False,True,1.0,0.0
29,order_ascending_seed29,order_alternating_seed29,ascending,alternating,104,0.0,66,109,1.0,0.0,False,True,1.0,0.0
29,order_ascending_seed29,order_alternating_seed29,ascending,alternating,105,0.0,67,107,1.0,0.0,False,True,1.0,0.0
29,order_ascending_seed29,order_alternating_seed29,ascending,alternating,106,0.0,68,105,1.0,0.0,False,True,1.0,0.0
29,order_ascending_seed29,order_alternating_seed29,ascending,alternating,107,0.0,69,103,1.0,0.0,False,True,1.0,0.0
29,order_ascending_seed29,order_alternating_seed29,ascending,alternating,108,0.0,70,101,1.0,0.0,False,True,1.0,0.0
29,order_ascending_seed29,order_alternating_seed29,ascending,alternating,109,0.0,71,99,1.0,0.0,False,True,1.0,0.0
29,order_ascending_seed29,order_alternating_seed29,ascending,alternating,110,0.0,72,97,1.0,0.0,False,True,1.0,0.0
29,order_ascending_seed29,order_alternating_seed29,ascending,alternating,111,0.0,73,95,1.0,0.0,False,True,1.0,0.0
29,order_ascending_seed29,order_alternating_seed29,ascending,alternating,112,0.0,74,93,1.0,0.0,False,True,1.0,0.0
29,order_ascending_seed29,order_alternating_seed29,ascending,alternating,113,0.0,75,91,1.0,0.0,False,True,1.0,0.0
29,order_ascending_seed29,order_alternating_seed29,ascending,alternating,114,0.0,76,89,1.0,0.0,False,True,1.0,0.0
29,order_ascending_seed29,order_alternating_seed29,ascending,alternating,115,0.0,77,87,1.0,0.0,False,True,1.0,0.0
29,order_ascending_seed29,order_alternating_seed29,ascending,alternating,116,0.0,78,85,1.0,0.0,False,True,1.0,0.0
29,order_ascending_seed29,order_alternating_seed29,ascending,alternating,117,0.0,79,83,1.0,0.0,False,True,1.0,0.0
29,order_ascending_seed29,order_alternating_seed29,ascending,alternating,118,0.0,80,81,1.0,0.0,False,True,1.0,0.0
29,order_ascending_seed29,order_alternating_seed29,ascending,alternating,119,0.0,81,79,1.0,0.0,False,True,1.0,0.0
29,order_ascending_seed29,order_alternating_seed29,ascending,alternating,38,0.02499999999999991,82,77,1.0,0.0,False,True,0.9750000000000001,0.02499999999999991
29,order_ascending_seed29,order_alternating_seed29,ascending,alternating,37,0.04999999999999993,83,75,1.0,0.07499999999999996,False,True,0.9500000000000001,0.025000000000000022
29,order_ascending_seed29,order_alternating_seed29,ascending,alternating,36,0.07499999999999996,84,73,1.0,0.09999999999999998,False,True,0.925,0.025000000000000022
29,order_ascending_seed29,order_alternating_seed29,ascending,alternating,35,0.09999999999999998,85,71,1.0,0.125,False,True,0.9,0.025000000000000022
29,order_ascending_seed29,order_alternating_seed29,ascending,alternating,34,0.125,86,69,1.0,0.1499999999999999,False,True,0.875,0.02499999999999991
29,order_ascending_seed29,order_alternating_seed29,ascending,alternating,33,0.1499999999999999,87,67,1.0,0.17499999999999993,False,True,0.8500000000000001,0.025000000000000022
29,order_ascending_seed29,order_alternating_seed29,ascending,alternating,32,0.17499999999999993,88,65,1.0,0.19999999999999996,False,True,0.8250000000000001,0.025000000000000022
29,order_ascending_seed29,order_alternating_seed29,ascending,alternating,31,0.19999999999999996,89,63,1.0,0.22499999999999998,False,True,0.8,0.025000000000000022
29,order_ascending_seed29,order_alternating_seed29,ascending,alternating,30,0.22499999999999998,90,61,1.0,0.25,False,True,0.775,0.025000000000000022
29,order_ascending_seed29,order_alternating_seed29,ascending,alternating,29,0.25,91,59,1.0,0.2749999999999999,False,True,0.75,0.02499999999999991
29,order_ascending_seed29,order_alternating_seed29,ascending,alternating,28,0.2749999999999999,92,57,1.0,0.29999999999999993,False,True,0.7250000000000001,0.025000000000000022
29,order_ascending_seed29,order_alternating_seed29,ascending,alternating,27,0.29999999999999993,93,55,1.0,0.32499999999999996,False,True,0.7000000000000001,0.025000000000000022
29,order_ascending_seed29,order_alternating_seed29,ascending,alternating,26,0.32499999999999996,94,53,1.0,0.35,False,True,0.675,0.025000000000000022
29,order_ascending_seed29,order_alternating_seed29,ascending,alternating,25,0.35,95,51,1.0,0.375,False,True,0.65,0.025000000000000022
29,order_ascending_seed29,order_alternating_seed29,ascending,alternating,24,0.375,96,49,1.0,0.3999999999999999,False,True,0.625,0.02499999999999991
29,order_ascending_seed29,order_alternating_seed29,ascending,alternating,23,0.3999999999999999,97,47,1.0,0.42499999999999993,False,True,0.6000000000000001,0.025000000000000022
29,order_ascending_seed29,order_alternating_seed29,ascending,alternating,22,0.42499999999999993,98,45,1.0,0.44999999999999996,False,True,0.5750000000000001,0.025000000000000022
29,order_ascending_seed29,order_alternating_seed29,ascending,alternating,21,0.44999999999999996,99,43,1.0,0.475,False,True,0.55,0.025000000000000022
29,order_ascending_seed29,order_alternating_seed29,ascending,alternating,20,0.475,100,41,1.0,0.5,False,True,0.525,0.025000000000000022
29,order_ascending_seed29,order_alternating_seed29,ascending,alternating,19,0.5,101,39,1.0,0.5249999999999999,False,True,0.5,0.02499999999999991
29,order_ascending_seed29,order_alternating_seed29,ascending,alternating,18,0.5249999999999999,102,37,1.0,0.55,False,True,0.4750000000000001,0.025000000000000133
29,order_ascending_seed29,order_alternating_seed29,ascending,alternating,17,0.55,103,35,1.0,0.575,False,True,0.44999999999999996,0.02499999999999991
29,order_ascending_seed29,order_alternating_seed29,ascending,alternating,16,0.575,104,33,1.0,0.6,False,True,0.42500000000000004,0.025000000000000022
29,order_ascending_seed29,order_alternating_seed29,ascending,alternating,15,0.6,105,31,1.0,0.625,False,True,0.4,0.025000000000000022
29,order_ascending_seed29,order_alternating_seed29,ascending,alternating,14,0.625,106,29,1.0,0.6499999999999999,False,True,0.375,0.02499999999999991
29,order_ascending_seed29,order_alternating_seed29,ascending,alternating,13,0.6499999999999999,107,27,1.0,0.675,False,True,0.3500000000000001,0.025000000000000133
29,order_ascending_seed29,order_alternating_seed29,ascending,alternating,12,0.675,108,25,1.0,0.7,False,True,0.32499999999999996,0.02499999999999991
29,order_ascending_seed29,order_alternating_seed29,ascending,alternating,11,0.7,109,23,1.0,0.725,False,True,0.30000000000000004,0.025000000000000022
29,order_ascending_seed29,order_alternating_seed29,ascending,alternating,10,0.725,110,21,1.0,0.75,False,True,0.275,0.025000000000000022
29,order_ascending_seed29,order_alternating_seed29,ascending,alternating,9,0.75,111,19,1.0,0.775,False,True,0.25,0.025000000000000022
29,order_ascending_seed29,order_alternating_seed29,ascending,alternating,8,0.775,112,17,1.0,0.8,False,True,0.22499999999999998,0.025000000000000022
29,order_ascending_seed29,order_alternating_seed29,ascending,alternating,7,0.8,113,15,1.0,0.825,False,True,0.19999999999999996,0.02499999999999991
29,order_ascending_seed29,order_alternating_seed29,ascending,alternating,6,0.825,114,13,1.0,0.85,False,True,0.17500000000000004,0.025000000000000022
29,order_ascending_seed29,order_alternating_seed29,ascending,alternating,5,0.85,115,11,1.0,0.875,False,True,0.15000000000000002,0.025000000000000022
29,order_ascending_seed29,order_alternating_seed29,ascending,alternating,4,0.875,116,9,1.0,0.9,False,True,0.125,0.025000000000000022
29,order_ascending_seed29,order_alternating_seed29,ascending,alternating,3,0.9,117,7,1.0,0.925,False,True,0.09999999999999998,0.025000000000000022
29,order_ascending_seed29,order_alternating_seed29,ascending,alternating,2,0.925,118,5,1.0,0.95,False,True,0.07499999999999996,0.02499999999999991
29,order_ascending_seed29,order_alternating_seed29,ascending,alternating,1,0.95,119,3,1.0,0.975,False,True,0.050000000000000044,0.025000000000000022
29,order_alternating_seed29,order_shuffled_seed29,alternating,shuffled,1,0.95,3,28,0.975,1.0,True,False,0.025000000000000022,0.050000000000000044
29,order_alternating_seed29,order_shuffled_seed29,alternating,shuffled,2,0.925,5,19,0.95,1.0,True,False,0.02499999999999991,0.07499999999999996
29,order_alternating_seed29,order_shuffled_seed29,alternating,shuffled,3,0.9,7,8,0.925,1.0,True,False,0.025000000000000022,0.09999999999999998
29,order_alternating_seed29,order_shuffled_seed29,alternating,shuffled,4,0.875,9,10,0.9,1.0,True,False,0.025000000000000022,0.125
29,order_alternating_seed29,order_shuffled_seed29,alternating,shuffled,5,0.85,11,24,0.875,1.0,True,False,0.025000000000000022,0.15000000000000002
29,order_alternating_seed29,order_shuffled_seed29,alternating,shuffled,6,0.825,13,65,0.85,0.975,True,False,0.025000000000000022,0.15000000000000002
29,order_alternating_seed29,order_shuffled_seed29,alternating,shuffled,7,0.8,15,34,0.825,1.0,True,False,0.02499999999999991,0.19999999999999996
29,order_alternating_seed29,order_shuffled_seed29,alternating,shuffled,8,0.775,17,115,0.8,0.975,True,False,0.025000000000000022,0.19999999999999996
29,order_alternating_seed29,order_shuffled_seed29,alternating,shuffled,9,0.75,19,20,0.775,1.0,True,False,0.025000000000000022,0.25
29,order_alternating_seed29,order_shuffled_seed29,alternating,shuffled,10,0.725,21,58,0.75,0.975,True,False,0.025000000000000022,0.25
29,order_alternating_seed29,order_shuffled_seed29,alternating,shuffled,11,0.7,23,66,0.725,0.975,True,False,0.025000000000000022,0.275
29,order_alternating_seed29,order_shuffled_seed29,alternating,shuffled,12,0.675,25,25,0.7,1.0,True,False,0.02499999999999991,0.32499999999999996
29,order_alternating_seed29,order_shuffled_seed29,alternating,shuffled,13,0.6499999999999999,27,101,0.675,0.975,True,False,0.025000000000000133,0.32500000000000007
29,order_alternating_seed29,order_shuffled_seed29,alternating,shuffled,14,0.625,29,33,0.6499999999999999,1.0,True,False,0.02499999999999991,0.375
29,order_alternating_seed29,order_shuffled_seed29,alternating,shuffled,15,0.6,31,74,0.625,0.975,True,False,0.025000000000000022,0.375
29,order_alternating_seed29,order_shuffled_seed29,alternating,shuffled,16,0.575,33,9,0.6,1.0,True,False,0.025000000000000022,0.42500000000000004
29,order_alternating_seed29,order_shuffled_seed29,alternating,shuffled,17,0.55,35,22,0.575,1.0,True,False,0.02499999999999991,0.44999999999999996
29,order_alternating_seed29,order_shuffled_seed29,alternating,shuffled,18,0.5249999999999999,37,95,0.55,0.975,True,False,0.025000000000000133,0.45000000000000007
29,order_alternating_seed29,order_shuffled_seed29,alternating,shuffled,19,0.5,39,99,0.5249999999999999,0.975,True,False,0.02499999999999991,0.475
29,order_alternating_seed29,order_shuffled_seed29,alternating,shuffled,20,0.475,41,2,0.5,1.0,True,False,0.025000000000000022,0.525
29,order_alternating_seed29,order_shuffled_seed29,alternating,shuffled,21,0.44999999999999996,43,84,0.475,0.975,True,False,0.025000000000000022,0.525
29,order_alternating_seed29,order_shuffled_seed29,alternating,shuffled,22,0.42499999999999993,45,69,0.44999999999999996,0.975,True,False,0.025000000000000022,0.55
29,order_alternating_seed29,order_shuffled_seed29,alternating,shuffled,23,0.3999999999999999,47,4,0.42499999999999993,1.0,True,False,0.025000000000000022,0.6000000000000001
29,order_alternating_seed29,order_shuffled_seed29,alternating,shuffled,24,0.375,49,11,0.3999999999999999,1.0,True,False,0.02499999999999991,0.625
29,order_alternating_seed29,order_shuffled_seed29,alternating,shuffled,25,0.35,51,75,0.375,0.975,True,False,0.025000000000000022,0.625
29,order_alternating_seed29,order_shuffled_seed29,alternating,shuffled,26,0.32499999999999996,53,67,0.35,0.975,True,False,0.025000000000000022,0.65
29,order_alternating_seed29,order_shuffled_seed29,alternating,shuffled,27,0.29999999999999993,55,45,0.32499999999999996,1.0,True,False,0.025000000000000022,0.7000000000000001
29,order_alternating_seed29,order_shuffled_seed29,alternating,shuffled,28,0.2749999999999999,57,39,0.29999999999999993,1.0,True,False,0.025000000000000022,0.7250000000000001
29,order_alternating_seed29,order_shuffled_seed29,alternating,shuffled,29,0.25,59,37,0.2749999999999999,1.0,True,False,0.02499999999999991,0.75
29,order_alternating_seed29,order_shuffled_seed29,alternating,shuffled,30,0.22499999999999998,61,92,0.25,0.975,True,False,0.025000000000000022,0.75
29,order_alternating_seed29,order_shuffled_seed29,alternating,shuffled,31,0.19999999999999996,63,106,0.22499999999999998,0.975,True,False,0.025000000000000022,0.775
29,order_alternating_seed29,order_shuffled_seed29,alternating,shuffled,32,0.17499999999999993,65,46,0.19999999999999996,1.0,True,False,0.025000000000000022,0.8250000000000001
29,order_alternating_seed29,order_shuffled_seed29,alternating,shuffled,33,0.1499999999999999,67,23,0.17499999999999993,1.0,True,False,0.025000000000000022,0.8500000000000001
29,order_alternating_seed29,order_shuffled_seed29,alternating,shuffled,34,0.125,69,120,0.1499999999999999,0.975,True,False,0.02499999999999991,0.85
29,order_alternating_seed29,order_shuffled_seed29,alternating,shuffled,35,0.09999999999999998,71,94,0.125,0.975,True,False,0.025000000000000022,0.875
29,order_alternating_seed29,order_shuffled_seed29,alternating,shuffled,36,0.07499999999999996,73,36,0.09999999999999998,1.0,True,False,0.025000000000000022,0.925
29,order_alternating_seed29,order_shuffled_seed29,alternating,shuffled,37,0.04999999999999993,75,97,0.07499999999999996,0.975,True,False,0.025000000000000022,0.925
29,order_alternating_seed29,order_shuffled_seed29,alternating,shuffled,76,0.0,76,116,0.04999999999999993,0.975,True,False,0.04999999999999993,0.975
29,order_alternating_seed29,order_shuffled_seed29,alternating,shuffled,38,0.02499999999999991,77,56,0.0,0.975,True,False,0.02499999999999991,0.9500000000000001
29,order_alternating_seed29,order_shuffled_seed29,alternating,shuffled,77,0.0,78,14,0.02499999999999991,1.0,True,False,0.02499999999999991,1.0
29,order_alternating_seed29,order_shuffled_seed29,alternating,shuffled,119,0.0,79,7,0.0,1.0,True,False,0.0,1.0
29,order_alternating_seed29,order_shuffled_seed29,alternating,shuffled,78,0.0,80,35,0.0,1.0,True,False,0.0,1.0
29,order_alternating_seed29,order_shuffled_seed29,alternating,shuffled,118,0.0,81,51,0.0,0.975,True,False,0.0,0.975
29,order_alternating_seed29,order_shuffled_seed29,alternating,shuffled,79,0.0,82,86,0.0,0.975,True,False,0.0,0.975
29,order_alternating_seed29,order_shuffled_seed29,alternating,shuffled,117,0.0,83,108,0.0,0.975,True,False,0.0,0.975
29,order_alternating_seed29,order_shuffled_seed29,alternating,shuffled,80,0.0,84,77,0.0,0.975,True,False,0.0,0.975
29,order_alternating_seed29,order_shuffled_seed29,alternating,shuffled,116,0.0,85,55,0.0,0.975,True,False,0.0,0.975
29,order_alternating_seed29,order_shuffled_seed29,alternating,shuffled,81,0.0,86,111,0.0,0.975,True,False,0.0,0.975
29,order_alternating_seed29,order_shuffled_seed29,alternating,shuffled,115,0.0,87,78,0.0,0.975,True,False,0.0,0.975
29,order_alternating_seed29,order_shuffled_seed29,alternating,shuffled,82,0.0,88,29,0.0,1.0,True,False,0.0,1.0
29,order_alternating_seed29,order_shuffled_seed29,alternating,shuffled,114,0.0,89,5,0.0,1.0,True,False,0.0,1.0
29,order_alternating_seed29,order_shuffled_seed29,alternating,shuffled,83,0.0,90,3,0.0,1.0,True,False,0.0,1.0
29,order_alternating_seed29,order_shuffled_seed29,alternating,shuffled,113,0.0,91,54,0.0,0.975,True,False,0.0,0.975
29,order_alternating_seed29,order_shuffled_seed29,alternating,shuffled,84,0.0,92,119,0.0,0.975,True,False,0.0,0.975
29,order_alternating_seed29,order_shuffled_seed29,alternating,shuffled,112,0.0,93,41,0.0,1.0,True,False,0.0,1.0
29,order_alternating_seed29,order_shuffled_seed29,alternating,shuffled,85,0.0,94,21,0.0,1.0,True,False,0.0,1.0
29,order_alternating_seed29,order_shuffled_seed29,alternating,shuffled,111,0.0,95,32,0.0,1.0,True,False,0.0,1.0
29,order_alternating_seed29,order_shuffled_seed29,alternating,shuffled,86,0.0,96,102,0.0,0.975,True,False,0.0,0.975
29,order_alternating_seed29,order_shuffled_seed29,alternating,shuffled,110,0.0,97,100,0.0,0.975,True,False,0.0,0.975
29,order_alternating_seed29,order_shuffled_seed29,alternating,shuffled,87,0.0,98,83,0.0,0.975,True,False,0.0,0.975
29,order_alternating_seed29,order_shuffled_seed29,alternating,shuffled,109,0.0,99,43,0.0,1.0,True,False,0.0,1.0
29,order_alternating_seed29,order_shuffled_seed29,alternating,shuffled,88,0.0,100,57,0.0,0.975,True,False,0.0,0.975
29,order_alternating_seed29,order_shuffled_seed29,alternating,shuffled,108,0.0,101,42,0.0,1.0,True,False,0.0,1.0
29,order_alternating_seed29,order_shuffled_seed29,alternating,shuffled,89,0.0,102,87,0.0,0.975,True,False,0.0,0.975
29,order_alternating_seed29,order_shuffled_seed29,alternating,shuffled,107,0.0,103,53,0.0,0.975,True,False,0.0,0.975
29,order_alternating_seed29,order_shuffled_seed29,alternating,shuffled,90,0.0,104,59,0.0,0.975,True,False,0.0,0.975
29,order_alternating_seed29,order_shuffled_seed29,alternating,shuffled,106,0.0,105,90,0.0,0.975,True,False,0.0,0.975
29,order_alternating_seed29,order_shuffled_seed29,alternating,shuffled,91,0.0,106,30,0.0,1.0,True,False,0.0,1.0
29,order_alternating_seed29,order_shuffled_seed29,alternating,shuffled,105,0.0,107,40,0.0,1.0,True,False,0.0,1.0
29,order_alternating_seed29,order_shuffled_seed29,alternating,shuffled,92,0.0,108,52,0.0,0.975,True,False,0.0,0.975
29,order_alternating_seed29,order_shuffled_seed29,alternating,shuffled,104,0.0,109,104,0.0,0.975,True,False,0.0,0.975
29,order_alternating_seed29,order_shuffled_seed29,alternating,shuffled,93,0.0,110,113,0.0,0.975,True,False,0.0,0.975
29,order_alternating_seed29,order_shuffled_seed29,alternating,shuffled,103,0.0,111,49,0.0,1.0,True,False,0.0,1.0
29,order_alternating_seed29,order_shuffled_seed29,alternating,shuffled,94,0.0,112,91,0.0,0.975,True,False,0.0,0.975
29,order_alternating_seed29,order_shuffled_seed29,alternating,shuffled,102,0.0,113,105,0.0,0.975,True,False,0.0,0.975
29,order_alternating_seed29,order_shuffled_seed29,alternating,shuffled,95,0.0,114,109,0.0,0.975,True,False,0.0,0.975
29,order_alternating_seed29,order_shuffled_seed29,alternating,shuffled,101,0.0,115,89,0.0,0.975,True,False,0.0,0.975
29,order_alternating_seed29,order_shuffled_seed29,alternating,shuffled,96,0.0,116,13,0.0,1.0,True,False,0.0,1.0
29,order_alternating_seed29,order_shuffled_seed29,alternating,shuffled,100,0.0,117,31,0.0,1.0,True,False,0.0,1.0
29,order_alternating_seed29,order_shuffled_seed29,alternating,shuffled,97,0.0,118,15,0.0,1.0,True,False,0.0,1.0
29,order_alternating_seed29,order_shuffled_seed29,alternating,shuffled,99,0.0,119,117,0.0,0.975,True,False,0.0,0.975
29,order_alternating_seed29,order_shuffled_seed29,alternating,shuffled,98,0.0,120,26,0.0,1.0,True,False,0.0,1.0
41,control_E_gradual_seed41,order_ascending_seed41,descending,ascending,1,0.95,2,119,0.975,1.0,True,False,0.025000000000000022,0.050000000000000044
41,control_E_gradual_seed41,order_ascending_seed41,descending,ascending,2,0.925,3,118,0.95,1.0,True,False,0.02499999999999991,0.07499999999999996
41,control_E_gradual_seed41,order_ascending_seed41,descending,ascending,3,0.9,4,117,0.925,1.0,True,False,0.025000000000000022,0.09999999999999998
41,control_E_gradual_seed41,order_ascending_seed41,descending,ascending,4,0.875,5,116,0.9,1.0,True,False,0.025000000000000022,0.125
41,control_E_gradual_seed41,order_ascending_seed41,descending,ascending,5,0.85,6,115,0.875,1.0,True,False,0.025000000000000022,0.15000000000000002
41,control_E_gradual_seed41,order_ascending_seed41,descending,ascending,6,0.825,7,114,0.85,1.0,True,False,0.025000000000000022,0.17500000000000004
41,control_E_gradual_seed41,order_ascending_seed41,descending,ascending,7,0.8,8,113,0.825,1.0,True,False,0.02499999999999991,0.19999999999999996
41,control_E_gradual_seed41,order_ascending_seed41,descending,ascending,8,0.775,9,112,0.8,1.0,True,False,0.025000000000000022,0.22499999999999998
41,control_E_gradual_seed41,order_ascending_seed41,descending,ascending,9,0.75,10,111,0.775,1.0,True,False,0.025000000000000022,0.25
41,control_E_gradual_seed41,order_ascending_seed41,descending,ascending,10,0.725,11,110,0.75,1.0,True,False,0.025000000000000022,0.275
41,control_E_gradual_seed41,order_ascending_seed41,descending,ascending,11,0.7,12,109,0.725,1.0,True,False,0.025000000000000022,0.30000000000000004
41,control_E_gradual_seed41,order_ascending_seed41,descending,ascending,12,0.675,13,108,0.7,1.0,True,False,0.02499999999999991,0.32499999999999996
41,control_E_gradual_seed41,order_ascending_seed41,descending,ascending,13,0.6499999999999999,14,107,0.675,1.0,True,False,0.025000000000000133,0.3500000000000001
41,control_E_gradual_seed41,order_ascending_seed41,descending,ascending,14,0.625,15,106,0.6499999999999999,1.0,True,False,0.02499999999999991,0.375
41,control_E_gradual_seed41,order_ascending_seed41,descending,ascending,15,0.6,16,105,0.625,1.0,True,False,0.025000000000000022,0.4
41,control_E_gradual_seed41,order_ascending_seed41,descending,ascending,16,0.575,17,104,0.6,1.0,True,False,0.025000000000000022,0.42500000000000004
41,control_E_gradual_seed41,order_ascending_seed41,descending,ascending,17,0.55,18,103,0.575,1.0,True,False,0.02499999999999991,0.44999999999999996
41,control_E_gradual_seed41,order_ascending_seed41,descending,ascending,18,0.5249999999999999,19,102,0.55,1.0,True,False,0.025000000000000133,0.4750000000000001
41,control_E_gradual_seed41,order_ascending_seed41,descending,ascending,19,0.5,20,101,0.5249999999999999,1.0,True,False,0.02499999999999991,0.5
41,control_E_gradual_seed41,order_ascending_seed41,descending,ascending,20,0.475,21,100,0.5,1.0,True,False,0.025000000000000022,0.525
41,control_E_gradual_seed41,order_ascending_seed41,descending,ascending,21,0.44999999999999996,22,99,0.475,1.0,True,False,0.025000000000000022,0.55
41,control_E_gradual_seed41,order_ascending_seed41,descending,ascending,22,0.42499999999999993,23,98,0.44999999999999996,1.0,True,False,0.025000000000000022,0.5750000000000001
41,control_E_gradual_seed41,order_ascending_seed41,descending,ascending,23,0.3999999999999999,24,97,0.42499999999999993,1.0,True,False,0.025000000000000022,0.6000000000000001
41,control_E_gradual_seed41,order_ascending_seed41,descending,ascending,24,0.375,25,96,0.3999999999999999,1.0,True,False,0.02499999999999991,0.625
41,control_E_gradual_seed41,order_ascending_seed41,descending,ascending,25,0.35,26,95,0.375,1.0,True,False,0.025000000000000022,0.65
41,control_E_gradual_seed41,order_ascending_seed41,descending,ascending,26,0.32499999999999996,27,94,0.35,1.0,True,False,0.025000000000000022,0.675
41,control_E_gradual_seed41,order_ascending_seed41,descending,ascending,27,0.29999999999999993,28,93,0.32499999999999996,1.0,True,False,0.025000000000000022,0.7000000000000001
41,control_E_gradual_seed41,order_ascending_seed41,descending,ascending,28,0.2749999999999999,29,92,0.29999999999999993,1.0,True,False,0.025000000000000022,0.7250000000000001
41,control_E_gradual_seed41,order_ascending_seed41,descending,ascending,29,0.25,30,91,0.2749999999999999,1.0,True,False,0.02499999999999991,0.75
41,control_E_gradual_seed41,order_ascending_seed41,descending,ascending,30,0.22499999999999998,31,90,0.25,1.0,True,False,0.025000000000000022,0.775
41,control_E_gradual_seed41,order_ascending_seed41,descending,ascending,31,0.19999999999999996,32,89,0.22499999999999998,1.0,True,False,0.025000000000000022,0.8
41,control_E_gradual_seed41,order_ascending_seed41,descending,ascending,32,0.17499999999999993,33,88,0.19999999999999996,1.0,True,False,0.025000000000000022,0.8250000000000001
41,control_E_gradual_seed41,order_ascending_seed41,descending,ascending,33,0.1499999999999999,34,87,0.17499999999999993,1.0,True,False,0.025000000000000022,0.8500000000000001
41,control_E_gradual_seed41,order_ascending_seed41,descending,ascending,34,0.125,35,86,0.1499999999999999,1.0,True,False,0.02499999999999991,0.875
41,control_E_gradual_seed41,order_ascending_seed41,descending,ascending,35,0.09999999999999998,36,85,0.125,1.0,True,False,0.025000000000000022,0.9
41,control_E_gradual_seed41,order_ascending_seed41,descending,ascending,36,0.07499999999999996,37,84,0.09999999999999998,1.0,True,False,0.025000000000000022,0.925
41,control_E_gradual_seed41,order_ascending_seed41,descending,ascending,37,0.04999999999999993,38,83,0.07499999999999996,1.0,True,False,0.025000000000000022,0.9500000000000001
41,control_E_gradual_seed41,order_ascending_seed41,descending,ascending,38,0.02499999999999991,39,82,0.04999999999999993,1.0,True,False,0.025000000000000022,0.9750000000000001
41,control_E_gradual_seed41,order_ascending_seed41,descending,ascending,39,0.0,40,1,0.02499999999999991,1.0,True,False,0.02499999999999991,1.0
41,control_E_gradual_seed41,order_ascending_seed41,descending,ascending,40,0.0,41,2,0.0,1.0,True,False,0.0,1.0
41,control_E_gradual_seed41,order_ascending_seed41,descending,ascending,41,0.0,42,3,0.0,1.0,True,False,0.0,1.0
41,control_E_gradual_seed41,order_ascending_seed41,descending,ascending,42,0.0,43,4,0.0,1.0,True,False,0.0,1.0
41,control_E_gradual_seed41,order_ascending_seed41,descending,ascending,43,0.0,44,5,0.0,1.0,True,False,0.0,1.0
41,control_E_gradual_seed41,order_ascending_seed41,descending,ascending,44,0.0,45,6,0.0,1.0,True,False,0.0,1.0
41,control_E_gradual_seed41,order_ascending_seed41,descending,ascending,45,0.0,46,7,0.0,1.0,True,False,0.0,1.0
41,control_E_gradual_seed41,order_ascending_seed41,descending,ascending,46,0.0,47,8,0.0,1.0,True,False,0.0,1.0
41,control_E_gradual_seed41,order_ascending_seed41,descending,ascending,47,0.0,48,9,0.0,1.0,True,False,0.0,1.0
41,control_E_gradual_seed41,order_ascending_seed41,descending,ascending,48,0.0,49,10,0.0,1.0,True,False,0.0,1.0
41,control_E_gradual_seed41,order_ascending_seed41,descending,ascending,49,0.0,50,11,0.0,1.0,True,False,0.0,1.0
41,control_E_gradual_seed41,order_ascending_seed41,descending,ascending,50,0.0,51,12,0.0,1.0,True,False,0.0,1.0
41,control_E_gradual_seed41,order_ascending_seed41,descending,ascending,51,0.0,52,13,0.0,1.0,True,False,0.0,1.0
41,control_E_gradual_seed41,order_ascending_seed41,descending,ascending,52,0.0,53,14,0.0,1.0,True,False,0.0,1.0
41,control_E_gradual_seed41,order_ascending_seed41,descending,ascending,53,0.0,54,15,0.0,1.0,True,False,0.0,1.0
41,control_E_gradual_seed41,order_ascending_seed41,descending,ascending,54,0.0,55,16,0.0,1.0,True,False,0.0,1.0
41,control_E_gradual_seed41,order_ascending_seed41,descending,ascending,55,0.0,56,17,0.0,1.0,True,False,0.0,1.0
41,control_E_gradual_seed41,order_ascending_seed41,descending,ascending,56,0.0,57,18,0.0,1.0,True,False,0.0,1.0
41,control_E_gradual_seed41,order_ascending_seed41,descending,ascending,57,0.0,58,19,0.0,1.0,True,False,0.0,1.0
41,control_E_gradual_seed41,order_ascending_seed41,descending,ascending,58,0.0,59,20,0.0,1.0,True,False,0.0,1.0
41,control_E_gradual_seed41,order_ascending_seed41,descending,ascending,59,0.0,60,21,0.0,1.0,True,False,0.0,1.0
41,control_E_gradual_seed41,order_ascending_seed41,descending,ascending,60,0.0,61,22,0.0,1.0,True,False,0.0,1.0
41,control_E_gradual_seed41,order_ascending_seed41,descending,ascending,61,0.0,62,23,0.0,1.0,True,False,0.0,1.0
41,control_E_gradual_seed41,order_ascending_seed41,descending,ascending,62,0.0,63,24,0.0,1.0,True,False,0.0,1.0
41,control_E_gradual_seed41,order_ascending_seed41,descending,ascending,63,0.0,64,25,0.0,1.0,True,False,0.0,1.0
41,control_E_gradual_seed41,order_ascending_seed41,descending,ascending,64,0.0,65,26,0.0,1.0,True,False,0.0,1.0
41,control_E_gradual_seed41,order_ascending_seed41,descending,ascending,65,0.0,66,27,0.0,1.0,True,False,0.0,1.0
41,control_E_gradual_seed41,order_ascending_seed41,descending,ascending,66,0.0,67,28,0.0,1.0,True,False,0.0,1.0
41,control_E_gradual_seed41,order_ascending_seed41,descending,ascending,67,0.0,68,29,0.0,1.0,True,False,0.0,1.0
41,control_E_gradual_seed41,order_ascending_seed41,descending,ascending,68,0.0,69,30,0.0,1.0,True,False,0.0,1.0
41,control_E_gradual_seed41,order_ascending_seed41,descending,ascending,69,0.0,70,31,0.0,1.0,True,False,0.0,1.0
41,control_E_gradual_seed41,order_ascending_seed41,descending,ascending,70,0.0,71,32,0.0,1.0,True,False,0.0,1.0
41,control_E_gradual_seed41,order_ascending_seed41,descending,ascending,71,0.0,72,33,0.0,1.0,True,False,0.0,1.0
41,control_E_gradual_seed41,order_ascending_seed41,descending,ascending,72,0.0,73,34,0.0,1.0,True,False,0.0,1.0
41,control_E_gradual_seed41,order_ascending_seed41,descending,ascending,73,0.0,74,35,0.0,1.0,True,False,0.0,1.0
41,control_E_gradual_seed41,order_ascending_seed41,descending,ascending,74,0.0,75,36,0.0,1.0,True,False,0.0,1.0
41,control_E_gradual_seed41,order_ascending_seed41,descending,ascending,75,0.0,76,37,0.0,1.0,True,False,0.0,1.0
41,control_E_gradual_seed41,order_ascending_seed41,descending,ascending,76,0.0,77,38,0.0,1.0,True,False,0.0,1.0
41,control_E_gradual_seed41,order_ascending_seed41,descending,ascending,77,0.0,78,39,0.0,1.0,True,False,0.0,1.0
41,control_E_gradual_seed41,order_ascending_seed41,descending,ascending,78,0.0,79,40,0.0,1.0,True,False,0.0,1.0
41,control_E_gradual_seed41,order_ascending_seed41,descending,ascending,79,0.0,80,41,0.0,1.0,True,False,0.0,1.0
41,control_E_gradual_seed41,order_ascending_seed41,descending,ascending,80,0.0,81,42,0.0,1.0,True,False,0.0,1.0
41,control_E_gradual_seed41,order_ascending_seed41,descending,ascending,81,0.0,82,43,0.0,1.0,True,False,0.0,1.0
41,control_E_gradual_seed41,order_ascending_seed41,descending,ascending,82,0.0,83,44,0.0,1.0,True,False,0.0,1.0
41,control_E_gradual_seed41,order_ascending_seed41,descending,ascending,83,0.0,84,45,0.0,1.0,True,False,0.0,1.0
41,control_E_gradual_seed41,order_ascending_seed41,descending,ascending,84,0.0,85,46,0.0,1.0,True,False,0.0,1.0
41,control_E_gradual_seed41,order_ascending_seed41,descending,ascending,85,0.0,86,47,0.0,1.0,True,False,0.0,1.0
41,control_E_gradual_seed41,order_ascending_seed41,descending,ascending,86,0.0,87,48,0.0,1.0,True,False,0.0,1.0
41,control_E_gradual_seed41,order_ascending_seed41,descending,ascending,87,0.0,88,49,0.0,1.0,True,False,0.0,1.0
41,control_E_gradual_seed41,order_ascending_seed41,descending,ascending,88,0.0,89,50,0.0,1.0,True,False,0.0,1.0
41,control_E_gradual_seed41,order_ascending_seed41,descending,ascending,89,0.0,90,51,0.0,1.0,True,False,0.0,1.0
41,control_E_gradual_seed41,order_ascending_seed41,descending,ascending,90,0.0,91,52,0.0,1.0,True,False,0.0,1.0
41,control_E_gradual_seed41,order_ascending_seed41,descending,ascending,91,0.0,92,53,0.0,1.0,True,False,0.0,1.0
41,control_E_gradual_seed41,order_ascending_seed41,descending,ascending,92,0.0,93,54,0.0,1.0,True,False,0.0,1.0
41,control_E_gradual_seed41,order_ascending_seed41,descending,ascending,93,0.0,94,55,0.0,1.0,True,False,0.0,1.0
41,control_E_gradual_seed41,order_ascending_seed41,descending,ascending,94,0.0,95,56,0.0,1.0,True,False,0.0,1.0
41,control_E_gradual_seed41,order_ascending_seed41,descending,ascending,95,0.0,96,57,0.0,1.0,True,False,0.0,1.0
41,control_E_gradual_seed41,order_ascending_seed41,descending,ascending,96,0.0,97,58,0.0,1.0,True,False,0.0,1.0
41,control_E_gradual_seed41,order_ascending_seed41,descending,ascending,97,0.0,98,59,0.0,1.0,True,False,0.0,1.0
41,control_E_gradual_seed41,order_ascending_seed41,descending,ascending,98,0.0,99,60,0.0,1.0,True,False,0.0,1.0
41,control_E_gradual_seed41,order_ascending_seed41,descending,ascending,99,0.0,100,61,0.0,1.0,True,False,0.0,1.0
41,control_E_gradual_seed41,order_ascending_seed41,descending,ascending,100,0.0,101,62,0.0,1.0,True,False,0.0,1.0
41,control_E_gradual_seed41,order_ascending_seed41,descending,ascending,101,0.0,102,63,0.0,1.0,True,False,0.0,1.0
41,control_E_gradual_seed41,order_ascending_seed41,descending,ascending,102,0.0,103,64,0.0,1.0,True,False,0.0,1.0
41,control_E_gradual_seed41,order_ascending_seed41,descending,ascending,103,0.0,104,65,0.0,1.0,True,False,0.0,1.0
41,control_E_gradual_seed41,order_ascending_seed41,descending,ascending,104,0.0,105,66,0.0,1.0,True,False,0.0,1.0
41,control_E_gradual_seed41,order_ascending_seed41,descending,ascending,105,0.0,106,67,0.0,1.0,True,False,0.0,1.0
41,control_E_gradual_seed41,order_ascending_seed41,descending,ascending,106,0.0,107,68,0.0,1.0,True,False,0.0,1.0
41,control_E_gradual_seed41,order_ascending_seed41,descending,ascending,107,0.0,108,69,0.0,1.0,True,False,0.0,1.0
41,control_E_gradual_seed41,order_ascending_seed41,descending,ascending,108,0.0,109,70,0.0,1.0,True,False,0.0,1.0
41,control_E_gradual_seed41,order_ascending_seed41,descending,ascending,109,0.0,110,71,0.0,1.0,True,False,0.0,1.0
41,control_E_gradual_seed41,order_ascending_seed41,descending,ascending,110,0.0,111,72,0.0,1.0,True,False,0.0,1.0
41,control_E_gradual_seed41,order_ascending_seed41,descending,ascending,111,0.0,112,73,0.0,1.0,True,False,0.0,1.0
41,control_E_gradual_seed41,order_ascending_seed41,descending,ascending,112,0.0,113,74,0.0,1.0,True,False,0.0,1.0
41,control_E_gradual_seed41,order_ascending_seed41,descending,ascending,113,0.0,114,75,0.0,1.0,True,False,0.0,1.0
41,control_E_gradual_seed41,order_ascending_seed41,descending,ascending,114,0.0,115,76,0.0,1.0,True,False,0.0,1.0
41,control_E_gradual_seed41,order_ascending_seed41,descending,ascending,115,0.0,116,77,0.0,1.0,True,False,0.0,1.0
41,control_E_gradual_seed41,order_ascending_seed41,descending,ascending,116,0.0,117,78,0.0,1.0,True,False,0.0,1.0
41,control_E_gradual_seed41,order_ascending_seed41,descending,ascending,117,0.0,118,79,0.0,1.0,True,False,0.0,1.0
41,control_E_gradual_seed41,order_ascending_seed41,descending,ascending,118,0.0,119,80,0.0,1.0,True,False,0.0,1.0
41,control_E_gradual_seed41,order_ascending_seed41,descending,ascending,119,0.0,120,81,0.0,1.0,True,False,0.0,1.0
41,control_E_gradual_seed41,order_alternating_seed41,descending,alternating,39,0.0,40,2,0.02499999999999991,0.975,True,False,0.02499999999999991,0.975
41,control_E_gradual_seed41,order_alternating_seed41,descending,alternating,40,0.0,41,4,0.0,0.95,True,False,0.0,0.95
41,control_E_gradual_seed41,order_alternating_seed41,descending,alternating,41,0.0,42,6,0.0,0.925,True,False,0.0,0.925
41,control_E_gradual_seed41,order_alternating_seed41,descending,alternating,42,0.0,43,8,0.0,0.9,True,False,0.0,0.9
41,control_E_gradual_seed41,order_alternating_seed41,descending,alternating,43,0.0,44,10,0.0,0.875,True,False,0.0,0.875
41,control_E_gradual_seed41,order_alternating_seed41,descending,alternating,44,0.0,45,12,0.0,0.85,True,False,0.0,0.85
41,control_E_gradual_seed41,order_alternating_seed41,descending,alternating,45,0.0,46,14,0.0,0.825,True,False,0.0,0.825
41,control_E_gradual_seed41,order_alternating_seed41,descending,alternating,46,0.0,47,16,0.0,0.8,True,False,0.0,0.8
41,control_E_gradual_seed41,order_alternating_seed41,descending,alternating,47,0.0,48,18,0.0,0.775,True,False,0.0,0.775
41,control_E_gradual_seed41,order_alternating_seed41,descending,alternating,48,0.0,49,20,0.0,0.75,True,False,0.0,0.75
41,control_E_gradual_seed41,order_alternating_seed41,descending,alternating,49,0.0,50,22,0.0,0.725,True,False,0.0,0.725
41,control_E_gradual_seed41,order_alternating_seed41,descending,alternating,50,0.0,51,24,0.0,0.7,True,False,0.0,0.7
41,control_E_gradual_seed41,order_alternating_seed41,descending,alternating,51,0.0,52,26,0.0,0.675,True,False,0.0,0.675
41,control_E_gradual_seed41,order_alternating_seed41,descending,alternating,52,0.0,53,28,0.0,0.6499999999999999,True,False,0.0,0.6499999999999999
41,control_E_gradual_seed41,order_alternating_seed41,descending,alternating,53,0.0,54,30,0.0,0.625,True,False,0.0,0.625
41,control_E_gradual_seed41,order_alternating_seed41,descending,alternating,54,0.0,55,32,0.0,0.6,True,False,0.0,0.6
41,control_E_gradual_seed41,order_alternating_seed41,descending,alternating,55,0.0,56,34,0.0,0.575,True,False,0.0,0.575
41,control_E_gradual_seed41,order_alternating_seed41,descending,alternating,56,0.0,57,36,0.0,0.55,True,False,0.0,0.55
41,control_E_gradual_seed41,order_alternating_seed41,descending,alternating,57,0.0,58,38,0.0,0.5249999999999999,True,False,0.0,0.5249999999999999
41,control_E_gradual_seed41,order_alternating_seed41,descending,alternating,58,0.0,59,40,0.0,0.5,True,False,0.0,0.5
41,control_E_gradual_seed41,order_alternating_seed41,descending,alternating,59,0.0,60,42,0.0,0.475,True,False,0.0,0.475
41,control_E_gradual_seed41,order_alternating_seed41,descending,alternating,60,0.0,61,44,0.0,0.44999999999999996,True,False,0.0,0.44999999999999996
41,control_E_gradual_seed41,order_alternating_seed41,descending,alternating,61,0.0,62,46,0.0,0.42499999999999993,True,False,0.0,0.42499999999999993
41,control_E_gradual_seed41,order_alternating_seed41,descending,alternating,62,0.0,63,48,0.0,0.3999999999999999,True,False,0.0,0.3999999999999999
41,control_E_gradual_seed41,order_alternating_seed41,descending,alternating,63,0.0,64,50,0.0,0.375,True,False,0.0,0.375
41,control_E_gradual_seed41,order_alternating_seed41,descending,alternating,64,0.0,65,52,0.0,0.35,True,False,0.0,0.35
41,control_E_gradual_seed41,order_alternating_seed41,descending,alternating,65,0.0,66,54,0.0,0.32499999999999996,True,False,0.0,0.32499999999999996
41,control_E_gradual_seed41,order_alternating_seed41,descending,alternating,66,0.0,67,56,0.0,0.29999999999999993,True,False,0.0,0.29999999999999993
41,control_E_gradual_seed41,order_alternating_seed41,descending,alternating,67,0.0,68,58,0.0,0.2749999999999999,True,False,0.0,0.2749999999999999
41,control_E_gradual_seed41,order_alternating_seed41,descending,alternating,68,0.0,69,60,0.0,0.25,True,False,0.0,0.25
41,control_E_gradual_seed41,order_alternating_seed41,descending,alternating,69,0.0,70,62,0.0,0.22499999999999998,True,False,0.0,0.22499999999999998
41,control_E_gradual_seed41,order_alternating_seed41,descending,alternating,70,0.0,71,64,0.0,0.19999999999999996,True,False,0.0,0.19999999999999996
41,control_E_gradual_seed41,order_alternating_seed41,descending,alternating,71,0.0,72,66,0.0,0.17499999999999993,True,False,0.0,0.17499999999999993
41,control_E_gradual_seed41,order_alternating_seed41,descending,alternating,72,0.0,73,68,0.0,0.1499999999999999,True,False,0.0,0.1499999999999999
41,control_E_gradual_seed41,order_alternating_seed41,descending,alternating,73,0.0,74,70,0.0,0.125,True,False,0.0,0.125
41,control_E_gradual_seed41,order_alternating_seed41,descending,alternating,74,0.0,75,72,0.0,0.09999999999999998,True,False,0.0,0.09999999999999998
41,control_E_gradual_seed41,order_alternating_seed41,descending,alternating,75,0.0,76,74,0.0,0.07499999999999996,True,False,0.0,0.07499999999999996
41,control_E_gradual_seed41,order_shuffled_seed41,descending,shuffled,1,0.95,2,85,0.975,1.0,True,False,0.025000000000000022,0.050000000000000044
41,control_E_gradual_seed41,order_shuffled_seed41,descending,shuffled,2,0.925,3,66,0.95,1.0,True,False,0.02499999999999991,0.07499999999999996
41,control_E_gradual_seed41,order_shuffled_seed41,descending,shuffled,3,0.9,4,90,0.925,1.0,True,False,0.025000000000000022,0.09999999999999998
41,control_E_gradual_seed41,order_shuffled_seed41,descending,shuffled,4,0.875,5,115,0.9,0.975,True,False,0.025000000000000022,0.09999999999999998
41,control_E_gradual_seed41,order_shuffled_seed41,descending,shuffled,5,0.85,6,51,0.875,1.0,True,False,0.025000000000000022,0.15000000000000002
41,control_E_gradual_seed41,order_shuffled_seed41,descending,shuffled,6,0.825,7,21,0.85,1.0,True,False,0.025000000000000022,0.17500000000000004
41,control_E_gradual_seed41,order_shuffled_seed41,descending,shuffled,7,0.8,8,54,0.825,1.0,True,False,0.02499999999999991,0.19999999999999996
41,control_E_gradual_seed41,order_shuffled_seed41,descending,shuffled,8,0.775,9,39,0.8,1.0,True,False,0.025000000000000022,0.22499999999999998
41,control_E_gradual_seed41,order_shuffled_seed41,descending,shuffled,9,0.75,10,20,0.775,1.0,True,False,0.025000000000000022,0.25
41,control_E_gradual_seed41,order_shuffled_seed41,descending,shuffled,10,0.725,11,35,0.75,1.0,True,False,0.025000000000000022,0.275
41,control_E_gradual_seed41,order_shuffled_seed41,descending,shuffled,11,0.7,12,55,0.725,1.0,True,False,0.025000000000000022,0.30000000000000004
41,control_E_gradual_seed41,order_shuffled_seed41,descending,shuffled,12,0.675,13,36,0.7,1.0,True,False,0.02499999999999991,0.32499999999999996
41,control_E_gradual_seed41,order_shuffled_seed41,descending,shuffled,13,0.6499999999999999,14,50,0.675,1.0,True,False,0.025000000000000133,0.3500000000000001
41,control_E_gradual_seed41,order_shuffled_seed41,descending,shuffled,14,0.625,15,1,0.6499999999999999,1.0,True,False,0.02499999999999991,0.375
41,control_E_gradual_seed41,order_shuffled_seed41,descending,shuffled,15,0.6,16,4,0.625,1.0,True,False,0.025000000000000022,0.4
41,control_E_gradual_seed41,order_shuffled_seed41,descending,shuffled,16,0.575,17,106,0.6,1.0,True,False,0.025000000000000022,0.42500000000000004
41,control_E_gradual_seed41,order_shuffled_seed41,descending,shuffled,17,0.55,18,61,0.575,1.0,True,False,0.02499999999999991,0.44999999999999996
41,control_E_gradual_seed41,order_shuffled_seed41,descending,shuffled,18,0.5249999999999999,19,105,0.55,1.0,True,False,0.025000000000000133,0.4750000000000001
41,control_E_gradual_seed41,order_shuffled_seed41,descending,shuffled,19,0.5,20,12,0.5249999999999999,1.0,True,False,0.02499999999999991,0.5
41,control_E_gradual_seed41,order_shuffled_seed41,descending,shuffled,20,0.475,21,92,0.5,1.0,True,False,0.025000000000000022,0.525
41,control_E_gradual_seed41,order_shuffled_seed41,descending,shuffled,21,0.44999999999999996,22,19,0.475,1.0,True,False,0.025000000000000022,0.55
41,control_E_gradual_seed41,order_shuffled_seed41,descending,shuffled,22,0.42499999999999993,23,37,0.44999999999999996,1.0,True,False,0.025000000000000022,0.5750000000000001
41,control_E_gradual_seed41,order_shuffled_seed41,descending,shuffled,23,0.3999999999999999,24,72,0.42499999999999993,1.0,True,False,0.025000000000000022,0.6000000000000001
41,control_E_gradual_seed41,order_shuffled_seed41,descending,shuffled,24,0.375,25,94,0.3999999999999999,1.0,True,False,0.02499999999999991,0.625
41,control_E_gradual_seed41,order_shuffled_seed41,descending,shuffled,25,0.35,26,31,0.375,1.0,True,False,0.025000000000000022,0.65
41,control_E_gradual_seed41,order_shuffled_seed41,descending,shuffled,26,0.32499999999999996,27,64,0.35,1.0,True,False,0.025000000000000022,0.675
41,control_E_gradual_seed41,order_shuffled_seed41,descending,shuffled,27,0.29999999999999993,28,38,0.32499999999999996,1.0,True,False,0.025000000000000022,0.7000000000000001
41,control_E_gradual_seed41,order_shuffled_seed41,descending,shuffled,28,0.2749999999999999,29,79,0.29999999999999993,1.0,True,False,0.025000000000000022,0.7250000000000001
41,control_E_gradual_seed41,order_shuffled_seed41,descending,shuffled,29,0.25,30,65,0.2749999999999999,1.0,True,False,0.02499999999999991,0.75
41,control_E_gradual_seed41,order_shuffled_seed41,descending,shuffled,30,0.22499999999999998,31,86,0.25,1.0,True,False,0.025000000000000022,0.775
41,control_E_gradual_seed41,order_shuffled_seed41,descending,shuffled,31,0.19999999999999996,32,118,0.22499999999999998,0.975,True,False,0.025000000000000022,0.775
41,control_E_gradual_seed41,order_shuffled_seed41,descending,shuffled,32,0.17499999999999993,33,63,0.19999999999999996,1.0,True,False,0.025000000000000022,0.8250000000000001
41,control_E_gradual_seed41,order_shuffled_seed41,descending,shuffled,33,0.1499999999999999,34,40,0.17499999999999993,1.0,True,False,0.025000000000000022,0.8500000000000001
41,control_E_gradual_seed41,order_shuffled_seed41,descending,shuffled,34,0.125,35,78,0.1499999999999999,1.0,True,False,0.02499999999999991,0.875
41,control_E_gradual_seed41,order_shuffled_seed41,descending,shuffled,35,0.09999999999999998,36,102,0.125,1.0,True,False,0.025000000000000022,0.9
41,control_E_gradual_seed41,order_shuffled_seed41,descending,shuffled,36,0.07499999999999996,37,104,0.09999999999999998,1.0,True,False,0.025000000000000022,0.925
41,control_E_gradual_seed41,order_shuffled_seed41,descending,shuffled,37,0.04999999999999993,38,42,0.07499999999999996,1.0,True,False,0.025000000000000022,0.9500000000000001
41,control_E_gradual_seed41,order_shuffled_seed41,descending,shuffled,38,0.02499999999999991,39,46,0.04999999999999993,1.0,True,False,0.025000000000000022,0.9750000000000001
41,control_E_gradual_seed41,order_shuffled_seed41,descending,shuffled,39,0.0,40,25,0.02499999999999991,1.0,True,False,0.02499999999999991,1.0
41,control_E_gradual_seed41,order_shuffled_seed41,descending,shuffled,40,0.0,41,22,0.0,1.0,True,False,0.0,1.0
41,control_E_gradual_seed41,order_shuffled_seed41,descending,shuffled,41,0.0,42,57,0.0,1.0,True,False,0.0,1.0
41,control_E_gradual_seed41,order_shuffled_seed41,descending,shuffled,42,0.0,43,16,0.0,1.0,True,False,0.0,1.0
41,control_E_gradual_seed41,order_shuffled_seed41,descending,shuffled,43,0.0,44,14,0.0,1.0,True,False,0.0,1.0
41,control_E_gradual_seed41,order_shuffled_seed41,descending,shuffled,44,0.0,45,13,0.0,1.0,True,False,0.0,1.0
41,control_E_gradual_seed41,order_shuffled_seed41,descending,shuffled,45,0.0,46,32,0.0,1.0,True,False,0.0,1.0
41,control_E_gradual_seed41,order_shuffled_seed41,descending,shuffled,46,0.0,47,114,0.0,0.975,True,False,0.0,0.975
41,control_E_gradual_seed41,order_shuffled_seed41,descending,shuffled,47,0.0,48,34,0.0,1.0,True,False,0.0,1.0
41,control_E_gradual_seed41,order_shuffled_seed41,descending,shuffled,48,0.0,49,59,0.0,1.0,True,False,0.0,1.0
41,control_E_gradual_seed41,order_shuffled_seed41,descending,shuffled,49,0.0,50,75,0.0,1.0,True,False,0.0,1.0
41,control_E_gradual_seed41,order_shuffled_seed41,descending,shuffled,50,0.0,51,100,0.0,1.0,True,False,0.0,1.0
41,control_E_gradual_seed41,order_shuffled_seed41,descending,shuffled,51,0.0,52,99,0.0,1.0,True,False,0.0,1.0
41,control_E_gradual_seed41,order_shuffled_seed41,descending,shuffled,52,0.0,53,24,0.0,1.0,True,False,0.0,1.0
41,control_E_gradual_seed41,order_shuffled_seed41,descending,shuffled,53,0.0,54,110,0.0,1.0,True,False,0.0,1.0
41,control_E_gradual_seed41,order_shuffled_seed41,descending,shuffled,54,0.0,55,88,0.0,1.0,True,False,0.0,1.0
41,control_E_gradual_seed41,order_shuffled_seed41,descending,shuffled,55,0.0,56,28,0.0,1.0,True,False,0.0,1.0
41,control_E_gradual_seed41,order_shuffled_seed41,descending,shuffled,56,0.0,57,29,0.0,1.0,True,False,0.0,1.0
41,control_E_gradual_seed41,order_shuffled_seed41,descending,shuffled,57,0.0,58,30,0.0,1.0,True,False,0.0,1.0
41,control_E_gradual_seed41,order_shuffled_seed41,descending,shuffled,58,0.0,59,27,0.0,1.0,True,False,0.0,1.0
41,control_E_gradual_seed41,order_shuffled_seed41,descending,shuffled,59,0.0,60,26,0.0,1.0,True,False,0.0,1.0
41,control_E_gradual_seed41,order_shuffled_seed41,descending,shuffled,60,0.0,61,6,0.0,1.0,True,False,0.0,1.0
41,control_E_gradual_seed41,order_shuffled_seed41,descending,shuffled,61,0.0,62,3,0.0,1.0,True,False,0.0,1.0
41,control_E_gradual_seed41,order_shuffled_seed41,descending,shuffled,62,0.0,63,76,0.0,1.0,True,False,0.0,1.0
41,control_E_gradual_seed41,order_shuffled_seed41,descending,shuffled,63,0.0,64,83,0.0,1.0,True,False,0.0,1.0
41,control_E_gradual_seed41,order_shuffled_seed41,descending,shuffled,64,0.0,65,81,0.0,1.0,True,False,0.0,1.0
41,control_E_gradual_seed41,order_shuffled_seed41,descending,shuffled,65,0.0,66,70,0.0,1.0,True,False,0.0,1.0
41,control_E_gradual_seed41,order_shuffled_seed41,descending,shuffled,66,0.0,67,17,0.0,1.0,True,False,0.0,1.0
41,control_E_gradual_seed41,order_shuffled_seed41,descending,shuffled,67,0.0,68,111,0.0,1.0,True,False,0.0,1.0
41,control_E_gradual_seed41,order_shuffled_seed41,descending,shuffled,68,0.0,69,97,0.0,1.0,True,False,0.0,1.0
41,control_E_gradual_seed41,order_shuffled_seed41,descending,shuffled,69,0.0,70,43,0.0,1.0,True,False,0.0,1.0
41,control_E_gradual_seed41,order_shuffled_seed41,descending,shuffled,70,0.0,71,60,0.0,1.0,True,False,0.0,1.0
41,control_E_gradual_seed41,order_shuffled_seed41,descending,shuffled,71,0.0,72,84,0.0,1.0,True,False,0.0,1.0
41,control_E_gradual_seed41,order_shuffled_seed41,descending,shuffled,72,0.0,73,68,0.0,1.0,True,False,0.0,1.0
41,control_E_gradual_seed41,order_shuffled_seed41,descending,shuffled,73,0.0,74,117,0.0,0.975,True,False,0.0,0.975
41,control_E_gradual_seed41,order_shuffled_seed41,descending,shuffled,74,0.0,75,62,0.0,1.0,True,False,0.0,1.0
41,control_E_gradual_seed41,order_shuffled_seed41,descending,shuffled,75,0.0,76,7,0.0,1.0,True,False,0.0,1.0
41,control_E_gradual_seed41,order_shuffled_seed41,descending,shuffled,76,0.0,77,5,0.0,1.0,True,False,0.0,1.0
41,control_E_gradual_seed41,order_shuffled_seed41,descending,shuffled,77,0.0,78,93,0.0,1.0,True,False,0.0,1.0
41,control_E_gradual_seed41,order_shuffled_seed41,descending,shuffled,78,0.0,79,33,0.0,1.0,True,False,0.0,1.0
41,control_E_gradual_seed41,order_shuffled_seed41,descending,shuffled,79,0.0,80,77,0.0,1.0,True,False,0.0,1.0
41,control_E_gradual_seed41,order_shuffled_seed41,descending,shuffled,80,0.0,81,23,0.0,1.0,True,False,0.0,1.0
41,control_E_gradual_seed41,order_shuffled_seed41,descending,shuffled,81,0.0,82,108,0.0,1.0,True,False,0.0,1.0
41,control_E_gradual_seed41,order_shuffled_seed41,descending,shuffled,82,0.0,83,53,0.0,1.0,True,False,0.0,1.0
41,control_E_gradual_seed41,order_shuffled_seed41,descending,shuffled,83,0.0,84,45,0.0,1.0,True,False,0.0,1.0
41,control_E_gradual_seed41,order_shuffled_seed41,descending,shuffled,84,0.0,85,74,0.0,1.0,True,False,0.0,1.0
41,control_E_gradual_seed41,order_shuffled_seed41,descending,shuffled,85,0.0,86,56,0.0,1.0,True,False,0.0,1.0
41,control_E_gradual_seed41,order_shuffled_seed41,descending,shuffled,86,0.0,87,103,0.0,1.0,True,False,0.0,1.0
41,control_E_gradual_seed41,order_shuffled_seed41,descending,shuffled,87,0.0,88,47,0.0,1.0,True,False,0.0,1.0
41,control_E_gradual_seed41,order_shuffled_seed41,descending,shuffled,88,0.0,89,10,0.0,1.0,True,False,0.0,1.0
41,control_E_gradual_seed41,order_shuffled_seed41,descending,shuffled,89,0.0,90,101,0.0,1.0,True,False,0.0,1.0
41,control_E_gradual_seed41,order_shuffled_seed41,descending,shuffled,90,0.0,91,71,0.0,1.0,True,False,0.0,1.0
41,control_E_gradual_seed41,order_shuffled_seed41,descending,shuffled,91,0.0,92,58,0.0,1.0,True,False,0.0,1.0
41,control_E_gradual_seed41,order_shuffled_seed41,descending,shuffled,92,0.0,93,91,0.0,1.0,True,False,0.0,1.0
41,control_E_gradual_seed41,order_shuffled_seed41,descending,shuffled,93,0.0,94,95,0.0,1.0,True,False,0.0,1.0
41,control_E_gradual_seed41,order_shuffled_seed41,descending,shuffled,94,0.0,95,49,0.0,1.0,True,False,0.0,1.0
41,control_E_gradual_seed41,order_shuffled_seed41,descending,shuffled,95,0.0,96,18,0.0,1.0,True,False,0.0,1.0
41,control_E_gradual_seed41,order_shuffled_seed41,descending,shuffled,96,0.0,97,2,0.0,1.0,True,False,0.0,1.0
41,control_E_gradual_seed41,order_shuffled_seed41,descending,shuffled,97,0.0,98,15,0.0,1.0,True,False,0.0,1.0
41,control_E_gradual_seed41,order_shuffled_seed41,descending,shuffled,98,0.0,99,9,0.0,1.0,True,False,0.0,1.0
41,control_E_gradual_seed41,order_shuffled_seed41,descending,shuffled,99,0.0,100,120,0.0,0.975,True,False,0.0,0.975
41,control_E_gradual_seed41,order_shuffled_seed41,descending,shuffled,100,0.0,101,67,0.0,1.0,True,False,0.0,1.0
41,control_E_gradual_seed41,order_shuffled_seed41,descending,shuffled,101,0.0,102,89,0.0,1.0,True,False,0.0,1.0
41,control_E_gradual_seed41,order_shuffled_seed41,descending,shuffled,102,0.0,103,109,0.0,1.0,True,False,0.0,1.0
41,control_E_gradual_seed41,order_shuffled_seed41,descending,shuffled,103,0.0,104,11,0.0,1.0,True,False,0.0,1.0
41,control_E_gradual_seed41,order_shuffled_seed41,descending,shuffled,104,0.0,105,8,0.0,1.0,True,False,0.0,1.0
41,control_E_gradual_seed41,order_shuffled_seed41,descending,shuffled,105,0.0,106,112,0.0,1.0,True,False,0.0,1.0
41,control_E_gradual_seed41,order_shuffled_seed41,descending,shuffled,106,0.0,107,119,0.0,0.975,True,False,0.0,0.975
41,control_E_gradual_seed41,order_shuffled_seed41,descending,shuffled,107,0.0,108,41,0.0,1.0,True,False,0.0,1.0
41,control_E_gradual_seed41,order_shuffled_seed41,descending,shuffled,108,0.0,109,82,0.0,1.0,True,False,0.0,1.0
41,control_E_gradual_seed41,order_shuffled_seed41,descending,shuffled,109,0.0,110,69,0.0,1.0,True,False,0.0,1.0
41,control_E_gradual_seed41,order_shuffled_seed41,descending,shuffled,110,0.0,111,116,0.0,0.975,True,False,0.0,0.975
41,control_E_gradual_seed41,order_shuffled_seed41,descending,shuffled,111,0.0,112,87,0.0,1.0,True,False,0.0,1.0
41,control_E_gradual_seed41,order_shuffled_seed41,descending,shuffled,112,0.0,113,98,0.0,1.0,True,False,0.0,1.0
41,control_E_gradual_seed41,order_shuffled_seed41,descending,shuffled,113,0.0,114,52,0.0,1.0,True,False,0.0,1.0
41,control_E_gradual_seed41,order_shuffled_seed41,descending,shuffled,114,0.0,115,44,0.0,1.0,True,False,0.0,1.0
41,control_E_gradual_seed41,order_shuffled_seed41,descending,shuffled,115,0.0,116,107,0.0,1.0,True,False,0.0,1.0
41,control_E_gradual_seed41,order_shuffled_seed41,descending,shuffled,116,0.0,117,96,0.0,1.0,True,False,0.0,1.0
41,control_E_gradual_seed41,order_shuffled_seed41,descending,shuffled,117,0.0,118,48,0.0,1.0,True,False,0.0,1.0
41,control_E_gradual_seed41,order_shuffled_seed41,descending,shuffled,118,0.0,119,73,0.0,1.0,True,False,0.0,1.0
41,control_E_gradual_seed41,order_shuffled_seed41,descending,shuffled,119,0.0,120,80,0.0,1.0,True,False,0.0,1.0
41,order_ascending_seed41,order_alternating_seed41,ascending,alternating,76,0.0,38,76,1.0,0.04999999999999993,False,True,1.0,0.04999999999999993
41,order_ascending_seed41,order_alternating_seed41,ascending,alternating,77,0.0,39,78,1.0,0.02499999999999991,False,True,1.0,0.02499999999999991
41,order_ascending_seed41,order_alternating_seed41,ascending,alternating,78,0.0,40,80,1.0,0.0,False,True,1.0,0.0
41,order_ascending_seed41,order_alternating_seed41,ascending,alternating,79,0.0,41,82,1.0,0.0,False,True,1.0,0.0
41,order_ascending_seed41,order_alternating_seed41,ascending,alternating,80,0.0,42,84,1.0,0.0,False,True,1.0,0.0
41,order_ascending_seed41,order_alternating_seed41,ascending,alternating,81,0.0,43,86,1.0,0.0,False,True,1.0,0.0
41,order_ascending_seed41,order_alternating_seed41,ascending,alternating,82,0.0,44,88,1.0,0.0,False,True,1.0,0.0
41,order_ascending_seed41,order_alternating_seed41,ascending,alternating,83,0.0,45,90,1.0,0.0,False,True,1.0,0.0
41,order_ascending_seed41,order_alternating_seed41,ascending,alternating,84,0.0,46,92,1.0,0.0,False,True,1.0,0.0
41,order_ascending_seed41,order_alternating_seed41,ascending,alternating,85,0.0,47,94,1.0,0.0,False,True,1.0,0.0
41,order_ascending_seed41,order_alternating_seed41,ascending,alternating,86,0.0,48,96,1.0,0.0,False,True,1.0,0.0
41,order_ascending_seed41,order_alternating_seed41,ascending,alternating,87,0.0,49,98,1.0,0.0,False,True,1.0,0.0
41,order_ascending_seed41,order_alternating_seed41,ascending,alternating,88,0.0,50,100,1.0,0.0,False,True,1.0,0.0
41,order_ascending_seed41,order_alternating_seed41,ascending,alternating,89,0.0,51,102,1.0,0.0,False,True,1.0,0.0
41,order_ascending_seed41,order_alternating_seed41,ascending,alternating,90,0.0,52,104,1.0,0.0,False,True,1.0,0.0
41,order_ascending_seed41,order_alternating_seed41,ascending,alternating,91,0.0,53,106,1.0,0.0,False,True,1.0,0.0
41,order_ascending_seed41,order_alternating_seed41,ascending,alternating,92,0.0,54,108,1.0,0.0,False,True,1.0,0.0
41,order_ascending_seed41,order_alternating_seed41,ascending,alternating,93,0.0,55,110,1.0,0.0,False,True,1.0,0.0
41,order_ascending_seed41,order_alternating_seed41,ascending,alternating,94,0.0,56,112,1.0,0.0,False,True,1.0,0.0
41,order_ascending_seed41,order_alternating_seed41,ascending,alternating,95,0.0,57,114,1.0,0.0,False,True,1.0,0.0
41,order_ascending_seed41,order_alternating_seed41,ascending,alternating,96,0.0,58,116,1.0,0.0,False,True,1.0,0.0
41,order_ascending_seed41,order_alternating_seed41,ascending,alternating,97,0.0,59,118,1.0,0.0,False,True,1.0,0.0
41,order_ascending_seed41,order_alternating_seed41,ascending,alternating,98,0.0,60,120,1.0,0.0,False,True,1.0,0.0
41,order_ascending_seed41,order_alternating_seed41,ascending,alternating,99,0.0,61,119,1.0,0.0,False,True,1.0,0.0
41,order_ascending_seed41,order_alternating_seed41,ascending,alternating,100,0.0,62,117,1.0,0.0,False,True,1.0,0.0
41,order_ascending_seed41,order_alternating_seed41,ascending,alternating,101,0.0,63,115,1.0,0.0,False,True,1.0,0.0
41,order_ascending_seed41,order_alternating_seed41,ascending,alternating,102,0.0,64,113,1.0,0.0,False,True,1.0,0.0
41,order_ascending_seed41,order_alternating_seed41,ascending,alternating,103,0.0,65,111,1.0,0.0,False,True,1.0,0.0
41,order_ascending_seed41,order_alternating_seed41,ascending,alternating,104,0.0,66,109,1.0,0.0,False,True,1.0,0.0
41,order_ascending_seed41,order_alternating_seed41,ascending,alternating,105,0.0,67,107,1.0,0.0,False,True,1.0,0.0
41,order_ascending_seed41,order_alternating_seed41,ascending,alternating,106,0.0,68,105,1.0,0.0,False,True,1.0,0.0
41,order_ascending_seed41,order_alternating_seed41,ascending,alternating,107,0.0,69,103,1.0,0.0,False,True,1.0,0.0
41,order_ascending_seed41,order_alternating_seed41,ascending,alternating,108,0.0,70,101,1.0,0.0,False,True,1.0,0.0
41,order_ascending_seed41,order_alternating_seed41,ascending,alternating,109,0.0,71,99,1.0,0.0,False,True,1.0,0.0
41,order_ascending_seed41,order_alternating_seed41,ascending,alternating,110,0.0,72,97,1.0,0.0,False,True,1.0,0.0
41,order_ascending_seed41,order_alternating_seed41,ascending,alternating,111,0.0,73,95,1.0,0.0,False,True,1.0,0.0
41,order_ascending_seed41,order_alternating_seed41,ascending,alternating,112,0.0,74,93,1.0,0.0,False,True,1.0,0.0
41,order_ascending_seed41,order_alternating_seed41,ascending,alternating,113,0.0,75,91,1.0,0.0,False,True,1.0,0.0
41,order_ascending_seed41,order_alternating_seed41,ascending,alternating,114,0.0,76,89,1.0,0.0,False,True,1.0,0.0
41,order_ascending_seed41,order_alternating_seed41,ascending,alternating,115,0.0,77,87,1.0,0.0,False,True,1.0,0.0
41,order_ascending_seed41,order_alternating_seed41,ascending,alternating,116,0.0,78,85,1.0,0.0,False,True,1.0,0.0
41,order_ascending_seed41,order_alternating_seed41,ascending,alternating,117,0.0,79,83,1.0,0.0,False,True,1.0,0.0
41,order_ascending_seed41,order_alternating_seed41,ascending,alternating,118,0.0,80,81,1.0,0.0,False,True,1.0,0.0
41,order_ascending_seed41,order_alternating_seed41,ascending,alternating,119,0.0,81,79,1.0,0.0,False,True,1.0,0.0
41,order_ascending_seed41,order_alternating_seed41,ascending,alternating,38,0.02499999999999991,82,77,1.0,0.0,False,True,0.9750000000000001,0.02499999999999991
41,order_ascending_seed41,order_alternating_seed41,ascending,alternating,37,0.04999999999999993,83,75,1.0,0.07499999999999996,False,True,0.9500000000000001,0.025000000000000022
41,order_ascending_seed41,order_alternating_seed41,ascending,alternating,36,0.07499999999999996,84,73,1.0,0.09999999999999998,False,True,0.925,0.025000000000000022
41,order_ascending_seed41,order_alternating_seed41,ascending,alternating,35,0.09999999999999998,85,71,1.0,0.125,False,True,0.9,0.025000000000000022
41,order_ascending_seed41,order_alternating_seed41,ascending,alternating,34,0.125,86,69,1.0,0.1499999999999999,False,True,0.875,0.02499999999999991
41,order_ascending_seed41,order_alternating_seed41,ascending,alternating,33,0.1499999999999999,87,67,1.0,0.17499999999999993,False,True,0.8500000000000001,0.025000000000000022
41,order_ascending_seed41,order_alternating_seed41,ascending,alternating,32,0.17499999999999993,88,65,1.0,0.19999999999999996,False,True,0.8250000000000001,0.025000000000000022
41,order_ascending_seed41,order_alternating_seed41,ascending,alternating,31,0.19999999999999996,89,63,1.0,0.22499999999999998,False,True,0.8,0.025000000000000022
41,order_ascending_seed41,order_alternating_seed41,ascending,alternating,30,0.22499999999999998,90,61,1.0,0.25,False,True,0.775,0.025000000000000022
41,order_ascending_seed41,order_alternating_seed41,ascending,alternating,29,0.25,91,59,1.0,0.2749999999999999,False,True,0.75,0.02499999999999991
41,order_ascending_seed41,order_alternating_seed41,ascending,alternating,28,0.2749999999999999,92,57,1.0,0.29999999999999993,False,True,0.7250000000000001,0.025000000000000022
41,order_ascending_seed41,order_alternating_seed41,ascending,alternating,27,0.29999999999999993,93,55,1.0,0.32499999999999996,False,True,0.7000000000000001,0.025000000000000022
41,order_ascending_seed41,order_alternating_seed41,ascending,alternating,26,0.32499999999999996,94,53,1.0,0.35,False,True,0.675,0.025000000000000022
41,order_ascending_seed41,order_alternating_seed41,ascending,alternating,25,0.35,95,51,1.0,0.375,False,True,0.65,0.025000000000000022
41,order_ascending_seed41,order_alternating_seed41,ascending,alternating,24,0.375,96,49,1.0,0.3999999999999999,False,True,0.625,0.02499999999999991
41,order_ascending_seed41,order_alternating_seed41,ascending,alternating,23,0.3999999999999999,97,47,1.0,0.42499999999999993,False,True,0.6000000000000001,0.025000000000000022
41,order_ascending_seed41,order_alternating_seed41,ascending,alternating,22,0.42499999999999993,98,45,1.0,0.44999999999999996,False,True,0.5750000000000001,0.025000000000000022
41,order_ascending_seed41,order_alternating_seed41,ascending,alternating,21,0.44999999999999996,99,43,1.0,0.475,False,True,0.55,0.025000000000000022
41,order_ascending_seed41,order_alternating_seed41,ascending,alternating,20,0.475,100,41,1.0,0.5,False,True,0.525,0.025000000000000022
41,order_ascending_seed41,order_alternating_seed41,ascending,alternating,19,0.5,101,39,1.0,0.5249999999999999,False,True,0.5,0.02499999999999991
41,order_ascending_seed41,order_alternating_seed41,ascending,alternating,18,0.5249999999999999,102,37,1.0,0.55,False,True,0.4750000000000001,0.025000000000000133
41,order_ascending_seed41,order_alternating_seed41,ascending,alternating,17,0.55,103,35,1.0,0.575,False,True,0.44999999999999996,0.02499999999999991
41,order_ascending_seed41,order_alternating_seed41,ascending,alternating,16,0.575,104,33,1.0,0.6,False,True,0.42500000000000004,0.025000000000000022
41,order_ascending_seed41,order_alternating_seed41,ascending,alternating,15,0.6,105,31,1.0,0.625,False,True,0.4,0.025000000000000022
41,order_ascending_seed41,order_alternating_seed41,ascending,alternating,14,0.625,106,29,1.0,0.6499999999999999,False,True,0.375,0.02499999999999991
41,order_ascending_seed41,order_alternating_seed41,ascending,alternating,13,0.6499999999999999,107,27,1.0,0.675,False,True,0.3500000000000001,0.025000000000000133
41,order_ascending_seed41,order_alternating_seed41,ascending,alternating,12,0.675,108,25,1.0,0.7,False,True,0.32499999999999996,0.02499999999999991
41,order_ascending_seed41,order_alternating_seed41,ascending,alternating,11,0.7,109,23,1.0,0.725,False,True,0.30000000000000004,0.025000000000000022
41,order_ascending_seed41,order_alternating_seed41,ascending,alternating,10,0.725,110,21,1.0,0.75,False,True,0.275,0.025000000000000022
41,order_ascending_seed41,order_alternating_seed41,ascending,alternating,9,0.75,111,19,1.0,0.775,False,True,0.25,0.025000000000000022
41,order_ascending_seed41,order_alternating_seed41,ascending,alternating,8,0.775,112,17,1.0,0.8,False,True,0.22499999999999998,0.025000000000000022
41,order_ascending_seed41,order_alternating_seed41,ascending,alternating,7,0.8,113,15,1.0,0.825,False,True,0.19999999999999996,0.02499999999999991
41,order_ascending_seed41,order_alternating_seed41,ascending,alternating,6,0.825,114,13,1.0,0.85,False,True,0.17500000000000004,0.025000000000000022
41,order_ascending_seed41,order_alternating_seed41,ascending,alternating,5,0.85,115,11,1.0,0.875,False,True,0.15000000000000002,0.025000000000000022
41,order_ascending_seed41,order_alternating_seed41,ascending,alternating,4,0.875,116,9,1.0,0.9,False,True,0.125,0.025000000000000022
41,order_ascending_seed41,order_alternating_seed41,ascending,alternating,3,0.9,117,7,1.0,0.925,False,True,0.09999999999999998,0.025000000000000022
41,order_ascending_seed41,order_alternating_seed41,ascending,alternating,2,0.925,118,5,1.0,0.95,False,True,0.07499999999999996,0.02499999999999991
41,order_ascending_seed41,order_alternating_seed41,ascending,alternating,1,0.95,119,3,1.0,0.975,False,True,0.050000000000000044,0.025000000000000022
41,order_alternating_seed41,order_shuffled_seed41,alternating,shuffled,1,0.95,3,85,0.975,1.0,True,False,0.025000000000000022,0.050000000000000044
41,order_alternating_seed41,order_shuffled_seed41,alternating,shuffled,2,0.925,5,66,0.95,1.0,True,False,0.02499999999999991,0.07499999999999996
41,order_alternating_seed41,order_shuffled_seed41,alternating,shuffled,3,0.9,7,90,0.925,1.0,True,False,0.025000000000000022,0.09999999999999998
41,order_alternating_seed41,order_shuffled_seed41,alternating,shuffled,4,0.875,9,115,0.9,0.975,True,False,0.025000000000000022,0.09999999999999998
41,order_alternating_seed41,order_shuffled_seed41,alternating,shuffled,5,0.85,11,51,0.875,1.0,True,False,0.025000000000000022,0.15000000000000002
41,order_alternating_seed41,order_shuffled_seed41,alternating,shuffled,6,0.825,13,21,0.85,1.0,True,False,0.025000000000000022,0.17500000000000004
41,order_alternating_seed41,order_shuffled_seed41,alternating,shuffled,7,0.8,15,54,0.825,1.0,True,False,0.02499999999999991,0.19999999999999996
41,order_alternating_seed41,order_shuffled_seed41,alternating,shuffled,8,0.775,17,39,0.8,1.0,True,False,0.025000000000000022,0.22499999999999998
41,order_alternating_seed41,order_shuffled_seed41,alternating,shuffled,9,0.75,19,20,0.775,1.0,True,False,0.025000000000000022,0.25
41,order_alternating_seed41,order_shuffled_seed41,alternating,shuffled,10,0.725,21,35,0.75,1.0,True,False,0.025000000000000022,0.275
41,order_alternating_seed41,order_shuffled_seed41,alternating,shuffled,11,0.7,23,55,0.725,1.0,True,False,0.025000000000000022,0.30000000000000004
41,order_alternating_seed41,order_shuffled_seed41,alternating,shuffled,12,0.675,25,36,0.7,1.0,True,False,0.02499999999999991,0.32499999999999996
41,order_alternating_seed41,order_shuffled_seed41,alternating,shuffled,13,0.6499999999999999,27,50,0.675,1.0,True,False,0.025000000000000133,0.3500000000000001
41,order_alternating_seed41,order_shuffled_seed41,alternating,shuffled,14,0.625,29,1,0.6499999999999999,1.0,True,False,0.02499999999999991,0.375
41,order_alternating_seed41,order_shuffled_seed41,alternating,shuffled,15,0.6,31,4,0.625,1.0,True,False,0.025000000000000022,0.4
41,order_alternating_seed41,order_shuffled_seed41,alternating,shuffled,16,0.575,33,106,0.6,1.0,True,False,0.025000000000000022,0.42500000000000004
41,order_alternating_seed41,order_shuffled_seed41,alternating,shuffled,17,0.55,35,61,0.575,1.0,True,False,0.02499999999999991,0.44999999999999996
41,order_alternating_seed41,order_shuffled_seed41,alternating,shuffled,18,0.5249999999999999,37,105,0.55,1.0,True,False,0.025000000000000133,0.4750000000000001
41,order_alternating_seed41,order_shuffled_seed41,alternating,shuffled,19,0.5,39,12,0.5249999999999999,1.0,True,False,0.02499999999999991,0.5
41,order_alternating_seed41,order_shuffled_seed41,alternating,shuffled,20,0.475,41,92,0.5,1.0,True,False,0.025000000000000022,0.525
41,order_alternating_seed41,order_shuffled_seed41,alternating,shuffled,21,0.44999999999999996,43,19,0.475,1.0,True,False,0.025000000000000022,0.55
41,order_alternating_seed41,order_shuffled_seed41,alternating,shuffled,22,0.42499999999999993,45,37,0.44999999999999996,1.0,True,False,0.025000000000000022,0.5750000000000001
41,order_alternating_seed41,order_shuffled_seed41,alternating,shuffled,23,0.3999999999999999,47,72,0.42499999999999993,1.0,True,False,0.025000000000000022,0.6000000000000001
41,order_alternating_seed41,order_shuffled_seed41,alternating,shuffled,24,0.375,49,94,0.3999999999999999,1.0,True,False,0.02499999999999991,0.625
41,order_alternating_seed41,order_shuffled_seed41,alternating,shuffled,25,0.35,51,31,0.375,1.0,True,False,0.025000000000000022,0.65
41,order_alternating_seed41,order_shuffled_seed41,alternating,shuffled,26,0.32499999999999996,53,64,0.35,1.0,True,False,0.025000000000000022,0.675
41,order_alternating_seed41,order_shuffled_seed41,alternating,shuffled,27,0.29999999999999993,55,38,0.32499999999999996,1.0,True,False,0.025000000000000022,0.7000000000000001
41,order_alternating_seed41,order_shuffled_seed41,alternating,shuffled,28,0.2749999999999999,57,79,0.29999999999999993,1.0,True,False,0.025000000000000022,0.7250000000000001
41,order_alternating_seed41,order_shuffled_seed41,alternating,shuffled,29,0.25,59,65,0.2749999999999999,1.0,True,False,0.02499999999999991,0.75
41,order_alternating_seed41,order_shuffled_seed41,alternating,shuffled,30,0.22499999999999998,61,86,0.25,1.0,True,False,0.025000000000000022,0.775
41,order_alternating_seed41,order_shuffled_seed41,alternating,shuffled,31,0.19999999999999996,63,118,0.22499999999999998,0.975,True,False,0.025000000000000022,0.775
41,order_alternating_seed41,order_shuffled_seed41,alternating,shuffled,32,0.17499999999999993,65,63,0.19999999999999996,1.0,True,False,0.025000000000000022,0.8250000000000001
41,order_alternating_seed41,order_shuffled_seed41,alternating,shuffled,33,0.1499999999999999,67,40,0.17499999999999993,1.0,True,False,0.025000000000000022,0.8500000000000001
41,order_alternating_seed41,order_shuffled_seed41,alternating,shuffled,34,0.125,69,78,0.1499999999999999,1.0,True,False,0.02499999999999991,0.875
41,order_alternating_seed41,order_shuffled_seed41,alternating,shuffled,35,0.09999999999999998,71,102,0.125,1.0,True,False,0.025000000000000022,0.9
41,order_alternating_seed41,order_shuffled_seed41,alternating,shuffled,36,0.07499999999999996,73,104,0.09999999999999998,1.0,True,False,0.025000000000000022,0.925
41,order_alternating_seed41,order_shuffled_seed41,alternating,shuffled,37,0.04999999999999993,75,42,0.07499999999999996,1.0,True,False,0.025000000000000022,0.9500000000000001
41,order_alternating_seed41,order_shuffled_seed41,alternating,shuffled,76,0.0,76,5,0.04999999999999993,1.0,True,False,0.04999999999999993,1.0
41,order_alternating_seed41,order_shuffled_seed41,alternating,shuffled,38,0.02499999999999991,77,46,0.0,1.0,True,False,0.02499999999999991,0.9750000000000001
41,order_alternating_seed41,order_shuffled_seed41,alternating,shuffled,77,0.0,78,93,0.02499999999999991,1.0,True,False,0.02499999999999991,1.0
41,order_alternating_seed41,order_shuffled_seed41,alternating,shuffled,119,0.0,79,80,0.0,1.0,True,False,0.0,1.0
41,order_alternating_seed41,order_shuffled_seed41,alternating,shuffled,78,0.0,80,33,0.0,1.0,True,False,0.0,1.0
41,order_alternating_seed41,order_shuffled_seed41,alternating,shuffled,118,0.0,81,73,0.0,1.0,True,False,0.0,1.0
41,order_alternating_seed41,order_shuffled_seed41,alternating,shuffled,79,0.0,82,77,0.0,1.0,True,False,0.0,1.0
41,order_alternating_seed41,order_shuffled_seed41,alternating,shuffled,117,0.0,83,48,0.0,1.0,True,False,0.0,1.0
41,order_alternating_seed41,order_shuffled_seed41,alternating,shuffled,80,0.0,84,23,0.0,1.0,True,False,0.0,1.0
41,order_alternating_seed41,order_shuffled_seed41,alternating,shuffled,116,0.0,85,96,0.0,1.0,True,False,0.0,1.0
41,order_alternating_seed41,order_shuffled_seed41,alternating,shuffled,81,0.0,86,108,0.0,1.0,True,False,0.0,1.0
41,order_alternating_seed41,order_shuffled_seed41,alternating,shuffled,115,0.0,87,107,0.0,1.0,True,False,0.0,1.0
41,order_alternating_seed41,order_shuffled_seed41,alternating,shuffled,82,0.0,88,53,0.0,1.0,True,False,0.0,1.0
41,order_alternating_seed41,order_shuffled_seed41,alternating,shuffled,114,0.0,89,44,0.0,1.0,True,False,0.0,1.0
41,order_alternating_seed41,order_shuffled_seed41,alternating,shuffled,83,0.0,90,45,0.0,1.0,True,False,0.0,1.0
41,order_alternating_seed41,order_shuffled_seed41,alternating,shuffled,113,0.0,91,52,0.0,1.0,True,False,0.0,1.0
41,order_alternating_seed41,order_shuffled_seed41,alternating,shuffled,84,0.0,92,74,0.0,1.0,True,False,0.0,1.0
41,order_alternating_seed41,order_shuffled_seed41,alternating,shuffled,112,0.0,93,98,0.0,1.0,True,False,0.0,1.0
41,order_alternating_seed41,order_shuffled_seed41,alternating,shuffled,85,0.0,94,56,0.0,1.0,True,False,0.0,1.0
41,order_alternating_seed41,order_shuffled_seed41,alternating,shuffled,111,0.0,95,87,0.0,1.0,True,False,0.0,1.0
41,order_alternating_seed41,order_shuffled_seed41,alternating,shuffled,86,0.0,96,103,0.0,1.0,True,False,0.0,1.0
41,order_alternating_seed41,order_shuffled_seed41,alternating,shuffled,110,0.0,97,116,0.0,0.975,True,False,0.0,0.975
41,order_alternating_seed41,order_shuffled_seed41,alternating,shuffled,87,0.0,98,47,0.0,1.0,True,False,0.0,1.0
41,order_alternating_seed41,order_shuffled_seed41,alternating,shuffled,109,0.0,99,69,0.0,1.0,True,False,0.0,1.0
41,order_alternating_seed41,order_shuffled_seed41,alternating,shuffled,88,0.0,100,10,0.0,1.0,True,False,0.0,1.0
41,order_alternating_seed41,order_shuffled_seed41,alternating,shuffled,108,0.0,101,82,0.0,1.0,True,False,0.0,1.0
41,order_alternating_seed41,order_shuffled_seed41,alternating,shuffled,89,0.0,102,101,0.0,1.0,True,False,0.0,1.0
41,order_alternating_seed41,order_shuffled_seed41,alternating,shuffled,107,0.0,103,41,0.0,1.0,True,False,0.0,1.0
41,order_alternating_seed41,order_shuffled_seed41,alternating,shuffled,90,0.0,104,71,0.0,1.0,True,False,0.0,1.0
41,order_alternating_seed41,order_shuffled_seed41,alternating,shuffled,106,0.0,105,119,0.0,0.975,True,False,0.0,0.975
41,order_alternating_seed41,order_shuffled_seed41,alternating,shuffled,91,0.0,106,58,0.0,1.0,True,False,0.0,1.0
41,order_alternating_seed41,order_shuffled_seed41,alternating,shuffled,105,0.0,107,112,0.0,1.0,True,False,0.0,1.0
41,order_alternating_seed41,order_shuffled_seed41,alternating,shuffled,92,0.0,108,91,0.0,1.0,True,False,0.0,1.0
41,order_alternating_seed41,order_shuffled_seed41,alternating,shuffled,104,0.0,109,8,0.0,1.0,True,False,0.0,1.0
41,order_alternating_seed41,order_shuffled_seed41,alternating,shuffled,93,0.0,110,95,0.0,1.0,True,False,0.0,1.0
41,order_alternating_seed41,order_shuffled_seed41,alternating,shuffled,103,0.0,111,11,0.0,1.0,True,False,0.0,1.0
41,order_alternating_seed41,order_shuffled_seed41,alternating,shuffled,94,0.0,112,49,0.0,1.0,True,False,0.0,1.0
41,order_alternating_seed41,order_shuffled_seed41,alternating,shuffled,102,0.0,113,109,0.0,1.0,True,False,0.0,1.0
41,order_alternating_seed41,order_shuffled_seed41,alternating,shuffled,95,0.0,114,18,0.0,1.0,True,False,0.0,1.0
41,order_alternating_seed41,order_shuffled_seed41,alternating,shuffled,101,0.0,115,89,0.0,1.0,True,False,0.0,1.0
41,order_alternating_seed41,order_shuffled_seed41,alternating,shuffled,96,0.0,116,2,0.0,1.0,True,False,0.0,1.0
41,order_alternating_seed41,order_shuffled_seed41,alternating,shuffled,100,0.0,117,67,0.0,1.0,True,False,0.0,1.0
41,order_alternating_seed41,order_shuffled_seed41,alternating,shuffled,97,0.0,118,15,0.0,1.0,True,False,0.0,1.0
41,order_alternating_seed41,order_shuffled_seed41,alternating,shuffled,99,0.0,119,120,0.0,0.975,True,False,0.0,0.975
41,order_alternating_seed41,order_shuffled_seed41,alternating,shuffled,98,0.0,120,9,0.0,1.0,True,False,0.0,1.0
53,control_E_gradual_seed53,order_ascending_seed53,descending,ascending,1,0.95,2,119,0.975,1.0,True,False,0.025000000000000022,0.050000000000000044
53,control_E_gradual_seed53,order_ascending_seed53,descending,ascending,2,0.925,3,118,0.95,1.0,True,False,0.02499999999999991,0.07499999999999996
53,control_E_gradual_seed53,order_ascending_seed53,descending,ascending,3,0.9,4,117,0.925,1.0,True,False,0.025000000000000022,0.09999999999999998
53,control_E_gradual_seed53,order_ascending_seed53,descending,ascending,4,0.875,5,116,0.9,1.0,True,False,0.025000000000000022,0.125
53,control_E_gradual_seed53,order_ascending_seed53,descending,ascending,5,0.85,6,115,0.875,1.0,True,False,0.025000000000000022,0.15000000000000002
53,control_E_gradual_seed53,order_ascending_seed53,descending,ascending,6,0.825,7,114,0.85,1.0,True,False,0.025000000000000022,0.17500000000000004
53,control_E_gradual_seed53,order_ascending_seed53,descending,ascending,7,0.8,8,113,0.825,1.0,True,False,0.02499999999999991,0.19999999999999996
53,control_E_gradual_seed53,order_ascending_seed53,descending,ascending,8,0.775,9,112,0.8,1.0,True,False,0.025000000000000022,0.22499999999999998
53,control_E_gradual_seed53,order_ascending_seed53,descending,ascending,9,0.75,10,111,0.775,1.0,True,False,0.025000000000000022,0.25
53,control_E_gradual_seed53,order_ascending_seed53,descending,ascending,10,0.725,11,110,0.75,1.0,True,False,0.025000000000000022,0.275
53,control_E_gradual_seed53,order_ascending_seed53,descending,ascending,11,0.7,12,109,0.725,1.0,True,False,0.025000000000000022,0.30000000000000004
53,control_E_gradual_seed53,order_ascending_seed53,descending,ascending,12,0.675,13,108,0.7,1.0,True,False,0.02499999999999991,0.32499999999999996
53,control_E_gradual_seed53,order_ascending_seed53,descending,ascending,13,0.6499999999999999,14,107,0.675,1.0,True,False,0.025000000000000133,0.3500000000000001
53,control_E_gradual_seed53,order_ascending_seed53,descending,ascending,14,0.625,15,106,0.6499999999999999,1.0,True,False,0.02499999999999991,0.375
53,control_E_gradual_seed53,order_ascending_seed53,descending,ascending,15,0.6,16,105,0.625,1.0,True,False,0.025000000000000022,0.4
53,control_E_gradual_seed53,order_ascending_seed53,descending,ascending,16,0.575,17,104,0.6,1.0,True,False,0.025000000000000022,0.42500000000000004
53,control_E_gradual_seed53,order_ascending_seed53,descending,ascending,17,0.55,18,103,0.575,1.0,True,False,0.02499999999999991,0.44999999999999996
53,control_E_gradual_seed53,order_ascending_seed53,descending,ascending,18,0.5249999999999999,19,102,0.55,1.0,True,False,0.025000000000000133,0.4750000000000001
53,control_E_gradual_seed53,order_ascending_seed53,descending,ascending,19,0.5,20,101,0.5249999999999999,1.0,True,False,0.02499999999999991,0.5
53,control_E_gradual_seed53,order_ascending_seed53,descending,ascending,20,0.475,21,100,0.5,1.0,True,False,0.025000000000000022,0.525
53,control_E_gradual_seed53,order_ascending_seed53,descending,ascending,21,0.44999999999999996,22,99,0.475,1.0,True,False,0.025000000000000022,0.55
53,control_E_gradual_seed53,order_ascending_seed53,descending,ascending,22,0.42499999999999993,23,98,0.44999999999999996,1.0,True,False,0.025000000000000022,0.5750000000000001
53,control_E_gradual_seed53,order_ascending_seed53,descending,ascending,23,0.3999999999999999,24,97,0.42499999999999993,1.0,True,False,0.025000000000000022,0.6000000000000001
53,control_E_gradual_seed53,order_ascending_seed53,descending,ascending,24,0.375,25,96,0.3999999999999999,1.0,True,False,0.02499999999999991,0.625
53,control_E_gradual_seed53,order_ascending_seed53,descending,ascending,25,0.35,26,95,0.375,1.0,True,False,0.025000000000000022,0.65
53,control_E_gradual_seed53,order_ascending_seed53,descending,ascending,26,0.32499999999999996,27,94,0.35,1.0,True,False,0.025000000000000022,0.675
53,control_E_gradual_seed53,order_ascending_seed53,descending,ascending,27,0.29999999999999993,28,93,0.32499999999999996,1.0,True,False,0.025000000000000022,0.7000000000000001
53,control_E_gradual_seed53,order_ascending_seed53,descending,ascending,28,0.2749999999999999,29,92,0.29999999999999993,1.0,True,False,0.025000000000000022,0.7250000000000001
53,control_E_gradual_seed53,order_ascending_seed53,descending,ascending,29,0.25,30,91,0.2749999999999999,1.0,True,False,0.02499999999999991,0.75
53,control_E_gradual_seed53,order_ascending_seed53,descending,ascending,30,0.22499999999999998,31,90,0.25,1.0,True,False,0.025000000000000022,0.775
53,control_E_gradual_seed53,order_ascending_seed53,descending,ascending,31,0.19999999999999996,32,89,0.22499999999999998,1.0,True,False,0.025000000000000022,0.8
53,control_E_gradual_seed53,order_ascending_seed53,descending,ascending,32,0.17499999999999993,33,88,0.19999999999999996,1.0,True,False,0.025000000000000022,0.8250000000000001
53,control_E_gradual_seed53,order_ascending_seed53,descending,ascending,33,0.1499999999999999,34,87,0.17499999999999993,1.0,True,False,0.025000000000000022,0.8500000000000001
53,control_E_gradual_seed53,order_ascending_seed53,descending,ascending,34,0.125,35,86,0.1499999999999999,1.0,True,False,0.02499999999999991,0.875
53,control_E_gradual_seed53,order_ascending_seed53,descending,ascending,35,0.09999999999999998,36,85,0.125,1.0,True,False,0.025000000000000022,0.9
53,control_E_gradual_seed53,order_ascending_seed53,descending,ascending,36,0.07499999999999996,37,84,0.09999999999999998,1.0,True,False,0.025000000000000022,0.925
53,control_E_gradual_seed53,order_ascending_seed53,descending,ascending,37,0.04999999999999993,38,83,0.07499999999999996,1.0,True,False,0.025000000000000022,0.9500000000000001
53,control_E_gradual_seed53,order_ascending_seed53,descending,ascending,38,0.02499999999999991,39,82,0.04999999999999993,1.0,True,False,0.025000000000000022,0.9750000000000001
53,control_E_gradual_seed53,order_ascending_seed53,descending,ascending,39,0.0,40,1,0.02499999999999991,1.0,True,False,0.02499999999999991,1.0
53,control_E_gradual_seed53,order_ascending_seed53,descending,ascending,40,0.0,41,2,0.0,1.0,True,False,0.0,1.0
53,control_E_gradual_seed53,order_ascending_seed53,descending,ascending,41,0.0,42,3,0.0,1.0,True,False,0.0,1.0
53,control_E_gradual_seed53,order_ascending_seed53,descending,ascending,42,0.0,43,4,0.0,1.0,True,False,0.0,1.0
53,control_E_gradual_seed53,order_ascending_seed53,descending,ascending,43,0.0,44,5,0.0,1.0,True,False,0.0,1.0
53,control_E_gradual_seed53,order_ascending_seed53,descending,ascending,44,0.0,45,6,0.0,1.0,True,False,0.0,1.0
53,control_E_gradual_seed53,order_ascending_seed53,descending,ascending,45,0.0,46,7,0.0,1.0,True,False,0.0,1.0
53,control_E_gradual_seed53,order_ascending_seed53,descending,ascending,46,0.0,47,8,0.0,1.0,True,False,0.0,1.0
53,control_E_gradual_seed53,order_ascending_seed53,descending,ascending,47,0.0,48,9,0.0,1.0,True,False,0.0,1.0
53,control_E_gradual_seed53,order_ascending_seed53,descending,ascending,48,0.0,49,10,0.0,1.0,True,False,0.0,1.0
53,control_E_gradual_seed53,order_ascending_seed53,descending,ascending,49,0.0,50,11,0.0,1.0,True,False,0.0,1.0
53,control_E_gradual_seed53,order_ascending_seed53,descending,ascending,50,0.0,51,12,0.0,1.0,True,False,0.0,1.0
53,control_E_gradual_seed53,order_ascending_seed53,descending,ascending,51,0.0,52,13,0.0,1.0,True,False,0.0,1.0
53,control_E_gradual_seed53,order_ascending_seed53,descending,ascending,52,0.0,53,14,0.0,1.0,True,False,0.0,1.0
53,control_E_gradual_seed53,order_ascending_seed53,descending,ascending,53,0.0,54,15,0.0,1.0,True,False,0.0,1.0
53,control_E_gradual_seed53,order_ascending_seed53,descending,ascending,54,0.0,55,16,0.0,1.0,True,False,0.0,1.0
53,control_E_gradual_seed53,order_ascending_seed53,descending,ascending,55,0.0,56,17,0.0,1.0,True,False,0.0,1.0
53,control_E_gradual_seed53,order_ascending_seed53,descending,ascending,56,0.0,57,18,0.0,1.0,True,False,0.0,1.0
53,control_E_gradual_seed53,order_ascending_seed53,descending,ascending,57,0.0,58,19,0.0,1.0,True,False,0.0,1.0
53,control_E_gradual_seed53,order_ascending_seed53,descending,ascending,58,0.0,59,20,0.0,1.0,True,False,0.0,1.0
53,control_E_gradual_seed53,order_ascending_seed53,descending,ascending,59,0.0,60,21,0.0,1.0,True,False,0.0,1.0
53,control_E_gradual_seed53,order_ascending_seed53,descending,ascending,60,0.0,61,22,0.0,1.0,True,False,0.0,1.0
53,control_E_gradual_seed53,order_ascending_seed53,descending,ascending,61,0.0,62,23,0.0,1.0,True,False,0.0,1.0
53,control_E_gradual_seed53,order_ascending_seed53,descending,ascending,62,0.0,63,24,0.0,1.0,True,False,0.0,1.0
53,control_E_gradual_seed53,order_ascending_seed53,descending,ascending,63,0.0,64,25,0.0,1.0,True,False,0.0,1.0
53,control_E_gradual_seed53,order_ascending_seed53,descending,ascending,64,0.0,65,26,0.0,1.0,True,False,0.0,1.0
53,control_E_gradual_seed53,order_ascending_seed53,descending,ascending,65,0.0,66,27,0.0,1.0,True,False,0.0,1.0
53,control_E_gradual_seed53,order_ascending_seed53,descending,ascending,66,0.0,67,28,0.0,1.0,True,False,0.0,1.0
53,control_E_gradual_seed53,order_ascending_seed53,descending,ascending,67,0.0,68,29,0.0,1.0,True,False,0.0,1.0
53,control_E_gradual_seed53,order_ascending_seed53,descending,ascending,68,0.0,69,30,0.0,1.0,True,False,0.0,1.0
53,control_E_gradual_seed53,order_ascending_seed53,descending,ascending,69,0.0,70,31,0.0,1.0,True,False,0.0,1.0
53,control_E_gradual_seed53,order_ascending_seed53,descending,ascending,70,0.0,71,32,0.0,1.0,True,False,0.0,1.0
53,control_E_gradual_seed53,order_ascending_seed53,descending,ascending,71,0.0,72,33,0.0,1.0,True,False,0.0,1.0
53,control_E_gradual_seed53,order_ascending_seed53,descending,ascending,72,0.0,73,34,0.0,1.0,True,False,0.0,1.0
53,control_E_gradual_seed53,order_ascending_seed53,descending,ascending,73,0.0,74,35,0.0,1.0,True,False,0.0,1.0
53,control_E_gradual_seed53,order_ascending_seed53,descending,ascending,74,0.0,75,36,0.0,1.0,True,False,0.0,1.0
53,control_E_gradual_seed53,order_ascending_seed53,descending,ascending,75,0.0,76,37,0.0,1.0,True,False,0.0,1.0
53,control_E_gradual_seed53,order_ascending_seed53,descending,ascending,76,0.0,77,38,0.0,1.0,True,False,0.0,1.0
53,control_E_gradual_seed53,order_ascending_seed53,descending,ascending,77,0.0,78,39,0.0,1.0,True,False,0.0,1.0
53,control_E_gradual_seed53,order_ascending_seed53,descending,ascending,78,0.0,79,40,0.0,1.0,True,False,0.0,1.0
53,control_E_gradual_seed53,order_ascending_seed53,descending,ascending,79,0.0,80,41,0.0,1.0,True,False,0.0,1.0
53,control_E_gradual_seed53,order_ascending_seed53,descending,ascending,80,0.0,81,42,0.0,1.0,True,False,0.0,1.0
53,control_E_gradual_seed53,order_ascending_seed53,descending,ascending,81,0.0,82,43,0.0,1.0,True,False,0.0,1.0
53,control_E_gradual_seed53,order_ascending_seed53,descending,ascending,82,0.0,83,44,0.0,1.0,True,False,0.0,1.0
53,control_E_gradual_seed53,order_ascending_seed53,descending,ascending,83,0.0,84,45,0.0,1.0,True,False,0.0,1.0
53,control_E_gradual_seed53,order_ascending_seed53,descending,ascending,84,0.0,85,46,0.0,1.0,True,False,0.0,1.0
53,control_E_gradual_seed53,order_ascending_seed53,descending,ascending,85,0.0,86,47,0.0,1.0,True,False,0.0,1.0
53,control_E_gradual_seed53,order_ascending_seed53,descending,ascending,86,0.0,87,48,0.0,1.0,True,False,0.0,1.0
53,control_E_gradual_seed53,order_ascending_seed53,descending,ascending,87,0.0,88,49,0.0,1.0,True,False,0.0,1.0
53,control_E_gradual_seed53,order_ascending_seed53,descending,ascending,88,0.0,89,50,0.0,1.0,True,False,0.0,1.0
53,control_E_gradual_seed53,order_ascending_seed53,descending,ascending,89,0.0,90,51,0.0,1.0,True,False,0.0,1.0
53,control_E_gradual_seed53,order_ascending_seed53,descending,ascending,90,0.0,91,52,0.0,1.0,True,False,0.0,1.0
53,control_E_gradual_seed53,order_ascending_seed53,descending,ascending,91,0.0,92,53,0.0,1.0,True,False,0.0,1.0
53,control_E_gradual_seed53,order_ascending_seed53,descending,ascending,92,0.0,93,54,0.0,1.0,True,False,0.0,1.0
53,control_E_gradual_seed53,order_ascending_seed53,descending,ascending,93,0.0,94,55,0.0,1.0,True,False,0.0,1.0
53,control_E_gradual_seed53,order_ascending_seed53,descending,ascending,94,0.0,95,56,0.0,1.0,True,False,0.0,1.0
53,control_E_gradual_seed53,order_ascending_seed53,descending,ascending,95,0.0,96,57,0.0,1.0,True,False,0.0,1.0
53,control_E_gradual_seed53,order_ascending_seed53,descending,ascending,96,0.0,97,58,0.0,1.0,True,False,0.0,1.0
53,control_E_gradual_seed53,order_ascending_seed53,descending,ascending,97,0.0,98,59,0.0,1.0,True,False,0.0,1.0
53,control_E_gradual_seed53,order_ascending_seed53,descending,ascending,98,0.0,99,60,0.0,1.0,True,False,0.0,1.0
53,control_E_gradual_seed53,order_ascending_seed53,descending,ascending,99,0.0,100,61,0.0,1.0,True,False,0.0,1.0
53,control_E_gradual_seed53,order_ascending_seed53,descending,ascending,100,0.0,101,62,0.0,1.0,True,False,0.0,1.0
53,control_E_gradual_seed53,order_ascending_seed53,descending,ascending,101,0.0,102,63,0.0,1.0,True,False,0.0,1.0
53,control_E_gradual_seed53,order_ascending_seed53,descending,ascending,102,0.0,103,64,0.0,1.0,True,False,0.0,1.0
53,control_E_gradual_seed53,order_ascending_seed53,descending,ascending,103,0.0,104,65,0.0,1.0,True,False,0.0,1.0
53,control_E_gradual_seed53,order_ascending_seed53,descending,ascending,104,0.0,105,66,0.0,1.0,True,False,0.0,1.0
53,control_E_gradual_seed53,order_ascending_seed53,descending,ascending,105,0.0,106,67,0.0,1.0,True,False,0.0,1.0
53,control_E_gradual_seed53,order_ascending_seed53,descending,ascending,106,0.0,107,68,0.0,1.0,True,False,0.0,1.0
53,control_E_gradual_seed53,order_ascending_seed53,descending,ascending,107,0.0,108,69,0.0,1.0,True,False,0.0,1.0
53,control_E_gradual_seed53,order_ascending_seed53,descending,ascending,108,0.0,109,70,0.0,1.0,True,False,0.0,1.0
53,control_E_gradual_seed53,order_ascending_seed53,descending,ascending,109,0.0,110,71,0.0,1.0,True,False,0.0,1.0
53,control_E_gradual_seed53,order_ascending_seed53,descending,ascending,110,0.0,111,72,0.0,1.0,True,False,0.0,1.0
53,control_E_gradual_seed53,order_ascending_seed53,descending,ascending,111,0.0,112,73,0.0,1.0,True,False,0.0,1.0
53,control_E_gradual_seed53,order_ascending_seed53,descending,ascending,112,0.0,113,74,0.0,1.0,True,False,0.0,1.0
53,control_E_gradual_seed53,order_ascending_seed53,descending,ascending,113,0.0,114,75,0.0,1.0,True,False,0.0,1.0
53,control_E_gradual_seed53,order_ascending_seed53,descending,ascending,114,0.0,115,76,0.0,1.0,True,False,0.0,1.0
53,control_E_gradual_seed53,order_ascending_seed53,descending,ascending,115,0.0,116,77,0.0,1.0,True,False,0.0,1.0
53,control_E_gradual_seed53,order_ascending_seed53,descending,ascending,116,0.0,117,78,0.0,1.0,True,False,0.0,1.0
53,control_E_gradual_seed53,order_ascending_seed53,descending,ascending,117,0.0,118,79,0.0,1.0,True,False,0.0,1.0
53,control_E_gradual_seed53,order_ascending_seed53,descending,ascending,118,0.0,119,80,0.0,1.0,True,False,0.0,1.0
53,control_E_gradual_seed53,order_ascending_seed53,descending,ascending,119,0.0,120,81,0.0,1.0,True,False,0.0,1.0
53,control_E_gradual_seed53,order_alternating_seed53,descending,alternating,39,0.0,40,2,0.02499999999999991,0.975,True,False,0.02499999999999991,0.975
53,control_E_gradual_seed53,order_alternating_seed53,descending,alternating,40,0.0,41,4,0.0,0.95,True,False,0.0,0.95
53,control_E_gradual_seed53,order_alternating_seed53,descending,alternating,41,0.0,42,6,0.0,0.925,True,False,0.0,0.925
53,control_E_gradual_seed53,order_alternating_seed53,descending,alternating,42,0.0,43,8,0.0,0.9,True,False,0.0,0.9
53,control_E_gradual_seed53,order_alternating_seed53,descending,alternating,43,0.0,44,10,0.0,0.875,True,False,0.0,0.875
53,control_E_gradual_seed53,order_alternating_seed53,descending,alternating,44,0.0,45,12,0.0,0.85,True,False,0.0,0.85
53,control_E_gradual_seed53,order_alternating_seed53,descending,alternating,45,0.0,46,14,0.0,0.825,True,False,0.0,0.825
53,control_E_gradual_seed53,order_alternating_seed53,descending,alternating,46,0.0,47,16,0.0,0.8,True,False,0.0,0.8
53,control_E_gradual_seed53,order_alternating_seed53,descending,alternating,47,0.0,48,18,0.0,0.775,True,False,0.0,0.775
53,control_E_gradual_seed53,order_alternating_seed53,descending,alternating,48,0.0,49,20,0.0,0.75,True,False,0.0,0.75
53,control_E_gradual_seed53,order_alternating_seed53,descending,alternating,49,0.0,50,22,0.0,0.725,True,False,0.0,0.725
53,control_E_gradual_seed53,order_alternating_seed53,descending,alternating,50,0.0,51,24,0.0,0.7,True,False,0.0,0.7
53,control_E_gradual_seed53,order_alternating_seed53,descending,alternating,51,0.0,52,26,0.0,0.675,True,False,0.0,0.675
53,control_E_gradual_seed53,order_alternating_seed53,descending,alternating,52,0.0,53,28,0.0,0.6499999999999999,True,False,0.0,0.6499999999999999
53,control_E_gradual_seed53,order_alternating_seed53,descending,alternating,53,0.0,54,30,0.0,0.625,True,False,0.0,0.625
53,control_E_gradual_seed53,order_alternating_seed53,descending,alternating,54,0.0,55,32,0.0,0.6,True,False,0.0,0.6
53,control_E_gradual_seed53,order_alternating_seed53,descending,alternating,55,0.0,56,34,0.0,0.575,True,False,0.0,0.575
53,control_E_gradual_seed53,order_alternating_seed53,descending,alternating,56,0.0,57,36,0.0,0.55,True,False,0.0,0.55
53,control_E_gradual_seed53,order_alternating_seed53,descending,alternating,57,0.0,58,38,0.0,0.5249999999999999,True,False,0.0,0.5249999999999999
53,control_E_gradual_seed53,order_alternating_seed53,descending,alternating,58,0.0,59,40,0.0,0.5,True,False,0.0,0.5
53,control_E_gradual_seed53,order_alternating_seed53,descending,alternating,59,0.0,60,42,0.0,0.475,True,False,0.0,0.475
53,control_E_gradual_seed53,order_alternating_seed53,descending,alternating,60,0.0,61,44,0.0,0.44999999999999996,True,False,0.0,0.44999999999999996
53,control_E_gradual_seed53,order_alternating_seed53,descending,alternating,61,0.0,62,46,0.0,0.42499999999999993,True,False,0.0,0.42499999999999993
53,control_E_gradual_seed53,order_alternating_seed53,descending,alternating,62,0.0,63,48,0.0,0.3999999999999999,True,False,0.0,0.3999999999999999
53,control_E_gradual_seed53,order_alternating_seed53,descending,alternating,63,0.0,64,50,0.0,0.375,True,False,0.0,0.375
53,control_E_gradual_seed53,order_alternating_seed53,descending,alternating,64,0.0,65,52,0.0,0.35,True,False,0.0,0.35
53,control_E_gradual_seed53,order_alternating_seed53,descending,alternating,65,0.0,66,54,0.0,0.32499999999999996,True,False,0.0,0.32499999999999996
53,control_E_gradual_seed53,order_alternating_seed53,descending,alternating,66,0.0,67,56,0.0,0.29999999999999993,True,False,0.0,0.29999999999999993
53,control_E_gradual_seed53,order_alternating_seed53,descending,alternating,67,0.0,68,58,0.0,0.2749999999999999,True,False,0.0,0.2749999999999999
53,control_E_gradual_seed53,order_alternating_seed53,descending,alternating,68,0.0,69,60,0.0,0.25,True,False,0.0,0.25
53,control_E_gradual_seed53,order_alternating_seed53,descending,alternating,69,0.0,70,62,0.0,0.22499999999999998,True,False,0.0,0.22499999999999998
53,control_E_gradual_seed53,order_alternating_seed53,descending,alternating,70,0.0,71,64,0.0,0.19999999999999996,True,False,0.0,0.19999999999999996
53,control_E_gradual_seed53,order_alternating_seed53,descending,alternating,71,0.0,72,66,0.0,0.17499999999999993,True,False,0.0,0.17499999999999993
53,control_E_gradual_seed53,order_alternating_seed53,descending,alternating,72,0.0,73,68,0.0,0.1499999999999999,True,False,0.0,0.1499999999999999
53,control_E_gradual_seed53,order_alternating_seed53,descending,alternating,73,0.0,74,70,0.0,0.125,True,False,0.0,0.125
53,control_E_gradual_seed53,order_alternating_seed53,descending,alternating,74,0.0,75,72,0.0,0.09999999999999998,True,False,0.0,0.09999999999999998
53,control_E_gradual_seed53,order_alternating_seed53,descending,alternating,75,0.0,76,74,0.0,0.07499999999999996,True,False,0.0,0.07499999999999996
53,control_E_gradual_seed53,order_shuffled_seed53,descending,shuffled,4,0.875,5,73,0.9,0.925,True,False,0.025000000000000022,0.050000000000000044
53,control_E_gradual_seed53,order_shuffled_seed53,descending,shuffled,5,0.85,6,89,0.875,0.9,True,False,0.025000000000000022,0.050000000000000044
53,control_E_gradual_seed53,order_shuffled_seed53,descending,shuffled,6,0.825,7,84,0.85,0.925,True,False,0.025000000000000022,0.10000000000000009
53,control_E_gradual_seed53,order_shuffled_seed53,descending,shuffled,7,0.8,8,3,0.825,1.0,True,False,0.02499999999999991,0.19999999999999996
53,control_E_gradual_seed53,order_shuffled_seed53,descending,shuffled,8,0.775,9,95,0.8,0.9,True,False,0.025000000000000022,0.125
53,control_E_gradual_seed53,order_shuffled_seed53,descending,shuffled,9,0.75,10,94,0.775,0.9,True,False,0.025000000000000022,0.15000000000000002
53,control_E_gradual_seed53,order_shuffled_seed53,descending,shuffled,10,0.725,11,47,0.75,0.95,True,False,0.025000000000000022,0.22499999999999998
53,control_E_gradual_seed53,order_shuffled_seed53,descending,shuffled,11,0.7,12,5,0.725,1.0,True,False,0.025000000000000022,0.30000000000000004
53,control_E_gradual_seed53,order_shuffled_seed53,descending,shuffled,12,0.675,13,46,0.7,0.95,True,False,0.02499999999999991,0.2749999999999999
53,control_E_gradual_seed53,order_shuffled_seed53,descending,shuffled,13,0.6499999999999999,14,54,0.675,0.925,True,False,0.025000000000000133,0.27500000000000013
53,control_E_gradual_seed53,order_shuffled_seed53,descending,shuffled,14,0.625,15,112,0.6499999999999999,0.9,True,False,0.02499999999999991,0.275
53,control_E_gradual_seed53,order_shuffled_seed53,descending,shuffled,15,0.6,16,27,0.625,0.975,True,False,0.025000000000000022,0.375
53,control_E_gradual_seed53,order_shuffled_seed53,descending,shuffled,16,0.575,17,4,0.6,1.0,True,False,0.025000000000000022,0.42500000000000004
53,control_E_gradual_seed53,order_shuffled_seed53,descending,shuffled,17,0.55,18,22,0.575,0.975,True,False,0.02499999999999991,0.42499999999999993
53,control_E_gradual_seed53,order_shuffled_seed53,descending,shuffled,18,0.5249999999999999,19,14,0.55,0.975,True,False,0.025000000000000133,0.45000000000000007
53,control_E_gradual_seed53,order_shuffled_seed53,descending,shuffled,19,0.5,20,63,0.5249999999999999,0.925,True,False,0.02499999999999991,0.42500000000000004
53,control_E_gradual_seed53,order_shuffled_seed53,descending,shuffled,20,0.475,21,81,0.5,0.925,True,False,0.025000000000000022,0.45000000000000007
53,control_E_gradual_seed53,order_shuffled_seed53,descending,shuffled,21,0.44999999999999996,22,37,0.475,0.95,True,False,0.025000000000000022,0.5
53,control_E_gradual_seed53,order_shuffled_seed53,descending,shuffled,22,0.42499999999999993,23,15,0.44999999999999996,0.975,True,False,0.025000000000000022,0.55
53,control_E_gradual_seed53,order_shuffled_seed53,descending,shuffled,23,0.3999999999999999,24,20,0.42499999999999993,0.975,True,False,0.025000000000000022,0.5750000000000001
53,control_E_gradual_seed53,order_shuffled_seed53,descending,shuffled,24,0.375,25,99,0.3999999999999999,0.9,True,False,0.02499999999999991,0.525
53,control_E_gradual_seed53,order_shuffled_seed53,descending,shuffled,25,0.35,26,106,0.375,0.9,True,False,0.025000000000000022,0.55
53,control_E_gradual_seed53,order_shuffled_seed53,descending,shuffled,26,0.32499999999999996,27,12,0.35,0.975,True,False,0.025000000000000022,0.65
53,control_E_gradual_seed53,order_shuffled_seed53,descending,shuffled,27,0.29999999999999993,28,50,0.32499999999999996,0.925,True,False,0.025000000000000022,0.6250000000000001
53,control_E_gradual_seed53,order_shuffled_seed53,descending,shuffled,28,0.2749999999999999,29,74,0.29999999999999993,0.925,True,False,0.025000000000000022,0.6500000000000001
53,control_E_gradual_seed53,order_shuffled_seed53,descending,shuffled,29,0.25,30,35,0.2749999999999999,0.95,True,False,0.02499999999999991,0.7
53,control_E_gradual_seed53,order_shuffled_seed53,descending,shuffled,30,0.22499999999999998,31,62,0.25,0.925,True,False,0.025000000000000022,0.7000000000000001
53,control_E_gradual_seed53,order_shuffled_seed53,descending,shuffled,31,0.19999999999999996,32,98,0.22499999999999998,0.9,True,False,0.025000000000000022,0.7000000000000001
53,control_E_gradual_seed53,order_shuffled_seed53,descending,shuffled,32,0.17499999999999993,33,51,0.19999999999999996,0.925,True,False,0.025000000000000022,0.7500000000000001
53,control_E_gradual_seed53,order_shuffled_seed53,descending,shuffled,33,0.1499999999999999,34,7,0.17499999999999993,1.0,True,False,0.025000000000000022,0.8500000000000001
53,control_E_gradual_seed53,order_shuffled_seed53,descending,shuffled,34,0.125,35,79,0.1499999999999999,0.925,True,False,0.02499999999999991,0.8
53,control_E_gradual_seed53,order_shuffled_seed53,descending,shuffled,35,0.09999999999999998,36,108,0.125,0.9,True,False,0.025000000000000022,0.8
53,control_E_gradual_seed53,order_shuffled_seed53,descending,shuffled,36,0.07499999999999996,37,75,0.09999999999999998,0.925,True,False,0.025000000000000022,0.8500000000000001
53,control_E_gradual_seed53,order_shuffled_seed53,descending,shuffled,37,0.04999999999999993,38,102,0.07499999999999996,0.9,True,False,0.025000000000000022,0.8500000000000001
53,control_E_gradual_seed53,order_shuffled_seed53,descending,shuffled,38,0.02499999999999991,39,117,0.04999999999999993,0.9,True,False,0.025000000000000022,0.8750000000000001
53,control_E_gradual_seed53,order_shuffled_seed53,descending,shuffled,39,0.0,40,76,0.02499999999999991,0.925,True,False,0.02499999999999991,0.925
53,control_E_gradual_seed53,order_shuffled_seed53,descending,shuffled,40,0.0,41,107,0.0,0.9,True,False,0.0,0.9
53,control_E_gradual_seed53,order_shuffled_seed53,descending,shuffled,41,0.0,42,6,0.0,1.0,True,False,0.0,1.0
53,control_E_gradual_seed53,order_shuffled_seed53,descending,shuffled,42,0.0,43,38,0.0,0.95,True,False,0.0,0.95
53,control_E_gradual_seed53,order_shuffled_seed53,descending,shuffled,43,0.0,44,10,0.0,0.975,True,False,0.0,0.975
53,control_E_gradual_seed53,order_shuffled_seed53,descending,shuffled,44,0.0,45,114,0.0,0.9,True,False,0.0,0.9
53,control_E_gradual_seed53,order_shuffled_seed53,descending,shuffled,45,0.0,46,40,0.0,0.95,True,False,0.0,0.95
53,control_E_gradual_seed53,order_shuffled_seed53,descending,shuffled,46,0.0,47,56,0.0,0.925,True,False,0.0,0.925
53,control_E_gradual_seed53,order_shuffled_seed53,descending,shuffled,47,0.0,48,61,0.0,0.925,True,False,0.0,0.925
53,control_E_gradual_seed53,order_shuffled_seed53,descending,shuffled,48,0.0,49,21,0.0,0.975,True,False,0.0,0.975
53,control_E_gradual_seed53,order_shuffled_seed53,descending,shuffled,49,0.0,50,26,0.0,0.975,True,False,0.0,0.975
53,control_E_gradual_seed53,order_shuffled_seed53,descending,shuffled,50,0.0,51,82,0.0,0.925,True,False,0.0,0.925
53,control_E_gradual_seed53,order_shuffled_seed53,descending,shuffled,51,0.0,52,39,0.0,0.95,True,False,0.0,0.95
53,control_E_gradual_seed53,order_shuffled_seed53,descending,shuffled,52,0.0,53,110,0.0,0.9,True,False,0.0,0.9
53,control_E_gradual_seed53,order_shuffled_seed53,descending,shuffled,53,0.0,54,53,0.0,0.925,True,False,0.0,0.925
53,control_E_gradual_seed53,order_shuffled_seed53,descending,shuffled,54,0.0,55,65,0.0,0.925,True,False,0.0,0.925
53,control_E_gradual_seed53,order_shuffled_seed53,descending,shuffled,55,0.0,56,91,0.0,0.9,True,False,0.0,0.9
53,control_E_gradual_seed53,order_shuffled_seed53,descending,shuffled,56,0.0,57,101,0.0,0.9,True,False,0.0,0.9
53,control_E_gradual_seed53,order_shuffled_seed53,descending,shuffled,57,0.0,58,36,0.0,0.95,True,False,0.0,0.95
53,control_E_gradual_seed53,order_shuffled_seed53,descending,shuffled,58,0.0,59,113,0.0,0.9,True,False,0.0,0.9
53,control_E_gradual_seed53,order_shuffled_seed53,descending,shuffled,59,0.0,60,1,0.0,1.0,True,False,0.0,1.0
53,control_E_gradual_seed53,order_shuffled_seed53,descending,shuffled,60,0.0,61,120,0.0,0.9,True,False,0.0,0.9
53,control_E_gradual_seed53,order_shuffled_seed53,descending,shuffled,61,0.0,62,23,0.0,0.975,True,False,0.0,0.975
53,control_E_gradual_seed53,order_shuffled_seed53,descending,shuffled,62,0.0,63,29,0.0,0.95,True,False,0.0,0.95
53,control_E_gradual_seed53,order_shuffled_seed53,descending,shuffled,63,0.0,64,2,0.0,1.0,True,False,0.0,1.0
53,control_E_gradual_seed53,order_shuffled_seed53,descending,shuffled,64,0.0,65,66,0.0,0.925,True,False,0.0,0.925
53,control_E_gradual_seed53,order_shuffled_seed53,descending,shuffled,65,0.0,66,100,0.0,0.9,True,False,0.0,0.9
53,control_E_gradual_seed53,order_shuffled_seed53,descending,shuffled,66,0.0,67,60,0.0,0.925,True,False,0.0,0.925
53,control_E_gradual_seed53,order_shuffled_seed53,descending,shuffled,67,0.0,68,19,0.0,0.975,True,False,0.0,0.975
53,control_E_gradual_seed53,order_shuffled_seed53,descending,shuffled,68,0.0,69,80,0.0,0.925,True,False,0.0,0.925
53,control_E_gradual_seed53,order_shuffled_seed53,descending,shuffled,69,0.0,70,96,0.0,0.9,True,False,0.0,0.9
53,control_E_gradual_seed53,order_shuffled_seed53,descending,shuffled,70,0.0,71,57,0.0,0.925,True,False,0.0,0.925
53,control_E_gradual_seed53,order_shuffled_seed53,descending,shuffled,71,0.0,72,72,0.0,0.925,True,False,0.0,0.925
53,control_E_gradual_seed53,order_shuffled_seed53,descending,shuffled,72,0.0,73,42,0.0,0.95,True,False,0.0,0.95
53,control_E_gradual_seed53,order_shuffled_seed53,descending,shuffled,73,0.0,74,18,0.0,0.975,True,False,0.0,0.975
53,control_E_gradual_seed53,order_shuffled_seed53,descending,shuffled,74,0.0,75,43,0.0,0.95,True,False,0.0,0.95
53,control_E_gradual_seed53,order_shuffled_seed53,descending,shuffled,75,0.0,76,118,0.0,0.9,True,False,0.0,0.9
53,control_E_gradual_seed53,order_shuffled_seed53,descending,shuffled,76,0.0,77,59,0.0,0.925,True,False,0.0,0.925
53,control_E_gradual_seed53,order_shuffled_seed53,descending,shuffled,77,0.0,78,103,0.0,0.9,True,False,0.0,0.9
53,control_E_gradual_seed53,order_shuffled_seed53,descending,shuffled,78,0.0,79,77,0.0,0.925,True,False,0.0,0.925
53,control_E_gradual_seed53,order_shuffled_seed53,descending,shuffled,79,0.0,80,68,0.0,0.925,True,False,0.0,0.925
53,control_E_gradual_seed53,order_shuffled_seed53,descending,shuffled,80,0.0,81,109,0.0,0.9,True,False,0.0,0.9
53,control_E_gradual_seed53,order_shuffled_seed53,descending,shuffled,81,0.0,82,16,0.0,0.975,True,False,0.0,0.975
53,control_E_gradual_seed53,order_shuffled_seed53,descending,shuffled,82,0.0,83,71,0.0,0.925,True,False,0.0,0.925
53,control_E_gradual_seed53,order_shuffled_seed53,descending,shuffled,83,0.0,84,119,0.0,0.9,True,False,0.0,0.9
53,control_E_gradual_seed53,order_shuffled_seed53,descending,shuffled,84,0.0,85,116,0.0,0.9,True,False,0.0,0.9
53,control_E_gradual_seed53,order_shuffled_seed53,descending,shuffled,85,0.0,86,25,0.0,0.975,True,False,0.0,0.975
53,control_E_gradual_seed53,order_shuffled_seed53,descending,shuffled,86,0.0,87,83,0.0,0.925,True,False,0.0,0.925
53,control_E_gradual_seed53,order_shuffled_seed53,descending,shuffled,87,0.0,88,48,0.0,0.95,True,False,0.0,0.95
53,control_E_gradual_seed53,order_shuffled_seed53,descending,shuffled,88,0.0,89,78,0.0,0.925,True,False,0.0,0.925
53,control_E_gradual_seed53,order_shuffled_seed53,descending,shuffled,89,0.0,90,64,0.0,0.925,True,False,0.0,0.925
53,control_E_gradual_seed53,order_shuffled_seed53,descending,shuffled,90,0.0,91,87,0.0,0.9,True,False,0.0,0.9
53,control_E_gradual_seed53,order_shuffled_seed53,descending,shuffled,91,0.0,92,52,0.0,0.925,True,False,0.0,0.925
53,control_E_gradual_seed53,order_shuffled_seed53,descending,shuffled,92,0.0,93,33,0.0,0.95,True,False,0.0,0.95
53,control_E_gradual_seed53,order_shuffled_seed53,descending,shuffled,93,0.0,94,32,0.0,0.95,True,False,0.0,0.95
53,control_E_gradual_seed53,order_shuffled_seed53,descending,shuffled,94,0.0,95,67,0.0,0.925,True,False,0.0,0.925
53,control_E_gradual_seed53,order_shuffled_seed53,descending,shuffled,95,0.0,96,70,0.0,0.925,True,False,0.0,0.925
53,control_E_gradual_seed53,order_shuffled_seed53,descending,shuffled,96,0.0,97,55,0.0,0.925,True,False,0.0,0.925
53,control_E_gradual_seed53,order_shuffled_seed53,descending,shuffled,97,0.0,98,31,0.0,0.95,True,False,0.0,0.95
53,control_E_gradual_seed53,order_shuffled_seed53,descending,shuffled,98,0.0,99,97,0.0,0.9,True,False,0.0,0.9
53,control_E_gradual_seed53,order_shuffled_seed53,descending,shuffled,99,0.0,100,45,0.0,0.95,True,False,0.0,0.95
53,control_E_gradual_seed53,order_shuffled_seed53,descending,shuffled,100,0.0,101,30,0.0,0.95,True,False,0.0,0.95
53,control_E_gradual_seed53,order_shuffled_seed53,descending,shuffled,101,0.0,102,34,0.0,0.95,True,False,0.0,0.95
53,control_E_gradual_seed53,order_shuffled_seed53,descending,shuffled,102,0.0,103,105,0.0,0.9,True,False,0.0,0.9
53,control_E_gradual_seed53,order_shuffled_seed53,descending,shuffled,103,0.0,104,90,0.0,0.9,True,False,0.0,0.9
53,control_E_gradual_seed53,order_shuffled_seed53,descending,shuffled,104,0.0,105,17,0.0,0.975,True,False,0.0,0.975
53,control_E_gradual_seed53,order_shuffled_seed53,descending,shuffled,105,0.0,106,24,0.0,0.975,True,False,0.0,0.975
53,control_E_gradual_seed53,order_shuffled_seed53,descending,shuffled,106,0.0,107,92,0.0,0.9,True,False,0.0,0.9
53,control_E_gradual_seed53,order_shuffled_seed53,descending,shuffled,107,0.0,108,69,0.0,0.925,True,False,0.0,0.925
53,control_E_gradual_seed53,order_shuffled_seed53,descending,shuffled,108,0.0,109,111,0.0,0.9,True,False,0.0,0.9
53,control_E_gradual_seed53,order_shuffled_seed53,descending,shuffled,109,0.0,110,86,0.0,0.9,True,False,0.0,0.9
53,control_E_gradual_seed53,order_shuffled_seed53,descending,shuffled,110,0.0,111,58,0.0,0.925,True,False,0.0,0.925
53,control_E_gradual_seed53,order_shuffled_seed53,descending,shuffled,111,0.0,112,104,0.0,0.9,True,False,0.0,0.9
53,control_E_gradual_seed53,order_shuffled_seed53,descending,shuffled,112,0.0,113,9,0.0,0.975,True,False,0.0,0.975
53,control_E_gradual_seed53,order_shuffled_seed53,descending,shuffled,113,0.0,114,11,0.0,0.975,True,False,0.0,0.975
53,control_E_gradual_seed53,order_shuffled_seed53,descending,shuffled,114,0.0,115,41,0.0,0.95,True,False,0.0,0.95
53,control_E_gradual_seed53,order_shuffled_seed53,descending,shuffled,115,0.0,116,88,0.0,0.9,True,False,0.0,0.9
53,control_E_gradual_seed53,order_shuffled_seed53,descending,shuffled,116,0.0,117,44,0.0,0.95,True,False,0.0,0.95
53,control_E_gradual_seed53,order_shuffled_seed53,descending,shuffled,117,0.0,118,115,0.0,0.9,True,False,0.0,0.9
53,control_E_gradual_seed53,order_shuffled_seed53,descending,shuffled,118,0.0,119,93,0.0,0.9,True,False,0.0,0.9
53,control_E_gradual_seed53,order_shuffled_seed53,descending,shuffled,119,0.0,120,13,0.0,0.975,True,False,0.0,0.975
53,order_ascending_seed53,order_alternating_seed53,ascending,alternating,76,0.0,38,76,1.0,0.04999999999999993,False,True,1.0,0.04999999999999993
53,order_ascending_seed53,order_alternating_seed53,ascending,alternating,77,0.0,39,78,1.0,0.02499999999999991,False,True,1.0,0.02499999999999991
53,order_ascending_seed53,order_alternating_seed53,ascending,alternating,78,0.0,40,80,1.0,0.0,False,True,1.0,0.0
53,order_ascending_seed53,order_alternating_seed53,ascending,alternating,79,0.0,41,82,1.0,0.0,False,True,1.0,0.0
53,order_ascending_seed53,order_alternating_seed53,ascending,alternating,80,0.0,42,84,1.0,0.0,False,True,1.0,0.0
53,order_ascending_seed53,order_alternating_seed53,ascending,alternating,81,0.0,43,86,1.0,0.0,False,True,1.0,0.0
53,order_ascending_seed53,order_alternating_seed53,ascending,alternating,82,0.0,44,88,1.0,0.0,False,True,1.0,0.0
53,order_ascending_seed53,order_alternating_seed53,ascending,alternating,83,0.0,45,90,1.0,0.0,False,True,1.0,0.0
53,order_ascending_seed53,order_alternating_seed53,ascending,alternating,84,0.0,46,92,1.0,0.0,False,True,1.0,0.0
53,order_ascending_seed53,order_alternating_seed53,ascending,alternating,85,0.0,47,94,1.0,0.0,False,True,1.0,0.0
53,order_ascending_seed53,order_alternating_seed53,ascending,alternating,86,0.0,48,96,1.0,0.0,False,True,1.0,0.0
53,order_ascending_seed53,order_alternating_seed53,ascending,alternating,87,0.0,49,98,1.0,0.0,False,True,1.0,0.0
53,order_ascending_seed53,order_alternating_seed53,ascending,alternating,88,0.0,50,100,1.0,0.0,False,True,1.0,0.0
53,order_ascending_seed53,order_alternating_seed53,ascending,alternating,89,0.0,51,102,1.0,0.0,False,True,1.0,0.0
53,order_ascending_seed53,order_alternating_seed53,ascending,alternating,90,0.0,52,104,1.0,0.0,False,True,1.0,0.0
53,order_ascending_seed53,order_alternating_seed53,ascending,alternating,91,0.0,53,106,1.0,0.0,False,True,1.0,0.0
53,order_ascending_seed53,order_alternating_seed53,ascending,alternating,92,0.0,54,108,1.0,0.0,False,True,1.0,0.0
53,order_ascending_seed53,order_alternating_seed53,ascending,alternating,93,0.0,55,110,1.0,0.0,False,True,1.0,0.0
53,order_ascending_seed53,order_alternating_seed53,ascending,alternating,94,0.0,56,112,1.0,0.0,False,True,1.0,0.0
53,order_ascending_seed53,order_alternating_seed53,ascending,alternating,95,0.0,57,114,1.0,0.0,False,True,1.0,0.0
53,order_ascending_seed53,order_alternating_seed53,ascending,alternating,96,0.0,58,116,1.0,0.0,False,True,1.0,0.0
53,order_ascending_seed53,order_alternating_seed53,ascending,alternating,97,0.0,59,118,1.0,0.0,False,True,1.0,0.0
53,order_ascending_seed53,order_alternating_seed53,ascending,alternating,98,0.0,60,120,1.0,0.0,False,True,1.0,0.0
53,order_ascending_seed53,order_alternating_seed53,ascending,alternating,99,0.0,61,119,1.0,0.0,False,True,1.0,0.0
53,order_ascending_seed53,order_alternating_seed53,ascending,alternating,100,0.0,62,117,1.0,0.0,False,True,1.0,0.0
53,order_ascending_seed53,order_alternating_seed53,ascending,alternating,101,0.0,63,115,1.0,0.0,False,True,1.0,0.0
53,order_ascending_seed53,order_alternating_seed53,ascending,alternating,102,0.0,64,113,1.0,0.0,False,True,1.0,0.0
53,order_ascending_seed53,order_alternating_seed53,ascending,alternating,103,0.0,65,111,1.0,0.0,False,True,1.0,0.0
53,order_ascending_seed53,order_alternating_seed53,ascending,alternating,104,0.0,66,109,1.0,0.0,False,True,1.0,0.0
53,order_ascending_seed53,order_alternating_seed53,ascending,alternating,105,0.0,67,107,1.0,0.0,False,True,1.0,0.0
53,order_ascending_seed53,order_alternating_seed53,ascending,alternating,106,0.0,68,105,1.0,0.0,False,True,1.0,0.0
53,order_ascending_seed53,order_alternating_seed53,ascending,alternating,107,0.0,69,103,1.0,0.0,False,True,1.0,0.0
53,order_ascending_seed53,order_alternating_seed53,ascending,alternating,108,0.0,70,101,1.0,0.0,False,True,1.0,0.0
53,order_ascending_seed53,order_alternating_seed53,ascending,alternating,109,0.0,71,99,1.0,0.0,False,True,1.0,0.0
53,order_ascending_seed53,order_alternating_seed53,ascending,alternating,110,0.0,72,97,1.0,0.0,False,True,1.0,0.0
53,order_ascending_seed53,order_alternating_seed53,ascending,alternating,111,0.0,73,95,1.0,0.0,False,True,1.0,0.0
53,order_ascending_seed53,order_alternating_seed53,ascending,alternating,112,0.0,74,93,1.0,0.0,False,True,1.0,0.0
53,order_ascending_seed53,order_alternating_seed53,ascending,alternating,113,0.0,75,91,1.0,0.0,False,True,1.0,0.0
53,order_ascending_seed53,order_alternating_seed53,ascending,alternating,114,0.0,76,89,1.0,0.0,False,True,1.0,0.0
53,order_ascending_seed53,order_alternating_seed53,ascending,alternating,115,0.0,77,87,1.0,0.0,False,True,1.0,0.0
53,order_ascending_seed53,order_alternating_seed53,ascending,alternating,116,0.0,78,85,1.0,0.0,False,True,1.0,0.0
53,order_ascending_seed53,order_alternating_seed53,ascending,alternating,117,0.0,79,83,1.0,0.0,False,True,1.0,0.0
53,order_ascending_seed53,order_alternating_seed53,ascending,alternating,118,0.0,80,81,1.0,0.0,False,True,1.0,0.0
53,order_ascending_seed53,order_alternating_seed53,ascending,alternating,119,0.0,81,79,1.0,0.0,False,True,1.0,0.0
53,order_ascending_seed53,order_alternating_seed53,ascending,alternating,38,0.02499999999999991,82,77,1.0,0.0,False,True,0.9750000000000001,0.02499999999999991
53,order_ascending_seed53,order_alternating_seed53,ascending,alternating,37,0.04999999999999993,83,75,1.0,0.07499999999999996,False,True,0.9500000000000001,0.025000000000000022
53,order_ascending_seed53,order_alternating_seed53,ascending,alternating,36,0.07499999999999996,84,73,1.0,0.09999999999999998,False,True,0.925,0.025000000000000022
53,order_ascending_seed53,order_alternating_seed53,ascending,alternating,35,0.09999999999999998,85,71,1.0,0.125,False,True,0.9,0.025000000000000022
53,order_ascending_seed53,order_alternating_seed53,ascending,alternating,34,0.125,86,69,1.0,0.1499999999999999,False,True,0.875,0.02499999999999991
53,order_ascending_seed53,order_alternating_seed53,ascending,alternating,33,0.1499999999999999,87,67,1.0,0.17499999999999993,False,True,0.8500000000000001,0.025000000000000022
53,order_ascending_seed53,order_alternating_seed53,ascending,alternating,32,0.17499999999999993,88,65,1.0,0.19999999999999996,False,True,0.8250000000000001,0.025000000000000022
53,order_ascending_seed53,order_alternating_seed53,ascending,alternating,31,0.19999999999999996,89,63,1.0,0.22499999999999998,False,True,0.8,0.025000000000000022
53,order_ascending_seed53,order_alternating_seed53,ascending,alternating,30,0.22499999999999998,90,61,1.0,0.25,False,True,0.775,0.025000000000000022
53,order_ascending_seed53,order_alternating_seed53,ascending,alternating,29,0.25,91,59,1.0,0.2749999999999999,False,True,0.75,0.02499999999999991
53,order_ascending_seed53,order_alternating_seed53,ascending,alternating,28,0.2749999999999999,92,57,1.0,0.29999999999999993,False,True,0.7250000000000001,0.025000000000000022
53,order_ascending_seed53,order_alternating_seed53,ascending,alternating,27,0.29999999999999993,93,55,1.0,0.32499999999999996,False,True,0.7000000000000001,0.025000000000000022
53,order_ascending_seed53,order_alternating_seed53,ascending,alternating,26,0.32499999999999996,94,53,1.0,0.35,False,True,0.675,0.025000000000000022
53,order_ascending_seed53,order_alternating_seed53,ascending,alternating,25,0.35,95,51,1.0,0.375,False,True,0.65,0.025000000000000022
53,order_ascending_seed53,order_alternating_seed53,ascending,alternating,24,0.375,96,49,1.0,0.3999999999999999,False,True,0.625,0.02499999999999991
53,order_ascending_seed53,order_alternating_seed53,ascending,alternating,23,0.3999999999999999,97,47,1.0,0.42499999999999993,False,True,0.6000000000000001,0.025000000000000022
53,order_ascending_seed53,order_alternating_seed53,ascending,alternating,22,0.42499999999999993,98,45,1.0,0.44999999999999996,False,True,0.5750000000000001,0.025000000000000022
53,order_ascending_seed53,order_alternating_seed53,ascending,alternating,21,0.44999999999999996,99,43,1.0,0.475,False,True,0.55,0.025000000000000022
53,order_ascending_seed53,order_alternating_seed53,ascending,alternating,20,0.475,100,41,1.0,0.5,False,True,0.525,0.025000000000000022
53,order_ascending_seed53,order_alternating_seed53,ascending,alternating,19,0.5,101,39,1.0,0.5249999999999999,False,True,0.5,0.02499999999999991
53,order_ascending_seed53,order_alternating_seed53,ascending,alternating,18,0.5249999999999999,102,37,1.0,0.55,False,True,0.4750000000000001,0.025000000000000133
53,order_ascending_seed53,order_alternating_seed53,ascending,alternating,17,0.55,103,35,1.0,0.575,False,True,0.44999999999999996,0.02499999999999991
53,order_ascending_seed53,order_alternating_seed53,ascending,alternating,16,0.575,104,33,1.0,0.6,False,True,0.42500000000000004,0.025000000000000022
53,order_ascending_seed53,order_alternating_seed53,ascending,alternating,15,0.6,105,31,1.0,0.625,False,True,0.4,0.025000000000000022
53,order_ascending_seed53,order_alternating_seed53,ascending,alternating,14,0.625,106,29,1.0,0.6499999999999999,False,True,0.375,0.02499999999999991
53,order_ascending_seed53,order_alternating_seed53,ascending,alternating,13,0.6499999999999999,107,27,1.0,0.675,False,True,0.3500000000000001,0.025000000000000133
53,order_ascending_seed53,order_alternating_seed53,ascending,alternating,12,0.675,108,25,1.0,0.7,False,True,0.32499999999999996,0.02499999999999991
53,order_ascending_seed53,order_alternating_seed53,ascending,alternating,11,0.7,109,23,1.0,0.725,False,True,0.30000000000000004,0.025000000000000022
53,order_ascending_seed53,order_alternating_seed53,ascending,alternating,10,0.725,110,21,1.0,0.75,False,True,0.275,0.025000000000000022
53,order_ascending_seed53,order_alternating_seed53,ascending,alternating,9,0.75,111,19,1.0,0.775,False,True,0.25,0.025000000000000022
53,order_ascending_seed53,order_alternating_seed53,ascending,alternating,8,0.775,112,17,1.0,0.8,False,True,0.22499999999999998,0.025000000000000022
53,order_ascending_seed53,order_alternating_seed53,ascending,alternating,7,0.8,113,15,1.0,0.825,False,True,0.19999999999999996,0.02499999999999991
53,order_ascending_seed53,order_alternating_seed53,ascending,alternating,6,0.825,114,13,1.0,0.85,False,True,0.17500000000000004,0.025000000000000022
53,order_ascending_seed53,order_alternating_seed53,ascending,alternating,5,0.85,115,11,1.0,0.875,False,True,0.15000000000000002,0.025000000000000022
53,order_ascending_seed53,order_alternating_seed53,ascending,alternating,4,0.875,116,9,1.0,0.9,False,True,0.125,0.025000000000000022
53,order_ascending_seed53,order_alternating_seed53,ascending,alternating,3,0.9,117,7,1.0,0.925,False,True,0.09999999999999998,0.025000000000000022
53,order_ascending_seed53,order_alternating_seed53,ascending,alternating,2,0.925,118,5,1.0,0.95,False,True,0.07499999999999996,0.02499999999999991
53,order_ascending_seed53,order_alternating_seed53,ascending,alternating,1,0.95,119,3,1.0,0.975,False,True,0.050000000000000044,0.025000000000000022
53,order_ascending_seed53,order_shuffled_seed53,ascending,shuffled,3,0.9,117,85,1.0,0.925,False,True,0.09999999999999998,0.025000000000000022
53,order_ascending_seed53,order_shuffled_seed53,ascending,shuffled,2,0.925,118,49,1.0,0.95,False,True,0.07499999999999996,0.02499999999999991
53,order_ascending_seed53,order_shuffled_seed53,ascending,shuffled,1,0.95,119,28,1.0,0.975,False,True,0.050000000000000044,0.025000000000000022
53,order_alternating_seed53,order_shuffled_seed53,alternating,shuffled,4,0.875,9,73,0.9,0.925,True,False,0.025000000000000022,0.050000000000000044
53,order_alternating_seed53,order_shuffled_seed53,alternating,shuffled,5,0.85,11,89,0.875,0.9,True,False,0.025000000000000022,0.050000000000000044
53,order_alternating_seed53,order_shuffled_seed53,alternating,shuffled,6,0.825,13,84,0.85,0.925,True,False,0.025000000000000022,0.10000000000000009
53,order_alternating_seed53,order_shuffled_seed53,alternating,shuffled,7,0.8,15,3,0.825,1.0,True,False,0.02499999999999991,0.19999999999999996
53,order_alternating_seed53,order_shuffled_seed53,alternating,shuffled,8,0.775,17,95,0.8,0.9,True,False,0.025000000000000022,0.125
53,order_alternating_seed53,order_shuffled_seed53,alternating,shuffled,9,0.75,19,94,0.775,0.9,True,False,0.025000000000000022,0.15000000000000002
53,order_alternating_seed53,order_shuffled_seed53,alternating,shuffled,10,0.725,21,47,0.75,0.95,True,False,0.025000000000000022,0.22499999999999998
53,order_alternating_seed53,order_shuffled_seed53,alternating,shuffled,11,0.7,23,5,0.725,1.0,True,False,0.025000000000000022,0.30000000000000004
53,order_alternating_seed53,order_shuffled_seed53,alternating,shuffled,12,0.675,25,46,0.7,0.95,True,False,0.02499999999999991,0.2749999999999999
53,order_alternating_seed53,order_shuffled_seed53,alternating,shuffled,13,0.6499999999999999,27,54,0.675,0.925,True,False,0.025000000000000133,0.27500000000000013
53,order_alternating_seed53,order_shuffled_seed53,alternating,shuffled,14,0.625,29,112,0.6499999999999999,0.9,True,False,0.02499999999999991,0.275
53,order_alternating_seed53,order_shuffled_seed53,alternating,shuffled,15,0.6,31,27,0.625,0.975,True,False,0.025000000000000022,0.375
53,order_alternating_seed53,order_shuffled_seed53,alternating,shuffled,16,0.575,33,4,0.6,1.0,True,False,0.025000000000000022,0.42500000000000004
53,order_alternating_seed53,order_shuffled_seed53,alternating,shuffled,17,0.55,35,22,0.575,0.975,True,False,0.02499999999999991,0.42499999999999993
53,order_alternating_seed53,order_shuffled_seed53,alternating,shuffled,18,0.5249999999999999,37,14,0.55,0.975,True,False,0.025000000000000133,0.45000000000000007
53,order_alternating_seed53,order_shuffled_seed53,alternating,shuffled,19,0.5,39,63,0.5249999999999999,0.925,True,False,0.02499999999999991,0.42500000000000004
53,order_alternating_seed53,order_shuffled_seed53,alternating,shuffled,20,0.475,41,81,0.5,0.925,True,False,0.025000000000000022,0.45000000000000007
53,order_alternating_seed53,order_shuffled_seed53,alternating,shuffled,21,0.44999999999999996,43,37,0.475,0.95,True,False,0.025000000000000022,0.5
53,order_alternating_seed53,order_shuffled_seed53,alternating,shuffled,22,0.42499999999999993,45,15,0.44999999999999996,0.975,True,False,0.025000000000000022,0.55
53,order_alternating_seed53,order_shuffled_seed53,alternating,shuffled,23,0.3999999999999999,47,20,0.42499999999999993,0.975,True,False,0.025000000000000022,0.5750000000000001
53,order_alternating_seed53,order_shuffled_seed53,alternating,shuffled,24,0.375,49,99,0.3999999999999999,0.9,True,False,0.02499999999999991,0.525
53,order_alternating_seed53,order_shuffled_seed53,alternating,shuffled,25,0.35,51,106,0.375,0.9,True,False,0.025000000000000022,0.55
53,order_alternating_seed53,order_shuffled_seed53,alternating,shuffled,26,0.32499999999999996,53,12,0.35,0.975,True,False,0.025000000000000022,0.65
53,order_alternating_seed53,order_shuffled_seed53,alternating,shuffled,27,0.29999999999999993,55,50,0.32499999999999996,0.925,True,False,0.025000000000000022,0.6250000000000001
53,order_alternating_seed53,order_shuffled_seed53,alternating,shuffled,28,0.2749999999999999,57,74,0.29999999999999993,0.925,True,False,0.025000000000000022,0.6500000000000001
53,order_alternating_seed53,order_shuffled_seed53,alternating,shuffled,29,0.25,59,35,0.2749999999999999,0.95,True,False,0.02499999999999991,0.7
53,order_alternating_seed53,order_shuffled_seed53,alternating,shuffled,30,0.22499999999999998,61,62,0.25,0.925,True,False,0.025000000000000022,0.7000000000000001
53,order_alternating_seed53,order_shuffled_seed53,alternating,shuffled,31,0.19999999999999996,63,98,0.22499999999999998,0.9,True,False,0.025000000000000022,0.7000000000000001
53,order_alternating_seed53,order_shuffled_seed53,alternating,shuffled,32,0.17499999999999993,65,51,0.19999999999999996,0.925,True,False,0.025000000000000022,0.7500000000000001
53,order_alternating_seed53,order_shuffled_seed53,alternating,shuffled,33,0.1499999999999999,67,7,0.17499999999999993,1.0,True,False,0.025000000000000022,0.8500000000000001
53,order_alternating_seed53,order_shuffled_seed53,alternating,shuffled,34,0.125,69,79,0.1499999999999999,0.925,True,False,0.02499999999999991,0.8
53,order_alternating_seed53,order_shuffled_seed53,alternating,shuffled,35,0.09999999999999998,71,108,0.125,0.9,True,False,0.025000000000000022,0.8
53,order_alternating_seed53,order_shuffled_seed53,alternating,shuffled,36,0.07499999999999996,73,75,0.09999999999999998,0.925,True,False,0.025000000000000022,0.8500000000000001
53,order_alternating_seed53,order_shuffled_seed53,alternating,shuffled,37,0.04999999999999993,75,102,0.07499999999999996,0.9,True,False,0.025000000000000022,0.8500000000000001
53,order_alternating_seed53,order_shuffled_seed53,alternating,shuffled,76,0.0,76,59,0.04999999999999993,0.925,True,False,0.04999999999999993,0.925
53,order_alternating_seed53,order_shuffled_seed53,alternating,shuffled,38,0.02499999999999991,77,117,0.0,0.9,True,False,0.02499999999999991,0.8750000000000001
53,order_alternating_seed53,order_shuffled_seed53,alternating,shuffled,77,0.0,78,103,0.02499999999999991,0.9,True,False,0.02499999999999991,0.9
53,order_alternating_seed53,order_shuffled_seed53,alternating,shuffled,119,0.0,79,13,0.0,0.975,True,False,0.0,0.975
53,order_alternating_seed53,order_shuffled_seed53,alternating,shuffled,78,0.0,80,77,0.0,0.925,True,False,0.0,0.925
53,order_alternating_seed53,order_shuffled_seed53,alternating,shuffled,118,0.0,81,93,0.0,0.9,True,False,0.0,0.9
53,order_alternating_seed53,order_shuffled_seed53,alternating,shuffled,79,0.0,82,68,0.0,0.925,True,False,0.0,0.925
53,order_alternating_seed53,order_shuffled_seed53,alternating,shuffled,117,0.0,83,115,0.0,0.9,True,False,0.0,0.9
53,order_alternating_seed53,order_shuffled_seed53,alternating,shuffled,80,0.0,84,109,0.0,0.9,True,False,0.0,0.9
53,order_alternating_seed53,order_shuffled_seed53,alternating,shuffled,116,0.0,85,44,0.0,0.95,True,False,0.0,0.95
53,order_alternating_seed53,order_shuffled_seed53,alternating,shuffled,81,0.0,86,16,0.0,0.975,True,False,0.0,0.975
53,order_alternating_seed53,order_shuffled_seed53,alternating,shuffled,115,0.0,87,88,0.0,0.9,True,False,0.0,0.9
53,order_alternating_seed53,order_shuffled_seed53,alternating,shuffled,82,0.0,88,71,0.0,0.925,True,False,0.0,0.925
53,order_alternating_seed53,order_shuffled_seed53,alternating,shuffled,114,0.0,89,41,0.0,0.95,True,False,0.0,0.95
53,order_alternating_seed53,order_shuffled_seed53,alternating,shuffled,83,0.0,90,119,0.0,0.9,True,False,0.0,0.9
53,order_alternating_seed53,order_shuffled_seed53,alternating,shuffled,113,0.0,91,11,0.0,0.975,True,False,0.0,0.975
53,order_alternating_seed53,order_shuffled_seed53,alternating,shuffled,84,0.0,92,116,0.0,0.9,True,False,0.0,0.9
53,order_alternating_seed53,order_shuffled_seed53,alternating,shuffled,112,0.0,93,9,0.0,0.975,True,False,0.0,0.975
53,order_alternating_seed53,order_shuffled_seed53,alternating,shuffled,85,0.0,94,25,0.0,0.975,True,False,0.0,0.975
53,order_alternating_seed53,order_shuffled_seed53,alternating,shuffled,111,0.0,95,104,0.0,0.9,True,False,0.0,0.9
53,order_alternating_seed53,order_shuffled_seed53,alternating,shuffled,86,0.0,96,83,0.0,0.925,True,False,0.0,0.925
53,order_alternating_seed53,order_shuffled_seed53,alternating,shuffled,110,0.0,97,58,0.0,0.925,True,False,0.0,0.925
53,order_alternating_seed53,order_shuffled_seed53,alternating,shuffled,87,0.0,98,48,0.0,0.95,True,False,0.0,0.95
53,order_alternating_seed53,order_shuffled_seed53,alternating,shuffled,109,0.0,99,86,0.0,0.9,True,False,0.0,0.9
53,order_alternating_seed53,order_shuffled_seed53,alternating,shuffled,88,0.0,100,78,0.0,0.925,True,False,0.0,0.925
53,order_alternating_seed53,order_shuffled_seed53,alternating,shuffled,108,0.0,101,111,0.0,0.9,True,False,0.0,0.9
53,order_alternating_seed53,order_shuffled_seed53,alternating,shuffled,89,0.0,102,64,0.0,0.925,True,False,0.0,0.925
53,order_alternating_seed53,order_shuffled_seed53,alternating,shuffled,107,0.0,103,69,0.0,0.925,True,False,0.0,0.925
53,order_alternating_seed53,order_shuffled_seed53,alternating,shuffled,90,0.0,104,87,0.0,0.9,True,False,0.0,0.9
53,order_alternating_seed53,order_shuffled_seed53,alternating,shuffled,106,0.0,105,92,0.0,0.9,True,False,0.0,0.9
53,order_alternating_seed53,order_shuffled_seed53,alternating,shuffled,91,0.0,106,52,0.0,0.925,True,False,0.0,0.925
53,order_alternating_seed53,order_shuffled_seed53,alternating,shuffled,105,0.0,107,24,0.0,0.975,True,False,0.0,0.975
53,order_alternating_seed53,order_shuffled_seed53,alternating,shuffled,92,0.0,108,33,0.0,0.95,True,False,0.0,0.95
53,order_alternating_seed53,order_shuffled_seed53,alternating,shuffled,104,0.0,109,17,0.0,0.975,True,False,0.0,0.975
53,order_alternating_seed53,order_shuffled_seed53,alternating,shuffled,93,0.0,110,32,0.0,0.95,True,False,0.0,0.95
53,order_alternating_seed53,order_shuffled_seed53,alternating,shuffled,103,0.0,111,90,0.0,0.9,True,False,0.0,0.9
53,order_alternating_seed53,order_shuffled_seed53,alternating,shuffled,94,0.0,112,67,0.0,0.925,True,False,0.0,0.925
53,order_alternating_seed53,order_shuffled_seed53,alternating,shuffled,102,0.0,113,105,0.0,0.9,True,False,0.0,0.9
53,order_alternating_seed53,order_shuffled_seed53,alternating,shuffled,95,0.0,114,70,0.0,0.925,True,False,0.0,0.925
53,order_alternating_seed53,order_shuffled_seed53,alternating,shuffled,101,0.0,115,34,0.0,0.95,True,False,0.0,0.95
53,order_alternating_seed53,order_shuffled_seed53,alternating,shuffled,96,0.0,116,55,0.0,0.925,True,False,0.0,0.925
53,order_alternating_seed53,order_shuffled_seed53,alternating,shuffled,100,0.0,117,30,0.0,0.95,True,False,0.0,0.95
53,order_alternating_seed53,order_shuffled_seed53,alternating,shuffled,97,0.0,118,31,0.0,0.95,True,False,0.0,0.95
53,order_alternating_seed53,order_shuffled_seed53,alternating,shuffled,99,0.0,119,45,0.0,0.95,True,False,0.0,0.95
53,order_alternating_seed53,order_shuffled_seed53,alternating,shuffled,98,0.0,120,97,0.0,0.9,True,False,0.0,0.9
